00:20:40.679728,990,futex(0xb7ca5f20, FUTEX_WAIT_PRIVATE, 0, NULL <unfinished ...>
00:20:40.733799,989,futex(0xb7ca2838, FUTEX_WAIT_PRIVATE, 0, NULL <unfinished ...>
00:20:40.734364,988,futex(0xb7c9dbe8, FUTEX_WAIT_PRIVATE, 0, NULL <unfinished ...>
00:20:40.734762,60,select(24, [9 23], NULL, NULL, NULL) = 1 (in [23])
00:20:44.330891,60,ioctl(23, FIONREAD, [157]) = 0
00:20:44.332346,60,recvmsg(23, {msg_name(0)=NULL, msg_iov(1)=[{"7\n--runtime-init\n--setuid=10050\n"..., 4217}], msg_controllen=0, msg_flags=0}, MSG_NOSIGNAL) = 157
00:20:44.345151,60,ioctl(23, FIONREAD, [0]) = 0
00:20:44.346822,60,futex(0xb7c9dbe8, FUTEX_WAKE_PRIVATE, 1 <unfinished ...>
00:20:44.347103,988,<... futex resumed> ) = 0
00:20:44.347473,988,futex(0xb7c9dbd8, FUTEX_WAIT_PRIVATE, 2, NULL <unfinished ...>
00:20:44.347737,60,<... futex resumed> ) = 1
00:20:44.347985,60,futex(0xb7c9dbd8, FUTEX_WAKE_PRIVATE, 1 <unfinished ...>
00:20:44.348230,988,<... futex resumed> ) = 0
00:20:44.348497,988,futex(0xb7c9dbd8, FUTEX_WAKE_PRIVATE, 1) = 0
00:20:44.350230,988,futex(0xb690457c, FUTEX_WAIT_PRIVATE, 2, NULL <unfinished ...>
00:20:44.350634,60,<... futex resumed> ) = 1
00:20:44.350992,60,futex(0xb690457c, FUTEX_WAKE_PRIVATE, 1 <unfinished ...>
00:20:44.351250,988,<... futex resumed> ) = 0
00:20:44.351532,988,futex(0xb690457c, FUTEX_WAKE_PRIVATE, 1) = 0
00:20:44.352023,988,munmap(0xb0f70000, 32768) = 0
00:20:44.352764,988,sigprocmask(SIG_SETMASK, ~[SEGV], NULL) = 0
00:20:44.353751,988,munmap(0xaf507000, 1048576) = 0
00:20:44.354274,988,exit(0) = ?
00:20:44.356825,60,<... futex resumed> ) = 1
00:20:44.357232,60,futex(0xb7ca2838, FUTEX_WAKE_PRIVATE, 1 <unfinished ...>
00:20:44.357572,989,<... futex resumed> ) = 0
00:20:44.357906,989,futex(0xb7ca2828, FUTEX_WAIT_PRIVATE, 2, NULL <unfinished ...>
00:20:44.358118,60,<... futex resumed> ) = 1
00:20:44.358351,60,futex(0xb7ca2828, FUTEX_WAKE_PRIVATE, 1 <unfinished ...>
00:20:44.358584,989,<... futex resumed> ) = 0
00:20:44.358863,989,futex(0xb7ca2828, FUTEX_WAKE_PRIVATE, 1) = 0
00:20:44.359470,989,futex(0xb690457c, FUTEX_WAIT_PRIVATE, 2, NULL <unfinished ...>
00:20:44.359727,60,<... futex resumed> ) = 1
00:20:44.360004,60,futex(0xb690457c, FUTEX_WAKE_PRIVATE, 1 <unfinished ...>
00:20:44.360239,989,<... futex resumed> ) = 0
00:20:44.360491,989,futex(0xb690457c, FUTEX_WAKE_PRIVATE, 1) = 0
00:20:44.360992,989,munmap(0xaf4ff000, 32768) = 0
00:20:44.361444,989,sigprocmask(SIG_SETMASK, ~[SEGV], NULL) = 0
00:20:44.362026,989,munmap(0xaf3ff000, 1048576) = 0
00:20:44.362503,989,exit(0) = ?
00:20:44.362998,60,<... futex resumed> ) = 1
00:20:44.363280,60,futex(0xb7ca5f20, FUTEX_WAKE_PRIVATE, 1 <unfinished ...>
00:20:44.363528,990,<... futex resumed> ) = 0
00:20:44.363832,990,futex(0xb7ca5f10, FUTEX_WAIT_PRIVATE, 2, NULL <unfinished ...>
00:20:44.364051,60,<... futex resumed> ) = 1
00:20:44.364422,60,futex(0xb7ca5f10, FUTEX_WAKE_PRIVATE, 1 <unfinished ...>
00:20:44.374216,990,<... futex resumed> ) = 0
00:20:44.374541,990,futex(0xb7ca5f10, FUTEX_WAKE_PRIVATE, 1) = 0
00:20:44.375324,990,futex(0xb690457c, FUTEX_WAIT_PRIVATE, 2, NULL <unfinished ...>
00:20:44.375807,60,<... futex resumed> ) = 1
00:20:44.377359,60,futex(0xb690457c, FUTEX_WAKE_PRIVATE, 1 <unfinished ...>
00:20:44.378424,990,<... futex resumed> ) = 0
00:20:44.378769,990,futex(0xb690457c, FUTEX_WAKE_PRIVATE, 1) = 0
00:20:44.379218,990,munmap(0xaf3f7000, 32768) = 0
00:20:44.379744,990,sigprocmask(SIG_SETMASK, ~[SEGV], NULL) = 0
00:20:44.380218,990,munmap(0xaf2f7000, 1048576) = 0
00:20:44.381328,990,exit(0) = ?
00:20:44.383082,60,<... futex resumed> ) = 1
00:20:44.384169,60,open("/proc/self/task", O_RDONLY|O_DIRECTORY) = 24
00:20:44.385569,60,getdents64(24, /* 3 entries */, 4200) = 72
00:20:44.386765,60,getdents64(24, /* 0 entries */, 4200) = 0
00:20:44.387270,60,close(24) = 0
00:20:44.387948,60,sigaction(SIGCHLD, {0xb68bc3dd, [], 0}, NULL, 0) = 0
00:20:44.388798,60,fork() = 1025
00:20:44.410812,60,mmap2(NULL, 32768, PROT_READ|PROT_WRITE, MAP_PRIVATE|MAP_ANONYMOUS, -1, 0) = 0xb0f70000
00:20:44.412274,60,madvise(0xb0f70000, 32768, 0xc /* MADV_??? */) = -1 EINVAL (Invalid argument)
00:20:44.414353,1025,gettid() = 1025
00:20:44.414871,1025,getuid32() = 0
00:20:44.415454,1025,open("/acct/uid/0/tasks", O_RDWR|O_CREAT, 0666) = 24
00:20:44.416900,1025,write(24, "0", 1) = 1
00:20:44.417470,1025,close(24) = 0
00:20:44.418174,1025,prctl(PR_SET_KEEPCAPS, 1) = 0
00:20:44.418807,1025,setgroups32(3, [3003, 1015, 1028]) = 0
00:20:44.419946,1025,setgid32(10050) = 0
00:20:44.420572,1025,open("/acct/uid/10050/tasks", O_RDWR|O_CREAT, 0666) = 24
00:20:44.421158,1025,write(24, "0", 1) = 1
00:20:44.421586,1025,close(24) = 0
00:20:44.422078,1025,setuid32(10050) = 0
00:20:44.422909,1025,personality(0xffffffff /* PER_??? */) = 8388608
00:20:44.423371,1025,personality(0x840000 /* PER_??? */) = 8388608
00:20:44.423869,1025,capset(0xbec60794, 0xbec607a4) = 0
00:20:44.424740,1025,gettid() = 1025
00:20:44.433619,1025,access("/dev/cpuctl/tasks", F_OK) = 0
00:20:44.434326,1025,open("/dev/cpuctl/apps/tasks", O_WRONLY) = 24
00:20:44.435090,1025,open("/dev/cpuctl/apps/bg_non_interactive/tasks", O_WRONLY) = 25
00:20:44.435882,1025,futex(0xb6f5929c, FUTEX_WAKE_PRIVATE, 2147483647) = 0
00:20:44.436362,1025,write(24, "1025", 4) = 4
00:20:44.437048,60,mmap2(NULL, 1048576, PROT_READ|PROT_WRITE, MAP_PRIVATE|MAP_ANONYMOUS|MAP_NORESERVE, -1, 0) = 0xaf507000
00:20:44.437488,60,madvise(0xaf507000, 1048576, 0xc /* MADV_??? */) = -1 EINVAL (Invalid argument)
00:20:44.437945,60,mprotect(0xaf507000, 4096, PROT_NONE) = 0
00:20:44.438444,60,clone(child_stack=0xaf606f00, flags=CLONE_VM|CLONE_FS|CLONE_FILES|CLONE_SIGHAND|CLONE_THREAD|CLONE_SYSVSEM|0x400000) = 1026
00:20:44.440512,60,futex(0xb6904580, FUTEX_WAIT_PRIVATE, -324, NULL <unfinished ...>
00:20:44.442816,1026,set_tls(0xaf606f00, 0xb7b8b548, 0xaf606ffc, 0x40, 0xaf606f00) = 0
00:20:44.443472,1026,prctl(PR_SET_NAME, 0xaf606e8c, 0, 0, 0) = 0
00:20:44.444017,1026,gettid() = 1026
00:20:44.445594,1025,gettid() = 1025
00:20:44.446116,1025,prctl(PR_SET_DUMPABLE, 1) = 0
00:20:44.446703,1025,setrlimit(RLIMIT_CORE, {rlim_cur=0, rlim_max=RLIM64_INFINITY}) = 0
00:20:44.447373,1025,sigaction(SIGCHLD, {SIG_DFL, , NULL, 0) = 0
00:20:44.447998,1025,clock_gettime(CLOCK_MONOTONIC, {119, 645385243}) = 0
00:20:44.449773,1025,mmap2(NULL, 1048576, PROT_READ|PROT_WRITE, MAP_PRIVATE|MAP_ANONYMOUS|MAP_NORESERVE, -1, 0) = 0xaf507000
00:20:44.450250,1025,madvise(0xaf507000, 1048576, 0xc /* MADV_??? */) = -1 EINVAL (Invalid argument)
00:20:44.450741,1025,mprotect(0xaf507000, 4096, PROT_NONE) = 0
00:20:44.451213,1025,clone(child_stack=0xaf606f00, flags=CLONE_VM|CLONE_FS|CLONE_FILES|CLONE_SIGHAND|CLONE_THREAD|CLONE_SYSVSEM|0x400000) = 1027
00:20:44.453236,1025,futex(0xb6904580, FUTEX_WAIT_PRIVATE, -324, NULL <unfinished ...>
00:20:44.458093,1026,futex(0xb6904580, FUTEX_WAKE_PRIVATE, 2147483647 <unfinished ...>
00:20:44.458417,60,<... futex resumed> ) = 0
00:20:44.458757,60,futex(0xb690457c, FUTEX_WAIT_PRIVATE, 2, NULL <unfinished ...>
00:20:44.459085,1026,<... futex resumed> ) = 1
00:20:44.459437,1026,futex(0xb690457c, FUTEX_WAKE_PRIVATE, 1 <unfinished ...>
00:20:44.459767,60,<... futex resumed> ) = 0
00:20:44.460040,60,futex(0xb690457c, FUTEX_WAKE_PRIVATE, 1) = 0
00:20:44.460640,60,futex(0xb6904580, FUTEX_WAKE_PRIVATE, 2147483647) = 0
00:20:44.461351,60,mmap2(NULL, 32768, PROT_READ|PROT_WRITE, MAP_PRIVATE|MAP_ANONYMOUS, -1, 0) = 0xaf4ff000
00:20:44.461886,60,madvise(0xaf4ff000, 32768, 0xc /* MADV_??? */) = -1 EINVAL (Invalid argument)
00:20:44.462361,60,mmap2(NULL, 1048576, PROT_READ|PROT_WRITE, MAP_PRIVATE|MAP_ANONYMOUS|MAP_NORESERVE, -1, 0) = 0xaf3ff000
00:20:44.462850,60,madvise(0xaf3ff000, 1048576, 0xc /* MADV_??? */) = -1 EINVAL (Invalid argument)
00:20:44.463272,60,mprotect(0xaf3ff000, 4096, PROT_NONE <unfinished ...>
00:20:44.474183,1026,<... futex resumed> ) = 1
00:20:44.474523,1026,futex(0xb6904580, FUTEX_WAIT_PRIVATE, -326, NULL) = -1 EAGAIN (Try again)
00:20:44.475125,1026,getpriority(PRIO_PROCESS, 1026) = 20
00:20:44.475603,1026,setpriority(PRIO_PROCESS, 1026, 0) = 0
00:20:44.476248,1026,futex(0xb7c9dbe8, FUTEX_WAIT_PRIVATE, 0, NULL <unfinished ...>
00:20:44.476507,60,<... mprotect resumed> ) = 0
00:20:44.476862,60,clone(child_stack=0xaf4fef00, flags=CLONE_VM|CLONE_FS|CLONE_FILES|CLONE_SIGHAND|CLONE_THREAD|CLONE_SYSVSEM|0x400000) = 1028
00:20:44.482215,60,futex(0xb6904580, FUTEX_WAIT_PRIVATE, -328, NULL <unfinished ...>
00:20:44.482669,1028,set_tls(0xaf4fef00, 0xb7c68d48, 0xaf4feffc, 0x40, 0xaf4fef00) = 0
00:20:44.483269,1028,prctl(PR_SET_NAME, 0xaf4fee8c, 0, 0, 0) = 0
00:20:44.483777,1028,gettid() = 1028
00:20:44.484245,1028,futex(0xb6904580, FUTEX_WAKE_PRIVATE, 2147483647 <unfinished ...>
00:20:44.484516,60,<... futex resumed> ) = 0
00:20:44.493884,1028,<... futex resumed> ) = 1
00:20:44.494130,1028,futex(0xb690457c, FUTEX_WAKE_PRIVATE, 1) = 0
00:20:44.494510,1028,futex(0xb6904580, FUTEX_WAIT_PRIVATE, -330, NULL <unfinished ...>
00:20:44.494799,1027,set_tls(0xaf606f00, 0xb7b8b548, 0xaf606ffc, 0x40, 0xaf606f00 <unfinished ...>
00:20:44.495046,60,futex(0xb690457c, FUTEX_WAIT_PRIVATE, 2, NULL) = -1 EAGAIN (Try again)
00:20:44.495465,60,futex(0xb690457c, FUTEX_WAKE_PRIVATE, 1) = 0
00:20:44.495906,60,futex(0xb6904580, FUTEX_WAKE_PRIVATE, 2147483647 <unfinished ...>
00:20:44.496168,1028,<... futex resumed> ) = 0
00:20:44.496414,1028,futex(0xb690457c, FUTEX_WAIT_PRIVATE, 2, NULL <unfinished ...>
00:20:44.497000,60,<... futex resumed> ) = 1
00:20:44.497245,60,futex(0xb690457c, FUTEX_WAKE_PRIVATE, 1 <unfinished ...>
00:20:44.497490,1028,<... futex resumed> ) = 0
00:20:44.497775,1028,futex(0xb690457c, FUTEX_WAKE_PRIVATE, 1) = 0
00:20:44.498282,1028,getpriority(PRIO_PROCESS, 1028) = 20
00:20:44.498738,1028,setpriority(PRIO_PROCESS, 1028, 0) = 0
00:20:44.499214,1028,futex(0xb7c61970, FUTEX_WAIT_PRIVATE, 2, NULL <unfinished ...>
00:20:44.499440,60,<... futex resumed> ) = 1
00:20:44.499741,60,futex(0xb7c61970, FUTEX_WAKE_PRIVATE, 1 <unfinished ...>
00:20:44.500030,1028,<... futex resumed> ) = 0
00:20:44.500272,1028,futex(0xb7c61970, FUTEX_WAKE_PRIVATE, 1) = 0
00:20:44.500760,1028,futex(0xb7ca2838, FUTEX_WAIT_PRIVATE, 0, NULL <unfinished ...>
00:20:44.500990,60,<... futex resumed> ) = 1
00:20:44.501417,60,mmap2(NULL, 32768, PROT_READ|PROT_WRITE, MAP_PRIVATE|MAP_ANONYMOUS, -1, 0) = 0xaf3f7000
00:20:44.501918,60,madvise(0xaf3f7000, 32768, 0xc /* MADV_??? */) = -1 EINVAL (Invalid argument)
00:20:44.502318,60,mmap2(NULL, 1048576, PROT_READ|PROT_WRITE, MAP_PRIVATE|MAP_ANONYMOUS|MAP_NORESERVE, -1, 0) = 0xaf2f7000
00:20:44.502769,60,madvise(0xaf2f7000, 1048576, 0xc /* MADV_??? */) = -1 EINVAL (Invalid argument)
00:20:44.503158,60,mprotect(0xaf2f7000, 4096, PROT_NONE) = 0
00:20:44.503590,60,clone( <unfinished ...>
00:20:44.514185,1027,<... open resumed> ) = 0
00:20:44.516046,60,<... clone resumed> child_stack=0xaf3f6f00, flags=CLONE_VM|CLONE_FS|CLONE_FILES|CLONE_SIGHAND|CLONE_THREAD|CLONE_SYSVSEM|0x400000) = 1029
00:20:44.518239,60,futex(0xb6904580, FUTEX_WAIT_PRIVATE, -332, NULL <unfinished ...>
00:20:44.519408,1029,set_tls(0xaf3f6f00, 0xb7c5cbf8, 0xaf3f6ffc, 0x40, 0xaf3f6f00) = 0
00:20:44.519966,1029,prctl(PR_SET_NAME, 0xaf3f6e8c, 0, 0, 0) = 0
00:20:44.520480,1029,gettid() = 1029
00:20:44.521067,1029,futex(0xb6904580, FUTEX_WAKE_PRIVATE, 2147483647 <unfinished ...>
00:20:44.521376,60,<... futex resumed> ) = 0
00:20:44.521725,60,futex(0xb690457c, FUTEX_WAIT_PRIVATE, 2, NULL <unfinished ...>
00:20:44.521994,1029,<... futex resumed> ) = 1
00:20:44.522315,1029,futex(0xb690457c, FUTEX_WAKE_PRIVATE, 1 <unfinished ...>
00:20:44.522633,60,<... futex resumed> ) = 0
00:20:44.522899,60,futex(0xb690457c, FUTEX_WAKE_PRIVATE, 1) = 0
00:20:44.523282,60,futex(0xb6904580, FUTEX_WAKE_PRIVATE, 2147483647) = 0
00:20:44.533584,60,getpgid(0xe6 <unfinished ...>
00:20:44.533905,1029,<... futex resumed> ) = 1
00:20:44.534178,1029,futex(0xb6904580, FUTEX_WAIT_PRIVATE, -334, NULL) = -1 EAGAIN (Try again)
00:20:44.534717,1029,getpriority(PRIO_PROCESS, 1029) = 20
00:20:44.535159,1029,setpriority(PRIO_PROCESS, 1029, 0) = 0
00:20:44.535810,1029,futex(0xb7ca5f20, FUTEX_WAIT_PRIVATE, 0, NULL <unfinished ...>
00:20:44.536048,1027,prctl(PR_SET_NAME, 0xaf606eac, 0, 0, 0 <unfinished ...>
00:20:44.536256,60,<... getpgid resumed> ) = 60
00:20:44.536736,60,setpgid(1025, 60) = 0
00:20:44.537276,60,sendmsg(23, {msg_name(0)=NULL, msg_iov(1)=[{"\0\0\4\1", 4}], msg_controllen=0, msg_flags=0}, MSG_NOSIGNAL) = 4
00:20:44.538255,60,sendmsg(23, {msg_name(0)=NULL, msg_iov(1)=[{"\0", 1}], msg_controllen=0, msg_flags=0}, MSG_NOSIGNAL) = 1
00:20:44.539040,60,select(24, [9 23], NULL, NULL, NULL <unfinished ...>
00:20:44.539408,1027,<... prctl resumed> ) = 0
00:20:44.540761,1027,mmap2(NULL, 32768, PROT_READ|PROT_WRITE, MAP_PRIVATE|MAP_ANONYMOUS, -1, 0) = 0xaf4ff000
00:20:44.545243,1027,madvise(0xaf4ff000, 32768, 0xc /* MADV_??? */) = -1 EINVAL (Invalid argument)
00:20:44.545948,1027,gettid() = 1027
00:20:44.550207,1027,getpriority(PRIO_PROCESS, 0) = 20
00:20:44.551559,1027,futex(0xb6904580, FUTEX_WAKE_PRIVATE, 2147483647) = 1
00:20:44.552058,1025,<... futex resumed> ) = 0
00:20:44.552329,1027,futex(0xb7b6d9a8, FUTEX_WAIT_PRIVATE, 0, NULL <unfinished ...>
00:20:44.552681,1025,clock_gettime(CLOCK_MONOTONIC, {119, 749981175}) = 0
00:20:44.553209,1025,clock_gettime(CLOCK_MONOTONIC, {119, 750487902}) = 0
00:20:44.553967,1025,mmap2(NULL, 1048576, PROT_READ|PROT_WRITE, MAP_PRIVATE|MAP_ANONYMOUS|MAP_NORESERVE, -1, 0) = 0xaf3ff000
00:20:44.574190,1025,madvise(0xaf3ff000, 1048576, 0xc /* MADV_??? */) = -1 EINVAL (Invalid argument)
00:20:44.595059,1025,mprotect(0xaf3ff000, 4096, PROT_NONE) = 0
00:20:44.596450,1025,clone(child_stack=0xaf4fef00, flags=CLONE_VM|CLONE_FS|CLONE_FILES|CLONE_SIGHAND|CLONE_THREAD|CLONE_SYSVSEM|0x400000) = 1030
00:20:44.598882,1025,futex(0xb6904580, FUTEX_WAIT_PRIVATE, -326, NULL <unfinished ...>
00:20:44.600138,1030,set_tls(0xaf4fef00, 0xb7c68d48, 0xaf4feffc, 0x40, 0xaf4fef00) = 0
00:20:44.600685,1030,prctl(PR_SET_NAME, 0xaf4feeac, 0, 0, 0) = 0
00:20:44.601173,1030,mmap2(NULL, 32768, PROT_READ|PROT_WRITE, MAP_PRIVATE|MAP_ANONYMOUS, -1, 0) = 0xaf3f7000
00:20:44.601756,1030,madvise(0xaf3f7000, 32768, 0xc /* MADV_??? */) = -1 EINVAL (Invalid argument)
00:20:44.602196,1030,gettid() = 1030
00:20:44.602933,1030,getpriority(PRIO_PROCESS, 0) = 20
00:20:44.603486,1030,futex(0xb6904580, FUTEX_WAKE_PRIVATE, 2147483647 <unfinished ...>
00:20:44.603823,1025,<... futex resumed> ) = 0
00:20:44.604103,1025,futex(0xb690457c, FUTEX_WAIT_PRIVATE, 2, NULL <unfinished ...>
00:20:44.604367,1030,<... futex resumed> ) = 1
00:20:44.604776,1030,futex(0xb690457c, FUTEX_WAKE_PRIVATE, 1) = 1
00:20:44.613769,1025,<... futex resumed> ) = 0
00:20:44.614312,1025,futex(0xb690457c, FUTEX_WAKE_PRIVATE, 1) = 0
00:20:44.623219,1025,clock_gettime(CLOCK_MONOTONIC, {119, 820665617}) = 0
00:20:44.623999,1025,clock_gettime(CLOCK_MONOTONIC, {119, 821281499}) = 0
00:20:44.625082,1025,mmap2(NULL, 1048576, PROT_READ|PROT_WRITE, MAP_PRIVATE|MAP_ANONYMOUS|MAP_NORESERVE, -1, 0) = 0xaf2f7000
00:20:44.625676,1025,madvise(0xaf2f7000, 1048576, 0xc /* MADV_??? */) = -1 EINVAL (Invalid argument)
00:20:44.626196,1025,mprotect(0xaf2f7000, 4096, PROT_NONE) = 0
00:20:44.626725,1025,clone(child_stack=0xaf3f6f00, flags=CLONE_VM|CLONE_FS|CLONE_FILES|CLONE_SIGHAND|CLONE_THREAD|CLONE_SYSVSEM|0x400000) = 1031
00:20:44.629992,1025,futex(0xb6904580, FUTEX_WAIT_PRIVATE, -328, NULL <unfinished ...>
00:20:44.634293,1030,rt_sigtimedwait([QUIT USR1 RT_7 RT_14 RT_15 RT_16 RT_18 RT_19 RT_21 RT_22 RT_23 RT_24 RT_26 RT_27 RT_29 RT_30], NULL, NULL, 8 <unfinished ...>
00:20:44.692719,1031,set_tls(0xaf3f6f00, 0xb7c5cbf8, 0xaf3f6ffc, 0x40, 0xaf3f6f00) = 0
00:20:44.693217,1031,prctl(PR_SET_NAME, 0xaf3f6eac, 0, 0, 0) = 0
00:20:44.715870,1031,mmap2(NULL, 32768, PROT_READ|PROT_WRITE, MAP_PRIVATE|MAP_ANONYMOUS, -1, 0) = 0xaf2ef000
00:20:44.716487,1031,madvise(0xaf2ef000, 32768, 0xc /* MADV_??? */) = -1 EINVAL (Invalid argument)
00:20:44.717103,1031,gettid() = 1031
00:20:44.717840,1031,getpriority(PRIO_PROCESS, 0) = 20
00:20:44.718437,1031,futex(0xb6904580, FUTEX_WAKE_PRIVATE, 2147483647) = 1
00:20:44.718951,1025,<... futex resumed> ) = 0
00:20:44.719234,1025,futex(0xb690457c, FUTEX_WAIT_PRIVATE, 2, NULL <unfinished ...>
00:20:44.719663,1031,futex(0xb690457c, FUTEX_WAKE_PRIVATE, 1) = 1
00:20:44.720112,1025,<... futex resumed> ) = 0
00:20:44.720392,1025,futex(0xb690457c, FUTEX_WAKE_PRIVATE, 1) = 0
00:20:44.720895,1025,futex(0xb7c60884, FUTEX_WAIT_PRIVATE, 0, NULL <unfinished ...>
00:20:44.721195,1031,futex(0xb7c60884, FUTEX_WAKE_PRIVATE, 2147483647) = 1
00:20:44.721793,1025,<... futex resumed> ) = 0
00:20:44.722065,1025,futex(0xb7c60880, FUTEX_WAIT_PRIVATE, 2, NULL <unfinished ...>
00:20:44.722361,1031,futex(0xb7c60880, FUTEX_WAKE_PRIVATE, 1) = 1
00:20:44.722849,1025,<... futex resumed> ) = 0
00:20:44.723129,1025,futex(0xb7c60880, FUTEX_WAKE_PRIVATE, 1) = 0
00:20:44.723614,1025,clock_gettime(CLOCK_MONOTONIC, {119, 920923596}) = 0
00:20:44.734133,1031,socket(PF_UNIX, SOCK_STREAM, 0 <unfinished ...>
00:20:44.735791,1025,mmap2(NULL, 32768, PROT_READ|PROT_WRITE, MAP_PRIVATE|MAP_ANONYMOUS, -1, 0) = 0xaf2e7000
00:20:44.736365,1025,madvise(0xaf2e7000, 32768, 0xc /* MADV_??? */) = -1 EINVAL (Invalid argument)
00:20:44.736939,1025,mmap2(NULL, 1048576, PROT_READ|PROT_WRITE, MAP_PRIVATE|MAP_ANONYMOUS|MAP_NORESERVE, -1, 0) = 0xad35a000
00:20:44.737482,1025,madvise(0xad35a000, 1048576, 0xc /* MADV_??? */) = -1 EINVAL (Invalid argument)
00:20:44.738020,1025,mprotect(0xad35a000, 4096, PROT_NONE) = 0
00:20:44.738701,1025,clone(child_stack=0xad459f00, flags=CLONE_VM|CLONE_FS|CLONE_FILES|CLONE_SIGHAND|CLONE_THREAD|CLONE_SYSVSEM|0x400000) = 1032
00:20:44.741328,1025,futex(0xb6904580, FUTEX_WAIT_PRIVATE, -330, NULL <unfinished ...>
00:20:44.753949,1031,<... socket resumed> ) = 26
00:20:44.754361,1031,pipe([27, 28]) = 0
00:20:44.755038,1031,getpid() = 1025
00:20:44.755648,1031,connect(26, {sa_family=AF_UNIX, path=@"jdwp-control"...}, 15) = 0
00:20:44.756935,1031,getsockopt(26, SOL_SOCKET, SO_PEERCRED, {pid=67, uid=0, gid=0}, [12]) = 0
00:20:44.757849,1031,sendto(26, "0401", 4, 0, NULL, 0) = 4
00:20:44.759025,1031,recvmsg(26, <unfinished ...>
00:20:44.763988,1032,set_tls(0xad459f00, 0xb7b8bd38, 0xad459ffc, 0x40, 0xad459f00) = 0
00:20:44.765975,1032,prctl(PR_SET_NAME, 0xad459e8c, 0, 0, 0) = 0
00:20:44.766732,1032,gettid() = 1032
00:20:44.767381,1032,futex(0xb6904580, FUTEX_WAKE_PRIVATE, 2147483647 <unfinished ...>
00:20:44.767750,1025,<... futex resumed> ) = 0
00:20:44.768115,1025,futex(0xb690457c, FUTEX_WAIT_PRIVATE, 2, NULL <unfinished ...>
00:20:44.768430,1032,<... futex resumed> ) = 1
00:20:44.768773,1032,futex(0xb690457c, FUTEX_WAKE_PRIVATE, 1 <unfinished ...>
00:20:44.769117,1025,<... futex resumed> ) = 0
00:20:44.769625,1025,futex(0xb690457c, FUTEX_WAKE_PRIVATE, 1) = 0
00:20:44.770289,1025,futex(0xb6904580, FUTEX_WAKE_PRIVATE, 2147483647) = 0
00:20:44.771184,1025,mmap2(NULL, 32768, PROT_READ|PROT_WRITE, MAP_PRIVATE|MAP_ANONYMOUS, -1, 0) = 0xad352000
00:20:44.771752,1025,madvise(0xad352000, 32768, 0xc /* MADV_??? */) = -1 EINVAL (Invalid argument)
00:20:44.772338,1025,mmap2(NULL, 1048576, PROT_READ|PROT_WRITE, MAP_PRIVATE|MAP_ANONYMOUS|MAP_NORESERVE, -1, 0) = 0xad252000
00:20:44.772933,1025,madvise(0xad252000, 1048576, 0xc /* MADV_??? */) = -1 EINVAL (Invalid argument)
00:20:44.773490,1025,mprotect(0xad252000, 4096, PROT_NONE) = 0
00:20:44.784948,1032,<... futex resumed> ) = 1
00:20:44.785272,1025,clone(child_stack=0xad351f00, flags=CLONE_VM|CLONE_FS|CLONE_FILES|CLONE_SIGHAND|CLONE_THREAD|CLONE_SYSVSEM|0x400000) = 1034
00:20:44.787556,1025,futex(0xb6904580, FUTEX_WAIT_PRIVATE, -334, NULL <unfinished ...>
00:20:44.790384,1032,futex(0xb6904580, FUTEX_WAIT_PRIVATE, -332, NULL) = -1 EAGAIN (Try again)
00:20:44.791031,1032,getpriority(PRIO_PROCESS, 1032) = 20
00:20:44.791714,1032,setpriority(PRIO_PROCESS, 1032, 0) = 0
00:20:44.793516,1032,futex(0xb7c6c7d0, FUTEX_WAIT_PRIVATE, 0, NULL <unfinished ...>
00:20:44.794240,1034,set_tls(0xad351f00, 0xb7c83ca0, 0xad351ffc, 0x40, 0xad351f00) = 0
00:20:44.805232,1034,prctl(PR_SET_NAME, 0xad351e8c, 0, 0, 0) = 0
00:20:44.805747,1034,gettid() = 1034
00:20:44.806373,1034,futex(0xb6904580, FUTEX_WAKE_PRIVATE, 2147483647 <unfinished ...>
00:20:44.806723,1025,<... futex resumed> ) = 0
00:20:44.806999,1025,futex(0xb690457c, FUTEX_WAIT_PRIVATE, 2, NULL <unfinished ...>
00:20:44.807264,1034,<... futex resumed> ) = 1
00:20:44.807540,1034,futex(0xb690457c, FUTEX_WAKE_PRIVATE, 1 <unfinished ...>
00:20:44.807861,1025,<... futex resumed> ) = 0
00:20:44.808169,1025,futex(0xb690457c, FUTEX_WAKE_PRIVATE, 1) = 0
00:20:44.808746,1025,futex(0xb6904580, FUTEX_WAKE_PRIVATE, 2147483647) = 0
00:20:44.809823,1025,mmap2(NULL, 32768, PROT_READ|PROT_WRITE, MAP_PRIVATE|MAP_ANONYMOUS, -1, 0) = 0xad24a000
00:20:44.810370,1025,madvise(0xad24a000, 32768, 0xc /* MADV_??? */) = -1 EINVAL (Invalid argument)
00:20:44.810883,1025,mmap2(NULL, 1048576, PROT_READ|PROT_WRITE, MAP_PRIVATE|MAP_ANONYMOUS|MAP_NORESERVE, -1, 0) = 0xad14a000
00:20:44.811363,1025,madvise(0xad14a000, 1048576, 0xc /* MADV_??? */) = -1 EINVAL (Invalid argument)
00:20:44.811861,1025,mprotect(0xad14a000, 4096, PROT_NONE) = 0
00:20:44.812596,1025,clone(child_stack=0xad249f00, flags=CLONE_VM|CLONE_FS|CLONE_FILES|CLONE_SIGHAND|CLONE_THREAD|CLONE_SYSVSEM|0x400000) = 1035
00:20:44.813869,1025,futex(0xb6904580, FUTEX_WAIT_PRIVATE, -338, NULL <unfinished ...>
00:20:44.814167,1034,<... futex resumed> ) = 1
00:20:44.816030,1034,futex(0xb6904580, FUTEX_WAIT_PRIVATE, -336, NULL) = -1 EAGAIN (Try again)
00:20:44.817865,1034,getpriority(PRIO_PROCESS, 1034) = 20
00:20:44.818720,1034,setpriority(PRIO_PROCESS, 1034, 0) = 0
00:20:44.819579,1034,futex(0xb7c872a8, FUTEX_WAIT_PRIVATE, 0, NULL <unfinished ...>
00:20:44.824155,1035,set_tls(0xad249f00, 0xb7caeda0, 0xad249ffc, 0x40, 0xad249f00) = 0
00:20:44.824877,1035,prctl(PR_SET_NAME, 0xad249e8c, 0, 0, 0) = 0
00:20:44.825389,1035,gettid() = 1035
00:20:44.826222,1035,futex(0xb6904580, FUTEX_WAKE_PRIVATE, 2147483647 <unfinished ...>
00:20:44.829731,1025,<... futex resumed> ) = 0
00:20:44.830056,1025,futex(0xb690457c, FUTEX_WAIT_PRIVATE, 2, NULL <unfinished ...>
00:20:44.830432,1035,<... futex resumed> ) = 1
00:20:44.830803,1035,futex(0xb690457c, FUTEX_WAKE_PRIVATE, 1 <unfinished ...>
00:20:44.831101,1025,<... futex resumed> ) = 0
00:20:44.831409,1025,futex(0xb690457c, FUTEX_WAKE_PRIVATE, 1) = 0
00:20:44.831941,1025,futex(0xb6904580, FUTEX_WAKE_PRIVATE, 2147483647) = 0
00:20:44.834039,1035,<... futex resumed> ) = 1
00:20:44.834351,1035,futex(0xb6904580, FUTEX_WAIT_PRIVATE, -340, NULL) = -1 EAGAIN (Try again)
00:20:44.834869,1035,getpriority(PRIO_PROCESS, 1035) = 20
00:20:44.835350,1035,setpriority(PRIO_PROCESS, 1035, 0) = 0
00:20:44.835975,1035,futex(0xb7c8d600, FUTEX_WAIT_PRIVATE, 0, NULL <unfinished ...>
00:20:44.847411,1025,close(23) = 0
00:20:44.848439,1025,close(9) = 0
00:20:44.850024,1025,open("/dev/binder", O_RDWR) = 9
00:20:44.851162,1025,fcntl64(9, F_SETFD, FD_CLOEXEC) = 0
00:20:44.851785,1025,ioctl(9, 0xc0046209, 0xbec60638) = 0
00:20:44.852376,1025,ioctl(9, 0x40046205, 0xbec6063c) = 0
00:20:44.852891,1025,mmap2(NULL, 1040384, PROT_READ, MAP_PRIVATE|MAP_NORESERVE, 9, 0) = 0xad04c000
00:20:44.864504,1025,madvise(0xad04c000, 1040384, 0xc /* MADV_??? */) = -1 EINVAL (Invalid argument)
00:20:44.865149,1025,prctl(PR_SET_NAME, 0xb7c6c895, 0, 0, 0) = 0
00:20:44.865665,1025,open("/sys/qemu_trace/process_name", O_RDWR) = 23
00:20:44.870035,1025,write(23, "com.hddevs.matajilwp\0", 21) = 21
00:20:44.870857,1025,close(23) = 0
00:20:45.040886,1025,mmap2(NULL, 1048576, PROT_READ|PROT_WRITE, MAP_PRIVATE|MAP_ANONYMOUS|MAP_NORESERVE, -1, 0) = 0xacf4c000
00:20:45.041986,1025,madvise(0xacf4c000, 1048576, 0xc /* MADV_??? */) = -1 EINVAL (Invalid argument)
00:20:45.042585,1025,mprotect(0xacf4c000, 4096, PROT_NONE) = 0
00:20:45.043144,1025,clone(child_stack=0xad04bf00, flags=CLONE_VM|CLONE_FS|CLONE_FILES|CLONE_SIGHAND|CLONE_THREAD|CLONE_SYSVSEM|0x400000) = 1038
00:20:45.046314,1025,writev(3, [{"\4", 1}, {"dalvikvm\0", 9}, {"Turning on JNI app bug workaroun"..., 63}], 3) = 73
00:20:45.051161,1025,prctl(PR_SET_NAME, 0xb7c43672, 0, 0, 0) = 0
00:20:45.052264,1025,open("/sys/qemu_trace/process_name", O_RDWR) = 23
00:20:45.064011,1025,write(23, "<pre-initialized>\0", 18 <unfinished ...>
00:20:45.064419,1038,set_tls(0xad04bf00, 0xb7c45ab8, 0xad04bffc, 0x40, 0xad04bf00 <unfinished ...>
00:20:45.064761,1025,<... usr32 resumed> ) = 18
00:20:45.065075,1038,<... set_tls resumed> ) = 0
00:20:45.065363,1025,close(23 <unfinished ...>
00:20:45.065676,1038,setpriority(PRIO_PROCESS, 0, 0 <unfinished ...>
00:20:45.065952,1025,<... close resumed> ) = 0
00:20:45.066208,1038,<... setpriority resumed> ) = 0
00:20:45.067409,1025,futex(0xb6f480c0, FUTEX_WAKE_PRIVATE, 2147483647 <unfinished ...>
00:20:45.067833,1038,futex(0xb6f480b0, FUTEX_WAKE_PRIVATE, 2147483647 <unfinished ...>
00:20:45.068120,1025,<... futex resumed> ) = 0
00:20:45.068371,1038,<... futex resumed> ) = 0
00:20:45.069003,1025,pipe( <unfinished ...>
00:20:45.069289,1038,gettid( <unfinished ...>
00:20:45.069645,1025,<... pipe resumed> [23, 29]) = 0
00:20:45.069964,1038,<... gettid resumed> ) = 1038
00:20:45.070246,1025,fcntl64(23, F_SETFL, O_RDONLY|O_NONBLOCK <unfinished ...>
00:20:45.071023,1038,write(24, "1038", 4 <unfinished ...>
00:20:45.071359,1025,<... fcntl64 resumed> ) = 0
00:20:45.071874,1038,<... write resumed> ) = 4
00:20:45.072156,1025,fcntl64(29, F_SETFL, O_RDONLY|O_NONBLOCK <unfinished ...>
00:20:45.072481,1038,prctl(PR_SET_NAME, 0xb7c68fb0, 0, 0, 0 <unfinished ...>
00:20:45.093121,1025,<... fcntl64 resumed> ) = 0
00:20:45.093352,1038,<... prctl resumed> ) = 0
00:20:45.093712,1025,epoll_create(0x8 <unfinished ...>
00:20:45.094034,1038,mmap2(NULL, 32768, PROT_READ|PROT_WRITE, MAP_PRIVATE|MAP_ANONYMOUS, -1, 0 <unfinished ...>
00:20:45.094353,1025,<... epoll_create resumed> ) = 30
00:20:45.094669,1038,<... mmap2 resumed> ) = 0xacf44000
00:20:45.094963,1025,epoll_ctl(0x1e, 0x1, 0x17, 0xbec60300 <unfinished ...>
00:20:45.095243,1038,madvise(0xacf44000, 32768, 0xc /* MADV_??? */ <unfinished ...>
00:20:45.095570,1025,<... epoll_ctl resumed> ) = 0
00:20:45.095833,1038,<... madvise resumed> ) = -1 EINVAL (Invalid argument)
00:20:45.101104,1025,gettid( <unfinished ...>
00:20:45.101409,1038,gettid( <unfinished ...>
00:20:45.101748,1025,<... gettid resumed> ) = 1025
00:20:45.102026,1038,<... gettid resumed> ) = 1038
00:20:45.102748,1025,getpid( <unfinished ...>
00:20:45.103772,1038,getpriority(PRIO_PROCESS, 0 <unfinished ...>
00:20:45.117046,1025,<... getpid resumed> ) = 1025
00:20:45.117319,1038,<... getpriority resumed> ) = 20
00:20:45.117650,1025,getuid32( <unfinished ...>
00:20:45.118035,1038,gettid( <unfinished ...>
00:20:45.118285,1025,<... getuid32 resumed> ) = 10050
00:20:45.118556,1038,<... gettid resumed> ) = 1038
00:20:45.120663,1025,getpid( <unfinished ...>
00:20:45.121060,1038,gettid( <unfinished ...>
00:20:45.121374,1025,<... getpid resumed> ) = 1025
00:20:45.121753,1038,<... gettid resumed> ) = 1038
00:20:45.122063,1025,gettid( <unfinished ...>
00:20:45.122329,1038,getpid( <unfinished ...>
00:20:45.122615,1025,<... gettid resumed> ) = 1025
00:20:45.122856,1038,<... getpid resumed> ) = 1025
00:20:45.123135,1025,clock_gettime(CLOCK_MONOTONIC, <unfinished ...>
00:20:45.123398,1038,getuid32( <unfinished ...>
00:20:45.134847,1025,<... clock_gettime resumed> {120, 320845694}) = 0
00:20:45.135330,1038,<... getuid32 resumed> ) = 10050
00:20:45.135735,1025,ioctl(9, 0xc0186201 <unfinished ...>
00:20:45.136146,1038,write(24, "1038", 4) = 4
00:20:45.136989,1038,ioctl(9, 0xc0186201 <unfinished ...>
00:20:45.137282,1025,<... ioctl resumed> , 0xbec601f0) = 0
00:20:45.137806,1038,<... ioctl resumed> , 0xad04be28) = 0
00:20:45.138158,1025,clock_gettime(CLOCK_MONOTONIC, <unfinished ...>
00:20:45.138556,1038,mmap2(NULL, 1048576, PROT_READ|PROT_WRITE, MAP_PRIVATE|MAP_ANONYMOUS|MAP_NORESERVE, -1, 0 <unfinished ...>
00:20:45.138959,1025,<... clock_gettime resumed> {120, 335973967}) = 0
00:20:45.139309,1038,<... mmap2 resumed> ) = 0xace44000
00:20:45.140708,1025,getpid( <unfinished ...>
00:20:45.141342,1038,madvise(0xace44000, 1048576, 0xc /* MADV_??? */ <unfinished ...>
00:20:45.141677,1025,<... getpid resumed> ) = 1025
00:20:45.141935,1038,<... madvise resumed> ) = -1 EINVAL (Invalid argument)
00:20:45.142271,1025,gettid( <unfinished ...>
00:20:45.142556,1038,mprotect(0xace44000, 4096, PROT_NONE <unfinished ...>
00:20:45.142827,1025,<... gettid resumed> ) = 1025
00:20:45.143103,1038,<... mprotect resumed> ) = 0
00:20:45.143394,1025,clock_gettime(CLOCK_MONOTONIC, <unfinished ...>
00:20:45.143883,1038,clone( <unfinished ...>
00:20:45.144151,1025,<... clock_gettime resumed> {120, 341170070}) = 0
00:20:45.145087,1025,ioctl(9, 0xc0186201 <unfinished ...>
00:20:45.145397,1038,<... clone resumed> child_stack=0xacf43f00, flags=CLONE_VM|CLONE_FS|CLONE_FILES|CLONE_SIGHAND|CLONE_THREAD|CLONE_SYSVSEM|0x400000) = 1039
00:20:45.145800,1025,<... ioctl resumed> , 0xbec601f0) = 0
00:20:45.146091,1038,write(24, "1038", 4 <unfinished ...>
00:20:45.150438,1025,ioctl(9, 0xc0186201 <unfinished ...>
00:20:45.150785,1038,<... write resumed> ) = 4
00:20:45.154206,1038,ioctl(9, 0xc0186201, 0xad04be28) = 0
00:20:45.154982,1038,write(24, "1038", 4) = 4
00:20:45.155721,1038,getpriority(PRIO_PROCESS, 1038) = 20
00:20:45.174962,1039,set_tls(0xacf43f00, 0xb7c40ae8, 0xacf43ffc, 0x40, 0xacf43f00) = 0
00:20:45.175641,1039,setpriority(PRIO_PROCESS, 0, 0) = 0
00:20:45.176115,1039,gettid() = 1039
00:20:45.176708,1039,write(24, "1039", 4) = 4
00:20:45.177392,1039,prctl(PR_SET_NAME, 0xb7c49b68, 0, 0, 0) = 0
00:20:45.178088,1039,mmap2(NULL, 32768, PROT_READ|PROT_WRITE, MAP_PRIVATE|MAP_ANONYMOUS, -1, 0) = 0xace3c000
00:20:45.178648,1039,madvise(0xace3c000, 32768, 0xc /* MADV_??? */) = -1 EINVAL (Invalid argument)
00:20:45.179164,1039,gettid() = 1039
00:20:45.179869,1039,getpriority(PRIO_PROCESS, 0) = 20
00:20:45.180955,1039,gettid() = 1039
00:20:45.181565,1039,gettid() = 1039
00:20:45.182111,1039,getpid() = 1025
00:20:45.182622,1039,getuid32() = 10050
00:20:45.183221,1039,write(24, "1039", 4) = 4
00:20:45.183824,1039,ioctl(9, 0xc0186201 <unfinished ...>
00:20:45.187431,1038,clock_gettime(CLOCK_MONOTONIC, {120, 385969216}) = 0
00:20:45.193093,1038,clock_gettime(CLOCK_MONOTONIC, {120, 390407256}) = 0
00:20:45.203931,1038,write(24, "1038", 4) = 4
00:20:45.204697,1038,ioctl(9, 0xc0186201, 0xad04be28) = 0
00:20:45.205250,1038,write(24, "1038", 4) = 4
00:20:45.205906,1038,getpriority(PRIO_PROCESS, 1038) = 20
00:20:45.214793,1039,<... ioctl resumed> , 0xacf43e28) = 0
00:20:45.215179,1039,mmap2(NULL, 1048576, PROT_READ|PROT_WRITE, MAP_PRIVATE|MAP_ANONYMOUS|MAP_NORESERVE, -1, 0) = 0xacd3c000
00:20:45.215777,1039,madvise(0xacd3c000, 1048576, 0xc /* MADV_??? */) = -1 EINVAL (Invalid argument)
00:20:45.216253,1039,mprotect(0xacd3c000, 4096, PROT_NONE) = 0
00:20:45.216847,1039,clone(child_stack=0xace3bf00, flags=CLONE_VM|CLONE_FS|CLONE_FILES|CLONE_SIGHAND|CLONE_THREAD|CLONE_SYSVSEM|0x400000) = 1040
00:20:45.218910,1039,write(24, "1039", 4) = 4
00:20:45.220639,1039,ioctl(9, 0xc0186201 <unfinished ...>
00:20:45.221124,1040,set_tls(0xace3bf00, 0xb7c2a1e0, 0xace3bffc, 0x40, 0xace3bf00) = 0
00:20:45.221644,1040,setpriority(PRIO_PROCESS, 0, 0) = 0
00:20:45.222110,1040,gettid() = 1040
00:20:45.222579,1040,write(24, "1040", 4) = 4
00:20:45.223115,1040,prctl(PR_SET_NAME, 0xb7c76680, 0, 0, 0) = 0
00:20:45.223637,1040,mmap2(NULL, 32768, PROT_READ|PROT_WRITE, MAP_PRIVATE|MAP_ANONYMOUS, -1, 0) = 0xacd34000
00:20:45.224136,1040,madvise(0xacd34000, 32768, 0xc /* MADV_??? */) = -1 EINVAL (Invalid argument)
00:20:45.236374,1040,gettid() = 1040
00:20:45.237916,1040,getpriority(PRIO_PROCESS, 0) = 20
00:20:45.238455,1040,gettid() = 1040
00:20:45.239148,1040,gettid() = 1040
00:20:45.239630,1040,getpid() = 1025
00:20:45.240085,1040,getuid32() = 10050
00:20:45.241220,1040,write(24, "1040", 4) = 4
00:20:45.242380,1040,ioctl(9, 0xc0186201, 0xace3be28) = 0
00:20:45.242985,1040,write(24, "1040", 4) = 4
00:20:45.243495,1040,ioctl(9, 0xc0186201 <unfinished ...>
00:20:45.254187,1038,clock_gettime(CLOCK_MONOTONIC, {120, 480214185}) = 0
00:20:45.283905,1038,write(24, "1038", 4) = 4
00:20:45.284897,1038,ioctl(9, 0xc0186201 <unfinished ...>
00:20:45.395047,1025,<... ioctl resumed> , 0xbec601f0) = 0
00:20:45.395648,1025,clock_gettime(CLOCK_MONOTONIC, {120, 593265803}) = 0
00:20:45.397781,1025,mprotect(0xb16a6000, 8192, PROT_READ|PROT_WRITE) = 0
00:20:45.400814,1025,getpid() = 1025
00:20:45.402352,1025,getuid32() = 10050
00:20:45.417075,1025,getpid() = 1025
00:20:45.417741,1025,getuid32() = 10050
00:20:45.418283,1025,epoll_wait(0x1e, 0xbec601f8, 0x10, 0) = 0
00:20:45.419301,1025,clock_gettime(CLOCK_MONOTONIC, {120, 616689639}) = 0
00:20:45.421359,1025,open("/sys/kernel/debug/tracing/trace_marker", O_WRONLY) = -1 ENOENT (No such file or directory)
00:20:45.422242,1025,writev(3, [{"\6", 1}, {"Trace\0", 6}, {"error opening trace file: No suc"..., 56}], 3) = 63
00:20:45.480797,1025,getpid() = 1025
00:20:45.481327,1025,getuid32() = 10050
00:20:45.481923,1025,epoll_wait(0x1e, 0xbec601f8, 0x10, 0) = 0
00:20:45.482417,1025,clock_gettime(CLOCK_MONOTONIC, {120, 679738976}) = 0
00:20:45.483300,1025,prctl(PR_SET_NAME, 0xb7c6c895, 0, 0, 0) = 0
00:20:45.485002,1025,open("/sys/qemu_trace/process_name", O_RDWR) = 31
00:20:45.536856,1025,write(31, "com.hddevs.matajilwp\0", 21) = 21
00:20:45.537567,1025,close(31) = 0
00:20:45.552903,1025,ioctl(9, 0xc0186201, 0xbec600c8) = 0
00:20:45.564330,1025,ioctl(9, 0xc0186201, 0xbec60108) = 0
00:20:45.565691,1025,ioctl(9, 0xc0186201, 0xbec600c8) = 0
00:20:45.566625,1025,dup(31) = 32
00:20:45.567153,1025,mmap2(NULL, 4096, PROT_READ, MAP_SHARED, 32, 0) = 0xacd33000
00:20:45.567727,1025,close(31) = 0
00:20:45.568222,1025,dup(32) = 31
00:20:45.569818,1025,getpid() = 1025
00:20:45.571183,1025,gettid() = 1025
00:20:45.571807,1025,clock_gettime(CLOCK_MONOTONIC, {120, 769089926}) = 0
00:20:45.572413,1025,ioctl(9, 0xc0186201, 0xbec601f0) = 0
00:20:45.574225,1025,clock_gettime(CLOCK_MONOTONIC, {120, 771511118}) = 0
00:20:45.576818,1025,getuid32() = 10050
00:20:45.578551,1025,stat64("/system/framework/framework-res.apk", {st_mode=S_IFREG|0644, st_size=8749696, ...}) = 0
00:20:45.580196,1025,access("/vendor/overlay/framework/framework-res.apk", R_OK) = -1 ENOENT (No such file or directory)
00:20:45.581154,1025,stat64("/data/app/com.hddevs.matajilwp-1.apk", {st_mode=S_IFREG|0644, st_size=2486890, ...}) = 0
00:20:45.583666,1025,stat64("/system/framework/framework-res.apk", {st_mode=S_IFREG|0644, st_size=8749696, ...}) = 0
00:20:45.594704,1025,stat64("/data/app/com.hddevs.matajilwp-1.apk", {st_mode=S_IFREG|0644, st_size=2486890, ...}) = 0
00:20:45.596644,1025,open("/data/app/com.hddevs.matajilwp-1.apk", O_RDONLY) = 33
00:20:45.597591,1025,_llseek(33, 0, [2486890], SEEK_END) = 0
00:20:45.598266,1025,mmap2(NULL, 69632, PROT_READ|PROT_WRITE, MAP_PRIVATE|MAP_ANONYMOUS, -1, 0) = 0xacd22000
00:20:45.598865,1025,madvise(0xacd22000, 69632, 0xc /* MADV_??? */) = -1 EINVAL (Invalid argument)
00:20:45.599445,1025,_llseek(33, 0, [0], SEEK_SET) = 0
00:20:45.600111,1025,read(33, "PK\3\4", 4) = 4
00:20:45.600905,1025,_llseek(33, 2421333, [2421333], SEEK_SET) = 0
00:20:45.601437,1025,read(33, "\27Æ×\33)qM¾¢\216\20´3¤£Ktä+ê\21ç&\223\226\22\237ç\5$Fe"..., 65557) = 65557
00:20:45.604463,1025,munmap(0xacd22000, 69632) = 0
00:20:45.605441,1025,mmap2(NULL, 4692, PROT_READ, MAP_SHARED, 33, 0x25e) = 0xacd31000
00:20:45.606176,1025,pread(33, "PK\3\4\n\0\0\10\0\0\25ªÙ@õÚuM°\25\0\0°\25\0\0\16\0\2\0", 30, 15968688406528) = 30
00:20:45.607173,1025,mmap2(NULL, 9316, PROT_READ, MAP_SHARED, 33, 0) = 0xacd2e000
00:20:45.608377,1025,gettimeofday({1741393245, 608696}, NULL) = 0
00:20:45.609673,1025,access("/data/data/com.hddevs.matajilwp/cache", F_OK) = -1 ENOENT (No such file or directory)
00:20:45.610955,1025,access("/data/data/com.hddevs.matajilwp/cache", F_OK) = -1 ENOENT (No such file or directory)
00:20:45.612207,1025,mkdir("/data/data/com.hddevs.matajilwp/cache", 0700) = 0
00:20:45.667523,1025,chmod("/data/data/com.hddevs.matajilwp/cache", 0771) = 0
00:20:45.671710,1025,getuid32() = 10050
00:20:45.672279,1025,getuid32() = 10050
00:20:45.702073,1025,getpid() = 1025
00:20:45.702939,1025,gettid() = 1025
00:20:45.703434,1025,clock_gettime(CLOCK_MONOTONIC, {120, 900796630}) = 0
00:20:45.719051,1025,ioctl(9, 0xc0186201, 0xbec601f0) = 0
00:20:45.720618,1025,clock_gettime(CLOCK_MONOTONIC, {120, 917914484}) = 0
00:20:45.722861,1025,access("/data/data/com.hddevs.matajilwp/cache/com.android.renderscript.cache", F_OK) = -1 ENOENT (No such file or directory)
00:20:45.733522,1025,mkdir("/data/data/com.hddevs.matajilwp/cache/com.android.renderscript.cache", 0700) = 0
00:20:45.735228,1025,getpid() = 1025
00:20:45.735744,1025,gettid() = 1025
00:20:45.736281,1025,clock_gettime(CLOCK_MONOTONIC, {120, 933720934}) = 0
00:20:45.737026,1025,ioctl(9, 0xc0186201, 0xbec601f0) = 0
00:20:45.737784,1025,clock_gettime(CLOCK_MONOTONIC, {120, 935066048}) = 0
00:20:45.739048,1025,getpid() = 1025
00:20:45.739563,1025,gettid() = 1025
00:20:45.740089,1025,clock_gettime(CLOCK_MONOTONIC, {120, 937369193}) = 0
00:20:45.740668,1025,ioctl(9, 0xc0186201, 0xbec601f0) = 0
00:20:45.742382,1025,ioctl(9, 0xc0186201, 0xbec601f0) = 0
00:20:45.742992,1025,clock_gettime(CLOCK_MONOTONIC, {120, 940275538}) = 0
00:20:45.755158,1025,writev(3, [{"\5", 1}, {"DroidBox\0", 9}, {"DroidBox: { \"DexClassLoader\": { "..., 83}], 3) = 93
00:20:45.758869,1025,access("/data/app/com.hddevs.matajilwp-1.apk", F_OK) = 0
00:20:45.759761,1025,access("/data/app/com.hddevs.matajilwp-1.apk", R_OK) = 0
00:20:45.760578,1025,stat64("/data/app/com.hddevs.matajilwp-1.apk", {st_mode=S_IFREG|0644, st_size=2486890, ...}) = 0
00:20:45.763617,1025,open("/data/app/com.hddevs.matajilwp-1.apk", O_RDONLY) = 34
00:20:45.764676,1025,fstat64(34, {st_mode=S_IFREG|0644, st_size=2486890, ...}) = 0
00:20:45.765865,1025,fstat64(34, {st_mode=S_IFREG|0644, st_size=2486890, ...}) = 0
00:20:45.767092,1025,_llseek(34, 2486868, [2486868], SEEK_SET) = 0
00:20:45.768064,1025,read(34, "PK\5\6", 4) = 4
00:20:45.768788,1025,fgetxattr(34, "user.taint", 0xbec60484, 4) = -1 ENODATA (No data available)
00:20:45.770710,1025,clock_gettime(CLOCK_MONOTONIC, {120, 967999468}) = 0
00:20:45.771264,1025,getpid() = 1025
00:20:45.771821,1025,readlink("/proc/1025/fd/34", "/data/app/com.hddevs.matajilwp-1.apk"..., 120) = 36
00:20:45.773270,1025,read(34, "\0\0\0\0$\0$\0å\t\0\0oè%\0\0\0", 18) = 18
00:20:45.773967,1025,fgetxattr(34, "user.taint", 0xbec60484, 4) = -1 ENODATA (No data available)
00:20:45.778409,1025,clock_gettime(CLOCK_MONOTONIC, {120, 975880245}) = 0
00:20:45.779174,1025,getpid() = 1025
00:20:45.779997,1025,readlink("/proc/1025/fd/34", "/data/app/com.hddevs.matajilwp-1.apk"..., 120) = 36
00:20:45.781318,1025,fstat64(34, {st_mode=S_IFREG|0644, st_size=2486890, ...}) = 0
00:20:45.782778,1025,_llseek(34, 2484335, [2484335], SEEK_SET) = 0
00:20:45.783467,1025,read(34, "PK\1\2\24\0\24\0\10\10\10\0\30ªÙ@$g¾~I\2\0\0\200\6\0\0\23\0\4\0"..., 2555) = 2555
00:20:45.784239,1025,fgetxattr(34, "user.taint", 0xbec60484, 4) = -1 ENODATA (No data available)
00:20:45.797542,1025,clock_gettime(CLOCK_MONOTONIC, {120, 994861021}) = 0
00:20:45.798139,1025,getpid() = 1025
00:20:45.799657,1025,readlink("/proc/1025/fd/34", "/data/app/com.hddevs.matajilwp-1.apk"..., 120) = 36
00:20:45.807561,1025,open("/data/app/com.hddevs.matajilwp-1.apk", O_RDONLY) = 35
00:20:45.808622,1025,lseek(35, 0, SEEK_END) = 2486890
00:20:45.809250,1025,mmap2(NULL, 69632, PROT_READ|PROT_WRITE, MAP_PRIVATE|MAP_ANONYMOUS, -1, 0) = 0xacd1d000
00:20:45.809858,1025,madvise(0xacd1d000, 69632, 0xc /* MADV_??? */) = -1 EINVAL (Invalid argument)
00:20:45.810535,1025,lseek(35, 2421333, SEEK_SET) = 2421333
00:20:45.811058,1025,read(35, "\27Æ×\33)qM¾¢\216\20´3¤£Ktä+ê\21ç&\223\226\22\237ç\5$Fe"..., 65557) = 65557
00:20:45.812124,1025,mmap2(NULL, 4692, PROT_READ, MAP_SHARED, 35, 0x25e) = 0xacd1b000
00:20:45.812772,1025,munmap(0xacd1d000, 69632) = 0
00:20:45.813636,1025,fcntl64(35, F_GETFD) = 0
00:20:45.823986,1025,fcntl64(35, F_SETFD, FD_CLOEXEC) = 0
00:20:45.825283,1025,open("/data/app/com.hddevs.matajilwp-1.odex", O_RDONLY) = -1 ENOENT (No such file or directory)
00:20:45.826684,1025,open("/data/dalvik-cache/data@app@com.hddevs.matajilwp-1.apk@classes.dex", O_RDWR|O_CREAT, 0644) = -1 EACCES (Permission denied)
00:20:45.827858,1025,open("/data/dalvik-cache/data@app@com.hddevs.matajilwp-1.apk@classes.dex", O_RDONLY) = 36
00:20:45.829452,1025,flock(36, LOCK_EX|LOCK_NB) = 0
00:20:45.830651,1025,fstat64(36, {st_mode=S_IFREG|0644, st_size=969144, ...}) = 0
00:20:45.831740,1025,stat64("/data/dalvik-cache/data@app@com.hddevs.matajilwp-1.apk@classes.dex", {st_mode=S_IFREG|0644, st_size=969144, ...}) = 0
00:20:45.833300,1025,lseek(36, 0, SEEK_SET) = 0
00:20:45.843990,1025,read(36, "dey\n036\0(\0\0\0\234g\16\0Èg\16\0Ö\1\0\0 i\16\0\30`\0\0"..., 40) = 40
00:20:45.844987,1025,lseek(36, 944072, SEEK_SET) = 944072
00:20:45.845619,1025,read(36, "\30ªÙ@X»ú\3\34\0\0\0\10\0\0\0\34\0\0\0/system/fram"..., 470) = 470
00:20:45.846786,1025,lseek(36, 0, SEEK_SET) = 0
00:20:45.847269,1025,lseek(36, 0, SEEK_CUR) = 0
00:20:45.847810,1025,lseek(36, 0, SEEK_END) = 969144
00:20:45.848302,1025,lseek(36, 0, SEEK_SET) = 0
00:20:45.848857,1025,mmap2(NULL, 969144, PROT_READ|PROT_WRITE, MAP_PRIVATE, 36, 0) = 0xacc2e000
00:20:45.849626,1025,madvise(0xacc2e000, 969144, 0xc /* MADV_??? */) = -1 EINVAL (Invalid argument)
00:20:45.850153,1025,mprotect(0xacc2e000, 969144, PROT_READ) = 0
00:20:45.850883,1025,open("/dev/ashmem", O_RDWR) = 37
00:20:45.851592,1025,ioctl(37, 0x41007701, 0xbec60254) = 0
00:20:45.852155,1025,ioctl(37, 0x40047703, 0x12000) = 0
00:20:45.852708,1025,mmap2(NULL, 73728, PROT_READ|PROT_WRITE, MAP_PRIVATE, 37, 0) = 0xacc1c000
00:20:45.853342,1025,madvise(0xacc1c000, 73728, 0xc /* MADV_??? */) = -1 EINVAL (Invalid argument)
00:20:45.853894,1025,close(37) = 0
00:20:45.855054,1025,flock(36, LOCK_UN) = 0
00:20:45.856505,1025,close(36) = 0
00:20:45.858364,1025,access("/data/data/com.hddevs.matajilwp/lib", F_OK) = 0
00:20:45.859228,1025,access("/data/data/com.hddevs.matajilwp/lib", R_OK) = 0
00:20:45.860286,1025,stat64("/data/data/com.hddevs.matajilwp/lib", {st_mode=S_IFDIR|0755, st_size=4096, ...}) = 0
00:20:45.862711,1025,access("/vendor/lib", F_OK) = -1 ENOENT (No such file or directory)
00:20:45.863572,1025,access("/system/lib", F_OK) = 0
00:20:45.876008,1025,access("/system/lib", R_OK) = 0
00:20:45.876713,1025,stat64("/system/lib", {st_mode=S_IFDIR|0755, st_size=8192, ...}) = 0
00:20:45.878207,1025,getuid32() = 10050
00:20:45.879048,1025,getpid() = 1025
00:20:45.879591,1025,gettid() = 1025
00:20:45.880111,1025,clock_gettime(CLOCK_MONOTONIC, {121, 77414305}) = 0
00:20:45.880799,1025,ioctl(9, 0xc0186201, 0xbec601f0) = 0
00:20:45.883234,1025,ioctl(9, 0xc0186201, 0xbec601f0) = 0
00:20:45.896494,1025,clock_gettime(CLOCK_MONOTONIC, {121, 93826635}) = 0
00:20:45.899883,1025,gettimeofday({1741393245, 900061}, NULL) = 0
00:20:45.901058,1025,getpid() = 1025
00:20:45.901657,1025,getuid32() = 10050
00:20:45.902246,1025,epoll_wait(0x1e, 0xbec601f8, 0x10, 0) = 0
00:20:45.902794,1025,clock_gettime(CLOCK_MONOTONIC, {121, 100074621}) = 0
00:20:45.903440,1025,stat64("/system/framework/framework-res.apk", {st_mode=S_IFREG|0644, st_size=8749696, ...}) = 0
00:20:45.915511,1025,stat64("/data/app/com.hddevs.matajilwp-1.apk", {st_mode=S_IFREG|0644, st_size=2486890, ...}) = 0
00:20:45.921114,1025,gettimeofday({1741393245, 921331}, NULL) = 0
00:20:45.922170,1025,getuid32() = 10050
00:20:45.922785,1025,stat64("/system/framework/framework-res.apk", {st_mode=S_IFREG|0644, st_size=8749696, ...}) = 0
00:20:45.933918,1025,stat64("/data/app/com.hddevs.matajilwp-1.apk", {st_mode=S_IFREG|0644, st_size=2486890, ...}) = 0
00:20:45.941675,1025,getpid() = 1025
00:20:45.942246,1025,gettid() = 1025
00:20:45.942776,1025,clock_gettime(CLOCK_MONOTONIC, {121, 140064707}) = 0
00:20:45.954709,1025,ioctl(9, 0xc0186201, 0xbec601f0) = 0
00:20:45.955867,1025,ioctl(9, 0xc0186201, 0xbec601f0) = 0
00:20:45.956431,1025,clock_gettime(CLOCK_MONOTONIC, {121, 153728536}) = 0
00:20:45.957327,1025,getpid() = 1025
00:20:45.957902,1025,gettid() = 1025
00:20:45.958553,1025,clock_gettime(CLOCK_MONOTONIC, {121, 155868961}) = 0
00:20:45.959172,1025,ioctl(9, 0xc0186201, 0xbec601f0) = 0
00:20:45.960946,1025,ioctl(9, 0xc0186201, 0xbec601f0) = 0
00:20:45.961521,1025,clock_gettime(CLOCK_MONOTONIC, {121, 158803013}) = 0
00:20:45.964262,1025,getpid() = 1025
00:20:45.975224,1025,gettid() = 1025
00:20:45.975908,1025,clock_gettime(CLOCK_MONOTONIC, {121, 173220849}) = 0
00:20:45.976578,1025,ioctl(9, 0xc0186201, 0xbec601f0) = 0
00:20:45.977807,1025,clock_gettime(CLOCK_MONOTONIC, {121, 175089552}) = 0
00:20:45.979053,1025,getpid() = 1025
00:20:45.979737,1025,gettid() = 1025
00:20:45.984361,1025,clock_gettime(CLOCK_MONOTONIC, {121, 182055447}) = 0
00:20:45.985630,1025,ioctl(9, 0xc0186201, 0xbec601f0) = 0
00:20:45.987242,1025,ioctl(9, 0xc0186201, 0xbec601f0) = 0
00:20:45.987877,1025,clock_gettime(CLOCK_MONOTONIC, {121, 185166606}) = 0
00:20:45.992391,1025,pread(18, "PK\3\4\24\0\10\0\10\0\31\r\2208¿Ìm\4»\1\0\0 \3\0\0\34\0\0\0", 30, 13579900610936832) = 30
00:20:46.004254,1025,mmap2(NULL, 4302, PROT_READ, MAP_SHARED, 18, 0x303) = 0xb0f76000
00:20:46.006031,1025,munmap(0xb0f76000, 4302) = 0
00:20:46.031286,1025,pread(33, "PK\3\4\24\0\10\10\10\0\30ªÙ@$g¾~I\2\0\0\200\6\0\0\23\0\4\0", 30, 0) = 30
00:20:46.032179,1025,mmap2(NULL, 638, PROT_READ, MAP_SHARED, 33, 0) = 0xb0f77000
00:20:46.033692,1025,munmap(0xb0f77000, 638) = 0
00:20:46.038080,1025,pread(33, "PK\3\4\n\0\0\10\0\0È¡Ù@º\34Ú'M\201\1\0M\201\1\0\30\0\3\0", 30, 77837692305408) = 30
00:20:46.038952,1025,mmap2(NULL, 100433, PROT_READ, MAP_SHARED, 33, 0x4) = 0xacc03000
00:20:46.040714,1025,sigprocmask(SIG_BLOCK, [], [QUIT USR1 PIPE]) = 0
00:20:46.044203,1025,clock_gettime(CLOCK_MONOTONIC, {121, 241495015}) = 0
00:20:46.054488,1025,getpriority(PRIO_PROCESS, 0) = 20
00:20:46.055038,1025,madvise(0xb246d000, 3107101, MADV_NORMAL) = 0
00:20:46.170331,1025,madvise(0xb346d000, 786432, MADV_DONTNEED) = 0
00:20:46.171062,1025,madvise(0xb246d000, 16777216, MADV_DONTNEED) = 0
00:20:46.171714,1025,futex(0xb690458c, FUTEX_WAKE_PRIVATE, 2147483647) = 0
00:20:46.172242,1025,clock_gettime(CLOCK_MONOTONIC, {121, 369580125}) = 0
00:20:46.172984,1025,futex(0xb7c6c7d0, FUTEX_WAKE_PRIVATE, 1 <unfinished ...>
00:20:46.173258,1032,<... futex resumed> ) = 0
00:20:46.173590,1032,futex(0xb7c6c7c0, FUTEX_WAIT_PRIVATE, 2, NULL <unfinished ...>
00:20:46.173864,1025,<... futex resumed> ) = 1
00:20:46.174143,1025,futex(0xb7c6c7c0, FUTEX_WAKE_PRIVATE, 1 <unfinished ...>
00:20:46.174452,1032,<... futex resumed> ) = 0
00:20:46.174804,1032,futex(0xb7c6c7c0, FUTEX_WAKE_PRIVATE, 1) = 0
00:20:46.175298,1032,futex(0xb7b74628, FUTEX_WAIT_PRIVATE, 2, NULL <unfinished ...>
00:20:46.175626,1025,<... futex resumed> ) = 1
00:20:46.175908,1025,futex(0xb7b74628, FUTEX_WAKE_PRIVATE, 1 <unfinished ...>
00:20:46.176171,1032,<... futex resumed> ) = 0
00:20:46.176481,1032,futex(0xb7b74628, FUTEX_WAKE_PRIVATE, 1 <unfinished ...>
00:20:46.183442,1025,<... futex resumed> ) = 1
00:20:46.183779,1032,<... futex resumed> ) = 0
00:20:46.184109,1025,clock_gettime(CLOCK_MONOTONIC, <unfinished ...>
00:20:46.184482,1032,futex(0xb7c872a8, FUTEX_WAKE_PRIVATE, 1 <unfinished ...>
00:20:46.184747,1025,<... clock_gettime resumed> {121, 381768110}) = 0
00:20:46.185082,1032,<... futex resumed> ) = 1
00:20:46.185531,1025,writev(3, [{"\3", 1}, {"dalvikvm\0", 9}, {"GC_FOR_ALLOC freed 65K, 4% free "..., 71}], 3 <unfinished ...>
00:20:46.186299,1034,<... futex resumed> ) = 0
00:20:46.186688,1032,futex(0xb7c6c7d0, FUTEX_WAIT_PRIVATE, -2, NULL <unfinished ...>
00:20:46.187146,1034,clock_gettime(CLOCK_MONOTONIC, <unfinished ...>
00:20:46.187479,1025,<... writev resumed> ) = 81
00:20:46.187743,1034,<... clock_gettime resumed> {121, 384771676}) = 0
00:20:46.188350,1025,mprotect(0xb3e4e000, 1839104, PROT_READ|PROT_WRITE <unfinished ...>
00:20:46.188714,1034,futex(0xb7c8d600, FUTEX_WAKE_PRIVATE, 1 <unfinished ...>
00:20:46.189504,1025,<... mprotect resumed> ) = 0
00:20:46.189793,1034,<... futex resumed> ) = 1
00:20:46.190154,1025,mprotect(0xb400f000, 39706624, PROT_NONE <unfinished ...>
00:20:46.190521,1035,<... futex resumed> ) = 0
00:20:46.191015,1034,gettid( <unfinished ...>
00:20:46.191430,1025,<... mprotect resumed> ) = 0
00:20:46.191856,1035,clock_gettime(CLOCK_MONOTONIC, <unfinished ...>
00:20:46.192263,1034,<... gettid resumed> ) = 1034
00:20:46.193808,1035,<... clock_gettime resumed> {121, 390833344}) = 0
00:20:46.194252,1034,getpid( <unfinished ...>
00:20:46.200932,1035,clock_gettime(CLOCK_MONOTONIC, <unfinished ...>
00:20:46.201189,1034,<... getpid resumed> ) = 1025
00:20:46.204344,1025,futex(0xb7b6d9a8, FUTEX_WAKE_PRIVATE, 1 <unfinished ...>
00:20:46.213286,1035,<... clock_gettime resumed> {121, 401643738}) = 0
00:20:46.213648,1034,getuid32( <unfinished ...>
00:20:46.213826,1027,<... futex resumed> ) = 0
00:20:46.214003,1025,<... futex resumed> ) = 1
00:20:46.214297,1035,clock_gettime(CLOCK_MONOTONIC, <unfinished ...>
00:20:46.214646,1034,<... getuid32 resumed> ) = 10050
00:20:46.214972,1027,futex(0xb69045f4, FUTEX_WAIT_PRIVATE, 2, NULL <unfinished ...>
00:20:46.215308,1025,writev(3, [{"\4", 1}, {"dalvikvm-heap\0", 14}, {"Grow heap (frag case) to 9.913MB"..., 61}], 3 <unfinished ...>
00:20:46.216027,1035,<... clock_gettime resumed> {121, 413038640}) = 0
00:20:46.216621,1034,ioctl(9, 0xc0186201 <unfinished ...>
00:20:46.219520,1035,futex(0xb7c8d600, FUTEX_WAIT_PRIVATE, -2, {9, 982605098} <unfinished ...>
00:20:46.219945,1034,<... ioctl resumed> , 0xad351a58) = 0
00:20:46.220213,1025,<... writev resumed> ) = 76
00:20:46.221735,1034,clock_gettime(CLOCK_MONOTONIC, <unfinished ...>
00:20:46.222037,1025,futex(0xb69045f4, FUTEX_WAKE_PRIVATE, 1 <unfinished ...>
00:20:46.222292,1034,<... clock_gettime resumed> {121, 419322302}) = 0
00:20:46.222699,1025,<... futex resumed> ) = 1
00:20:46.224517,1034,clock_gettime(CLOCK_MONOTONIC, <unfinished ...>
00:20:46.224802,1027,<... futex resumed> ) = 0
00:20:46.227165,1034,<... clock_gettime resumed> {121, 424175604}) = 0
00:20:46.227612,1027,clock_gettime(CLOCK_MONOTONIC, <unfinished ...>
00:20:46.229269,1034,clock_gettime(CLOCK_MONOTONIC, <unfinished ...>
00:20:46.229612,1027,<... clock_gettime resumed> {121, 426613153}) = 0
00:20:46.232988,1034,<... clock_gettime resumed> {121, 430017477}) = 0
00:20:46.233401,1027,clock_gettime(CLOCK_MONOTONIC, <unfinished ...>
00:20:46.236831,1034,futex(0xb690458c, FUTEX_WAIT_PRIVATE, -436, NULL <unfinished ...>
00:20:46.237107,1027,<... clock_gettime resumed> {121, 434130395}) = 0
00:20:46.237526,1027,clock_gettime(CLOCK_MONOTONIC, {121, 434806891}) = 0
00:20:46.238055,1027,nanosleep({0, 10000000}, 0xaf606d88) = 0
00:20:46.249130,1027,madvise(0xb246d000, 3465042, MADV_NORMAL) = 0
00:20:46.264972,1027,futex(0xb69045f4, FUTEX_WAKE_PRIVATE, 1) = 0
00:20:46.265530,1027,futex(0xb690458c, FUTEX_WAKE_PRIVATE, 2147483647 <unfinished ...>
00:20:46.266342,1034,<... futex resumed> ) = 0
00:20:46.266750,1034,futex(0xb6904588, FUTEX_WAIT_PRIVATE, 2, NULL <unfinished ...>
00:20:46.267065,1027,<... futex resumed> ) = 1
00:20:46.267398,1027,futex(0xb6904588, FUTEX_WAKE_PRIVATE, 1 <unfinished ...>
00:20:46.267795,1034,<... futex resumed> ) = 0
00:20:46.268141,1034,futex(0xb6904588, FUTEX_WAKE_PRIVATE, 1) = 0
00:20:46.269113,1034,clock_gettime(CLOCK_MONOTONIC, {121, 466432053}) = 0
00:20:46.269881,1034,clock_gettime(CLOCK_MONOTONIC, {121, 467173799}) = 0
00:20:46.270515,1034,clock_gettime(CLOCK_MONOTONIC, {121, 467833556}) = 0
00:20:46.271152,1034,clock_gettime(CLOCK_MONOTONIC, {121, 468440911}) = 0
00:20:46.271794,1034,clock_gettime(CLOCK_MONOTONIC, {121, 469081077}) = 0
00:20:46.272420,1034,clock_gettime(CLOCK_MONOTONIC, {121, 469825585}) = 0
00:20:46.273127,1034,clock_gettime(CLOCK_MONOTONIC, {121, 470408183}) = 0
00:20:46.273728,1034,futex(0xb7c872a8, FUTEX_WAIT_PRIVATE, -2, NULL <unfinished ...>
00:20:46.274005,1027,<... futex resumed> ) = 1
00:20:46.274283,1027,clock_gettime(CLOCK_MONOTONIC, {121, 471626721}) = 0
00:20:46.309276,1027,clock_gettime(CLOCK_MONOTONIC, {121, 506653408}) = 0
00:20:46.313632,1027,futex(0xb690458c, FUTEX_WAKE_PRIVATE, 2147483647) = 0
00:20:46.314251,1027,clock_gettime(CLOCK_MONOTONIC, {121, 511600545}) = 0
00:20:46.315040,1027,madvise(0xb352d000, 786432, MADV_DONTNEED) = 0
00:20:46.315693,1027,madvise(0xb246d000, 16777216, MADV_DONTNEED) = 0
00:20:46.316252,1027,futex(0xb69045f8, FUTEX_WAKE_PRIVATE, 2147483647) = 0
00:20:46.324342,1025,futex(0xb69045f4, FUTEX_WAIT_PRIVATE, 2, NULL <unfinished ...>
00:20:46.324723,1027,clock_gettime(CLOCK_MONOTONIC, {121, 522061544}) = 0
00:20:46.325458,1027,writev(3, [{"\3", 1}, {"dalvikvm\0", 9}, {"GC_CONCURRENT freed 1K, 3% free "..., 75}], 3) = 85
00:20:46.326509,1027,futex(0xb69045f4, FUTEX_WAKE_PRIVATE, 1) = 1
00:20:46.327025,1025,<... futex resumed> ) = 0
00:20:46.327408,1027,clock_gettime(CLOCK_MONOTONIC, <unfinished ...>
00:20:46.327752,1025,futex(0xb69045f4, FUTEX_WAKE_PRIVATE, 1 <unfinished ...>
00:20:46.328010,1027,<... clock_gettime resumed> {121, 525035683}) = 0
00:20:46.328451,1025,<... futex resumed> ) = 0
00:20:46.328762,1027,clock_gettime(CLOCK_MONOTONIC, <unfinished ...>
00:20:46.330618,1025,munmap(0xacc03000, 100433 <unfinished ...>
00:20:46.330890,1027,<... clock_gettime resumed> {121, 527911973}) = 0
00:20:46.331274,1025,<... munmap resumed> ) = 0
00:20:46.331615,1027,futex(0xb7b6d9a8, FUTEX_WAIT_PRIVATE, -2, {4, 997123710} <unfinished ...>
00:20:46.334770,1025,pread(18, "PK\3\4\24\0\10\0\10\0\31\r\2208\202³Ï[l\1\0\0à\4\0\0\34\0\0\0", 30, 12723621571067904) = 30
00:20:46.344740,1025,mmap2(NULL, 1463, PROT_READ, MAP_SHARED, 18, 0x2d3) = 0xb0f77000
00:20:46.345767,1025,munmap(0xb0f77000, 1463) = 0
00:20:46.348749,1025,pread(18, "PK\3\4\n\0\0\0\0\0\31\r\2208Þ\t\25U¹\2\0\0¹\2\0\0*\0\3\0", 30, 1821482745331712) = 30
00:20:46.349594,1025,mmap2(NULL, 2981, PROT_READ, MAP_SHARED, 18, 0x67) = 0xb0f77000
00:20:46.350776,1025,sigprocmask(SIG_BLOCK, [], [QUIT USR1 PIPE]) = 0
00:20:46.351549,1025,sigprocmask(SIG_BLOCK, [], [QUIT USR1 PIPE]) = 0
00:20:46.352129,1025,sigprocmask(SIG_BLOCK, [], [QUIT USR1 PIPE]) = 0
00:20:46.364161,1025,sigprocmask(SIG_BLOCK, [], [QUIT USR1 PIPE]) = 0
00:20:46.365204,1025,brk(0xb7cb8000) = 0xb7cb8000
00:20:46.369873,1025,munmap(0xb0f77000, 2981) = 0
00:20:46.371050,1025,pread(18, "PK\3\4\n\0\0\0\0\0\31\r\2208ÈÂ\26w\235\2\0\0\235\2\0\0002\0\3\0", 30, 1824798460084224) = 30
00:20:46.372038,1025,mmap2(NULL, 3733, PROT_READ, MAP_SHARED, 18, 0x67) = 0xb0f77000
00:20:46.373536,1025,sigprocmask(SIG_BLOCK, [], [QUIT USR1 PIPE]) = 0
00:20:46.374251,1025,sigprocmask(SIG_BLOCK, [], [QUIT USR1 PIPE]) = 0
00:20:46.383510,1025,sigprocmask(SIG_BLOCK, [], [QUIT USR1 PIPE]) = 0
00:20:46.384226,1025,sigprocmask(SIG_BLOCK, [], [QUIT USR1 PIPE]) = 0
00:20:46.388294,1025,munmap(0xb0f77000, 3733) = 0
00:20:46.389550,1025,pread(18, "PK\3\4\n\0\0\0\0\0\31\r\2208SO\237\204Ì\2\0\0Ì\2\0\0+\0\2\0", 30, 1836875908120576) = 30
00:20:46.390318,1025,mmap2(NULL, 2488, PROT_READ, MAP_SHARED, 18, 0x68) = 0xb0f77000
00:20:46.391256,1025,sigprocmask(SIG_BLOCK, [], [QUIT USR1 PIPE]) = 0
00:20:46.392020,1025,sigprocmask(SIG_BLOCK, [], [QUIT USR1 PIPE]) = 0
00:20:46.392646,1025,sigprocmask(SIG_BLOCK, [], [QUIT USR1 PIPE]) = 0
00:20:46.393235,1025,sigprocmask(SIG_BLOCK, [], [QUIT USR1 PIPE]) = 0
00:20:46.427190,1025,munmap(0xb0f77000, 2488) = 0
00:20:46.444579,1025,pread(18, "PK\3\4\n\0\0\0\0\0\31\r\2208\16\21¬õ\17\2\0\0\17\2\0\0,\0\3\0", 30, 1847381398126592) = 30
00:20:46.454064,1025,mmap2(NULL, 651, PROT_READ, MAP_SHARED, 18, 0x69) = 0xb0f77000
00:20:46.456769,1025,sigprocmask(SIG_BLOCK, [], [QUIT USR1 PIPE]) = 0
00:20:46.457490,1025,sigprocmask(SIG_BLOCK, [], [QUIT USR1 PIPE]) = 0
00:20:46.458129,1025,sigprocmask(SIG_BLOCK, [], [QUIT USR1 PIPE]) = 0
00:20:46.460408,1025,sigprocmask(SIG_BLOCK, [], [QUIT USR1 PIPE]) = 0
00:20:46.463726,1025,munmap(0xb0f77000, 651) = 0
00:20:46.466741,1025,pread(18, "PK\3\4\n\0\0\0\0\0\31\r\22082½Î\22ä\2\0\0ä\2\0\0:\0\3\0", 30, 1828028275490816) = 30
00:20:46.469456,1025,mmap2(NULL, 4564, PROT_READ, MAP_SHARED, 18, 0x67) = 0xb0f76000
00:20:46.470372,1025,sigprocmask(SIG_BLOCK, [], [QUIT USR1 PIPE]) = 0
00:20:46.470960,1025,sigprocmask(SIG_BLOCK, [], [QUIT USR1 PIPE]) = 0
00:20:46.471580,1025,sigprocmask(SIG_BLOCK, [], [QUIT USR1 PIPE]) = 0
00:20:46.472168,1025,sigprocmask(SIG_BLOCK, [], [QUIT USR1 PIPE]) = 0
00:20:46.488265,1025,munmap(0xb0f76000, 4564) = 0
00:20:46.489454,1025,clock_gettime(CLOCK_MONOTONIC, {121, 686753047}) = 0
00:20:46.492767,1025,clock_gettime(CLOCK_MONOTONIC, {121, 690076715}) = 0
00:20:46.500301,1025,clock_gettime(CLOCK_MONOTONIC, {121, 700731830}) = 0
00:20:46.504295,1025,clock_gettime(CLOCK_MONOTONIC, {121, 703092401}) = 0
00:20:46.508553,1025,clock_gettime(CLOCK_MONOTONIC, {121, 707417970}) = 0
00:20:46.511070,1025,clock_gettime(CLOCK_MONOTONIC, {121, 708410341}) = 0
00:20:46.522081,1025,writev(5, [{"Fu\0\0", 4}, {"\2&\0\0\0com.hddevs.matajilwp.Wallpa"..., 44}], 2) = 48
00:20:46.526262,1025,mprotect(0xb16a7000, 8192, PROT_READ|PROT_WRITE) = 0
00:20:46.535135,1025,getpid() = 1025
00:20:46.539661,1025,gettid() = 1025
00:20:46.543991,1025,clock_gettime(CLOCK_MONOTONIC, {121, 741296161}) = 0
00:20:46.544675,1025,ioctl(9, 0xc0186201, 0xbec601f0) = 0
00:20:46.545472,1025,clock_gettime(CLOCK_MONOTONIC, {121, 742756037}) = 0
00:20:46.547210,1025,getpid() = 1025
00:20:46.547941,1025,gettid() = 1025
00:20:46.548798,1025,clock_gettime(CLOCK_MONOTONIC, {121, 746110213}) = 0
00:20:46.549414,1025,ioctl(9, 0xc0186201, 0xbec601f0) = 0
00:20:46.550170,1025,ioctl(9, 0xc0186201, 0xbec601f0) = 0
00:20:46.657788,1025,clock_gettime(CLOCK_MONOTONIC, {121, 855094621}) = 0
00:20:46.659152,1025,getpid() = 1025
00:20:46.659714,1025,gettid() = 1025
00:20:46.660285,1025,clock_gettime(CLOCK_MONOTONIC, {121, 857624387}) = 0
00:20:46.660923,1025,ioctl(9, 0xc0186201, 0xbec601f0) = 0
00:20:46.662109,1025,ioctl(9, 0xc0186201, 0xbec601f0) = 0
00:20:46.662944,1025,clock_gettime(CLOCK_MONOTONIC, {121, 860227134}) = 0
00:20:46.667472,1025,mprotect(0xb16a8000, 8192, PROT_READ|PROT_WRITE) = 0
00:20:46.668908,1025,ioctl(9, 0xc0186201, 0xbec60150) = 0
00:20:46.675321,1025,ioctl(9, 0xc0186201, 0xbec60158) = 0
00:20:46.676383,1025,dup(36) = 37
00:20:46.676888,1025,setsockopt(37, SOL_SOCKET, SO_SNDBUF, [4096], 4) = 0
00:20:46.677621,1025,setsockopt(37, SOL_SOCKET, SO_RCVBUF, [4096], 4) = 0
00:20:46.678137,1025,fcntl64(37, F_SETFL, O_RDONLY|O_NONBLOCK) = 0
00:20:46.678767,1025,close(36) = 0
00:20:46.679314,1025,epoll_ctl(0x1e, 0x1, 0x25, 0xbec602a8) = 0
00:20:46.680646,1025,getpid() = 1025
00:20:46.681223,1025,gettid() = 1025
00:20:46.681880,1025,clock_gettime(CLOCK_MONOTONIC, {121, 879285189}) = 0
00:20:46.682685,1025,ioctl(9, 0xc0186201, 0xbec601f0) = 0
00:20:46.683598,1025,clock_gettime(CLOCK_MONOTONIC, {121, 880881436}) = 0
00:20:46.686976,1025,getpid() = 1025
00:20:46.692960,1025,gettid() = 1025
00:20:46.695019,1025,clock_gettime(CLOCK_MONOTONIC, {121, 892550387}) = 0
00:20:46.696026,1025,ioctl(9, 0xc0186201, 0xbec601f0) = 0
00:20:46.700654,1025,clock_gettime(CLOCK_MONOTONIC, {121, 897957919}) = 0
00:20:46.702410,1025,clock_gettime(CLOCK_MONOTONIC, {121, 899767207}) = 0
00:20:46.703113,1025,clock_gettime(CLOCK_MONOTONIC, {121, 900395056}) = 0
00:20:46.703920,1025,recvfrom(37, 0xbec5f9a8, 24, 64, 0, 0) = -1 EAGAIN (Try again)
00:20:46.714125,1025,ioctl(9, 0xc0186201, 0xbec60178) = 0
00:20:46.715020,1025,clock_gettime(CLOCK_MONOTONIC, {121, 912398105}) = 0
00:20:46.717520,1025,getpid() = 1025
00:20:46.718008,1025,gettid() = 1025
00:20:46.718512,1025,clock_gettime(CLOCK_MONOTONIC, {121, 915793012}) = 0
00:20:46.719050,1025,ioctl(9, 0xc0186201, 0xbec601f0) = 0
00:20:46.721267,1025,ioctl(9, 0xc0186201, 0xbec601f0) = 0
00:20:46.759311,1025,clock_gettime(CLOCK_MONOTONIC, {121, 956673997}) = 0
00:20:46.760693,1025,dup(36) = 38
00:20:46.761278,1025,fcntl64(38, F_SETFL, O_RDONLY|O_NONBLOCK) = 0
00:20:46.761905,1025,close(36) = 0
00:20:46.762924,1025,epoll_ctl(0x1e, 0x1, 0x26, 0xbec60288) = 0
00:20:46.763896,1025,getpid() = 1025
00:20:46.764457,1025,getuid32() = 10050
00:20:46.774036,1025,epoll_wait(0x1e, 0xbec601f8, 0x10, 0) = 1
00:20:46.774555,1025,recvfrom(37, "nysv\0\0\0\0002ÐÉb\34\0\0\0000\4\0\0t\22ù·", 24, MSG_DONTWAIT, NULL, NULL) = 24
00:20:46.775403,1025,recvfrom(37, 0xbec5f828, 24, 64, 0, 0) = -1 EAGAIN (Try again)
00:20:46.775984,1025,clock_gettime(CLOCK_MONOTONIC, {121, 973268746}) = 0
00:20:46.776679,1025,clock_gettime(CLOCK_MONOTONIC, {121, 973999968}) = 0
00:20:46.777430,1025,clock_gettime(CLOCK_MONOTONIC, {121, 974758739}) = 0
00:20:46.778040,1025,clock_gettime(CLOCK_MONOTONIC, {121, 975320539}) = 0
00:20:46.778686,1025,recvfrom(38, 0xb7c868f8, 1240, 64, 0, 0) = -1 EAGAIN (Try again)
00:20:46.779215,1025,clock_gettime(CLOCK_MONOTONIC, {121, 976538724}) = 0
00:20:46.779806,1025,clock_gettime(CLOCK_MONOTONIC, {121, 977088474}) = 0
00:20:46.780738,1025,write(29, "W", 1) = 1
00:20:46.807123,1025,brk(0xb7cbc000) = 0xb7cbc000
00:20:46.816268,1025,getpid() = 1025
00:20:46.816945,1025,gettid() = 1025
00:20:46.817619,1025,clock_gettime(CLOCK_MONOTONIC, {122, 14952267}) = 0
00:20:46.818327,1025,ioctl(9, 0xc0186201, 0xbec601f0) = 0
00:20:46.835482,1025,ioctl(9, 0xc0186201 <unfinished ...>
00:20:46.853972,1039,<... ioctl resumed> , 0xacf43e28) = 0
00:20:46.859479,1039,write(24, "1039", 4) = 4
00:20:46.863397,1039,getpriority(PRIO_PROCESS, 1039) = 20
00:20:46.866808,1039,clock_gettime(CLOCK_MONOTONIC, {122, 64195902}) = 0
00:20:46.867699,1039,write(24, "1039", 4) = 4
00:20:46.868448,1039,ioctl(9, 0xc0186201, 0xacf43e28) = 0
00:20:46.869005,1039,write(24, "1039", 4) = 4
00:20:46.869648,1039,getpriority(PRIO_PROCESS, 1039) = 20
00:20:46.870708,1039,clock_gettime(CLOCK_MONOTONIC, {122, 69121426}) = 0
00:20:46.872509,1039,write(24, "1039", 4 <unfinished ...>
00:20:46.881062,1025,<... ioctl resumed> , 0xbec601f0) = 0
00:20:46.881685,1025,clock_gettime(CLOCK_MONOTONIC, {122, 78980591}) = 0
00:20:46.885979,1039,<... write resumed> ) = 4
00:20:46.886464,1039,ioctl(9, 0xc0186201 <unfinished ...>
00:20:46.887779,1025,ioctl(9, 0xc0186201, 0xbec60100) = 0
00:20:46.891041,1025,clock_gettime(CLOCK_MONOTONIC, {122, 88483193}) = 0
00:20:46.891829,1025,clock_gettime(CLOCK_MONOTONIC, {122, 89158123}) = 0
00:20:46.903072,1025,recvfrom(37, 0xbec5f9a8, 24, 64, 0, 0) = -1 EAGAIN (Try again)
00:20:46.903705,1025,ioctl(9, 0xc0186201, 0xbec60178) = 0
00:20:46.904991,1025,clock_gettime(CLOCK_MONOTONIC, {122, 102287923}) = 0
00:20:46.905697,1025,getpid() = 1025
00:20:46.906162,1025,getuid32() = 10050
00:20:46.906729,1025,epoll_wait(0x1e, 0xbec601f8, 0x10, 0) = 2
00:20:46.907206,1025,read(23, "W", 16) = 1
00:20:46.907890,1025,recvfrom(38, "\1\0\0\0\0\0\0\0\v\0\0\0\0\0\0\0@Ø}ý\33\0\0\0ÿÿÿÿ\1\1\0\0"..., 1240, MSG_DONTWAIT, NULL, NULL) = 64
00:20:46.911131,1025,mprotect(0xb16a9000, 8192, PROT_READ|PROT_WRITE) = 0
00:20:46.912679,1025,getpid() = 1025
00:20:46.933328,1025,gettid() = 1025
00:20:46.933883,1025,clock_gettime(CLOCK_MONOTONIC, {122, 131176404}) = 0
00:20:46.934475,1025,ioctl(9, 0xc0186201, 0xbec5fb60) = 0
00:20:46.935231,1025,clock_gettime(CLOCK_MONOTONIC, {122, 132531804}) = 0
00:20:46.937014,1025,mprotect(0xb16aa000, 8192, PROT_READ|PROT_WRITE) = 0
00:20:46.938140,1025,getpid() = 1025
00:20:46.938739,1025,gettid() = 1025
00:20:46.939203,1025,clock_gettime(CLOCK_MONOTONIC, {122, 136523696}) = 0
00:20:46.939807,1025,ioctl(9, 0xc0186201, 0xbec5fb60) = 0
00:20:46.942488,1025,ioctl(9, 0xc0186201, 0xbec5fb60) = 0
00:20:46.953296,1025,clock_gettime(CLOCK_MONOTONIC, {122, 150615288}) = 0
00:20:46.954153,1025,getpid() = 1025
00:20:46.954697,1025,gettid() = 1025
00:20:46.955210,1025,clock_gettime(CLOCK_MONOTONIC, {122, 152549567}) = 0
00:20:46.955846,1025,ioctl(9, 0xc0186201, 0xbec5fb60) = 0
00:20:46.957338,1025,ioctl(9, 0xc0186201, 0xbec5fb60) = 0
00:20:46.957881,1025,clock_gettime(CLOCK_MONOTONIC, {122, 155248933}) = 0
00:20:46.959019,1025,getpid() = 1025
00:20:46.959558,1025,gettid() = 1025
00:20:46.960042,1025,clock_gettime(CLOCK_MONOTONIC, {122, 157328007}) = 0
00:20:46.961051,1025,ioctl(9, 0xc0186201, 0xbec5fb60) = 0
00:20:46.963003,1025,ioctl(9, 0xc0186201, 0xbec5fb60) = 0
00:20:46.963572,1025,clock_gettime(CLOCK_MONOTONIC, {122, 170410503}) = 0
00:20:46.976829,1025,clock_gettime(CLOCK_MONOTONIC, {122, 174153210}) = 0
00:20:46.978673,1025,sendto(38, "\3\0\0\0\0\0\0\0\v\0\0\0\1úÅ¾", 16, MSG_DONTWAIT|MSG_NOSIGNAL, NULL, 0) = 16
00:20:46.980019,1025,recvfrom(38, "\1\0\0\0\0\0\0\0\f\0\0\0\0\0\0\0À\210Hk\34\0\0\0ÿÿÿÿ\1\1\0\0"..., 1240, MSG_DONTWAIT, NULL, NULL) = 64
00:20:46.983133,1025,clock_gettime(CLOCK_MONOTONIC, {122, 181333479}) = 0
00:20:47.006719,1025,writev(5, [{"QÃ\0\0", 4}, {"\0", 1}, {"\0\0\0\0", 4}], 3) = 9
00:20:47.021493,1025,pread(18, "PK\3\4\24\0\10\0\10\0\31\r\2208j\7ò5/\1\0\0,\2\0\0$\0\0\0", 30, 13072583368900608) = 30
00:20:47.024361,1025,mmap2(NULL, 739, PROT_READ, MAP_SHARED, 18, 0x2e7) = 0xb0f77000
00:20:47.025583,1025,munmap(0xb0f77000, 739) = 0
00:20:47.026721,1025,mprotect(0xb16ab000, 8192, PROT_READ|PROT_WRITE) = 0
00:20:47.031286,1025,brk(0xb7cc0000) = 0xb7cc0000
00:20:47.066641,1025,clock_gettime(CLOCK_MONOTONIC, {122, 263965176}) = 0
00:20:47.067678,1025,pread(18, "PK\3\4\n\0\0\0\0\0\31\r\2208\212\22F\30\204\0\0\0\204\0\0\0/\0\1\0", 30, 3187698957287424) = 30
00:20:47.068542,1025,mmap2(NULL, 1028, PROT_READ, MAP_SHARED, 18, 0xb5) = 0xb0f77000
00:20:47.069442,1025,sigprocmask(SIG_BLOCK, [], [QUIT USR1 PIPE]) = 0
00:20:47.070192,1025,sigprocmask(SIG_BLOCK, [], [QUIT USR1 PIPE]) = 0
00:20:47.071134,1025,sigprocmask(SIG_BLOCK, [], [QUIT USR1 PIPE]) = 0
00:20:47.072230,1025,sigprocmask(SIG_BLOCK, [], [QUIT USR1 PIPE]) = 0
00:20:47.083276,1025,munmap(0xb0f77000, 1028) = 0
00:20:47.093303,1025,pread(18, "PK\3\4\n\0\0\0\0\0\31\r\2208\212\22F\30\204\0\0\0\204\0\0\0-\0\3\0", 30, 3196512230178816) = 30
00:20:47.094135,1025,mmap2(NULL, 3080, PROT_READ, MAP_SHARED, 18, 0xb5) = 0xb0f77000
00:20:47.095042,1025,sigprocmask(SIG_BLOCK, [], [QUIT USR1 PIPE]) = 0
00:20:47.095768,1025,sigprocmask(SIG_BLOCK, [], [QUIT USR1 PIPE]) = 0
00:20:47.096543,1025,sigprocmask(SIG_BLOCK, [], [QUIT USR1 PIPE]) = 0
00:20:47.097458,1025,sigprocmask(SIG_BLOCK, [], [QUIT USR1 PIPE]) = 0
00:20:47.099807,1025,munmap(0xb0f77000, 3080) = 0
00:20:47.106559,1025,getpid() = 1025
00:20:47.115839,1025,gettid() = 1025
00:20:47.116574,1025,clock_gettime(CLOCK_MONOTONIC, {122, 314256609}) = 0
00:20:47.117588,1025,ioctl(9, 0xc0186201, 0xbec5fb60) = 0
00:20:47.122811,1025,ioctl(9, 0xc0186201, 0xbec5fb60) = 0
00:20:47.123719,1025,clock_gettime(CLOCK_MONOTONIC, {122, 321046178}) = 0
00:20:47.136916,1025,getpid() = 1025
00:20:47.137487,1025,gettid() = 1025
00:20:47.138013,1025,clock_gettime(CLOCK_MONOTONIC, {122, 335302141}) = 0
00:20:47.138627,1025,ioctl(9, 0xc0186201, 0xbec5fb60) = 0
00:20:47.140628,1025,clock_gettime(CLOCK_MONOTONIC, {122, 337913681}) = 0
00:20:47.143074,1025,getpid() = 1025
00:20:47.143619,1025,gettid() = 1025
00:20:47.155665,1025,clock_gettime(CLOCK_MONOTONIC, {122, 352994297}) = 0
00:20:47.156355,1025,ioctl(9, 0xc0186201, 0xbec5fb60) = 0
00:20:47.157133,1025,clock_gettime(CLOCK_MONOTONIC, {122, 354478792}) = 0
00:20:47.158717,1025,getpid() = 1025
00:20:47.159222,1025,gettid() = 1025
00:20:47.160022,1025,clock_gettime(CLOCK_MONOTONIC, {122, 357307263}) = 0
00:20:47.160696,1025,ioctl(9, 0xc0186201, 0xbec5fb60) = 0
00:20:47.161862,1025,clock_gettime(CLOCK_MONOTONIC, {122, 359498366}) = 0
00:20:47.163097,1025,sendto(38, "\3\0\0\0xÎ¶·\f\0\0\0\1­ÿ³", 16, MSG_DONTWAIT|MSG_NOSIGNAL, NULL, 0) = 16
00:20:47.164499,1025,recvfrom(38, "\2\0\0\0\34\0\0\0\r\0\0\0\0\0\0\0\200]\235r\34\0\0\0\0\0\0\0\2\20\0\0"..., 1240, MSG_DONTWAIT, NULL, NULL) = 160
00:20:47.168515,1025,sendto(38, "\3\0\0\0xÎ¶·\r\0\0\0\1­ÿ³", 16, MSG_DONTWAIT|MSG_NOSIGNAL, NULL, 0) = 16
00:20:47.170559,1025,recvfrom(38, "\2\0\0\0\34\0\0\0\16\0\0\0\0\0\0\0\0ëør\34\0\0\0\0\0\0\0\2\20\0\0"..., 1240, MSG_DONTWAIT, NULL, NULL) = 160
00:20:47.173420,1025,clock_gettime(CLOCK_MONOTONIC, {122, 370885205}) = 0
00:20:47.174670,1025,clock_gettime(CLOCK_MONOTONIC, {122, 372715022}) = 0
00:20:47.184392,1025,sendto(38, "\3\0\0\0xÎ¶·\16\0\0\0\1­ÿ³", 16, MSG_DONTWAIT|MSG_NOSIGNAL, NULL, 0) = 16
00:20:47.185298,1025,recvfrom(38, "\2\0\0\0\34\0\0\0\17\0\0\0\0\0\0\0@cvt\34\0\0\0\0\0\0\0\4\0\1\0"..., 1240, MSG_DONTWAIT, NULL, NULL) = 160
00:20:47.186114,1025,recvfrom(38, "\2\0\0\0\34\0\0\0\20\0\0\0\0\0\0\0À\v\211u\34\0\0\0\0\0\0\0\4\0\1\0"..., 1240, MSG_DONTWAIT, NULL, NULL) = 160
00:20:47.186941,1025,recvfrom(38, "\2\0\0\0\34\0\0\0\21\0\0\0\0\0\0\0@\220§u\34\0\0\0\0\0\0\0\4\0\1\0"..., 1240, MSG_DONTWAIT, NULL, NULL) = 160
00:20:47.187679,1025,recvfrom(38, "\2\0\0\0\34\0\0\0\22\0\0\0\0\0\0\0\0WÕu\34\0\0\0\0\0\0\0\4\0\1\0"..., 1240, MSG_DONTWAIT, NULL, NULL) = 160
00:20:47.188407,1025,recvfrom(38, "\2\0\0\0\34\0\0\0\23\0\0\0\0\0\0\0\200Ûóu\34\0\0\0\0\0\0\0\4\0\1\0"..., 1240, MSG_DONTWAIT, NULL, NULL) = 160
00:20:47.189403,1025,recvfrom(38, "\2\0\0\0\34\0\0\0\24\0\0\0\0\0\0\0\0`\22v\34\0\0\0\0\0\0\0\4\0\1\0"..., 1240, MSG_DONTWAIT, NULL, NULL) = 160
00:20:47.190109,1025,recvfrom(38, "\2\0\0\0\34\0\0\0\25\0\0\0\0\0\0\0ÀA÷v\34\0\0\0\0\0\0\0\4\0\1\0"..., 1240, MSG_DONTWAIT, NULL, NULL) = 160
00:20:47.190890,1025,recvfrom(38, "\2\0\0\0\34\0\0\0\26\0\0\0\0\0\0\0\200\10%w\34\0\0\0\0\0\0\0\4\0\1\0"..., 1240, MSG_DONTWAIT, NULL, NULL) = 160
00:20:47.191691,1025,recvfrom(38, "\2\0\0\0\34\0\0\0\27\0\0\0\0\0\0\0\0\215Cw\34\0\0\0\0\0\0\0\4\0\1\0"..., 1240, MSG_DONTWAIT, NULL, NULL) = 160
00:20:47.192491,1025,brk(0xb7cc4000) = 0xb7cc4000
00:20:47.193703,1025,recvfrom(38, "\2\0\0\0\34\0\0\0\30\0\0\0\0\0\0\0\0¨úw\34\0\0\0\0\0\0\0\4\0\1\0"..., 1240, MSG_DONTWAIT, NULL, NULL) = 160
00:20:47.194441,1025,recvfrom(38, 0xb7c868f8, 1240, 64, 0, 0) = -1 EAGAIN (Try again)
00:20:47.195049,1025,clock_gettime(CLOCK_MONOTONIC, {122, 392331794}) = 0
00:20:47.217087,1025,getpid() = 1025
00:20:47.217878,1025,getuid32() = 10050
00:20:47.218446,1025,epoll_wait(0x1e, 0xbec601f8, 0x10, 0) = 1
00:20:47.218941,1025,recvfrom(37, "nysv\0\0\0\0\34ê\0n\34\0\0\0;\4\0\0t\22ù·", 24, MSG_DONTWAIT, NULL, NULL) = 24
00:20:47.219755,1025,recvfrom(37, 0xbec5f828, 24, 64, 0, 0) = -1 EAGAIN (Try again)
00:20:47.220323,1025,clock_gettime(CLOCK_MONOTONIC, {122, 417712622}) = 0
00:20:47.221159,1025,clock_gettime(CLOCK_MONOTONIC, {122, 418508029}) = 0
00:20:47.222053,1025,clock_gettime(CLOCK_MONOTONIC, {122, 419364942}) = 0
00:20:47.222982,1025,clock_gettime(CLOCK_MONOTONIC, {122, 420297557}) = 0
00:20:47.223758,1025,clock_gettime(CLOCK_MONOTONIC, {122, 421077532}) = 0
00:20:47.234129,1025,clock_gettime(CLOCK_MONOTONIC, {122, 431517345}) = 0
00:20:47.236089,1025,getpid() = 1025
00:20:47.236696,1025,gettid() = 1025
00:20:47.237340,1025,clock_gettime(CLOCK_MONOTONIC, {122, 434620961}) = 0
00:20:47.237877,1025,ioctl(9, 0xc0186201, 0xbec601f0) = 0
00:20:47.241620,1025,ioctl(9, 0xc0186201 <unfinished ...>
00:20:47.243669,1040,<... ioctl resumed> , 0xace3be28) = 0
00:20:47.253661,1040,write(24, "1040", 4 <unfinished ...>
00:20:47.254598,1038,<... ioctl resumed> , 0xad04be28) = 0
00:20:47.254800,1025,<... ioctl resumed> , 0xbec601f0) = 0
00:20:47.255094,1040,<... write resumed> ) = 4
00:20:47.255473,1038,write(24, "1038", 4 <unfinished ...>
00:20:47.255907,1025,clock_gettime(CLOCK_MONOTONIC, <unfinished ...>
00:20:47.256255,1040,getpriority(PRIO_PROCESS, 1040 <unfinished ...>
00:20:47.256638,1038,<... write resumed> ) = 4
00:20:47.256944,1025,<... clock_gettime resumed> {122, 453963586}) = 0
00:20:47.257325,1040,<... getpriority resumed> ) = 20
00:20:47.257625,1038,getpriority(PRIO_PROCESS, 1038 <unfinished ...>
00:20:47.258580,1025,getpid( <unfinished ...>
00:20:47.259113,1040,clock_gettime(CLOCK_MONOTONIC, <unfinished ...>
00:20:47.259434,1038,<... getpriority resumed> ) = 20
00:20:47.259720,1025,<... getpid resumed> ) = 1025
00:20:47.259994,1040,<... clock_gettime resumed> {122, 457023647}) = 0
00:20:47.260816,1038,clock_gettime(CLOCK_MONOTONIC, <unfinished ...>
00:20:47.261121,1025,getuid32( <unfinished ...>
00:20:47.261540,1040,write(24, "1040", 4 <unfinished ...>
00:20:47.261862,1038,<... clock_gettime resumed> {122, 458887313}) = 0
00:20:47.262203,1025,<... getuid32 resumed> ) = 10050
00:20:47.262498,1040,<... write resumed> ) = 4
00:20:47.262976,1038,write(24, "1038", 4 <unfinished ...>
00:20:47.263392,1025,epoll_wait(0x1e, 0xbec601f8, 0x10, 0 <unfinished ...>
00:20:47.273357,1040,ioctl(9, 0xc0186201 <unfinished ...>
00:20:47.273589,1038,<... write resumed> ) = 4
00:20:47.273813,1025,<... epoll_wait resumed> ) = 0
00:20:47.274094,1040,<... ioctl resumed> , 0xace3be28) = 0
00:20:47.274464,1038,ioctl(9, 0xc0186201 <unfinished ...>
00:20:47.274778,1025,clock_gettime(CLOCK_MONOTONIC, <unfinished ...>
00:20:47.275053,1040,write(24, "1040", 4 <unfinished ...>
00:20:47.275455,1025,<... clock_gettime resumed> {122, 472478284}) = 0
00:20:47.275897,1040,<... write resumed> ) = 4
00:20:47.276320,1025,clock_gettime(CLOCK_MONOTONIC, <unfinished ...>
00:20:47.276728,1040,getpriority(PRIO_PROCESS, 1040 <unfinished ...>
00:20:47.276992,1025,<... clock_gettime resumed> {122, 474014130}) = 0
00:20:47.277374,1040,<... getpriority resumed> ) = 20
00:20:47.278565,1025,writev(3, [{"\4", 1}, {"Choreographer\0", 14}, {"Skipped 96 frames! The applicat"..., 83}], 3 <unfinished ...>
00:20:47.280103,1040,clock_gettime(CLOCK_MONOTONIC, {122, 478017655}) = 0
00:20:47.281302,1025,<... writev resumed> ) = 98
00:20:47.282046,1040,write(24, "1040", 4 <unfinished ...>
00:20:47.282534,1025,clock_gettime(CLOCK_MONOTONIC, <unfinished ...>
00:20:47.282818,1040,<... write resumed> ) = 4
00:20:47.283076,1025,<... clock_gettime resumed> {122, 480101180}) = 0
00:20:47.283485,1040,ioctl(9, 0xc0186201 <unfinished ...>
00:20:47.283820,1025,recvfrom(38, 0xb7c868f8, 1240, 64, 0, 0) = -1 EAGAIN (Try again)
00:20:47.296796,1025,clock_gettime(CLOCK_MONOTONIC, {122, 494107261}) = 0
00:20:47.297848,1025,clock_gettime(CLOCK_MONOTONIC, {122, 495141031}) = 0
00:20:47.298574,1025,clock_gettime(CLOCK_MONOTONIC, {122, 495864778}) = 0
00:20:47.299198,1025,clock_gettime(CLOCK_MONOTONIC, {122, 496524999}) = 0
00:20:47.300027,1025,sendto(38, "\3\0\0\0ßi\213¶\17\0\0\0\1àä³", 16, MSG_DONTWAIT|MSG_NOSIGNAL, NULL, 0) = 16
00:20:47.301674,1025,sendto(38, "\3\0\0\0ßi\213¶\20\0\0\0\1àä³", 16, MSG_DONTWAIT|MSG_NOSIGNAL, NULL, 0) = 16
00:20:47.302557,1025,sendto(38, "\3\0\0\0ßi\213¶\21\0\0\0\1àä³", 16, MSG_DONTWAIT|MSG_NOSIGNAL, NULL, 0) = 16
00:20:47.303582,1025,sendto(38, "\3\0\0\0ßi\213¶\22\0\0\0\1àä³", 16, MSG_DONTWAIT|MSG_NOSIGNAL, NULL, 0) = 16
00:20:47.338883,1025,sendto(38, "\3\0\0\0ßi\213¶\23\0\0\0\1àä³", 16, MSG_DONTWAIT|MSG_NOSIGNAL, NULL, 0) = 16
00:20:47.339931,1025,sendto(38, "\3\0\0\0ßi\213¶\24\0\0\0\1àä³", 16, MSG_DONTWAIT|MSG_NOSIGNAL, NULL, 0) = 16
00:20:47.342096,1025,sendto(38, "\3\0\0\0ßi\213¶\25\0\0\0\1àä³", 16, MSG_DONTWAIT|MSG_NOSIGNAL, NULL, 0) = 16
00:20:47.343065,1025,sendto(38, "\3\0\0\0ßi\213¶\26\0\0\0\1àä³", 16, MSG_DONTWAIT|MSG_NOSIGNAL, NULL, 0) = 16
00:20:47.343982,1025,sendto(38, "\3\0\0\0ßi\213¶\27\0\0\0\1àä³", 16, MSG_DONTWAIT|MSG_NOSIGNAL, NULL, 0) = 16
00:20:47.353706,1025,sendto(38, "\3\0\0\0½n\214¶\30\0\0\0\1B\220¶", 16, MSG_DONTWAIT|MSG_NOSIGNAL, NULL, 0) = 16
00:20:47.360062,1025,clock_gettime(CLOCK_MONOTONIC, {122, 557431709}) = 0
00:20:47.361009,1025,recvfrom(38, "\1\0\0\0\0\0\0\0\31\0\0\0\0\0\0\0Àn(x\34\0\0\0ÿÿÿÿ\1\1\0\0"..., 1240, MSG_DONTWAIT, NULL, NULL) = 64
00:20:47.362127,1025,recvfrom(38, 0xb7c868f8, 1240, 64, 0, 0) = -1 EAGAIN (Try again)
00:20:47.362742,1025,clock_gettime(CLOCK_MONOTONIC, {122, 560030496}) = 0
00:20:47.375258,1025,clock_gettime(CLOCK_MONOTONIC, {122, 572574498}) = 0
00:20:47.375938,1025,write(29, "W", 1) = 1
00:20:47.378351,1025,clock_gettime(CLOCK_MONOTONIC, {122, 575641600}) = 0
00:20:47.379087,1025,ioctl(9, 0xc0186201, 0xbec5ff18) = 0
00:20:47.379989,1025,ioctl(9, 0xc0186201, 0xbec5ff18) = 0
00:20:47.380674,1025,ioctl(9, 0xc0186201, 0xbec5ff10) = 0
00:20:47.381708,1025,ioctl(9, 0xc0186201, 0xbec5ff10) = 0
00:20:47.382687,1025,ioctl(9, 0xc0186201, 0xbec5ff18) = 0
00:20:47.383874,1025,ioctl(9, 0xc0186201, 0xbec5ff18) = 0
00:20:47.395113,1025,access("/vendor/lib/hw/gralloc.goldfish.so", R_OK) = -1 ENOENT (No such file or directory)
00:20:47.396090,1025,access("/system/lib/hw/gralloc.goldfish.so", R_OK) = 0
00:20:47.397328,1025,stat64("/system/lib/hw/gralloc.goldfish.so", {st_mode=S_IFREG|0644, st_size=13700, ...}) = 0
00:20:47.398771,1025,open("/system/lib/hw/gralloc.goldfish.so", O_RDONLY) = 39
00:20:47.399675,1025,lseek(39, 0, SEEK_SET) = 0
00:20:47.400148,1025,read(39, "\177ELF\1\1\1\0\0\0\0\0\0\0\0\0\3\0(\0\1\0\0\0\0\0\0\0004\0\0\0"..., 4096) = 4096
00:20:47.401038,1025,lseek(39, -8, SEEK_END) = 13692
00:20:47.401908,1025,read(39, "\1\0\0\0\0\0\0\0", 8) = 8
00:20:47.402619,1025,mmap2(NULL, 20480, PROT_NONE, MAP_PRIVATE|MAP_ANONYMOUS, -1, 0) = 0xb0f73000
00:20:47.403142,1025,madvise(0xb0f73000, 20480, 0xc /* MADV_??? */) = -1 EINVAL (Invalid argument)
00:20:47.403667,1025,mmap2(0xb0f73000, 9485, PROT_READ|PROT_EXEC, MAP_PRIVATE|MAP_FIXED, 39, 0) = 0xb0f73000
00:20:47.404380,1025,madvise(0xb0f73000, 9485, 0xc /* MADV_??? */) = -1 EINVAL (Invalid argument)
00:20:47.417164,1025,mprotect(0xb0f73000, 12288, PROT_READ|PROT_WRITE|PROT_EXEC) = 0
00:20:47.417715,1025,mmap2(0xb0f76000, 4276, PROT_READ|PROT_WRITE, MAP_PRIVATE|MAP_FIXED, 39, 0x2) = 0xb0f76000
00:20:47.418288,1025,madvise(0xb0f76000, 4276, 0xc /* MADV_??? */) = -1 EINVAL (Invalid argument)
00:20:47.418859,1025,close(39) = 0
00:20:47.419935,1025,stat64("/vendor/lib/libOpenglSystemCommon.so", 0xbec5cc38) = -1 ENOENT (No such file or directory)
00:20:47.420907,1025,stat64("/system/lib/libOpenglSystemCommon.so", {st_mode=S_IFREG|0644, st_size=9436, ...}) = 0
00:20:47.422141,1025,open("/system/lib/libOpenglSystemCommon.so", O_RDONLY) = 39
00:20:47.422882,1025,lseek(39, 0, SEEK_SET) = 0
00:20:47.423386,1025,read(39, "\177ELF\1\1\1\0\0\0\0\0\0\0\0\0\3\0(\0\1\0\0\0\0\0\0\0004\0\0\0"..., 4096) = 4096
00:20:47.437160,1025,lseek(39, -8, SEEK_END) = 9428
00:20:47.437807,1025,read(39, "\1\0\0\0\0\0\0\0", 8) = 8
00:20:47.438417,1025,mmap2(NULL, 16384, PROT_NONE, MAP_PRIVATE|MAP_ANONYMOUS, -1, 0) = 0xacd2a000
00:20:47.439169,1025,madvise(0xacd2a000, 16384, 0xc /* MADV_??? */) = -1 EINVAL (Invalid argument)
00:20:47.439845,1025,mmap2(0xacd2a000, 5923, PROT_READ|PROT_EXEC, MAP_PRIVATE|MAP_FIXED, 39, 0) = 0xacd2a000
00:20:47.440578,1025,madvise(0xacd2a000, 5923, 0xc /* MADV_??? */) = -1 EINVAL (Invalid argument)
00:20:47.441315,1025,mprotect(0xacd2a000, 8192, PROT_READ|PROT_WRITE|PROT_EXEC) = 0
00:20:47.442079,1025,mmap2(0xacd2c000, 4096, PROT_READ|PROT_WRITE, MAP_PRIVATE|MAP_FIXED, 39, 0x1) = 0xacd2c000
00:20:47.442671,1025,madvise(0xacd2c000, 4096, 0xc /* MADV_??? */) = -1 EINVAL (Invalid argument)
00:20:47.443161,1025,mmap2(0xacd2d000, 32, PROT_READ|PROT_WRITE, MAP_PRIVATE|MAP_FIXED|MAP_ANONYMOUS, -1, 0) = 0xacd2d000
00:20:47.443728,1025,madvise(0xacd2d000, 32, 0xc /* MADV_??? */) = -1 EINVAL (Invalid argument)
00:20:47.444300,1025,close(39) = 0
00:20:47.457509,1025,stat64("/vendor/lib/lib_renderControl_enc.so", 0xbec5cba0) = -1 ENOENT (No such file or directory)
00:20:47.458358,1025,stat64("/system/lib/lib_renderControl_enc.so", {st_mode=S_IFREG|0644, st_size=13532, ...}) = 0
00:20:47.459926,1025,open("/system/lib/lib_renderControl_enc.so", O_RDONLY) = 39
00:20:47.461088,1025,lseek(39, 0, SEEK_SET) = 0
00:20:47.461680,1025,read(39, "\177ELF\1\1\1\0\0\0\0\0\0\0\0\0\3\0(\0\1\0\0\0\0\0\0\0004\0\0\0"..., 4096) = 4096
00:20:47.462470,1025,lseek(39, -8, SEEK_END) = 13524
00:20:47.462941,1025,read(39, "\1\0\0\0\0\0\0\0", 8) = 8
00:20:47.473819,1025,mmap2(NULL, 20480, PROT_NONE, MAP_PRIVATE|MAP_ANONYMOUS, -1, 0) = 0xacd25000
00:20:47.474555,1025,madvise(0xacd25000, 20480, 0xc /* MADV_??? */) = -1 EINVAL (Invalid argument)
00:20:47.475083,1025,mmap2(0xacd25000, 11197, PROT_READ|PROT_EXEC, MAP_PRIVATE|MAP_FIXED, 39, 0) = 0xacd25000
00:20:47.475730,1025,madvise(0xacd25000, 11197, 0xc /* MADV_??? */) = -1 EINVAL (Invalid argument)
00:20:47.476508,1025,mprotect(0xacd25000, 12288, PROT_READ|PROT_WRITE|PROT_EXEC) = 0
00:20:47.477021,1025,mmap2(0xacd28000, 4096, PROT_READ|PROT_WRITE, MAP_PRIVATE|MAP_FIXED, 39, 0x2) = 0xacd28000
00:20:47.477636,1025,madvise(0xacd28000, 4096, 0xc /* MADV_??? */) = -1 EINVAL (Invalid argument)
00:20:47.478270,1025,mmap2(0xacd29000, 32, PROT_READ|PROT_WRITE, MAP_PRIVATE|MAP_FIXED|MAP_ANONYMOUS, -1, 0) = 0xacd29000
00:20:47.478824,1025,madvise(0xacd29000, 32, 0xc /* MADV_??? */) = -1 EINVAL (Invalid argument)
00:20:47.479392,1025,close(39) = 0
00:20:47.480834,1025,mprotect(0xacd25000, 12288, PROT_READ|PROT_EXEC) = 0
00:20:47.481389,1025,mprotect(0xacd28000, 4096, PROT_READ) = 0
00:20:47.481968,1025,stat64("/vendor/lib/libGLESv2_enc.so", 0xbec5cba0) = -1 ENOENT (No such file or directory)
00:20:47.482725,1025,stat64("/system/lib/libGLESv2_enc.so", {st_mode=S_IFREG|0644, st_size=95444, ...}) = 0
00:20:47.483943,1025,open("/system/lib/libGLESv2_enc.so", O_RDONLY) = 39
00:20:47.494832,1025,lseek(39, 0, SEEK_SET) = 0
00:20:47.495370,1025,read(39, "\177ELF\1\1\1\0\0\0\0\0\0\0\0\0\3\0(\0\1\0\0\0\0\0\0\0004\0\0\0"..., 4096) = 4096
00:20:47.496090,1025,lseek(39, -8, SEEK_END) = 95436
00:20:47.496689,1025,read(39, "\1\0\0\0\0\0\0\0", 8) = 8
00:20:47.497296,1025,mmap2(NULL, 102400, PROT_NONE, MAP_PRIVATE|MAP_ANONYMOUS, -1, 0) = 0xacc03000
00:20:47.497890,1025,madvise(0xacc03000, 102400, 0xc /* MADV_??? */) = -1 EINVAL (Invalid argument)
00:20:47.498434,1025,mmap2(0xacc03000, 89824, PROT_READ|PROT_EXEC, MAP_PRIVATE|MAP_FIXED, 39, 0) = 0xacc03000
00:20:47.499006,1025,madvise(0xacc03000, 89824, 0xc /* MADV_??? */) = -1 EINVAL (Invalid argument)
00:20:47.499549,1025,mprotect(0xacc03000, 90112, PROT_READ|PROT_WRITE|PROT_EXEC) = 0
00:20:47.500063,1025,mmap2(0xacc1a000, 4096, PROT_READ|PROT_WRITE, MAP_PRIVATE|MAP_FIXED, 39, 0x16) = 0xacc1a000
00:20:47.500707,1025,madvise(0xacc1a000, 4096, 0xc /* MADV_??? */) = -1 EINVAL (Invalid argument)
00:20:47.501239,1025,mmap2(0xacc1b000, 32, PROT_READ|PROT_WRITE, MAP_PRIVATE|MAP_FIXED|MAP_ANONYMOUS, -1, 0) = 0xacc1b000
00:20:47.501770,1025,madvise(0xacc1b000, 32, 0xc /* MADV_??? */) = -1 EINVAL (Invalid argument)
00:20:47.502315,1025,close(39) = 0
00:20:47.514346,1025,mprotect(0xacc03000, 90112, PROT_READ|PROT_EXEC) = 0
00:20:47.514894,1025,mprotect(0xacc1a000, 4096, PROT_READ) = 0
00:20:47.515542,1025,stat64("/vendor/lib/libGLESv1_enc.so", 0xbec5cba0) = -1 ENOENT (No such file or directory)
00:20:47.516513,1025,stat64("/system/lib/libGLESv1_enc.so", {st_mode=S_IFREG|0644, st_size=115924, ...}) = 0
00:20:47.517784,1025,open("/system/lib/libGLESv1_enc.so", O_RDONLY) = 39
00:20:47.518619,1025,lseek(39, 0, SEEK_SET) = 0
00:20:47.519083,1025,read(39, "\177ELF\1\1\1\0\0\0\0\0\0\0\0\0\3\0(\0\1\0\0\0\0\0\0\0004\0\0\0"..., 4096) = 4096
00:20:47.519861,1025,lseek(39, -8, SEEK_END) = 115916
00:20:47.520399,1025,read(39, "\1\0\0\0\0\0\0\0", 8) = 8
00:20:47.521398,1025,mmap2(NULL, 122880, PROT_NONE, MAP_PRIVATE|MAP_ANONYMOUS, -1, 0) = 0xacbe5000
00:20:47.521957,1025,madvise(0xacbe5000, 122880, 0xc /* MADV_??? */) = -1 EINVAL (Invalid argument)
00:20:47.522481,1025,mmap2(0xacbe5000, 108725, PROT_READ|PROT_EXEC, MAP_PRIVATE|MAP_FIXED, 39, 0) = 0xacbe5000
00:20:47.523040,1025,madvise(0xacbe5000, 108725, 0xc /* MADV_??? */) = -1 EINVAL (Invalid argument)
00:20:47.523573,1025,mprotect(0xacbe5000, 110592, PROT_READ|PROT_WRITE|PROT_EXEC) = 0
00:20:47.534357,1025,mmap2(0xacc00000, 8192, PROT_READ|PROT_WRITE, MAP_PRIVATE|MAP_FIXED, 39, 0x1a) = 0xacc00000
00:20:47.534992,1025,madvise(0xacc00000, 8192, 0xc /* MADV_??? */) = -1 EINVAL (Invalid argument)
00:20:47.535520,1025,mmap2(0xacc02000, 32, PROT_READ|PROT_WRITE, MAP_PRIVATE|MAP_FIXED|MAP_ANONYMOUS, -1, 0) = 0xacc02000
00:20:47.536097,1025,madvise(0xacc02000, 32, 0xc /* MADV_??? */) = -1 EINVAL (Invalid argument)
00:20:47.536663,1025,close(39) = 0
00:20:47.539234,1025,mprotect(0xacbe5000, 110592, PROT_READ|PROT_EXEC) = 0
00:20:47.539865,1025,mprotect(0xacc00000, 8192, PROT_READ) = 0
00:20:47.540860,1025,mprotect(0xacd2a000, 8192, PROT_READ|PROT_EXEC) = 0
00:20:47.541577,1025,mprotect(0xacd2c000, 4096, PROT_READ) = 0
00:20:47.542653,1025,mprotect(0xb0f73000, 12288, PROT_READ|PROT_EXEC) = 0
00:20:47.543142,1025,mprotect(0xb0f76000, 4096, PROT_READ) = 0
00:20:47.554334,1025,dup(36) = 39
00:20:47.554999,1025,writev(3, [{"\3", 1}, {"gralloc_goldfish\0", 17}, {"Emulator without GPU emulation d"..., 41}], 3) = 59
00:20:47.557752,1025,stat64("/system/lib/hw/gralloc.default.so", {st_mode=S_IFREG|0644, st_size=9888, ...}) = 0
00:20:47.560128,1025,open("/system/lib/hw/gralloc.default.so", O_RDONLY) = 40
00:20:47.561040,1025,lseek(40, 0, SEEK_SET) = 0
00:20:47.561610,1025,read(40, "\177ELF\1\1\1\0\0\0\0\0\0\0\0\0\3\0(\0\1\0\0\0\0\0\0\0004\0\0\0"..., 4096) = 4096
00:20:47.562350,1025,lseek(40, -8, SEEK_END) = 9880
00:20:47.562818,1025,read(40, "\1\0\0\0\0\0\0\0", 8) = 8
00:20:47.565822,1025,mmap2(NULL, 16384, PROT_NONE, MAP_PRIVATE|MAP_ANONYMOUS, -1, 0) = 0xacd21000
00:20:47.566592,1025,madvise(0xacd21000, 16384, 0xc /* MADV_??? */) = -1 EINVAL (Invalid argument)
00:20:47.567071,1025,mmap2(0xacd21000, 6595, PROT_READ|PROT_EXEC, MAP_PRIVATE|MAP_FIXED, 40, 0) = 0xacd21000
00:20:47.569631,1025,madvise(0xacd21000, 6595, 0xc /* MADV_??? */) = -1 EINVAL (Invalid argument)
00:20:47.570203,1025,mprotect(0xacd21000, 8192, PROT_READ|PROT_WRITE|PROT_EXEC) = 0
00:20:47.570729,1025,mmap2(0xacd23000, 4560, PROT_READ|PROT_WRITE, MAP_PRIVATE|MAP_FIXED, 40, 0x1) = 0xacd23000
00:20:47.572725,1025,madvise(0xacd23000, 4560, 0xc /* MADV_??? */) = -1 EINVAL (Invalid argument)
00:20:47.583567,1025,close(40) = 0
00:20:47.584513,1025,mprotect(0xacd21000, 8192, PROT_READ|PROT_EXEC) = 0
00:20:47.585009,1025,mprotect(0xacd23000, 4096, PROT_READ) = 0
00:20:47.585633,1025,futex(0xb0f770c4, FUTEX_WAKE_PRIVATE, 2147483647) = 0
00:20:47.586236,1025,getpid() = 1025
00:20:47.586749,1025,mmap2(NULL, 1536000, PROT_READ|PROT_WRITE, MAP_SHARED, 39, 0) = 0xaca6e000
00:20:47.587394,1025,close(36) = 0
00:20:47.588718,1025,clock_gettime(CLOCK_MONOTONIC, {122, 786007278}) = 0
00:20:47.622623,1025,sigprocmask(SIG_BLOCK, [], [QUIT USR1 PIPE]) = 0
00:20:47.634002,1025,sigprocmask(SIG_BLOCK, [], [QUIT USR1 PIPE]) = 0
00:20:47.634746,1025,sigprocmask(SIG_BLOCK, [], [QUIT USR1 PIPE]) = 0
00:20:47.635420,1025,sigprocmask(SIG_BLOCK, [], [QUIT USR1 PIPE]) = 0
00:20:47.638408,1025,sigprocmask(SIG_BLOCK, [], [QUIT USR1 PIPE]) = 0
00:20:47.639254,1025,sigprocmask(SIG_BLOCK, [], [QUIT USR1 PIPE]) = 0
00:20:47.639990,1025,sigprocmask(SIG_BLOCK, [], [QUIT USR1 PIPE]) = 0
00:20:47.640802,1025,sigprocmask(SIG_BLOCK, [], [QUIT USR1 PIPE]) = 0
00:20:47.641621,1025,sigprocmask(SIG_BLOCK, [], [QUIT USR1 PIPE]) = 0
00:20:47.642615,1025,sigprocmask(SIG_BLOCK, [], [QUIT USR1 PIPE]) = 0
00:20:47.655859,1025,sigprocmask(SIG_BLOCK, [], [QUIT USR1 PIPE]) = 0
00:20:47.656779,1025,sigprocmask(SIG_BLOCK, [], [QUIT USR1 PIPE]) = 0
00:20:47.657731,1025,sigprocmask(SIG_BLOCK, [], [QUIT USR1 PIPE]) = 0
00:20:47.658470,1025,sigprocmask(SIG_BLOCK, [], [QUIT USR1 PIPE]) = 0
00:20:47.659584,1025,clock_gettime(CLOCK_MONOTONIC, {122, 856869886}) = 0
00:20:47.660268,1025,ioctl(9, 0xc0186201, 0xbec600c8) = 0
00:20:47.661720,1025,getpid() = 1025
00:20:47.662235,1025,gettid() = 1025
00:20:47.662697,1025,clock_gettime(CLOCK_MONOTONIC, {122, 859977192}) = 0
00:20:47.663274,1025,ioctl(9, 0xc0186201, 0xbec601f0) = 0
00:20:47.675514,1025,ioctl(9, 0xc0186201, 0xbec601f0) = 0
00:20:47.682795,1025,clock_gettime(CLOCK_MONOTONIC, {122, 880094399}) = 0
00:20:47.683550,1025,getpid() = 1025
00:20:47.684038,1025,getuid32() = 10050
00:20:47.696318,1025,epoll_wait(0x1e, 0xbec601f8, 0x10, 0) = 1
00:20:47.717499,1025,read(23, "W", 16) = 1
00:20:47.718290,1025,clock_gettime(CLOCK_MONOTONIC, {122, 921388428}) = 0
00:20:47.725073,1025,getpid() = 1025
00:20:47.725889,1025,gettid() = 1025
00:20:47.727097,1025,clock_gettime(CLOCK_MONOTONIC, {122, 924498760}) = 0
00:20:47.727805,1025,ioctl(9, 0xc0186201, 0xbec601f0) = 0
00:20:47.733729,1025,clock_gettime(CLOCK_MONOTONIC, {122, 931032945}) = 0
00:20:47.736506,1025,getpid() = 1025
00:20:47.737018,1025,gettid() = 1025
00:20:47.737957,1025,clock_gettime(CLOCK_MONOTONIC, {122, 935260053}) = 0
00:20:47.738619,1025,ioctl(9, 0xc0186201, 0xbec601f0) = 0
00:20:47.741701,1025,clock_gettime(CLOCK_MONOTONIC, {122, 938998244}) = 0
00:20:47.843873,1025,mprotect(0xb16ac000, 8192, PROT_READ|PROT_WRITE) = 0
00:20:47.845561,1025,writev(3, [{"\3", 1}, {"AndroidRuntime\0", 15}, {"Shutting down VM\n\0", 18}], 3) = 34
00:20:47.847348,1025,writev(3, [{"\5", 1}, {"dalvikvm\0", 9}, {"threadid=1: thread exiting with "..., 70}], 3) = 80
00:20:47.879748,1025,writev(6, [{"\6", 1}, {"AndroidRuntime\0", 15}, {"FATAL EXCEPTION: main\nandroid.co"..., 1297}], 3) = 1313
00:20:47.939755,1025,getpid() = 1025
00:20:47.940518,1025,gettid() = 1025
00:20:47.941352,1025,clock_gettime(CLOCK_MONOTONIC, {123, 138926726}) = 0
00:20:47.942268,1025,ioctl(9, 0xc0186201, 0xbec60530) = 0
00:20:47.945076,1025,ioctl(9, 0xc0186201 <unfinished ...>
00:20:48.000874,1039,<... ioctl resumed> , 0xacf43e28) = 0
00:20:48.001492,1039,write(24, "1039", 4) = 4
00:20:48.002139,1039,getpriority(PRIO_PROCESS, 1039) = 20
00:20:48.003138,1039,clock_gettime(CLOCK_MONOTONIC, {123, 200433642}) = 0
00:20:48.003792,1039,write(24, "1039", 4) = 4
00:20:48.004344,1039,ioctl(9, 0xc0186201 <unfinished ...>
00:20:48.015125,1025,<... ioctl resumed> , 0xbec60530) = 0
00:20:48.015583,1025,clock_gettime(CLOCK_MONOTONIC, {123, 212882333}) = 0
00:20:48.016375,1025,getpid() = 1025
00:20:48.017067,1025,writev(3, [{"\4", 1}, {"Process\0", 8}, {"Sending signal. PID: 1025 SIG: 9"..., 33}], 3) = 42
00:20:48.018248,1025,kill(1025, SIGKILL <unfinished ...>
00:20:48.020827,1027,+++ killed by SIGKILL +++
00:20:48.025241,1030,+++ killed by SIGKILL +++
00:20:48.026680,1031,+++ killed by SIGKILL +++
00:20:48.028778,1032,+++ killed by SIGKILL +++
00:20:48.029936,1034,+++ killed by SIGKILL +++
00:20:48.030924,1035,+++ killed by SIGKILL +++
00:20:48.031532,1038,+++ killed by SIGKILL +++
00:20:48.031964,1039,+++ killed by SIGKILL +++
00:20:48.063431,1040,+++ killed by SIGKILL +++
00:20:48.063733,1025,+++ killed by SIGKILL +++
00:20:48.064469,60,<... select resumed> ) = ? ERESTARTNOHAND (To be restarted)
00:20:48.064958,60,--- {si_signo=SIGCHLD, si_code=CLD_KILLED, si_pid=1025, si_status=SIGKILL, si_utime=37, si_stime=24} (Child exited) ---
00:20:48.065733,60,wait4(-1, [{WIFSIGNALED(s) && WTERMSIG(s) == SIGKILL}], WNOHANG, NULL) = 1025
00:20:48.066683,60,wait4(-1, 0xbec602dc, WNOHANG, NULL) = 0
00:20:48.067591,60,sigreturn() = ? (mask now [INT FPE KILL TERM CONT STOP TSTP XCPU VTALRM PROF IO PWR RTMIN])
00:20:48.068849,60,select(24, [9 23], NULL, NULL, NULL) = ? ERESTARTNOHAND (To be restarted)
00:21:14.834563,60,--- {si_signo=SIGCHLD, si_code=CLD_KILLED, si_pid=707, si_status=SIGKILL, si_utime=30, si_stime=18} (Child exited) ---
00:21:14.834924,60,wait4(-1, [{WIFSIGNALED(s) && WTERMSIG(s) == SIGKILL}], WNOHANG, NULL) = 707
00:21:14.835595,60,wait4(-1, 0xbec602dc, WNOHANG, NULL) = 0
00:21:14.836199,60,sigreturn() = ? (mask now [INT FPE KILL TERM CONT STOP TSTP XCPU VTALRM PROF IO PWR RTMIN])
00:21:14.837261,60,select(24, [9 23], NULL, NULL, NULL