19:03:59.040655,1047,futex(0xb7b24ee0, FUTEX_WAIT_PRIVATE, 0, NULL <unfinished ...>
19:03:59.086939,1046,futex(0xb7b217f8, FUTEX_WAIT_PRIVATE, 0, NULL <unfinished ...>
19:03:59.119789,1040,futex(0xb7b1cba8, FUTEX_WAIT_PRIVATE, 0, NULL <unfinished ...>
19:03:59.126313,60,select(24, [9 23], NULL, NULL, NULL) = 1 (in [23])
19:04:02.564691,60,ioctl(23, FIONREAD, [153]) = 0
19:04:02.566076,60,recvmsg(23, {msg_name(0)=NULL, msg_iov(1)=[{"7\n--runtime-init\n--setuid=10050\n"..., 4217}], msg_controllen=0, msg_flags=0}, MSG_NOSIGNAL) = 153
19:04:02.568597,60,ioctl(23, FIONREAD, [0]) = 0
19:04:02.580295,60,futex(0xb7b1cba8, FUTEX_WAKE_PRIVATE, 1 <unfinished ...>
19:04:02.580740,1040,<... futex resumed> ) = 0
19:04:02.581135,1040,futex(0xb7b1cb98, FUTEX_WAIT_PRIVATE, 2, NULL <unfinished ...>
19:04:02.581383,60,<... futex resumed> ) = 1
19:04:02.581700,60,futex(0xb7b1cb98, FUTEX_WAKE_PRIVATE, 1 <unfinished ...>
19:04:02.581991,1040,<... futex resumed> ) = 0
19:04:02.582244,1040,futex(0xb7b1cb98, FUTEX_WAKE_PRIVATE, 1) = 0
19:04:02.583079,1040,futex(0xb683a57c, FUTEX_WAIT_PRIVATE, 2, NULL <unfinished ...>
19:04:02.583400,60,<... futex resumed> ) = 1
19:04:02.583757,60,futex(0xb683a57c, FUTEX_WAKE_PRIVATE, 1 <unfinished ...>
19:04:02.584009,1040,<... futex resumed> ) = 0
19:04:02.584270,1040,futex(0xb683a57c, FUTEX_WAKE_PRIVATE, 1) = 0
19:04:02.584759,1040,munmap(0xb0ea6000, 32768) = 0
19:04:02.585350,1040,sigprocmask(SIG_SETMASK, ~[SEGV], NULL) = 0
19:04:02.586412,1040,munmap(0xaf43d000, 1048576) = 0
19:04:02.587116,1040,exit(0) = ?
19:04:02.589763,60,<... futex resumed> ) = 1
19:04:02.590135,60,futex(0xb7b217f8, FUTEX_WAKE_PRIVATE, 1 <unfinished ...>
19:04:02.591383,1046,<... futex resumed> ) = 0
19:04:02.592087,1046,futex(0xb7b217e8, FUTEX_WAIT_PRIVATE, 2, NULL <unfinished ...>
19:04:02.592358,60,<... futex resumed> ) = 1
19:04:02.592632,60,futex(0xb7b217e8, FUTEX_WAKE_PRIVATE, 1 <unfinished ...>
19:04:02.592887,1046,<... futex resumed> ) = 0
19:04:02.593150,1046,futex(0xb7b217e8, FUTEX_WAKE_PRIVATE, 1) = 0
19:04:02.593740,1046,futex(0xb683a57c, FUTEX_WAIT_PRIVATE, 2, NULL <unfinished ...>
19:04:02.593996,60,<... futex resumed> ) = 1
19:04:02.594261,60,futex(0xb683a57c, FUTEX_WAKE_PRIVATE, 1 <unfinished ...>
19:04:02.594521,1046,<... futex resumed> ) = 0
19:04:02.594792,1046,futex(0xb683a57c, FUTEX_WAKE_PRIVATE, 1) = 0
19:04:02.595217,1046,munmap(0xaf435000, 32768) = 0
19:04:02.595701,1046,sigprocmask(SIG_SETMASK, ~[SEGV], NULL) = 0
19:04:02.596174,1046,munmap(0xaf335000, 1048576) = 0
19:04:02.596657,1046,exit(0) = ?
19:04:02.598291,60,<... futex resumed> ) = 1
19:04:02.609273,60,futex(0xb7b24ee0, FUTEX_WAKE_PRIVATE, 1 <unfinished ...>
19:04:02.609650,1047,<... futex resumed> ) = 0
19:04:02.609906,1047,futex(0xb7b24ed0, FUTEX_WAIT_PRIVATE, 2, NULL <unfinished ...>
19:04:02.610125,60,<... futex resumed> ) = 1
19:04:02.610370,60,futex(0xb7b24ed0, FUTEX_WAKE_PRIVATE, 1 <unfinished ...>
19:04:02.610624,1047,<... futex resumed> ) = 0
19:04:02.610869,1047,futex(0xb7b24ed0, FUTEX_WAKE_PRIVATE, 1) = 0
19:04:02.611574,1047,futex(0xb683a57c, FUTEX_WAIT_PRIVATE, 2, NULL <unfinished ...>
19:04:02.611793,60,<... futex resumed> ) = 1
19:04:02.612037,60,futex(0xb683a57c, FUTEX_WAKE_PRIVATE, 1 <unfinished ...>
19:04:02.612284,1047,<... futex resumed> ) = 0
19:04:02.612543,1047,futex(0xb683a57c, FUTEX_WAKE_PRIVATE, 1) = 0
19:04:02.612930,1047,munmap(0xaf32d000, 32768) = 0
19:04:02.613432,1047,sigprocmask(SIG_SETMASK, ~[SEGV], NULL) = 0
19:04:02.614001,1047,munmap(0xaf22d000, 1048576) = 0
19:04:02.614567,1047,exit(0) = ?
19:04:02.618073,60,<... futex resumed> ) = 1
19:04:02.628453,60,open("/proc/self/task", O_RDONLY|O_DIRECTORY) = 24
19:04:02.629551,60,getdents64(24, /* 3 entries */, 4200) = 72
19:04:02.631321,60,getdents64(24, /* 0 entries */, 4200) = 0
19:04:02.631870,60,close(24) = 0
19:04:02.632453,60,sigaction(SIGCHLD, {0xb67f23dd, [], 0}, NULL, 0) = 0
19:04:02.633254,60,fork( <unfinished ...>
19:04:02.646845,1067,gettid() = 1067
19:04:02.650354,1067,getuid32() = 0
19:04:02.651240,1067,open("/acct/uid/0/tasks", O_RDWR|O_CREAT, 0666) = 24
19:04:02.652637,1067,write(24, "0", 1) = 1
19:04:02.653307,1067,close(24) = 0
19:04:02.654035,1067,prctl(PR_SET_KEEPCAPS, 1) = 0
19:04:02.654721,1067,setgroups32(3, [3003, 1015, 1028]) = 0
19:04:02.655598,1067,setgid32(10050) = 0
19:04:02.656363,1067,open("/acct/uid/10050/tasks", O_RDWR|O_CREAT, 0666) = 24
19:04:02.657358,1067,write(24, "0", 1) = 1
19:04:02.657961,1067,close(24) = 0
19:04:02.684013,1067,setuid32(10050) = 0
19:04:02.685050,1067,personality(0xffffffff /* PER_??? */) = 8388608
19:04:02.685631,1067,personality(0x840000 /* PER_??? */) = 8388608
19:04:02.686320,1067,capset(0xbee5b794, 0xbee5b7a4) = 0
19:04:02.687350,1067,gettid() = 1067
19:04:02.687931,1067,access("/dev/cpuctl/tasks", F_OK) = 0
19:04:02.688615,1067,open("/dev/cpuctl/apps/tasks", O_WRONLY) = 24
19:04:02.689292,1067,open("/dev/cpuctl/apps/bg_non_interactive/tasks", O_WRONLY) = 25
19:04:02.689995,1067,futex(0xb6e8f29c, FUTEX_WAKE_PRIVATE, 2147483647) = 0
19:04:02.690463,1067,write(24, "1067", 4) = 4
19:04:02.691381,60,<... fork resumed> ) = 1067
19:04:02.692659,60,mmap2(NULL, 32768, PROT_READ|PROT_WRITE, MAP_PRIVATE|MAP_ANONYMOUS, -1, 0) = 0xb0ea6000
19:04:02.693363,60,madvise(0xb0ea6000, 32768, 0xc /* MADV_??? */) = -1 EINVAL (Invalid argument)
19:04:02.694699,60,mmap2(NULL, 1048576, PROT_READ|PROT_WRITE, MAP_PRIVATE|MAP_ANONYMOUS|MAP_NORESERVE, -1, 0) = 0xaf43d000
19:04:02.695177,60,madvise(0xaf43d000, 1048576, 0xc /* MADV_??? */) = -1 EINVAL (Invalid argument)
19:04:02.695689,60,mprotect(0xaf43d000, 4096, PROT_NONE) = 0
19:04:02.696201,60,clone(child_stack=0xaf53cf00, flags=CLONE_VM|CLONE_FS|CLONE_FILES|CLONE_SIGHAND|CLONE_THREAD|CLONE_SYSVSEM|0x400000) = 1068
19:04:02.698288,60,futex(0xb683a580, FUTEX_WAIT_PRIVATE, -324, NULL <unfinished ...>
19:04:02.701782,1068,set_tls(0xaf53cf00, 0xb7a0a548, 0xaf53cffc, 0x40, 0xaf53cf00) = 0
19:04:02.707469,1068,prctl(PR_SET_NAME, 0xaf53ce8c, 0, 0, 0) = 0
19:04:02.709004,1068,gettid() = 1068
19:04:02.709880,1068,futex(0xb683a580, FUTEX_WAKE_PRIVATE, 2147483647) = 1
19:04:02.710324,1068,futex(0xb683a580, FUTEX_WAIT_PRIVATE, -326, NULL <unfinished ...>
19:04:02.710632,1067,gettid( <unfinished ...>
19:04:02.710969,60,<... futex resumed> ) = 0
19:04:02.711280,60,futex(0xb683a580, FUTEX_WAKE_PRIVATE, 2147483647 <unfinished ...>
19:04:02.711610,1068,<... futex resumed> ) = 0
19:04:02.711856,1068,futex(0xb683a57c, FUTEX_WAIT_PRIVATE, 2, NULL <unfinished ...>
19:04:02.712072,60,<... futex resumed> ) = 1
19:04:02.712314,60,futex(0xb683a57c, FUTEX_WAKE_PRIVATE, 1 <unfinished ...>
19:04:02.712629,1068,<... futex resumed> ) = 0
19:04:02.712873,1068,futex(0xb683a57c, FUTEX_WAKE_PRIVATE, 1) = 0
19:04:02.713361,1068,getpriority(PRIO_PROCESS, 1068) = 20
19:04:02.713886,1068,setpriority(PRIO_PROCESS, 1068, 0) = 0
19:04:02.714403,1068,sched_yield() = 0
19:04:02.714941,1068,nanosleep({0, 1000000}, <unfinished ...>
19:04:02.715353,60,<... futex resumed> ) = 1
19:04:02.715854,60,mmap2(NULL, 32768, PROT_READ|PROT_WRITE, MAP_PRIVATE|MAP_ANONYMOUS, -1, 0) = 0xaf435000
19:04:02.716300,60,madvise(0xaf435000, 32768, 0xc /* MADV_??? */ <unfinished ...>
19:04:02.716990,1068,<... nanosleep resumed> NULL) = 0
19:04:02.717496,1068,futex(0xb7b1cba8, FUTEX_WAIT_PRIVATE, 0, NULL <unfinished ...>
19:04:02.717732,60,<... madvise resumed> ) = -1 EINVAL (Invalid argument)
19:04:02.718045,60,mmap2(NULL, 1048576, PROT_READ|PROT_WRITE, MAP_PRIVATE|MAP_ANONYMOUS|MAP_NORESERVE, -1, 0) = 0xaf335000
19:04:02.728903,1067,<... gettid resumed> ) = 1067
19:04:02.729347,60,madvise(0xaf335000, 1048576, 0xc /* MADV_??? */) = -1 EINVAL (Invalid argument)
19:04:02.729808,60,mprotect(0xaf335000, 4096, PROT_NONE) = 0
19:04:02.730239,60,clone(child_stack=0xaf434f00, flags=CLONE_VM|CLONE_FS|CLONE_FILES|CLONE_SIGHAND|CLONE_THREAD|CLONE_SYSVSEM|0x400000) = 1069
19:04:02.732377,60,futex(0xb683a580, FUTEX_WAIT_PRIVATE, -328, NULL <unfinished ...>
19:04:02.732882,1069,set_tls(0xaf434f00, 0xb7adbbb8, 0xaf434ffc, 0x40, 0xaf434f00) = 0
19:04:02.733420,1069,prctl(PR_SET_NAME, 0xaf434e8c, 0, 0, 0) = 0
19:04:02.734031,1069,gettid() = 1069
19:04:02.738673,1069,futex(0xb683a580, FUTEX_WAKE_PRIVATE, 2147483647 <unfinished ...>
19:04:02.739174,1067,prctl(PR_SET_DUMPABLE, 1) = 0
19:04:02.739775,1067,setrlimit(RLIMIT_CORE, {rlim_cur=0, rlim_max=RLIM64_INFINITY}) = 0
19:04:02.740555,1067,sigaction(SIGCHLD, {SIG_DFL, , NULL, 0) = 0
19:04:02.741134,1067,clock_gettime(CLOCK_MONOTONIC, {129, 653246720}) = 0
19:04:02.742394,1067,mmap2(NULL, 1048576, PROT_READ|PROT_WRITE, MAP_PRIVATE|MAP_ANONYMOUS|MAP_NORESERVE, -1, 0) = 0xaf43d000
19:04:02.743013,1067,madvise(0xaf43d000, 1048576, 0xc /* MADV_??? */) = -1 EINVAL (Invalid argument)
19:04:02.743770,1067,mprotect(0xaf43d000, 4096, PROT_NONE) = 0
19:04:02.744303,1067,clone(child_stack=0xaf53cf00, flags=CLONE_VM|CLONE_FS|CLONE_FILES|CLONE_SIGHAND|CLONE_THREAD|CLONE_SYSVSEM|0x400000) = 1070
19:04:02.746408,1067,futex(0xb683a580, FUTEX_WAIT_PRIVATE, -324, NULL <unfinished ...>
19:04:02.750834,60,<... futex resumed> ) = 0
19:04:02.751129,60,futex(0xb683a57c, FUTEX_WAIT_PRIVATE, 2, NULL <unfinished ...>
19:04:02.751391,1069,<... futex resumed> ) = 1
19:04:02.751668,1069,futex(0xb683a57c, FUTEX_WAKE_PRIVATE, 1 <unfinished ...>
19:04:02.751926,60,<... futex resumed> ) = 0
19:04:02.752197,60,futex(0xb683a57c, FUTEX_WAKE_PRIVATE, 1) = 0
19:04:02.752638,60,futex(0xb683a580, FUTEX_WAKE_PRIVATE, 2147483647) = 0
19:04:02.753231,60,mmap2(NULL, 32768, PROT_READ|PROT_WRITE, MAP_PRIVATE|MAP_ANONYMOUS, -1, 0) = 0xaf32d000
19:04:02.754088,60,madvise(0xaf32d000, 32768, 0xc /* MADV_??? */) = -1 EINVAL (Invalid argument)
19:04:02.754591,60,mmap2(NULL, 1048576, PROT_READ|PROT_WRITE, MAP_PRIVATE|MAP_ANONYMOUS|MAP_NORESERVE, -1, 0) = 0xaf22d000
19:04:02.755152,60,madvise(0xaf22d000, 1048576, 0xc /* MADV_??? */) = -1 EINVAL (Invalid argument)
19:04:02.755640,60,mprotect(0xaf22d000, 4096, PROT_NONE) = 0
19:04:02.756139,60,clone(child_stack=0xaf32cf00, flags=CLONE_VM|CLONE_FS|CLONE_FILES|CLONE_SIGHAND|CLONE_THREAD|CLONE_SYSVSEM|0x400000) = 1071
19:04:02.759303,60,futex(0xb683a580, FUTEX_WAIT_PRIVATE, -332, NULL <unfinished ...>
19:04:02.759847,1071,set_tls(0xaf32cf00, 0xb7ae7d08, 0xaf32cffc, 0x40, 0xaf32cf00) = 0
19:04:02.760566,1071,prctl(PR_SET_NAME, 0xaf32ce8c, 0, 0, 0) = 0
19:04:02.761038,1071,gettid() = 1071
19:04:02.761608,1071,futex(0xb683a580, FUTEX_WAKE_PRIVATE, 2147483647) = 1
19:04:02.762027,1071,futex(0xb683a580, FUTEX_WAIT_PRIVATE, -334, NULL <unfinished ...>
19:04:02.762240,1069,<... futex resumed> ) = 1
19:04:02.762533,1069,futex(0xb683a580, FUTEX_WAIT_PRIVATE, -330, NULL) = -1 EAGAIN (Try again)
19:04:02.762926,1069,getpriority(PRIO_PROCESS, 1069) = 20
19:04:02.763354,1069,setpriority(PRIO_PROCESS, 1069, 0) = 0
19:04:02.763959,1069,futex(0xb7b217f8, FUTEX_WAIT_PRIVATE, 0, NULL <unfinished ...>
19:04:02.764171,60,<... futex resumed> ) = 0
19:04:02.764535,60,futex(0xb683a580, FUTEX_WAKE_PRIVATE, 2147483647 <unfinished ...>
19:04:02.764782,1071,<... futex resumed> ) = 0
19:04:02.765013,1071,futex(0xb683a57c, FUTEX_WAIT_PRIVATE, 2, NULL <unfinished ...>
19:04:02.765219,60,<... futex resumed> ) = 1
19:04:02.765501,60,futex(0xb683a57c, FUTEX_WAKE_PRIVATE, 1 <unfinished ...>
19:04:02.765762,1071,<... futex resumed> ) = 0
19:04:02.765992,1071,futex(0xb683a57c, FUTEX_WAKE_PRIVATE, 1) = 0
19:04:02.766406,1071,getpriority(PRIO_PROCESS, 1071) = 20
19:04:02.766850,1071,setpriority(PRIO_PROCESS, 1071, 0) = 0
19:04:02.767308,1071,futex(0xb79eb450, FUTEX_WAIT_PRIVATE, 2, NULL <unfinished ...>
19:04:02.767606,60,<... futex resumed> ) = 1
19:04:02.767861,60,futex(0xb79eb450, FUTEX_WAKE_PRIVATE, 1 <unfinished ...>
19:04:02.768101,1071,<... futex resumed> ) = 0
19:04:02.768349,1071,futex(0xb79eb450, FUTEX_WAKE_PRIVATE, 1) = 0
19:04:02.768794,1071,futex(0xb7b24ee0, FUTEX_WAIT_PRIVATE, 0, NULL <unfinished ...>
19:04:02.769039,60,<... futex resumed> ) = 1
19:04:02.769383,60,getpgid(0xe3) = 60
19:04:02.769900,60,setpgid(1067, 60) = 0
19:04:02.779514,60,sendmsg(23, {msg_name(0)=NULL, msg_iov(1)=[{"\0\0\4+", 4}], msg_controllen=0, msg_flags=0}, MSG_NOSIGNAL) = 4
19:04:02.780584,60,sendmsg(23, {msg_name(0)=NULL, msg_iov(1)=[{"\0", 1}], msg_controllen=0, msg_flags=0}, MSG_NOSIGNAL) = 1
19:04:02.781308,60,select(24, [9 23], NULL, NULL, NULL <unfinished ...>
19:04:02.781745,1070,set_tls(0xaf53cf00, 0xb7a0a548, 0xaf53cffc, 0x40, 0xaf53cf00) = 0
19:04:02.785216,1070,prctl(PR_SET_NAME, 0xaf53ceac, 0, 0, 0) = 0
19:04:02.794455,1070,mmap2(NULL, 32768, PROT_READ|PROT_WRITE, MAP_PRIVATE|MAP_ANONYMOUS, -1, 0) = 0xaf435000
19:04:02.795911,1070,madvise(0xaf435000, 32768, 0xc /* MADV_??? */) = -1 EINVAL (Invalid argument)
19:04:02.797201,1070,gettid() = 1070
19:04:02.815417,1070,getpriority(PRIO_PROCESS, 0) = 20
19:04:02.818665,1070,futex(0xb683a580, FUTEX_WAKE_PRIVATE, 2147483647) = 1
19:04:02.819128,1067,<... futex resumed> ) = 0
19:04:02.819408,1070,futex(0xb79ec9a8, FUTEX_WAIT_PRIVATE, 0, NULL <unfinished ...>
19:04:02.819701,1067,clock_gettime(CLOCK_MONOTONIC, {129, 751851746}) = 0
19:04:02.840419,1067,clock_gettime(CLOCK_MONOTONIC, {129, 752534122}) = 0
19:04:02.841258,1067,mmap2(NULL, 1048576, PROT_READ|PROT_WRITE, MAP_PRIVATE|MAP_ANONYMOUS|MAP_NORESERVE, -1, 0) = 0xaf335000
19:04:02.841874,1067,madvise(0xaf335000, 1048576, 0xc /* MADV_??? */) = -1 EINVAL (Invalid argument)
19:04:02.842312,1067,mprotect(0xaf335000, 4096, PROT_NONE) = 0
19:04:02.842895,1067,clone(child_stack=0xaf434f00, flags=CLONE_VM|CLONE_FS|CLONE_FILES|CLONE_SIGHAND|CLONE_THREAD|CLONE_SYSVSEM|0x400000) = 1072
19:04:02.845104,1067,futex(0xb683a580, FUTEX_WAIT_PRIVATE, -326, NULL <unfinished ...>
19:04:02.851263,1072,set_tls(0xaf434f00, 0xb7adbbb8, 0xaf434ffc, 0x40, 0xaf434f00) = 0
19:04:02.851989,1072,prctl(PR_SET_NAME, 0xaf434eac, 0, 0, 0) = 0
19:04:02.852486,1072,mmap2(NULL, 32768, PROT_READ|PROT_WRITE, MAP_PRIVATE|MAP_ANONYMOUS, -1, 0) = 0xaf32d000
19:04:02.852971,1072,madvise(0xaf32d000, 32768, 0xc /* MADV_??? */) = -1 EINVAL (Invalid argument)
19:04:02.853407,1072,gettid() = 1072
19:04:02.854176,1072,getpriority(PRIO_PROCESS, 0) = 20
19:04:02.854767,1072,futex(0xb683a580, FUTEX_WAKE_PRIVATE, 2147483647 <unfinished ...>
19:04:02.855052,1067,<... futex resumed> ) = 0
19:04:02.855316,1067,futex(0xb683a57c, FUTEX_WAIT_PRIVATE, 2, NULL <unfinished ...>
19:04:02.856038,1072,<... futex resumed> ) = 1
19:04:02.856300,1072,futex(0xb683a57c, FUTEX_WAKE_PRIVATE, 1 <unfinished ...>
19:04:02.856658,1067,<... futex resumed> ) = 0
19:04:02.856955,1067,futex(0xb683a57c, FUTEX_WAKE_PRIVATE, 1) = 0
19:04:02.857383,1067,clock_gettime(CLOCK_MONOTONIC, {129, 769489830}) = 0
19:04:02.857930,1067,clock_gettime(CLOCK_MONOTONIC, {129, 769979545}) = 0
19:04:02.858705,1072,<... futex resumed> ) = 1
19:04:02.858974,1072,rt_sigtimedwait([QUIT USR1 RT_7 RT_14 RT_15 RT_17 RT_18 RT_20 RT_21 RT_22 RT_23 RT_24 RT_26 RT_27 RT_29 RT_30], NULL, NULL, 8 <unfinished ...>
19:04:02.877702,1067,mmap2(NULL, 1048576, PROT_READ|PROT_WRITE, MAP_PRIVATE|MAP_ANONYMOUS|MAP_NORESERVE, -1, 0) = 0xaf22d000
19:04:02.878232,1067,madvise(0xaf22d000, 1048576, 0xc /* MADV_??? */) = -1 EINVAL (Invalid argument)
19:04:02.889632,1067,mprotect(0xaf22d000, 4096, PROT_NONE) = 0
19:04:02.891357,1067,clone(child_stack=0xaf32cf00, flags=CLONE_VM|CLONE_FS|CLONE_FILES|CLONE_SIGHAND|CLONE_THREAD|CLONE_SYSVSEM|0x400000) = 1073
19:04:02.902507,1067,futex(0xb683a580, FUTEX_WAIT_PRIVATE, -328, NULL <unfinished ...>
19:04:02.922911,1073,set_tls(0xaf32cf00, 0xb7ae7d08, 0xaf32cffc, 0x40, 0xaf32cf00) = 0
19:04:02.923384,1073,prctl(PR_SET_NAME, 0xaf32ceac, 0, 0, 0) = 0
19:04:02.924040,1073,mmap2(NULL, 32768, PROT_READ|PROT_WRITE, MAP_PRIVATE|MAP_ANONYMOUS, -1, 0) = 0xaf225000
19:04:02.924546,1073,madvise(0xaf225000, 32768, 0xc /* MADV_??? */) = -1 EINVAL (Invalid argument)
19:04:02.924989,1073,gettid() = 1073
19:04:02.925679,1073,getpriority(PRIO_PROCESS, 0) = 20
19:04:02.926228,1073,futex(0xb683a580, FUTEX_WAKE_PRIVATE, 2147483647 <unfinished ...>
19:04:02.926551,1067,<... futex resumed> ) = 0
19:04:02.926818,1067,futex(0xb683a57c, FUTEX_WAIT_PRIVATE, 2, NULL <unfinished ...>
19:04:02.927071,1073,<... futex resumed> ) = 1
19:04:02.927329,1073,futex(0xb683a57c, FUTEX_WAKE_PRIVATE, 1 <unfinished ...>
19:04:02.990836,1067,<... futex resumed> ) = 0
19:04:02.991176,1067,futex(0xb683a57c, FUTEX_WAKE_PRIVATE, 1) = 0
19:04:02.991696,1067,futex(0xb7adf844, FUTEX_WAIT_PRIVATE, 0, NULL <unfinished ...>
19:04:02.991952,1073,<... futex resumed> ) = 1
19:04:02.992218,1073,futex(0xb7adf844, FUTEX_WAKE_PRIVATE, 2147483647 <unfinished ...>
19:04:02.992556,1067,<... futex resumed> ) = 0
19:04:02.992835,1067,futex(0xb7adf840, FUTEX_WAIT_PRIVATE, 2, NULL <unfinished ...>
19:04:02.993140,1073,<... futex resumed> ) = 1
19:04:02.993486,1073,futex(0xb7adf840, FUTEX_WAKE_PRIVATE, 1 <unfinished ...>
19:04:02.993806,1067,<... futex resumed> ) = 0
19:04:02.994083,1067,futex(0xb7adf840, FUTEX_WAKE_PRIVATE, 1) = 0
19:04:02.994643,1067,clock_gettime(CLOCK_MONOTONIC, {129, 906695342}) = 0
19:04:02.999935,1073,<... futex resumed> ) = 1
19:04:03.000250,1073,socket(PF_UNIX, SOCK_STREAM, 0) = 26
19:04:03.000915,1073,pipe([27, 28]) = 0
19:04:03.001535,1073,getpid() = 1067
19:04:03.002042,1073,connect(26, {sa_family=AF_UNIX, path=@"jdwp-control"...}, 15) = 0
19:04:03.003354,1073,getsockopt(26, SOL_SOCKET, SO_PEERCRED, {pid=67, uid=0, gid=0}, [12]) = 0
19:04:03.004059,1073,sendto(26, "042b", 4, 0, NULL, 0) = 4
19:04:03.005086,1073,recvmsg(26, <unfinished ...>
19:04:03.020683,1067,mmap2(NULL, 32768, PROT_READ|PROT_WRITE, MAP_PRIVATE|MAP_ANONYMOUS, -1, 0) = 0xaf21d000
19:04:03.024290,1067,madvise(0xaf21d000, 32768, 0xc /* MADV_??? */) = -1 EINVAL (Invalid argument)
19:04:03.026977,1067,mmap2(NULL, 1048576, PROT_READ|PROT_WRITE, MAP_PRIVATE|MAP_ANONYMOUS|MAP_NORESERVE, -1, 0) = 0xad290000
19:04:03.031993,1067,madvise(0xad290000, 1048576, 0xc /* MADV_??? */) = -1 EINVAL (Invalid argument)
19:04:03.032478,1067,mprotect(0xad290000, 4096, PROT_NONE) = 0
19:04:03.032990,1067,clone(child_stack=0xad38ff00, flags=CLONE_VM|CLONE_FS|CLONE_FILES|CLONE_SIGHAND|CLONE_THREAD|CLONE_SYSVSEM|0x400000) = 1076
19:04:03.036196,1067,futex(0xb683a580, FUTEX_WAIT_PRIVATE, -330, NULL <unfinished ...>
19:04:03.039833,1076,set_tls(0xad38ff00, 0xb7a07518, 0xad38fffc, 0x40, 0xad38ff00) = 0
19:04:03.040663,1076,prctl(PR_SET_NAME, 0xad38fe8c, 0, 0, 0) = 0
19:04:03.041128,1076,gettid() = 1076
19:04:03.041814,1076,futex(0xb683a580, FUTEX_WAKE_PRIVATE, 2147483647 <unfinished ...>
19:04:03.042096,1067,<... futex resumed> ) = 0
19:04:03.042362,1067,futex(0xb683a57c, FUTEX_WAIT_PRIVATE, 2, NULL <unfinished ...>
19:04:03.042685,1076,<... futex resumed> ) = 1
19:04:03.042942,1076,futex(0xb683a57c, FUTEX_WAKE_PRIVATE, 1 <unfinished ...>
19:04:03.043614,1067,<... futex resumed> ) = 0
19:04:03.046070,1067,futex(0xb683a57c, FUTEX_WAKE_PRIVATE, 1) = 0
19:04:03.046636,1067,futex(0xb683a580, FUTEX_WAKE_PRIVATE, 2147483647) = 0
19:04:03.047981,1067,mmap2(NULL, 32768, PROT_READ|PROT_WRITE, MAP_PRIVATE|MAP_ANONYMOUS, -1, 0) = 0xad288000
19:04:03.048539,1067,madvise(0xad288000, 32768, 0xc /* MADV_??? */) = -1 EINVAL (Invalid argument)
19:04:03.049041,1067,mmap2(NULL, 1048576, PROT_READ|PROT_WRITE, MAP_PRIVATE|MAP_ANONYMOUS|MAP_NORESERVE, -1, 0) = 0xad188000
19:04:03.049595,1067,madvise(0xad188000, 1048576, 0xc /* MADV_??? */) = -1 EINVAL (Invalid argument)
19:04:03.050040,1067,mprotect(0xad188000, 4096, PROT_NONE) = 0
19:04:03.058815,1067,clone( <unfinished ...>
19:04:03.059051,1076,<... futex resumed> ) = 1
19:04:03.061665,1076,futex(0xb683a580, FUTEX_WAIT_PRIVATE, -332, NULL <unfinished ...>
19:04:03.061939,1067,<... clone resumed> child_stack=0xad287f00, flags=CLONE_VM|CLONE_FS|CLONE_FILES|CLONE_SIGHAND|CLONE_THREAD|CLONE_SYSVSEM|0x400000) = 1077
19:04:03.062222,1076,<... futex resumed> ) = -1 EAGAIN (Try again)
19:04:03.062566,1067,futex(0xb683a580, FUTEX_WAIT_PRIVATE, -334, NULL <unfinished ...>
19:04:03.065053,1076,getpriority(PRIO_PROCESS, 1076) = 20
19:04:03.065589,1076,setpriority(PRIO_PROCESS, 1076, 0) = 0
19:04:03.066287,1076,futex(0xb7aeb790, FUTEX_WAIT_PRIVATE, 0, NULL <unfinished ...>
19:04:03.072190,1077,set_tls(0xad287f00, 0xb7b02c60, 0xad287ffc, 0x40, 0xad287f00) = 0
19:04:03.072782,1077,prctl(PR_SET_NAME, 0xad287e8c, 0, 0, 0) = 0
19:04:03.073258,1077,gettid() = 1077
19:04:03.073866,1077,futex(0xb683a580, FUTEX_WAKE_PRIVATE, 2147483647 <unfinished ...>
19:04:03.074166,1067,<... futex resumed> ) = 0
19:04:03.076205,1067,futex(0xb683a57c, FUTEX_WAIT_PRIVATE, 2, NULL <unfinished ...>
19:04:03.077742,1077,<... futex resumed> ) = 1
19:04:03.078035,1077,futex(0xb683a57c, FUTEX_WAKE_PRIVATE, 1 <unfinished ...>
19:04:03.078314,1067,<... futex resumed> ) = 0
19:04:03.078650,1067,futex(0xb683a57c, FUTEX_WAKE_PRIVATE, 1 <unfinished ...>
19:04:03.096037,1077,<... futex resumed> ) = 1
19:04:03.096275,1067,<... futex resumed> ) = 0
19:04:03.096699,1067,futex(0xb683a580, FUTEX_WAKE_PRIVATE, 2147483647) = 0
19:04:03.098312,1067,mmap2(NULL, 32768, PROT_READ|PROT_WRITE, MAP_PRIVATE|MAP_ANONYMOUS, -1, 0) = 0xad180000
19:04:03.098940,1067,madvise(0xad180000, 32768, 0xc /* MADV_??? */) = -1 EINVAL (Invalid argument)
19:04:03.110448,1067,mmap2(NULL, 1048576, PROT_READ|PROT_WRITE, MAP_PRIVATE|MAP_ANONYMOUS|MAP_NORESERVE, -1, 0 <unfinished ...>
19:04:03.110784,1077,futex(0xb683a580, FUTEX_WAIT_PRIVATE, -336, NULL <unfinished ...>
19:04:03.111085,1067,<... mmap2 resumed> ) = 0xad080000
19:04:03.111329,1077,<... futex resumed> ) = -1 EAGAIN (Try again)
19:04:03.111685,1067,madvise(0xad080000, 1048576, 0xc /* MADV_??? */ <unfinished ...>
19:04:03.112535,1077,getpriority(PRIO_PROCESS, 1077 <unfinished ...>
19:04:03.112869,1067,<... madvise resumed> ) = -1 EINVAL (Invalid argument)
19:04:03.113111,1077,<... getpriority resumed> ) = 20
19:04:03.113462,1067,mprotect(0xad080000, 4096, PROT_NONE <unfinished ...>
19:04:03.113743,1077,setpriority(PRIO_PROCESS, 1077, 0 <unfinished ...>
19:04:03.114037,1067,<... mprotect resumed> ) = 0
19:04:03.114276,1077,<... setpriority resumed> ) = 0
19:04:03.114628,1067,clone( <unfinished ...>
19:04:03.115030,1077,futex(0xb7b06268, FUTEX_WAIT_PRIVATE, 0, NULL <unfinished ...>
19:04:03.116970,1067,<... clone resumed> child_stack=0xad17ff00, flags=CLONE_VM|CLONE_FS|CLONE_FILES|CLONE_SIGHAND|CLONE_THREAD|CLONE_SYSVSEM|0x400000) = 1078
19:04:03.119118,1067,futex(0xb683a580, FUTEX_WAIT_PRIVATE, -338, NULL <unfinished ...>
19:04:03.161407,1078,set_tls(0xad17ff00, 0xb7b2dd60, 0xad17fffc, 0x40, 0xad17ff00) = 0
19:04:03.161971,1078,prctl(PR_SET_NAME, 0xad17fe8c, 0, 0, 0) = 0
19:04:03.162904,1078,gettid() = 1078
19:04:03.163780,1078,futex(0xb683a580, FUTEX_WAKE_PRIVATE, 2147483647 <unfinished ...>
19:04:03.164071,1067,<... futex resumed> ) = 0
19:04:03.164344,1067,futex(0xb683a57c, FUTEX_WAIT_PRIVATE, 2, NULL <unfinished ...>
19:04:03.164755,1078,<... futex resumed> ) = 1
19:04:03.165039,1078,futex(0xb683a57c, FUTEX_WAKE_PRIVATE, 1 <unfinished ...>
19:04:03.165303,1067,<... futex resumed> ) = 0
19:04:03.165749,1067,futex(0xb683a57c, FUTEX_WAKE_PRIVATE, 1) = 0
19:04:03.166212,1067,futex(0xb683a580, FUTEX_WAKE_PRIVATE, 2147483647) = 0
19:04:03.168480,1067,close(23) = 0
19:04:03.169321,1067,close(9) = 0
19:04:03.179718,1067,open("/dev/binder", O_RDWR <unfinished ...>
19:04:03.180074,1078,<... futex resumed> ) = 1
19:04:03.180544,1078,futex(0xb683a580, FUTEX_WAIT_PRIVATE, -340, NULL) = -1 EAGAIN (Try again)
19:04:03.181038,1078,getpriority(PRIO_PROCESS, 1078) = 20
19:04:03.181544,1078,setpriority(PRIO_PROCESS, 1078, 0) = 0
19:04:03.182111,1078,futex(0xb7b0c5c0, FUTEX_WAIT_PRIVATE, 0, NULL <unfinished ...>
19:04:03.182862,1067,<... open resumed> ) = 9
19:04:03.183236,1067,fcntl64(9, F_SETFD, FD_CLOEXEC) = 0
19:04:03.183853,1067,ioctl(9, 0xc0046209, 0xbee5b638) = 0
19:04:03.184465,1067,ioctl(9, 0x40046205, 0xbee5b63c) = 0
19:04:03.184955,1067,mmap2(NULL, 1040384, PROT_READ, MAP_PRIVATE|MAP_NORESERVE, 9, 0) = 0xacf82000
19:04:03.185597,1067,madvise(0xacf82000, 1040384, 0xc /* MADV_??? */) = -1 EINVAL (Invalid argument)
19:04:03.186123,1067,prctl(PR_SET_NAME, 0xb7abe719, 0, 0, 0) = 0
19:04:03.186614,1067,open("/sys/qemu_trace/process_name", O_RDWR) = 23
19:04:03.187377,1067,write(23, "com.facemovegold\0", 17) = 17
19:04:03.188017,1067,close(23) = 0
19:04:03.280280,1067,mmap2(NULL, 1048576, PROT_READ|PROT_WRITE, MAP_PRIVATE|MAP_ANONYMOUS|MAP_NORESERVE, -1, 0) = 0xace82000
19:04:03.280910,1067,madvise(0xace82000, 1048576, 0xc /* MADV_??? */) = -1 EINVAL (Invalid argument)
19:04:03.281376,1067,mprotect(0xace82000, 4096, PROT_NONE) = 0
19:04:03.281988,1067,clone(child_stack=0xacf81f00, flags=CLONE_VM|CLONE_FS|CLONE_FILES|CLONE_SIGHAND|CLONE_THREAD|CLONE_SYSVSEM|0x400000) = 1080
19:04:03.284813,1067,writev(3, [{"\4", 1}, {"dalvikvm\0", 9}, {"Turning on JNI app bug workaroun"..., 63}], 3) = 73
19:04:03.288679,1067,prctl(PR_SET_NAME, 0xb7aec0da, 0, 0, 0) = 0
19:04:03.289183,1067,open("/sys/qemu_trace/process_name", O_RDWR) = 23
19:04:03.289958,1067,write(23, "<pre-initialized>\0", 18) = 18
19:04:03.290722,1067,close(23) = 0
19:04:03.298770,1067,futex(0xb6e7e0c0, FUTEX_WAKE_PRIVATE, 2147483647 <unfinished ...>
19:04:03.300060,1080,set_tls(0xacf81f00, 0xb7ac4a78, 0xacf81ffc, 0x40, 0xacf81f00 <unfinished ...>
19:04:03.300337,1067,<... syscall_240 resumed> ) = 0
19:04:03.300684,1080,<... set_tls resumed> ) = 0
19:04:03.301037,1067,pipe( <unfinished ...>
19:04:03.301303,1080,setpriority(PRIO_PROCESS, 0, 0 <unfinished ...>
19:04:03.301628,1067,<... pipe resumed> [23, 29]) = 0
19:04:03.301952,1080,<... setpriority resumed> ) = 0
19:04:03.302230,1067,fcntl64(23, F_SETFL, O_RDONLY|O_NONBLOCK <unfinished ...>
19:04:03.302710,1080,futex(0xb6e7e0b0, FUTEX_WAKE_PRIVATE, 2147483647 <unfinished ...>
19:04:03.303015,1067,<... fcntl64 resumed> ) = 0
19:04:03.303352,1080,<... futex resumed> ) = 0
19:04:03.303759,1067,fcntl64(29, F_SETFL, O_RDONLY|O_NONBLOCK <unfinished ...>
19:04:03.305140,1080,gettid( <unfinished ...>
19:04:03.305401,1067,<... fcntl64 resumed> ) = 0
19:04:03.305723,1080,<... gettid resumed> ) = 1080
19:04:03.306001,1067,epoll_create(0x8 <unfinished ...>
19:04:03.306268,1080,write(24, "1080", 4 <unfinished ...>
19:04:03.306825,1067,<... epoll_create resumed> ) = 30
19:04:03.307103,1080,<... write resumed> ) = 4
19:04:03.307401,1067,epoll_ctl(0x1e, 0x1, 0x17, 0xbee5b300 <unfinished ...>
19:04:03.307807,1080,prctl(PR_SET_NAME, 0xb7ae7f70, 0, 0, 0 <unfinished ...>
19:04:03.308131,1067,<... epoll_ctl resumed> ) = 0
19:04:03.308382,1080,<... prctl resumed> ) = 0
19:04:03.309901,1080,mmap2(NULL, 32768, PROT_READ|PROT_WRITE, MAP_PRIVATE|MAP_ANONYMOUS, -1, 0) = 0xace7a000
19:04:03.310570,1080,madvise(0xace7a000, 32768, 0xc /* MADV_??? */) = -1 EINVAL (Invalid argument)
19:04:03.311102,1080,gettid() = 1080
19:04:03.311904,1080,getpriority(PRIO_PROCESS, 0) = 20
19:04:03.312511,1080,gettid() = 1080
19:04:03.313053,1080,gettid() = 1080
19:04:03.313544,1080,getpid() = 1067
19:04:03.313972,1080,getuid32() = 10050
19:04:03.314465,1080,write(24, "1080", 4) = 4
19:04:03.314999,1080,ioctl(9, 0xc0186201, 0xacf81e28) = 0
19:04:03.315704,1080,mmap2(NULL, 1048576, PROT_READ|PROT_WRITE, MAP_PRIVATE|MAP_ANONYMOUS|MAP_NORESERVE, -1, 0) = 0xacd7a000
19:04:03.316178,1080,madvise(0xacd7a000, 1048576, 0xc /* MADV_??? */) = -1 EINVAL (Invalid argument)
19:04:03.316799,1080,mprotect(0xacd7a000, 4096, PROT_NONE) = 0
19:04:03.317282,1080,clone(child_stack=0xace79f00, flags=CLONE_VM|CLONE_FS|CLONE_FILES|CLONE_SIGHAND|CLONE_THREAD|CLONE_SYSVSEM|0x400000) = 1081
19:04:03.319000,1080,write(24, "1080", 4) = 4
19:04:03.319575,1080,ioctl(9, 0xc0186201 <unfinished ...>
19:04:03.331538,1081,set_tls(0xace79f00, 0xb7acd3a8, 0xace79ffc, 0x40, 0xace79f00) = 0
19:04:03.332890,1081,setpriority(PRIO_PROCESS, 0, 0) = 0
19:04:03.333349,1081,gettid() = 1081
19:04:03.334136,1081,write(24, "1081", 4) = 4
19:04:03.334973,1081,prctl(PR_SET_NAME, 0xb7acc488, 0, 0, 0) = 0
19:04:03.335714,1081,mmap2(NULL, 32768, PROT_READ|PROT_WRITE, MAP_PRIVATE|MAP_ANONYMOUS, -1, 0) = 0xacd72000
19:04:03.336193,1081,madvise(0xacd72000, 32768, 0xc /* MADV_??? */) = -1 EINVAL (Invalid argument)
19:04:03.336715,1081,gettid() = 1081
19:04:03.337303,1081,getpriority(PRIO_PROCESS, 0) = 20
19:04:03.337916,1081,gettid() = 1081
19:04:03.338407,1081,gettid() = 1081
19:04:03.338883,1081,getpid() = 1067
19:04:03.339312,1081,getuid32() = 10050
19:04:03.339881,1081,write(24, "1081", 4) = 4
19:04:03.340531,1081,ioctl(9, 0xc0186201, 0xace79e28) = 0
19:04:03.341002,1081,write(24, "1081", 4) = 4
19:04:03.341538,1081,ioctl(9, 0xc0186201 <unfinished ...>
19:04:03.345193,1067,gettid() = 1067
19:04:03.361746,1067,getpid() = 1067
19:04:03.362378,1067,getuid32() = 10050
19:04:03.365670,1067,getpid() = 1067
19:04:03.366219,1067,gettid() = 1067
19:04:03.366739,1067,clock_gettime(CLOCK_MONOTONIC, {130, 278797727}) = 0
19:04:03.367278,1067,ioctl(9, 0xc0186201, 0xbee5b1f0) = 0
19:04:03.368087,1067,clock_gettime(CLOCK_MONOTONIC, {130, 280147136}) = 0
19:04:03.369774,1067,getpid() = 1067
19:04:03.375530,1067,gettid() = 1067
19:04:03.383633,1067,clock_gettime(CLOCK_MONOTONIC, {130, 295713594}) = 0
19:04:03.384217,1067,ioctl(9, 0xc0186201, 0xbee5b1f0) = 0
19:04:03.395942,1067,ioctl(9, 0xc0186201 <unfinished ...>
19:04:03.396252,1080,<... ioctl resumed> , 0xacf81e28) = 0
19:04:03.397108,1080,write(24, "1080", 4) = 4
19:04:03.397793,1080,getpriority(PRIO_PROCESS, 1080) = 20
19:04:03.414051,1080,clock_gettime(CLOCK_MONOTONIC, {130, 326156653}) = 0
19:04:03.414815,1080,clock_gettime(CLOCK_MONOTONIC, {130, 327283215}) = 0
19:04:03.415916,1080,write(24, "1080", 4) = 4
19:04:03.416484,1080,ioctl(9, 0xc0186201, 0xacf81e28) = 0
19:04:03.417032,1080,write(24, "1080", 4) = 4
19:04:03.417634,1080,getpriority(PRIO_PROCESS, 1080) = 20
19:04:03.447325,1080,clock_gettime(CLOCK_MONOTONIC, {130, 359491837}) = 0
19:04:03.448070,1080,write(24, "1080", 4) = 4
19:04:03.448667,1080,ioctl(9, 0xc0186201 <unfinished ...>
19:04:03.487734,1067,<... ioctl resumed> , 0xbee5b1f0) = 0
19:04:03.488114,1067,clock_gettime(CLOCK_MONOTONIC, {130, 400188308}) = 0
19:04:03.488750,1067,getpid() = 1067
19:04:03.491573,1067,open("/proc/1067/cmdline", O_RDONLY) = 31
19:04:03.492437,1067,fstat64(31, {st_mode=S_IFREG|0444, st_size=0, ...}) = 0
19:04:03.493982,1067,mprotect(0xb6523000, 4096, PROT_READ|PROT_WRITE) = 0
19:04:03.494531,1067,mprotect(0xb6523000, 4096, PROT_READ) = 0
19:04:03.495026,1067,read(31, "<pre-initialized>\0\0\0\0\0\0\0\0\0\0\0\0\0\0\0"..., 1024) = 76
19:04:03.496019,1067,close(31) = 0
19:04:03.496541,1067,ioctl(9, 0xc0186201, 0xbee5a110) = 0
19:04:03.497675,1067,writev(5, [{"$Ë\0\0", 4}, {"\3\5\2\34\0\0\0android.app.IActivityMana"..., 73}], 2) = 77
19:04:03.499551,1067,mprotect(0xb15dc000, 8192, PROT_READ|PROT_WRITE) = 0
19:04:03.540131,1067,getpid() = 1067
19:04:03.541114,1067,getuid32() = 10050
19:04:03.541748,1067,getpid() = 1067
19:04:03.542260,1067,getuid32() = 10050
19:04:03.542918,1067,epoll_wait(0x1e, 0xbee5b1f8, 0x10, 0) = 0
19:04:03.543404,1067,clock_gettime(CLOCK_MONOTONIC, {130, 455533309}) = 0
19:04:03.545240,1067,open("/sys/kernel/debug/tracing/trace_marker", O_WRONLY) = -1 ENOENT (No such file or directory)
19:04:03.546100,1067,writev(3, [{"\6", 1}, {"Trace\0", 6}, {"error opening trace file: No suc"..., 56}], 3) = 63
19:04:03.547934,1067,getpid() = 1067
19:04:03.548405,1067,getuid32() = 10050
19:04:03.559400,1067,epoll_wait(0x1e, 0xbee5b1f8, 0x10, 0) = 0
19:04:03.559937,1067,clock_gettime(CLOCK_MONOTONIC, {130, 471996462}) = 0
19:04:03.560971,1067,prctl(PR_SET_NAME, 0xb7ac61d9, 0, 0, 0) = 0
19:04:03.561526,1067,open("/sys/qemu_trace/process_name", O_RDWR) = 31
19:04:03.562292,1067,write(31, "com.facemovegold\0", 17) = 17
19:04:03.563100,1067,close(31) = 0
19:04:03.567890,1067,ioctl(9, 0xc0186201, 0xbee5b0c8) = 0
19:04:03.590074,1067,ioctl(9, 0xc0186201, 0xbee5b0c8) = 0
19:04:03.591963,1067,ioctl(9, 0xc0186201, 0xbee5b108) = 0
19:04:03.592943,1067,ioctl(9, 0xc0186201, 0xbee5b108) = 0
19:04:03.593642,1067,ioctl(9, 0xc0186201, 0xbee5b0c8) = 0
19:04:03.594390,1067,ioctl(9, 0xc0186201, 0xbee5b0c8) = 0
19:04:03.594967,1067,dup(31) = 32
19:04:03.595568,1067,mmap2(NULL, 4096, PROT_READ, MAP_SHARED, 32, 0) = 0xacd71000
19:04:03.596079,1067,close(31) = 0
19:04:03.596599,1067,dup(32) = 31
19:04:03.597915,1067,getpid() = 1067
19:04:03.598410,1067,gettid() = 1067
19:04:03.598898,1067,clock_gettime(CLOCK_MONOTONIC, {130, 510965216}) = 0
19:04:03.599465,1067,ioctl(9, 0xc0186201, 0xbee5b1f0) = 0
19:04:03.600640,1067,ioctl(9, 0xc0186201, 0xbee5b1f0) = 0
19:04:03.601160,1067,clock_gettime(CLOCK_MONOTONIC, {130, 513227770}) = 0
19:04:03.616206,1067,getuid32() = 10050
19:04:03.699524,1067,stat64("/system/framework/framework-res.apk", {st_mode=S_IFREG|0644, st_size=8749696, ...}) = 0
19:04:03.701025,1067,access("/vendor/overlay/framework/framework-res.apk", R_OK) = -1 ENOENT (No such file or directory)
19:04:03.702022,1067,stat64("/data/app/com.facemovegold-1.apk", {st_mode=S_IFREG|0644, st_size=7511074, ...}) = 0
19:04:03.704471,1067,stat64("/system/framework/framework-res.apk", {st_mode=S_IFREG|0644, st_size=8749696, ...}) = 0
19:04:03.705850,1067,stat64("/data/app/com.facemovegold-1.apk", {st_mode=S_IFREG|0644, st_size=7511074, ...}) = 0
19:04:03.707124,1067,open("/data/app/com.facemovegold-1.apk", O_RDONLY) = 33
19:04:03.707866,1067,_llseek(33, 0, [7511074], SEEK_END) = 0
19:04:03.708516,1067,mmap2(NULL, 69632, PROT_READ|PROT_WRITE, MAP_PRIVATE|MAP_ANONYMOUS, -1, 0) = 0xacd60000
19:04:03.709018,1067,madvise(0xacd60000, 69632, 0xc /* MADV_??? */) = -1 EINVAL (Invalid argument)
19:04:03.709593,1067,_llseek(33, 0, [0], SEEK_SET) = 0
19:04:03.710109,1067,read(33, "PK\3\4", 4) = 4
19:04:03.710654,1067,_llseek(33, 7445517, [7445517], SEEK_SET) = 0
19:04:03.711175,1067,read(33, "\n]+© áRTÚFõx£\222ÆßP\222LÞ07\231´!_C\177è~ëy"..., 65557) = 65557
19:04:03.712140,1067,munmap(0xacd60000, 69632) = 0
19:04:03.712716,1067,mmap2(NULL, 11276, PROT_READ, MAP_SHARED, 33, 0x727) = 0xacd6e000
19:04:03.713535,1067,pread(33, "PK\3\4\n\0\0\0\0\0\210\202ý@·\237_\2120\t\0\0000\t\0\0\16\0\1\0", 30, 27541610929586176) = 30
19:04:03.714569,1067,mmap2(NULL, 4688, PROT_READ, MAP_SHARED, 33, 0x61d) = 0xacd6c000
19:04:03.715632,1067,gettimeofday({1726081443, 715811}, NULL) = 0
19:04:03.716666,1067,access("/data/data/com.facemovegold/cache", F_OK) = -1 ENOENT (No such file or directory)
19:04:03.717769,1067,access("/data/data/com.facemovegold/cache", F_OK) = -1 ENOENT (No such file or directory)
19:04:03.757851,1067,mkdir("/data/data/com.facemovegold/cache", 0700) = 0
19:04:03.852184,1067,chmod("/data/data/com.facemovegold/cache", 0771) = 0
19:04:03.855341,1067,getuid32() = 10050
19:04:03.855905,1067,getuid32() = 10050
19:04:03.857424,1067,getpid() = 1067
19:04:03.857992,1067,gettid() = 1067
19:04:03.858516,1067,clock_gettime(CLOCK_MONOTONIC, {130, 770583714}) = 0
19:04:03.879311,1067,ioctl(9, 0xc0186201, 0xbee5b1f0) = 0
19:04:03.885239,1067,clock_gettime(CLOCK_MONOTONIC, {130, 797327167}) = 0
19:04:03.887410,1067,access("/data/data/com.facemovegold/cache/com.android.renderscript.cache", F_OK) = -1 ENOENT (No such file or directory)
19:04:03.888578,1067,mkdir("/data/data/com.facemovegold/cache/com.android.renderscript.cache", 0700) = 0
19:04:03.889949,1067,getpid() = 1067
19:04:03.890438,1067,gettid() = 1067
19:04:03.890907,1067,clock_gettime(CLOCK_MONOTONIC, {130, 803946725}) = 0
19:04:03.892465,1067,ioctl(9, 0xc0186201, 0xbee5b1f0) = 0
19:04:03.893188,1067,clock_gettime(CLOCK_MONOTONIC, {130, 805246316}) = 0
19:04:03.894746,1067,getpid() = 1067
19:04:03.895241,1067,gettid() = 1067
19:04:03.895919,1067,clock_gettime(CLOCK_MONOTONIC, {130, 807978199}) = 0
19:04:03.896576,1067,ioctl(9, 0xc0186201, 0xbee5b1f0) = 0
19:04:03.897837,1067,clock_gettime(CLOCK_MONOTONIC, {130, 809933904}) = 0
19:04:03.910718,1067,writev(3, [{"\5", 1}, {"DroidBox\0", 9}, {"DroidBox: { \"DexClassLoader\": { "..., 79}], 3) = 89
19:04:03.914068,1067,access("/data/app/com.facemovegold-1.apk", F_OK) = 0
19:04:03.914947,1067,access("/data/app/com.facemovegold-1.apk", R_OK) = 0
19:04:03.915759,1067,stat64("/data/app/com.facemovegold-1.apk", {st_mode=S_IFREG|0644, st_size=7511074, ...}) = 0
19:04:03.917741,1067,open("/data/app/com.facemovegold-1.apk", O_RDONLY) = 34
19:04:03.920363,1067,fstat64(34, {st_mode=S_IFREG|0644, st_size=7511074, ...}) = 0
19:04:03.922574,1067,fstat64(34, {st_mode=S_IFREG|0644, st_size=7511074, ...}) = 0
19:04:03.924352,1067,_llseek(34, 7511052, [7511052], SEEK_SET) = 0
19:04:03.925149,1067,read(34, "PK\5\6", 4) = 4
19:04:03.925938,1067,fgetxattr(34, "user.taint", 0xbee5b484, 4) = -1 ENODATA (No data available)
19:04:03.928280,1067,clock_gettime(CLOCK_MONOTONIC, {130, 840434009}) = 0
19:04:03.928926,1067,getpid() = 1067
19:04:03.929447,1067,readlink("/proc/1067/fd/34", "/data/app/com.facemovegold-1.apk", 120) = 32
19:04:03.958977,1067,read(34, "\0\0\0\0\204\0\204\0!\"\0\0ëyr\0\0\0", 18) = 18
19:04:03.960257,1067,fgetxattr(34, "user.taint", 0xbee5b484, 4) = -1 ENODATA (No data available)
19:04:03.961737,1067,clock_gettime(CLOCK_MONOTONIC, {130, 873812107}) = 0
19:04:03.962349,1067,getpid() = 1067
19:04:03.962909,1067,readlink("/proc/1067/fd/34", "/data/app/com.facemovegold-1.apk", 120) = 32
19:04:03.964083,1067,fstat64(34, {st_mode=S_IFREG|0644, st_size=7511074, ...}) = 0
19:04:03.965313,1067,_llseek(34, 7502315, [7502315], SEEK_SET) = 0
19:04:03.965965,1067,read(34, "PK\1\2\n\0\n\0\0\0\0\0)zÜ@ÄÄ®®^\21\1\0^\21\1\0\25\0\4\0"..., 4096) = 4096
19:04:03.966708,1067,fgetxattr(34, "user.taint", 0xbee5b484, 4) = -1 ENODATA (No data available)
19:04:03.979924,1067,clock_gettime(CLOCK_MONOTONIC, {130, 892043152}) = 0
19:04:03.980614,1067,getpid() = 1067
19:04:03.981103,1067,readlink("/proc/1067/fd/34", "/data/app/com.facemovegold-1.apk", 120) = 32
19:04:03.989776,1067,_llseek(34, 7506411, [7506411], SEEK_SET) = 0
19:04:03.998928,1067,read(34, "\0\0\0¹\205Ü@©§é6\1\21\0\0\1\21\0\0\20\0\0\0\0\0\0\0\0\0\0\0\0"..., 4096) = 4096
19:04:03.999769,1067,fgetxattr(34, "user.taint", 0xbee5b484, 4) = -1 ENODATA (No data available)
19:04:04.001341,1067,clock_gettime(CLOCK_MONOTONIC, {130, 913474853}) = 0
19:04:04.002043,1067,getpid() = 1067
19:04:04.002593,1067,readlink("/proc/1067/fd/34", "/data/app/com.facemovegold-1.apk", 120) = 32
19:04:04.010595,1067,_llseek(34, 7510507, [7510507], SEEK_SET) = 0
19:04:04.011279,1067,read(34, "%\0\0\0\0\0\0\0\0\0\0\0\0\0~~m\0org/codehaus/j"..., 567) = 567
19:04:04.012346,1067,fgetxattr(34, "user.taint", 0xbee5b484, 4) = -1 ENODATA (No data available)
19:04:04.014198,1067,clock_gettime(CLOCK_MONOTONIC, {130, 926271385}) = 0
19:04:04.014861,1067,getpid() = 1067
19:04:04.015406,1067,readlink("/proc/1067/fd/34", "/data/app/com.facemovegold-1.apk", 120) = 32
19:04:04.017406,1067,open("/data/app/com.facemovegold-1.apk", O_RDONLY) = 35
19:04:04.018173,1067,lseek(35, 0, SEEK_END) = 7511074
19:04:04.018744,1067,mmap2(NULL, 69632, PROT_READ|PROT_WRITE, MAP_PRIVATE|MAP_ANONYMOUS, -1, 0) = 0xacd5b000
19:04:04.032248,1067,madvise(0xacd5b000, 69632, 0xc /* MADV_??? */) = -1 EINVAL (Invalid argument)
19:04:04.032890,1067,lseek(35, 7445517, SEEK_SET) = 7445517
19:04:04.033480,1067,read(35, "\n]+© áRTÚFõx£\222ÆßP\222LÞ07\231´!_C\177è~ëy"..., 65557) = 65557
19:04:04.034606,1067,mmap2(NULL, 11276, PROT_READ, MAP_SHARED, 35, 0x727) = 0xacd58000
19:04:04.035194,1067,munmap(0xacd5b000, 69632) = 0
19:04:04.036070,1067,fcntl64(35, F_GETFD) = 0
19:04:04.036652,1067,fcntl64(35, F_SETFD, FD_CLOEXEC) = 0
19:04:04.037451,1067,open("/data/app/com.facemovegold-1.odex", O_RDONLY) = -1 ENOENT (No such file or directory)
19:04:04.050403,1067,open("/data/dalvik-cache/data@app@com.facemovegold-1.apk@classes.dex", O_RDWR|O_CREAT, 0644) = -1 EACCES (Permission denied)
19:04:04.051604,1067,open("/data/dalvik-cache/data@app@com.facemovegold-1.apk@classes.dex", O_RDONLY) = 36
19:04:04.052468,1067,flock(36, LOCK_EX|LOCK_NB) = 0
19:04:04.053237,1067,fstat64(36, {st_mode=S_IFREG|0644, st_size=1689528, ...}) = 0
19:04:04.054252,1067,stat64("/data/dalvik-cache/data@app@com.facemovegold-1.apk@classes.dex", {st_mode=S_IFREG|0644, st_size=1689528, ...}) = 0
19:04:04.055938,1067,lseek(36, 0, SEEK_SET) = 0
19:04:04.056596,1067,read(36, "dey\n036\0(\0\0\0 \5\31\0È\5\31\0Ö\1\0\0 \7\31\0\30À\0\0"..., 40) = 40
19:04:04.057352,1067,lseek(36, 1639880, SEEK_SET) = 1639880
19:04:04.057903,1067,read(36, "\212\202ý@PWèá\34\0\0\0\10\0\0\0\34\0\0\0/system/fram"..., 470) = 470
19:04:04.058967,1067,lseek(36, 0, SEEK_SET) = 0
19:04:04.059461,1067,lseek(36, 0, SEEK_CUR) = 0
19:04:04.059983,1067,lseek(36, 0, SEEK_END) = 1689528
19:04:04.070054,1067,lseek(36, 0, SEEK_SET) = 0
19:04:04.070643,1067,mmap2(NULL, 1689528, PROT_READ|PROT_WRITE, MAP_PRIVATE, 36, 0) = 0xacbbb000
19:04:04.071240,1067,madvise(0xacbbb000, 1689528, 0xc /* MADV_??? */) = -1 EINVAL (Invalid argument)
19:04:04.071779,1067,mprotect(0xacbbb000, 1689528, PROT_READ) = 0
19:04:04.072546,1067,open("/dev/ashmem", O_RDWR) = 37
19:04:04.073201,1067,ioctl(37, 0x41007701, 0xbee5b254) = 0
19:04:04.073742,1067,ioctl(37, 0x40047703, 0x21000) = 0
19:04:04.074229,1067,mmap2(NULL, 135168, PROT_READ|PROT_WRITE, MAP_PRIVATE, 37, 0) = 0xacb9a000
19:04:04.075064,1067,madvise(0xacb9a000, 135168, 0xc /* MADV_??? */) = -1 EINVAL (Invalid argument)
19:04:04.075687,1067,close(37) = 0
19:04:04.076352,1067,flock(36, LOCK_UN) = 0
19:04:04.076958,1067,close(36) = 0
19:04:04.078301,1067,access("/data/data/com.facemovegold/lib", F_OK) = 0
19:04:04.098726,1067,access("/data/data/com.facemovegold/lib", R_OK) = 0
19:04:04.110245,1067,stat64("/data/data/com.facemovegold/lib", {st_mode=S_IFDIR|0755, st_size=4096, ...}) = 0
19:04:04.112647,1067,access("/vendor/lib", F_OK) = -1 ENOENT (No such file or directory)
19:04:04.113483,1067,access("/system/lib", F_OK) = 0
19:04:04.114163,1067,access("/system/lib", R_OK) = 0
19:04:04.114821,1067,stat64("/system/lib", {st_mode=S_IFDIR|0755, st_size=8192, ...}) = 0
19:04:04.116606,1067,getuid32() = 10050
19:04:04.117328,1067,getpid() = 1067
19:04:04.117859,1067,gettid() = 1067
19:04:04.118311,1067,clock_gettime(CLOCK_MONOTONIC, {131, 30407555}) = 0
19:04:04.118879,1067,ioctl(9, 0xc0186201, 0xbee5b1f0) = 0
19:04:04.131330,1067,ioctl(9, 0xc0186201, 0xbee5b1f0) = 0
19:04:04.131899,1067,clock_gettime(CLOCK_MONOTONIC, {131, 43958476}) = 0
19:04:04.136001,1067,gettimeofday({1726081444, 136288}, NULL) = 0
19:04:04.137336,1067,getpid() = 1067
19:04:04.137915,1067,getuid32() = 10050
19:04:04.138407,1067,epoll_wait(0x1e, 0xbee5b1f8, 0x10, 0) = 0
19:04:04.139138,1067,clock_gettime(CLOCK_MONOTONIC, {131, 51168497}) = 0
19:04:04.149361,1067,stat64("/system/framework/framework-res.apk", {st_mode=S_IFREG|0644, st_size=8749696, ...}) = 0
19:04:04.151388,1067,stat64("/data/app/com.facemovegold-1.apk", {st_mode=S_IFREG|0644, st_size=7511074, ...}) = 0
19:04:04.156955,1067,access("/data/data/com.facemovegold/lib/libgdx.so", F_OK) = 0
19:04:04.157829,1067,stat64("/data/data/com.facemovegold/lib/libgdx.so", {st_mode=S_IFREG|0755, st_size=285908, ...}) = 0
19:04:04.180474,1067,access("/data/data/com.facemovegold/lib/libgdx.so", R_OK) = 0
19:04:04.181493,1067,writev(3, [{"\3", 1}, {"dalvikvm\0", 9}, {"Trying to load lib /data/data/co"..., 72}], 3) = 82
19:04:04.182681,1067,writev(3, [{"\5", 1}, {"dalvikvm\0", 9}, {"Denying lib /data/data/com.facem"..., 78}], 3) = 88
19:04:04.184098,1067,writev(3, [{"\5", 1}, {"dalvikvm\0", 9}, {"Exception Ljava/lang/Unsatisfied"..., 91}], 3) = 101
19:04:04.187842,1067,writev(3, [{"\5", 1}, {"dalvikvm\0", 9}, {"Class init failed in newInstance"..., 62}], 3) = 72
19:04:04.193248,1067,writev(3, [{"\3", 1}, {"AndroidRuntime\0", 15}, {"Shutting down VM\n\0", 18}], 3) = 34
19:04:04.195802,1067,writev(3, [{"\5", 1}, {"dalvikvm\0", 9}, {"threadid=1: thread exiting with "..., 70}], 3) = 80
19:04:04.216109,1067,writev(6, [{"\6", 1}, {"AndroidRuntime\0", 15}, {"FATAL EXCEPTION: main\njava.lang."..., 1227}], 3) = 1243
19:04:04.222085,1067,getpid() = 1067
19:04:04.222603,1067,gettid() = 1067
19:04:04.225222,1067,clock_gettime(CLOCK_MONOTONIC, {131, 137320864}) = 0
19:04:04.225828,1067,ioctl(9, 0xc0186201, 0xbee5b530) = 0
19:04:04.229937,1067,ioctl(9, 0xc0186201 <unfinished ...>
19:04:04.282324,1081,<... ioctl resumed> , 0xace79e28) = 0
19:04:04.282709,1081,write(24, "1081", 4) = 4
19:04:04.283242,1081,getpriority(PRIO_PROCESS, 1081) = 20
19:04:04.284158,1081,clock_gettime(CLOCK_MONOTONIC, {131, 196219333}) = 0
19:04:04.284805,1081,write(24, "1081", 4) = 4
19:04:04.285311,1081,ioctl(9, 0xc0186201 <unfinished ...>
19:04:04.290817,1067,<... ioctl resumed> , 0xbee5b530) = 0
19:04:04.291170,1067,clock_gettime(CLOCK_MONOTONIC, {131, 203233536}) = 0
19:04:04.291907,1067,getpid() = 1067
19:04:04.292571,1067,writev(3, [{"\4", 1}, {"Process\0", 8}, {"Sending signal. PID: 1067 SIG: 9"..., 33}], 3) = 42
19:04:04.293725,1067,kill(1067, SIGKILL <unfinished ...>
19:04:04.295965,1070,+++ killed by SIGKILL +++
19:04:04.296465,1072,+++ killed by SIGKILL +++
19:04:04.296821,1073,+++ killed by SIGKILL +++
19:04:04.297171,1076,+++ killed by SIGKILL +++
19:04:04.297554,1077,+++ killed by SIGKILL +++
19:04:04.297862,1078,+++ killed by SIGKILL +++
19:04:04.298164,1080,+++ killed by SIGKILL +++
19:04:04.352934,1081,+++ killed by SIGKILL +++
19:04:04.353334,1067,+++ killed by SIGKILL +++
19:04:04.354060,60,<... select resumed> ) = ? ERESTARTNOHAND (To be restarted)
19:04:04.355370,60,--- {si_signo=SIGCHLD, si_code=CLD_KILLED, si_pid=1067, si_status=SIGKILL, si_utime=9, si_stime=14} (Child exited) ---
19:04:04.356200,60,wait4(-1, [{WIFSIGNALED(s) && WTERMSIG(s) == SIGKILL}], WNOHANG, NULL) = 1067
19:04:04.357245,60,wait4(-1, 0xbee5b2dc, WNOHANG, NULL) = 0
19:04:04.357778,60,sigreturn() = ? (mask now [INT FPE KILL ALRM STKFLT CHLD XCPU VTALRM PROF IO PWR RTMIN])
19:04:04.372550,60,select(24, [9 23], NULL, NULL, NULL) = ? ERESTARTNOHAND (To be restarted)
19:04:23.293483,60,--- {si_signo=SIGCHLD, si_code=CLD_KILLED, si_pid=558, si_status=SIGKILL, si_utime=14, si_stime=7} (Child exited) ---
19:04:23.293812,60,wait4(-1, [{WIFSIGNALED(s) && WTERMSIG(s) == SIGKILL}], WNOHANG, NULL) = 558
19:04:23.294434,60,wait4(-1, 0xbee5b2dc, WNOHANG, NULL) = 0
19:04:23.294862,60,sigreturn() = ? (mask now [INT FPE KILL ALRM STKFLT CHLD XCPU VTALRM PROF IO PWR RTMIN])
19:04:23.300743,60,select(24, [9 23], NULL, NULL, NULL) = ? ERESTARTNOHAND (To be restarted)
19:04:24.665717,60,--- {si_signo=SIGCHLD, si_code=CLD_KILLED, si_pid=760, si_status=SIGKILL, si_utime=33, si_stime=13} (Child exited) ---
19:04:24.666067,60,wait4(-1, [{WIFSIGNALED(s) && WTERMSIG(s) == SIGKILL}], WNOHANG, NULL) = 760
19:04:24.666689,60,wait4(-1, 0xbee5b2dc, WNOHANG, NULL) = 0
19:04:24.667114,60,sigreturn() = ? (mask now [INT FPE KILL ALRM STKFLT CHLD XCPU VTALRM PROF IO PWR RTMIN])
19:04:24.668056,60,select(24, [9 23], NULL, NULL, NULL