16:01:43.017661,1004,futex(0xb7a78f18, FUTEX_WAIT_PRIVATE, 0, NULL <unfinished ...>
16:01:43.068020,1003,futex(0xb7a75830, FUTEX_WAIT_PRIVATE, 0, NULL <unfinished ...>
16:01:43.068703,1002,futex(0xb7a70be0, FUTEX_WAIT_PRIVATE, 0, NULL <unfinished ...>
16:01:43.069174,60,select(24, [9 23], NULL, NULL, NULL) = 1 (in [23])
16:01:46.821704,60,ioctl(23, FIONREAD, [164]) = 0
16:01:46.823145,60,recvmsg(23, {msg_name(0)=NULL, msg_iov(1)=[{"7\n--runtime-init\n--setuid=10050\n"..., 4217}], msg_controllen=0, msg_flags=0}, MSG_NOSIGNAL) = 164
16:01:46.825419,60,ioctl(23, FIONREAD, [0]) = 0
16:01:46.827057,60,futex(0xb7a70be0, FUTEX_WAKE_PRIVATE, 1 <unfinished ...>
16:01:46.827403,1002,<... futex resumed> ) = 0
16:01:46.827761,1002,futex(0xb7a70bd0, FUTEX_WAIT_PRIVATE, 2, NULL <unfinished ...>
16:01:46.828021,60,<... futex resumed> ) = 1
16:01:46.828302,60,futex(0xb7a70bd0, FUTEX_WAKE_PRIVATE, 1 <unfinished ...>
16:01:46.828570,1002,<... futex resumed> ) = 0
16:01:46.828941,1002,futex(0xb7a70bd0, FUTEX_WAKE_PRIVATE, 1) = 0
16:01:46.832089,1002,futex(0xb687657c, FUTEX_WAIT_PRIVATE, 2, NULL <unfinished ...>
16:01:46.833408,60,<... futex resumed> ) = 1
16:01:46.833888,60,futex(0xb687657c, FUTEX_WAKE_PRIVATE, 1 <unfinished ...>
16:01:46.834677,1002,<... futex resumed> ) = 0
16:01:46.835112,1002,futex(0xb687657c, FUTEX_WAKE_PRIVATE, 1) = 0
16:01:46.836268,1002,munmap(0xb0ee2000, 32768) = 0
16:01:46.837618,1002,sigprocmask(SIG_SETMASK, ~[SEGV], NULL) = 0
16:01:46.841678,1002,munmap(0xaf479000, 1048576) = 0
16:01:46.842258,1002,exit(0) = ?
16:01:46.846512,60,<... futex resumed> ) = 1
16:01:46.846872,60,futex(0xb7a75830, FUTEX_WAKE_PRIVATE, 1 <unfinished ...>
16:01:46.847160,1003,<... futex resumed> ) = 0
16:01:46.847409,1003,futex(0xb7a75820, FUTEX_WAIT_PRIVATE, 2, NULL <unfinished ...>
16:01:46.847646,60,<... futex resumed> ) = 1
16:01:46.847931,60,futex(0xb7a75820, FUTEX_WAKE_PRIVATE, 1 <unfinished ...>
16:01:46.848174,1003,<... futex resumed> ) = 0
16:01:46.848417,1003,futex(0xb7a75820, FUTEX_WAKE_PRIVATE, 1) = 0
16:01:46.849026,1003,futex(0xb687657c, FUTEX_WAIT_PRIVATE, 2, NULL <unfinished ...>
16:01:46.849245,60,<... futex resumed> ) = 1
16:01:46.859810,60,futex(0xb687657c, FUTEX_WAKE_PRIVATE, 1 <unfinished ...>
16:01:46.860136,1003,<... futex resumed> ) = 0
16:01:46.860394,1003,futex(0xb687657c, FUTEX_WAKE_PRIVATE, 1) = 0
16:01:46.860839,1003,munmap(0xaf471000, 32768) = 0
16:01:46.861272,1003,sigprocmask(SIG_SETMASK, ~[SEGV], NULL) = 0
16:01:46.861834,1003,munmap(0xaf371000, 1048576) = 0
16:01:46.862295,1003,exit(0) = ?
16:01:46.863952,60,<... futex resumed> ) = 1
16:01:46.865770,60,futex(0xb7a78f18, FUTEX_WAKE_PRIVATE, 1 <unfinished ...>
16:01:46.866063,1004,<... futex resumed> ) = 0
16:01:46.867176,1004,futex(0xb7a78f08, FUTEX_WAIT_PRIVATE, 2, NULL <unfinished ...>
16:01:46.867402,60,<... futex resumed> ) = 1
16:01:46.867644,60,futex(0xb7a78f08, FUTEX_WAKE_PRIVATE, 1 <unfinished ...>
16:01:46.867944,1004,<... futex resumed> ) = 0
16:01:46.868187,1004,futex(0xb7a78f08, FUTEX_WAKE_PRIVATE, 1) = 0
16:01:46.868761,1004,futex(0xb687657c, FUTEX_WAIT_PRIVATE, 2, NULL <unfinished ...>
16:01:46.869007,60,<... futex resumed> ) = 1
16:01:46.869306,60,futex(0xb687657c, FUTEX_WAKE_PRIVATE, 1 <unfinished ...>
16:01:46.869536,1004,<... futex resumed> ) = 0
16:01:46.869834,1004,futex(0xb687657c, FUTEX_WAKE_PRIVATE, 1) = 0
16:01:46.870201,1004,munmap(0xaf369000, 32768) = 0
16:01:46.870632,1004,sigprocmask(SIG_SETMASK, ~[SEGV], NULL) = 0
16:01:46.882191,1004,munmap(0xaf269000, 1048576) = 0
16:01:46.882629,1004,exit(0) = ?
16:01:46.884214,60,<... futex resumed> ) = 1
16:01:46.886571,60,open("/proc/self/task", O_RDONLY|O_DIRECTORY) = 24
16:01:46.888710,60,getdents64(24, /* 3 entries */, 4200) = 72
16:01:46.902098,60,getdents64(24, /* 0 entries */, 4200) = 0
16:01:46.902529,60,close(24) = 0
16:01:46.903209,60,sigaction(SIGCHLD, {0xb682e3dd, [], 0}, NULL, 0) = 0
16:01:46.904241,60,fork( <unfinished ...>
16:01:46.916413,1039,gettid() = 1039
16:01:46.919719,1039,getuid32() = 0
16:01:46.920601,1039,open("/acct/uid/0/tasks", O_RDWR|O_CREAT, 0666) = 24
16:01:46.931294,1039,write(24, "0", 1) = 1
16:01:46.931895,1039,close(24) = 0
16:01:46.932494,1039,prctl(PR_SET_KEEPCAPS, 1) = 0
16:01:46.933214,1039,setgroups32(2, [3003, 1028]) = 0
16:01:46.934182,1039,setgid32(10050) = 0
16:01:46.934668,1039,open("/acct/uid/10050/tasks", O_RDWR|O_CREAT, 0666) = 24
16:01:46.935296,1039,write(24, "0", 1) = 1
16:01:46.935753,1039,close(24) = 0
16:01:46.936175,1039,setuid32(10050) = 0
16:01:46.936708,1039,personality(0xffffffff /* PER_??? */) = 8388608
16:01:46.937239,1039,personality(0x840000 /* PER_??? */) = 8388608
16:01:46.937624,1039,capset(0xbec1e794, 0xbec1e7a4) = 0
16:01:46.938169,1039,gettid() = 1039
16:01:46.939214,1039,access("/dev/cpuctl/tasks", F_OK) = 0
16:01:46.943018,1039,open("/dev/cpuctl/apps/tasks", O_WRONLY) = 24
16:01:46.945105,1039,open("/dev/cpuctl/apps/bg_non_interactive/tasks", O_WRONLY) = 25
16:01:46.950171,1039,futex(0xb6ecb29c, FUTEX_WAKE_PRIVATE, 2147483647) = 0
16:01:46.950684,1039,write(24, "1039", 4) = 4
16:01:46.951199,60,<... fork resumed> ) = 1039
16:01:46.952871,60,mmap2(NULL, 32768, PROT_READ|PROT_WRITE, MAP_PRIVATE|MAP_ANONYMOUS, -1, 0) = 0xb0ee2000
16:01:46.953568,60,madvise(0xb0ee2000, 32768, 0xc /* MADV_??? */) = -1 EINVAL (Invalid argument)
16:01:46.954517,60,mmap2(NULL, 1048576, PROT_READ|PROT_WRITE, MAP_PRIVATE|MAP_ANONYMOUS|MAP_NORESERVE, -1, 0) = 0xaf479000
16:01:46.955027,60,madvise(0xaf479000, 1048576, 0xc /* MADV_??? */) = -1 EINVAL (Invalid argument)
16:01:46.955422,60,mprotect(0xaf479000, 4096, PROT_NONE) = 0
16:01:46.955954,60,clone(child_stack=0xaf578f00, flags=CLONE_VM|CLONE_FS|CLONE_FILES|CLONE_SIGHAND|CLONE_THREAD|CLONE_SYSVSEM|0x400000) = 1040
16:01:46.961529,60,futex(0xb6876580, FUTEX_WAIT_PRIVATE, -324, NULL <unfinished ...>
16:01:46.962198,1040,set_tls(0xaf578f00, 0xb7a2fbf0, 0xaf578ffc, 0x40, 0xaf578f00) = 0
16:01:46.962921,1040,prctl(PR_SET_NAME, 0xaf578e8c, 0, 0, 0) = 0
16:01:46.963442,1040,gettid() = 1040
16:01:46.964214,1040,futex(0xb6876580, FUTEX_WAKE_PRIVATE, 2147483647 <unfinished ...>
16:01:46.964488,60,<... futex resumed> ) = 0
16:01:46.964769,60,futex(0xb687657c, FUTEX_WAIT_PRIVATE, 2, NULL <unfinished ...>
16:01:46.965094,1040,<... futex resumed> ) = 1
16:01:46.965343,1040,futex(0xb687657c, FUTEX_WAKE_PRIVATE, 1 <unfinished ...>
16:01:46.965580,60,<... futex resumed> ) = 0
16:01:46.965877,60,futex(0xb687657c, FUTEX_WAKE_PRIVATE, 1) = 0
16:01:46.966311,60,futex(0xb6876580, FUTEX_WAKE_PRIVATE, 2147483647) = 0
16:01:46.967036,60,mmap2(NULL, 32768, PROT_READ|PROT_WRITE, MAP_PRIVATE|MAP_ANONYMOUS, -1, 0) = 0xaf471000
16:01:46.967467,60,madvise(0xaf471000, 32768, 0xc /* MADV_??? */) = -1 EINVAL (Invalid argument)
16:01:46.967997,60,mmap2(NULL, 1048576, PROT_READ|PROT_WRITE, MAP_PRIVATE|MAP_ANONYMOUS|MAP_NORESERVE, -1, 0) = 0xaf371000
16:01:46.968419,60,madvise(0xaf371000, 1048576, 0xc /* MADV_??? */) = -1 EINVAL (Invalid argument)
16:01:46.968916,60,mprotect(0xaf371000, 4096, PROT_NONE) = 0
16:01:46.969358,60,clone(child_stack=0xaf470f00, flags=CLONE_VM|CLONE_FS|CLONE_FILES|CLONE_SIGHAND|CLONE_THREAD|CLONE_SYSVSEM|0x400000) = 1041
16:01:46.981286,1041,set_tls(0xaf470f00, 0xb7a3bd40, 0xaf470ffc, 0x40, 0xaf470f00) = 0
16:01:46.981863,1041,prctl(PR_SET_NAME, 0xaf470e8c, 0, 0, 0) = 0
16:01:46.982272,1041,gettid() = 1041
16:01:46.982713,1041,futex(0xb6876580, FUTEX_WAKE_PRIVATE, 2147483647) = 0
16:01:46.983125,1041,futex(0xb6876580, FUTEX_WAIT_PRIVATE, -330, NULL <unfinished ...>
16:01:46.983347,1040,<... futex resumed> ) = 1
16:01:46.983632,1040,futex(0xb6876580, FUTEX_WAIT_PRIVATE, -326, NULL) = -1 EAGAIN (Try again)
16:01:46.984104,1040,getpriority(PRIO_PROCESS, 1040) = 20
16:01:46.984635,1040,setpriority(PRIO_PROCESS, 1040, 0) = 0
16:01:46.985443,1040,futex(0xb7a70be0, FUTEX_WAIT_PRIVATE, 0, NULL <unfinished ...>
16:01:46.986199,1039,gettid( <unfinished ...>
16:01:46.986788,60,futex(0xb6876580, FUTEX_WAIT_PRIVATE, -328, NULL) = -1 EAGAIN (Try again)
16:01:46.987241,60,futex(0xb6876580, FUTEX_WAKE_PRIVATE, 2147483647 <unfinished ...>
16:01:46.987505,1041,<... futex resumed> ) = 0
16:01:46.987859,1041,futex(0xb687657c, FUTEX_WAIT_PRIVATE, 2, NULL <unfinished ...>
16:01:46.988065,60,<... futex resumed> ) = 1
16:01:46.988294,60,futex(0xb687657c, FUTEX_WAKE_PRIVATE, 1 <unfinished ...>
16:01:46.988580,1041,<... futex resumed> ) = 0
16:01:46.988888,1041,futex(0xb687657c, FUTEX_WAKE_PRIVATE, 1) = 0
16:01:46.989339,1041,getpriority(PRIO_PROCESS, 1041) = 20
16:01:46.989704,1041,setpriority(PRIO_PROCESS, 1041, 0) = 0
16:01:46.990293,60,<... futex resumed> ) = 1
16:01:46.990803,60,mmap2(NULL, 32768, PROT_READ|PROT_WRITE, MAP_PRIVATE|MAP_ANONYMOUS, -1, 0) = 0xaf369000
16:01:46.991343,60,madvise(0xaf369000, 32768, 0xc /* MADV_??? */) = -1 EINVAL (Invalid argument)
16:01:46.991781,60,mmap2(NULL, 1048576, PROT_READ|PROT_WRITE, MAP_PRIVATE|MAP_ANONYMOUS|MAP_NORESERVE, -1, 0) = 0xaf269000
16:01:46.992225,60,madvise(0xaf269000, 1048576, 0xc /* MADV_??? */) = -1 EINVAL (Invalid argument)
16:01:46.992620,60,mprotect(0xaf269000, 4096, PROT_NONE) = 0
16:01:46.993478,60,clone(child_stack=0xaf368f00, flags=CLONE_VM|CLONE_FS|CLONE_FILES|CLONE_SIGHAND|CLONE_THREAD|CLONE_SYSVSEM|0x400000) = 1042
16:01:46.995402,60,futex(0xb6876580, FUTEX_WAIT_PRIVATE, -332, NULL <unfinished ...>
16:01:46.995857,1042,set_tls(0xaf368f00, 0xb795e548, 0xaf368ffc, 0x40, 0xaf368f00) = 0
16:01:46.999076,1042,prctl(PR_SET_NAME, 0xaf368e8c, 0, 0, 0) = 0
16:01:46.999524,1042,gettid() = 1042
16:01:47.012285,1042,futex(0xb6876580, FUTEX_WAKE_PRIVATE, 2147483647) = 1
16:01:47.012987,1042,futex(0xb6876580, FUTEX_WAIT_PRIVATE, -334, NULL <unfinished ...>
16:01:47.013223,1041,futex(0xb7a75830, FUTEX_WAIT_PRIVATE, 0, NULL <unfinished ...>
16:01:47.013467,1039,<... gettid resumed> ) = 1039
16:01:47.013684,60,<... futex resumed> ) = 0
16:01:47.013993,60,futex(0xb6876580, FUTEX_WAKE_PRIVATE, 2147483647 <unfinished ...>
16:01:47.014247,1042,<... futex resumed> ) = 0
16:01:47.014599,1042,futex(0xb687657c, FUTEX_WAIT_PRIVATE, 2, NULL <unfinished ...>
16:01:47.014891,60,<... futex resumed> ) = 1
16:01:47.015131,60,futex(0xb687657c, FUTEX_WAKE_PRIVATE, 1 <unfinished ...>
16:01:47.015367,1042,<... futex resumed> ) = 0
16:01:47.015604,1042,futex(0xb687657c, FUTEX_WAKE_PRIVATE, 1) = 0
16:01:47.016076,1042,getpriority(PRIO_PROCESS, 1042) = 20
16:01:47.016533,1042,setpriority(PRIO_PROCESS, 1042, 0) = 0
16:01:47.017073,1042,futex(0xb793f450, FUTEX_WAIT_PRIVATE, 2, NULL <unfinished ...>
16:01:47.017278,60,<... futex resumed> ) = 1
16:01:47.017534,60,futex(0xb793f450, FUTEX_WAKE_PRIVATE, 1 <unfinished ...>
16:01:47.017840,1042,<... futex resumed> ) = 0
16:01:47.018112,1042,futex(0xb793f450, FUTEX_WAKE_PRIVATE, 1) = 0
16:01:47.018533,1042,futex(0xb7a78f18, FUTEX_WAIT_PRIVATE, 0, NULL <unfinished ...>
16:01:47.018795,60,<... futex resumed> ) = 1
16:01:47.019325,60,getpgid(0xe7) = 60
16:01:47.019894,60,setpgid(1039, 60) = 0
16:01:47.020833,60,sendmsg(23, {msg_name(0)=NULL, msg_iov(1)=[{"\0\0\4\17", 4}], msg_controllen=0, msg_flags=0}, MSG_NOSIGNAL) = 4
16:01:47.021976,60,sendmsg(23, {msg_name(0)=NULL, msg_iov(1)=[{"\0", 1}], msg_controllen=0, msg_flags=0}, MSG_NOSIGNAL) = 1
16:01:47.022860,60,select(24, [9 23], NULL, NULL, NULL <unfinished ...>
16:01:47.023295,1039,prctl(PR_SET_DUMPABLE, 1) = 0
16:01:47.024850,1039,setrlimit(RLIMIT_CORE, {rlim_cur=0, rlim_max=RLIM64_INFINITY}) = 0
16:01:47.025560,1039,sigaction(SIGCHLD, {SIG_DFL, , NULL, 0) = 0
16:01:47.026263,1039,clock_gettime(CLOCK_MONOTONIC, {136, 37130165}) = 0
16:01:47.028024,1039,mmap2(NULL, 1048576, PROT_READ|PROT_WRITE, MAP_PRIVATE|MAP_ANONYMOUS|MAP_NORESERVE, -1, 0) = 0xaf479000
16:01:47.028530,1039,madvise(0xaf479000, 1048576, 0xc /* MADV_??? */) = -1 EINVAL (Invalid argument)
16:01:47.029087,1039,mprotect(0xaf479000, 4096, PROT_NONE) = 0
16:01:47.029599,1039,clone(child_stack=0xaf578f00, flags=CLONE_VM|CLONE_FS|CLONE_FILES|CLONE_SIGHAND|CLONE_THREAD|CLONE_SYSVSEM|0x400000) = 1043
16:01:47.034852,1039,futex(0xb6876580, FUTEX_WAIT_PRIVATE, -324, NULL <unfinished ...>
16:01:47.050880,1043,set_tls(0xaf578f00, 0xb7a2fbf0, 0xaf578ffc, 0x40, 0xaf578f00) = 0
16:01:47.051416,1043,prctl(PR_SET_NAME, 0xaf578eac, 0, 0, 0) = 0
16:01:47.052165,1043,mmap2(NULL, 32768, PROT_READ|PROT_WRITE, MAP_PRIVATE|MAP_ANONYMOUS, -1, 0) = 0xaf471000
16:01:47.052656,1043,madvise(0xaf471000, 32768, 0xc /* MADV_??? */) = -1 EINVAL (Invalid argument)
16:01:47.053442,1043,gettid() = 1043
16:01:47.055177,1043,getpriority(PRIO_PROCESS, 0) = 20
16:01:47.056610,1043,futex(0xb6876580, FUTEX_WAKE_PRIVATE, 2147483647 <unfinished ...>
16:01:47.056961,1039,<... futex resumed> ) = 0
16:01:47.057285,1039,futex(0xb687657c, FUTEX_WAIT_PRIVATE, 2, NULL <unfinished ...>
16:01:47.057562,1043,<... futex resumed> ) = 1
16:01:47.057884,1043,futex(0xb687657c, FUTEX_WAKE_PRIVATE, 1 <unfinished ...>
16:01:47.058148,1039,<... futex resumed> ) = 0
16:01:47.058454,1039,futex(0xb687657c, FUTEX_WAKE_PRIVATE, 1) = 0
16:01:47.059060,1039,clock_gettime(CLOCK_MONOTONIC, {136, 69855336}) = 0
16:01:47.059619,1039,clock_gettime(CLOCK_MONOTONIC, {136, 70471115}) = 0
16:01:47.081520,1043,<... futex resumed> ) = 1
16:01:47.082417,1039,mmap2(NULL, 1048576, PROT_READ|PROT_WRITE, MAP_PRIVATE|MAP_ANONYMOUS|MAP_NORESERVE, -1, 0 <unfinished ...>
16:01:47.082811,1043,futex(0xb79409a8, FUTEX_WAIT_PRIVATE, 0, NULL <unfinished ...>
16:01:47.084266,1039,<... mmap2 resumed> ) = 0xaf371000
16:01:47.088888,1039,madvise(0xaf371000, 1048576, 0xc /* MADV_??? */) = -1 EINVAL (Invalid argument)
16:01:47.099570,1039,mprotect(0xaf371000, 4096, PROT_NONE) = 0
16:01:47.102672,1039,clone(child_stack=0xaf470f00, flags=CLONE_VM|CLONE_FS|CLONE_FILES|CLONE_SIGHAND|CLONE_THREAD|CLONE_SYSVSEM|0x400000) = 1044
16:01:47.122511,1039,futex(0xb6876580, FUTEX_WAIT_PRIVATE, -326, NULL <unfinished ...>
16:01:47.156290,1044,set_tls(0xaf470f00, 0xb7a3bd40, 0xaf470ffc, 0x40, 0xaf470f00) = 0
16:01:47.156895,1044,prctl(PR_SET_NAME, 0xaf470eac, 0, 0, 0) = 0
16:01:47.157393,1044,mmap2(NULL, 32768, PROT_READ|PROT_WRITE, MAP_PRIVATE|MAP_ANONYMOUS, -1, 0) = 0xaf369000
16:01:47.157985,1044,madvise(0xaf369000, 32768, 0xc /* MADV_??? */) = -1 EINVAL (Invalid argument)
16:01:47.158422,1044,gettid() = 1044
16:01:47.159198,1044,getpriority(PRIO_PROCESS, 0) = 20
16:01:47.159866,1044,futex(0xb6876580, FUTEX_WAKE_PRIVATE, 2147483647 <unfinished ...>
16:01:47.160161,1039,<... futex resumed> ) = 0
16:01:47.160438,1039,futex(0xb687657c, FUTEX_WAIT_PRIVATE, 2, NULL <unfinished ...>
16:01:47.160701,1044,<... futex resumed> ) = 1
16:01:47.161025,1044,futex(0xb687657c, FUTEX_WAKE_PRIVATE, 1) = 1
16:01:47.161780,1044,rt_sigtimedwait([QUIT USR1 RT_7 RT_13 RT_15 RT_18 RT_19 RT_20 RT_21 RT_22 RT_23 RT_24 RT_26 RT_27 RT_29 RT_30], NULL, NULL, 8 <unfinished ...>
16:01:47.176302,1039,<... futex resumed> ) = 0
16:01:47.176669,1039,futex(0xb687657c, FUTEX_WAKE_PRIVATE, 1) = 0
16:01:47.177215,1039,clock_gettime(CLOCK_MONOTONIC, {136, 188139278}) = 0
16:01:47.177996,1039,clock_gettime(CLOCK_MONOTONIC, {136, 188801049}) = 0
16:01:47.179029,1039,mmap2(NULL, 1048576, PROT_READ|PROT_WRITE, MAP_PRIVATE|MAP_ANONYMOUS|MAP_NORESERVE, -1, 0) = 0xaf269000
16:01:47.179560,1039,madvise(0xaf269000, 1048576, 0xc /* MADV_??? */) = -1 EINVAL (Invalid argument)
16:01:47.250544,1039,mprotect(0xaf269000, 4096, PROT_NONE) = 0
16:01:47.251262,1039,clone(child_stack=0xaf368f00, flags=CLONE_VM|CLONE_FS|CLONE_FILES|CLONE_SIGHAND|CLONE_THREAD|CLONE_SYSVSEM|0x400000) = 1046
16:01:47.254887,1039,futex(0xb6876580, FUTEX_WAIT_PRIVATE, -328, NULL <unfinished ...>
16:01:47.260362,1046,set_tls(0xaf368f00, 0xb795e548, 0xaf368ffc, 0x40, 0xaf368f00) = 0
16:01:47.260911,1046,prctl(PR_SET_NAME, 0xaf368eac, 0, 0, 0) = 0
16:01:47.261862,1046,mmap2(NULL, 32768, PROT_READ|PROT_WRITE, MAP_PRIVATE|MAP_ANONYMOUS, -1, 0) = 0xaf261000
16:01:47.262344,1046,madvise(0xaf261000, 32768, 0xc /* MADV_??? */) = -1 EINVAL (Invalid argument)
16:01:47.262884,1046,gettid() = 1046
16:01:47.263487,1046,getpriority(PRIO_PROCESS, 0) = 20
16:01:47.264072,1046,futex(0xb6876580, FUTEX_WAKE_PRIVATE, 2147483647) = 1
16:01:47.264503,1039,<... futex resumed> ) = 0
16:01:47.264823,1039,futex(0xb687657c, FUTEX_WAIT_PRIVATE, 2, NULL <unfinished ...>
16:01:47.265104,1046,futex(0xb687657c, FUTEX_WAKE_PRIVATE, 1) = 1
16:01:47.265965,1039,<... futex resumed> ) = 0
16:01:47.266230,1039,futex(0xb687657c, FUTEX_WAKE_PRIVATE, 1) = 0
16:01:47.266662,1039,futex(0xb7a3387c, FUTEX_WAIT_PRIVATE, 0, NULL <unfinished ...>
16:01:47.267001,1046,futex(0xb7a3387c, FUTEX_WAKE_PRIVATE, 2147483647) = 1
16:01:47.267481,1039,<... futex resumed> ) = 0
16:01:47.267771,1039,futex(0xb7a33878, FUTEX_WAIT_PRIVATE, 2, NULL <unfinished ...>
16:01:47.268077,1046,futex(0xb7a33878, FUTEX_WAKE_PRIVATE, 1) = 1
16:01:47.268617,1039,<... futex resumed> ) = 0
16:01:47.268986,1039,futex(0xb7a33878, FUTEX_WAKE_PRIVATE, 1) = 0
16:01:47.269466,1039,clock_gettime(CLOCK_MONOTONIC, {136, 280263115}) = 0
16:01:47.280513,1046,socket(PF_UNIX, SOCK_STREAM, 0 <unfinished ...>
16:01:47.282302,1039,mmap2(NULL, 32768, PROT_READ|PROT_WRITE, MAP_PRIVATE|MAP_ANONYMOUS, -1, 0 <unfinished ...>
16:01:47.282661,1046,<... socket resumed> ) = 26
16:01:47.282998,1039,<... mmap2 resumed> ) = 0xaf259000
16:01:47.283288,1046,pipe( <unfinished ...>
16:01:47.284021,1039,madvise(0xaf259000, 32768, 0xc /* MADV_??? */ <unfinished ...>
16:01:47.284330,1046,<... pipe resumed> [27, 28]) = 0
16:01:47.284689,1039,<... madvise resumed> ) = -1 EINVAL (Invalid argument)
16:01:47.285022,1046,getpid( <unfinished ...>
16:01:47.285431,1039,mmap2(NULL, 1048576, PROT_READ|PROT_WRITE, MAP_PRIVATE|MAP_ANONYMOUS|MAP_NORESERVE, -1, 0 <unfinished ...>
16:01:47.285703,1046,<... getpid resumed> ) = 1039
16:01:47.286027,1039,<... mmap2 resumed> ) = 0xad2cc000
16:01:47.286420,1046,connect(26, {sa_family=AF_UNIX, path=@"jdwp-control"...}, 15 <unfinished ...>
16:01:47.287306,1039,madvise(0xad2cc000, 1048576, 0xc /* MADV_??? */) = -1 EINVAL (Invalid argument)
16:01:47.288343,1046,<... connect resumed> ) = 0
16:01:47.288643,1039,mprotect(0xad2cc000, 4096, PROT_NONE <unfinished ...>
16:01:47.289050,1046,getsockopt(26, SOL_SOCKET, SO_PEERCRED, <unfinished ...>
16:01:47.289426,1039,<... mprotect resumed> ) = 0
16:01:47.289708,1046,<... getsockopt resumed> {pid=67, uid=0, gid=0}, [12]) = 0
16:01:47.290312,1039,clone( <unfinished ...>
16:01:47.290620,1046,sendto(26, "040f", 4, 0, NULL, 0 <unfinished ...>
16:01:47.293056,1039,<... clone resumed> child_stack=0xad3cbf00, flags=CLONE_VM|CLONE_FS|CLONE_FILES|CLONE_SIGHAND|CLONE_THREAD|CLONE_SYSVSEM|0x400000) = 1048
16:01:47.293352,1046,<... sendto resumed> ) = 4
16:01:47.293634,1039,futex(0xb6876580, FUTEX_WAIT_PRIVATE, -330, NULL <unfinished ...>
16:01:47.294202,1046,recvmsg(26, <unfinished ...>
16:01:47.302256,1048,set_tls(0xad3cbf00, 0xb795ed38, 0xad3cbffc, 0x40, 0xad3cbf00) = 0
16:01:47.303078,1048,prctl(PR_SET_NAME, 0xad3cbe8c, 0, 0, 0) = 0
16:01:47.303526,1048,gettid() = 1048
16:01:47.304191,1048,futex(0xb6876580, FUTEX_WAKE_PRIVATE, 2147483647 <unfinished ...>
16:01:47.304476,1039,<... futex resumed> ) = 0
16:01:47.304790,1039,futex(0xb687657c, FUTEX_WAIT_PRIVATE, 2, NULL <unfinished ...>
16:01:47.305102,1048,<... futex resumed> ) = 1
16:01:47.305383,1048,futex(0xb687657c, FUTEX_WAKE_PRIVATE, 1 <unfinished ...>
16:01:47.305642,1039,<... futex resumed> ) = 0
16:01:47.305972,1039,futex(0xb687657c, FUTEX_WAKE_PRIVATE, 1) = 0
16:01:47.306407,1039,futex(0xb6876580, FUTEX_WAKE_PRIVATE, 2147483647) = 0
16:01:47.307287,1039,mmap2(NULL, 32768, PROT_READ|PROT_WRITE, MAP_PRIVATE|MAP_ANONYMOUS, -1, 0) = 0xad2c4000
16:01:47.307868,1039,madvise(0xad2c4000, 32768, 0xc /* MADV_??? */) = -1 EINVAL (Invalid argument)
16:01:47.308433,1039,mmap2(NULL, 1048576, PROT_READ|PROT_WRITE, MAP_PRIVATE|MAP_ANONYMOUS|MAP_NORESERVE, -1, 0) = 0xad1c4000
16:01:47.309065,1039,madvise(0xad1c4000, 1048576, 0xc /* MADV_??? */) = -1 EINVAL (Invalid argument)
16:01:47.309976,1039,mprotect(0xad1c4000, 4096, PROT_NONE) = 0
16:01:47.310499,1039,clone(child_stack=0xad2c3f00, flags=CLONE_VM|CLONE_FS|CLONE_FILES|CLONE_SIGHAND|CLONE_THREAD|CLONE_SYSVSEM|0x400000) = 1049
16:01:47.312468,1039,futex(0xb6876580, FUTEX_WAIT_PRIVATE, -334, NULL <unfinished ...>
16:01:47.314429,1048,<... futex resumed> ) = 1
16:01:47.315520,1048,futex(0xb6876580, FUTEX_WAIT_PRIVATE, -332, NULL) = -1 EAGAIN (Try again)
16:01:47.316419,1048,getpriority(PRIO_PROCESS, 1048) = 20
16:01:47.316919,1048,setpriority(PRIO_PROCESS, 1048, 0) = 0
16:01:47.317677,1048,futex(0xb7a3f7c8, FUTEX_WAIT_PRIVATE, 0, NULL <unfinished ...>
16:01:47.318130,1049,set_tls(0xad2c3f00, 0xb7a56c98, 0xad2c3ffc, 0x40, 0xad2c3f00) = 0
16:01:47.318609,1049,prctl(PR_SET_NAME, 0xad2c3e8c, 0, 0, 0) = 0
16:01:47.319117,1049,gettid() = 1049
16:01:47.331007,1049,futex(0xb6876580, FUTEX_WAKE_PRIVATE, 2147483647 <unfinished ...>
16:01:47.332152,1039,<... futex resumed> ) = 0
16:01:47.332494,1039,futex(0xb687657c, FUTEX_WAIT_PRIVATE, 2, NULL <unfinished ...>
16:01:47.332822,1049,<... futex resumed> ) = 1
16:01:47.333087,1049,futex(0xb687657c, FUTEX_WAKE_PRIVATE, 1 <unfinished ...>
16:01:47.333601,1039,<... futex resumed> ) = 0
16:01:47.333959,1039,futex(0xb687657c, FUTEX_WAKE_PRIVATE, 1) = 0
16:01:47.334401,1039,futex(0xb6876580, FUTEX_WAKE_PRIVATE, 2147483647) = 0
16:01:47.335306,1039,mmap2(NULL, 32768, PROT_READ|PROT_WRITE, MAP_PRIVATE|MAP_ANONYMOUS, -1, 0) = 0xad1bc000
16:01:47.335853,1039,madvise(0xad1bc000, 32768, 0xc /* MADV_??? */) = -1 EINVAL (Invalid argument)
16:01:47.336368,1039,mmap2(NULL, 1048576, PROT_READ|PROT_WRITE, MAP_PRIVATE|MAP_ANONYMOUS|MAP_NORESERVE, -1, 0) = 0xad0bc000
16:01:47.336897,1039,madvise(0xad0bc000, 1048576, 0xc /* MADV_??? */) = -1 EINVAL (Invalid argument)
16:01:47.337429,1039,mprotect(0xad0bc000, 4096, PROT_NONE) = 0
16:01:47.338134,1039,clone(child_stack=0xad1bbf00, flags=CLONE_VM|CLONE_FS|CLONE_FILES|CLONE_SIGHAND|CLONE_THREAD|CLONE_SYSVSEM|0x400000) = 1050
16:01:47.339967,1039,futex(0xb6876580, FUTEX_WAIT_PRIVATE, -338, NULL <unfinished ...>
16:01:47.350230,1049,<... futex resumed> ) = 1
16:01:47.351188,1049,futex(0xb6876580, FUTEX_WAIT_PRIVATE, -336, NULL) = -1 EAGAIN (Try again)
16:01:47.351999,1049,getpriority(PRIO_PROCESS, 1049) = 20
16:01:47.352578,1049,setpriority(PRIO_PROCESS, 1049, 0) = 0
16:01:47.353329,1049,futex(0xb7a5a2a0, FUTEX_WAIT_PRIVATE, 0, NULL <unfinished ...>
16:01:47.353665,1050,set_tls(0xad1bbf00, 0xb7a81d98, 0xad1bbffc, 0x40, 0xad1bbf00) = 0
16:01:47.354437,1050,prctl(PR_SET_NAME, 0xad1bbe8c, 0, 0, 0) = 0
16:01:47.357351,1050,gettid() = 1050
16:01:47.358049,1050,futex(0xb6876580, FUTEX_WAKE_PRIVATE, 2147483647) = 1
16:01:47.358537,1039,<... futex resumed> ) = 0
16:01:47.358911,1039,futex(0xb687657c, FUTEX_WAIT_PRIVATE, 2, NULL <unfinished ...>
16:01:47.359258,1050,futex(0xb687657c, FUTEX_WAKE_PRIVATE, 1) = 1
16:01:47.359715,1039,<... futex resumed> ) = 0
16:01:47.360077,1039,futex(0xb687657c, FUTEX_WAKE_PRIVATE, 1) = 0
16:01:47.360565,1039,futex(0xb6876580, FUTEX_WAKE_PRIVATE, 2147483647) = 0
16:01:47.371157,1050,futex(0xb6876580, FUTEX_WAIT_PRIVATE, -340, NULL <unfinished ...>
16:01:47.373437,1039,close(23) = 0
16:01:47.379254,1039,close(9) = 0
16:01:47.380900,1039,open("/dev/binder", O_RDWR <unfinished ...>
16:01:47.390543,1050,<... futex resumed> ) = -1 EAGAIN (Try again)
16:01:47.391126,1039,<... open resumed> ) = 9
16:01:47.391458,1039,fcntl64(9, F_SETFD, FD_CLOEXEC) = 0
16:01:47.392085,1039,ioctl(9, 0xc0046209, 0xbec1e638) = 0
16:01:47.392681,1039,ioctl(9, 0x40046205, 0xbec1e63c) = 0
16:01:47.393180,1039,mmap2(NULL, 1040384, PROT_READ, MAP_PRIVATE|MAP_NORESERVE, 9, 0) = 0xacfbe000
16:01:47.393927,1039,madvise(0xacfbe000, 1040384, 0xc /* MADV_??? */) = -1 EINVAL (Invalid argument)
16:01:47.394470,1039,prctl(PR_SET_NAME, 0xb7a5a371, 0, 0, 0) = 0
16:01:47.395024,1039,open("/sys/qemu_trace/process_name", O_RDWR) = 23
16:01:47.395818,1039,write(23, "com.boxitsoft.gronchoalphastrike"..., 33) = 33
16:01:47.396783,1039,close(23) = 0
16:01:47.399853,1050,getpriority(PRIO_PROCESS, 1050) = 20
16:01:47.400302,1050,setpriority(PRIO_PROCESS, 1050, 0) = 0
16:01:47.400958,1050,futex(0xb7a605f8, FUTEX_WAIT_PRIVATE, 0, NULL <unfinished ...>
16:01:47.589020,1039,mmap2(NULL, 1048576, PROT_READ|PROT_WRITE, MAP_PRIVATE|MAP_ANONYMOUS|MAP_NORESERVE, -1, 0) = 0xacebe000
16:01:47.589860,1039,madvise(0xacebe000, 1048576, 0xc /* MADV_??? */) = -1 EINVAL (Invalid argument)
16:01:47.590353,1039,mprotect(0xacebe000, 4096, PROT_NONE) = 0
16:01:47.590973,1039,clone(child_stack=0xacfbdf00, flags=CLONE_VM|CLONE_FS|CLONE_FILES|CLONE_SIGHAND|CLONE_THREAD|CLONE_SYSVSEM|0x400000) = 1052
16:01:47.594600,1039,writev(3, [{"\4", 1}, {"dalvikvm\0", 9}, {"Turning on JNI app bug workaroun"..., 63}], 3) = 73
16:01:47.597992,1039,prctl(PR_SET_NAME, 0xb7a1db32, 0, 0, 0) = 0
16:01:47.598545,1039,open("/sys/qemu_trace/process_name", O_RDWR) = 23
16:01:47.599368,1039,write(23, "<pre-initialized>\0", 18) = 18
16:01:47.600060,1039,close(23) = 0
16:01:47.601604,1052,set_tls(0xacfbdf00, 0xb7a18ab0, 0xacfbdffc, 0x40, 0xacfbdf00) = 0
16:01:47.602130,1052,setpriority(PRIO_PROCESS, 0, 0) = 0
16:01:47.602695,1052,futex(0xb6eba0b0, FUTEX_WAKE_PRIVATE, 2147483647) = 0
16:01:47.603610,1052,gettid() = 1052
16:01:47.604129,1052,write(24, "1052", 4) = 4
16:01:47.604867,1052,prctl(PR_SET_NAME, 0xb7a3bfa8, 0, 0, 0) = 0
16:01:47.605882,1052,mmap2(NULL, 32768, PROT_READ|PROT_WRITE, MAP_PRIVATE|MAP_ANONYMOUS, -1, 0) = 0xaceb6000
16:01:47.609858,1052,madvise(0xaceb6000, 32768, 0xc /* MADV_??? */) = -1 EINVAL (Invalid argument)
16:01:47.610352,1052,gettid() = 1052
16:01:47.611230,1052,getpriority(PRIO_PROCESS, 0) = 20
16:01:47.612152,1052,gettid() = 1052
16:01:47.612869,1052,gettid() = 1052
16:01:47.613328,1052,getpid() = 1039
16:01:47.613787,1052,getuid32() = 10050
16:01:47.614455,1052,write(24, "1052", 4) = 4
16:01:47.615081,1052,ioctl(9, 0xc0186201, 0xacfbde28) = 0
16:01:47.615797,1052,mmap2(NULL, 1048576, PROT_READ|PROT_WRITE, MAP_PRIVATE|MAP_ANONYMOUS|MAP_NORESERVE, -1, 0) = 0xacdb6000
16:01:47.616305,1052,madvise(0xacdb6000, 1048576, 0xc /* MADV_??? */) = -1 EINVAL (Invalid argument)
16:01:47.617007,1052,mprotect(0xacdb6000, 4096, PROT_NONE) = 0
16:01:47.618282,1052,clone(child_stack=0xaceb5f00, flags=CLONE_VM|CLONE_FS|CLONE_FILES|CLONE_SIGHAND|CLONE_THREAD|CLONE_SYSVSEM|0x400000) = 1053
16:01:47.620481,1052,write(24, "1052", 4) = 4
16:01:47.621214,1052,ioctl(9, 0xc0186201 <unfinished ...>
16:01:47.622144,1039,futex(0xb6eba0c0, FUTEX_WAKE_PRIVATE, 2147483647) = 0
16:01:47.622893,1039,pipe([23, 29]) = 0
16:01:47.623512,1039,fcntl64(23, F_SETFL, O_RDONLY|O_NONBLOCK) = 0
16:01:47.624083,1039,fcntl64(29, F_SETFL, O_RDONLY|O_NONBLOCK) = 0
16:01:47.624567,1039,epoll_create(0x8) = 30
16:01:47.625140,1039,epoll_ctl(0x1e, 0x1, 0x17, 0xbec1e300) = 0
16:01:47.630532,1039,gettid() = 1039
16:01:47.641736,1039,getpid( <unfinished ...>
16:01:47.642127,1053,set_tls(0xaceb5f00, 0xb7a213e0, 0xaceb5ffc, 0x40, 0xaceb5f00 <unfinished ...>
16:01:47.642444,1039,<... syscall_20 resumed> ) = 0x40f
16:01:47.642733,1053,<... set_tls resumed> ) = 0
16:01:47.643064,1039,getuid32( <unfinished ...>
16:01:47.643372,1053,setpriority(PRIO_PROCESS, 0, 0 <unfinished ...>
16:01:47.643635,1039,<... getuid32 resumed> ) = 10050
16:01:47.643979,1053,<... setpriority resumed> ) = 0
16:01:47.646423,1039,getpid( <unfinished ...>
16:01:47.646717,1053,gettid( <unfinished ...>
16:01:47.647028,1039,<... getpid resumed> ) = 1039
16:01:47.647283,1053,<... gettid resumed> ) = 1053
16:01:47.647588,1039,gettid( <unfinished ...>
16:01:47.647920,1053,write(24, "1053", 4 <unfinished ...>
16:01:47.648260,1039,<... gettid resumed> ) = 1039
16:01:47.648549,1053,<... write resumed> ) = 4
16:01:47.648893,1039,clock_gettime(CLOCK_MONOTONIC, <unfinished ...>
16:01:47.649184,1053,prctl(PR_SET_NAME, 0xb7a204c0, 0, 0, 0 <unfinished ...>
16:01:47.649518,1039,<... clock_gettime resumed> {136, 660061547}) = 0
16:01:47.650021,1053,<... prctl resumed> ) = 0
16:01:47.650341,1039,ioctl(9, 0xc0186201, 0xbec1e1f0) = 0
16:01:47.651297,1039,clock_gettime(CLOCK_MONOTONIC, {136, 662119505}) = 0
16:01:47.652986,1039,getpid() = 1039
16:01:47.653507,1039,gettid() = 1039
16:01:47.654492,1039,clock_gettime(CLOCK_MONOTONIC, {136, 665497505}) = 0
16:01:47.655252,1039,ioctl(9, 0xc0186201, 0xbec1e1f0) = 0
16:01:47.661586,1039,ioctl(9, 0xc0186201 <unfinished ...>
16:01:47.661934,1052,<... ioctl resumed> , 0xacfbde28) = 0
16:01:47.662281,1052,write(24, "1052", 4) = 4
16:01:47.662974,1052,getpriority(PRIO_PROCESS, 1052) = 20
16:01:47.680235,1053,futex(0xb6f3d698, FUTEX_WAIT_PRIVATE, 2, NULL <unfinished ...>
16:01:47.681365,1052,futex(0xb6f3d698, FUTEX_WAKE_PRIVATE, 1 <unfinished ...>
16:01:47.681629,1053,<... futex resumed> ) = -1 EAGAIN (Try again)
16:01:47.683240,1052,<... futex resumed> ) = 0
16:01:47.683747,1053,futex(0xb6f3d698, FUTEX_WAKE_PRIVATE, 1) = 0
16:01:47.696619,1053,mmap2(NULL, 32768, PROT_READ|PROT_WRITE, MAP_PRIVATE|MAP_ANONYMOUS, -1, 0) = 0xacdae000
16:01:47.699396,1053,madvise(0xacdae000, 32768, 0xc /* MADV_??? */) = -1 EINVAL (Invalid argument)
16:01:47.700714,1053,gettid() = 1053
16:01:47.701564,1053,getpriority(PRIO_PROCESS, 0) = 20
16:01:47.702169,1053,gettid() = 1053
16:01:47.702652,1053,gettid() = 1053
16:01:47.703166,1053,getpid() = 1039
16:01:47.703633,1053,getuid32() = 10050
16:01:47.704501,1053,write(24, "1053", 4) = 4
16:01:47.705114,1053,ioctl(9, 0xc0186201, 0xaceb5e28) = 0
16:01:47.705828,1053,mmap2(NULL, 1048576, PROT_READ|PROT_WRITE, MAP_PRIVATE|MAP_ANONYMOUS|MAP_NORESERVE, -1, 0) = 0xaccae000
16:01:47.706346,1053,madvise(0xaccae000, 1048576, 0xc /* MADV_??? */) = -1 EINVAL (Invalid argument)
16:01:47.706855,1053,mprotect(0xaccae000, 4096, PROT_NONE) = 0
16:01:47.707446,1053,clone(child_stack=0xacdadf00, flags=CLONE_VM|CLONE_FS|CLONE_FILES|CLONE_SIGHAND|CLONE_THREAD|CLONE_SYSVSEM|0x400000) = 1054
16:01:47.710522,1053,write(24, "1053", 4) = 4
16:01:47.722214,1052,clock_gettime(CLOCK_MONOTONIC, <unfinished ...>
16:01:47.722797,1054,set_tls(0xacdadf00, 0xb7a1a1c8, 0xacdadffc, 0x40, 0xacdadf00 <unfinished ...>
16:01:47.723125,1053,ioctl(9, 0xc0186201 <unfinished ...>
16:01:47.723461,1054,<... open resumed> ) = 0
16:01:47.723926,1054,setpriority(PRIO_PROCESS, 0, 0) = 0
16:01:47.724408,1054,gettid() = 1054
16:01:47.725073,1054,write(24, "1054", 4) = 4
16:01:47.725814,1054,prctl(PR_SET_NAME, 0xb7a3bfa8, 0, 0, 0) = 0
16:01:47.726317,1054,mmap2(NULL, 32768, PROT_READ|PROT_WRITE, MAP_PRIVATE|MAP_ANONYMOUS, -1, 0) = 0xacca6000
16:01:47.726853,1054,madvise(0xacca6000, 32768, 0xc /* MADV_??? */) = -1 EINVAL (Invalid argument)
16:01:47.727322,1054,gettid() = 1054
16:01:47.728006,1054,getpriority(PRIO_PROCESS, 0) = 20
16:01:47.728539,1054,gettid() = 1054
16:01:47.729158,1054,gettid() = 1054
16:01:47.729678,1054,getpid() = 1039
16:01:47.730195,1054,getuid32() = 10050
16:01:47.730729,1054,write(24, "1054", 4) = 4
16:01:47.731279,1054,ioctl(9, 0xc0186201, 0xacdade28) = 0
16:01:47.731779,1054,write(24, "1054", 4) = 4
16:01:47.741308,1054,ioctl(9, 0xc0186201 <unfinished ...>
16:01:47.741614,1052,<... clock_gettime resumed> {136, 745463599}) = 0
16:01:47.783126,1052,clock_gettime(CLOCK_MONOTONIC, {136, 794295290}) = 0
16:01:47.784100,1039,<... ioctl resumed> , 0xbec1e1f0) = 0
16:01:47.784422,1039,clock_gettime(CLOCK_MONOTONIC, {136, 795425059}) = 0
16:01:47.786862,1039,mprotect(0xb1618000, 8192, PROT_READ|PROT_WRITE) = 0
16:01:47.790004,1039,getpid() = 1039
16:01:47.790531,1039,getuid32() = 10050
16:01:47.801939,1052,write(24, "1052", 4 <unfinished ...>
16:01:47.802276,1039,getpid( <unfinished ...>
16:01:47.803503,1052,<... write resumed> ) = 4
16:01:47.803860,1039,<... getpid resumed> ) = 1039
16:01:47.810492,1052,ioctl(9, 0xc0186201 <unfinished ...>
16:01:47.810885,1039,getuid32( <unfinished ...>
16:01:47.811402,1052,<... ioctl resumed> , 0xacfbde28) = 0
16:01:47.811729,1039,<... getuid32 resumed> ) = 10050
16:01:47.812152,1052,write(24, "1052", 4 <unfinished ...>
16:01:47.812576,1039,epoll_wait(0x1e, 0xbec1e1f8, 0x10, 0 <unfinished ...>
16:01:47.813006,1052,<... write resumed> ) = 4
16:01:47.813291,1039,<... epoll_wait resumed> ) = 0
16:01:47.813666,1052,getpriority(PRIO_PROCESS, 1052 <unfinished ...>
16:01:47.814082,1039,clock_gettime(CLOCK_MONOTONIC, <unfinished ...>
16:01:47.814415,1052,<... getpriority resumed> ) = 20
16:01:47.814947,1039,<... clock_gettime resumed> {136, 825461374}) = 0
16:01:47.822973,1039,open("/sys/kernel/debug/tracing/trace_marker", O_WRONLY) = -1 ENOENT (No such file or directory)
16:01:47.823952,1039,writev(3, [{"\6", 1}, {"Trace\0", 6}, {"error opening trace file: No suc"..., 56}], 3) = 63
16:01:47.826007,1039,getpid() = 1039
16:01:47.826772,1039,getuid32() = 10050
16:01:47.827528,1039,epoll_wait(0x1e, 0xbec1e1f8, 0x10, 0) = 0
16:01:47.828114,1039,clock_gettime(CLOCK_MONOTONIC, {136, 838936256}) = 0
16:01:47.829235,1039,prctl(PR_SET_NAME, 0xb79fd1f9, 0, 0, 0) = 0
16:01:47.829803,1039,open("/sys/qemu_trace/process_name", O_RDWR) = 31
16:01:47.911529,1039,write(31, "com.boxitsoft.gronchoalphastrike"..., 33 <unfinished ...>
16:01:47.913356,1052,clock_gettime(CLOCK_MONOTONIC, <unfinished ...>
16:01:47.913846,1039,<... write resumed> ) = 33
16:01:47.914110,1052,<... clock_gettime resumed> {136, 924665909}) = 0
16:01:47.914559,1039,close(31 <unfinished ...>
16:01:47.915016,1052,write(24, "1052", 4 <unfinished ...>
16:01:47.915376,1039,<... close resumed> ) = 0
16:01:47.915640,1052,<... write resumed> ) = 4
16:01:47.917199,1052,ioctl(9, 0xc0186201 <unfinished ...>
16:01:47.920394,1039,ioctl(9, 0xc0186201, 0xbec1e0c8) = 0
16:01:47.921474,1039,ioctl(9, 0xc0186201, 0xbec1e0c8) = 0
16:01:47.932617,1039,ioctl(9, 0xc0186201, 0xbec1e108) = 0
16:01:47.933939,1039,ioctl(9, 0xc0186201, 0xbec1e0c8) = 0
16:01:47.934848,1039,dup(31) = 32
16:01:47.935415,1039,mmap2(NULL, 4096, PROT_READ, MAP_SHARED, 32, 0) = 0xacca5000
16:01:47.936030,1039,close(31) = 0
16:01:47.936520,1039,dup(32) = 31
16:01:47.938417,1039,getpid() = 1039
16:01:47.939001,1039,gettid() = 1039
16:01:47.939485,1039,clock_gettime(CLOCK_MONOTONIC, {136, 950297617}) = 0
16:01:47.940128,1039,ioctl(9, 0xc0186201, 0xbec1e1f0) = 0
16:01:47.940984,1039,ioctl(9, 0xc0186201, 0xbec1e1f0) = 0
16:01:47.951680,1039,clock_gettime(CLOCK_MONOTONIC, {136, 962582616}) = 0
16:01:47.954513,1039,getuid32() = 10050
16:01:47.956507,1039,stat64("/system/framework/framework-res.apk", {st_mode=S_IFREG|0644, st_size=8749696, ...}) = 0
16:01:47.958343,1039,access("/vendor/overlay/framework/framework-res.apk", R_OK) = -1 ENOENT (No such file or directory)
16:01:47.959424,1039,stat64("/data/app/com.boxitsoft.gronchoalphastrike-1.apk", {st_mode=S_IFREG|0644, st_size=6826259, ...}) = 0
16:01:47.973526,1039,stat64("/system/framework/framework-res.apk", {st_mode=S_IFREG|0644, st_size=8749696, ...}) = 0
16:01:47.975086,1039,stat64("/data/app/com.boxitsoft.gronchoalphastrike-1.apk", {st_mode=S_IFREG|0644, st_size=6826259, ...}) = 0
16:01:47.976860,1039,open("/data/app/com.boxitsoft.gronchoalphastrike-1.apk", O_RDONLY) = 33
16:01:47.978119,1039,_llseek(33, 0, [6826259], SEEK_END) = 0
16:01:47.978838,1039,mmap2(NULL, 69632, PROT_READ|PROT_WRITE, MAP_PRIVATE|MAP_ANONYMOUS, -1, 0) = 0xacc94000
16:01:47.979466,1039,madvise(0xacc94000, 69632, 0xc /* MADV_??? */) = -1 EINVAL (Invalid argument)
16:01:47.980105,1039,_llseek(33, 0, [0], SEEK_SET) = 0
16:01:47.993100,1039,read(33, "PK\3\4", 4) = 4
16:01:47.993904,1039,_llseek(33, 6760702, [6760702], SEEK_SET) = 0
16:01:47.994460,1039,read(33, "Gv®æ\221õÁäÇ\33Ö_ý\0006KJ\24oÞ\214j¢eóú¹\36c\207Ý!"..., 65557) = 65557
16:01:47.995583,1039,munmap(0xacc94000, 69632) = 0
16:01:47.996231,1039,mmap2(NULL, 2301, PROT_READ, MAP_SHARED, 33, 0x682) = 0xacca4000
16:01:47.996993,1039,pread(33, "PK\3\4\n\0\0\0\0\0\3\201ð@X,Ê£@\7\0\0@\7\0\0\16\0\2\0", 30, 25879952507273216) = 30
16:01:47.998477,1039,mmap2(NULL, 2332, PROT_READ, MAP_SHARED, 33, 0x5bf) = 0xacca3000
16:01:48.000103,1039,gettimeofday({1737648108, 343}, NULL) = 0
16:01:48.008615,1039,access("/data/data/com.boxitsoft.gronchoalphastrike/cache", F_OK) = -1 ENOENT (No such file or directory)
16:01:48.010968,1039,access("/data/data/com.boxitsoft.gronchoalphastrike/cache", F_OK) = -1 ENOENT (No such file or directory)
16:01:48.012372,1039,mkdir("/data/data/com.boxitsoft.gronchoalphastrike/cache", 0700) = 0
16:01:48.014217,1039,chmod("/data/data/com.boxitsoft.gronchoalphastrike/cache", 0771) = 0
16:01:48.016064,1039,getuid32() = 10050
16:01:48.016626,1039,getuid32() = 10050
16:01:48.018233,1039,getpid() = 1039
16:01:48.018734,1039,gettid() = 1039
16:01:48.019344,1039,clock_gettime(CLOCK_MONOTONIC, {137, 30155348}) = 0
16:01:48.019967,1039,ioctl(9, 0xc0186201, 0xbec1e1f0) = 0
16:01:48.051209,1039,clock_gettime(CLOCK_MONOTONIC, {137, 62054642}) = 0
16:01:48.054485,1039,access("/data/data/com.boxitsoft.gronchoalphastrike/cache/com.android.renderscript.cache", F_OK) = -1 ENOENT (No such file or directory)
16:01:48.055972,1039,mkdir("/data/data/com.boxitsoft.gronchoalphastrike/cache/com.android.renderscript.cache", 0700) = 0
16:01:48.057577,1039,getpid() = 1039
16:01:48.058146,1039,gettid() = 1039
16:01:48.058680,1039,clock_gettime(CLOCK_MONOTONIC, {137, 69560560}) = 0
16:01:48.059346,1039,ioctl(9, 0xc0186201, 0xbec1e1f0) = 0
16:01:48.060173,1039,clock_gettime(CLOCK_MONOTONIC, {137, 70985002}) = 0
16:01:48.148540,1039,getpid() = 1039
16:01:48.170896,1039,gettid() = 1039
16:01:48.171465,1039,clock_gettime(CLOCK_MONOTONIC, {137, 182270831}) = 0
16:01:48.172123,1039,ioctl(9, 0xc0186201, 0xbec1e1f0) = 0
16:01:48.173870,1039,clock_gettime(CLOCK_MONOTONIC, {137, 184697519}) = 0
16:01:48.176596,1039,writev(3, [{"\5", 1}, {"DroidBox\0", 9}, {"DroidBox: { \"DexClassLoader\": { "..., 95}], 3) = 105
16:01:48.179596,1039,access("/data/app/com.boxitsoft.gronchoalphastrike-1.apk", F_OK) = 0
16:01:48.190121,1039,access("/data/app/com.boxitsoft.gronchoalphastrike-1.apk", R_OK) = 0
16:01:48.191256,1039,stat64("/data/app/com.boxitsoft.gronchoalphastrike-1.apk", {st_mode=S_IFREG|0644, st_size=6826259, ...}) = 0
16:01:48.193953,1039,open("/data/app/com.boxitsoft.gronchoalphastrike-1.apk", O_RDONLY) = 34
16:01:48.194923,1039,fstat64(34, {st_mode=S_IFREG|0644, st_size=6826259, ...}) = 0
16:01:48.196174,1039,fstat64(34, {st_mode=S_IFREG|0644, st_size=6826259, ...}) = 0
16:01:48.197413,1039,_llseek(34, 6826237, [6826237], SEEK_SET) = 0
16:01:48.198172,1039,read(34, "PK\5\6", 4) = 4
16:01:48.198845,1039,fgetxattr(34, "user.taint", 0xbec1e484, 4) = -1 ENODATA (No data available)
16:01:48.210655,1039,clock_gettime(CLOCK_MONOTONIC, {137, 221580719}) = 0
16:01:48.211412,1039,getpid() = 1039
16:01:48.212192,1039,readlink("/proc/1039/fd/34", "/data/app/com.boxitsoft.gronchoalphastrike-1.apk"..., 120) = 48
16:01:48.213975,1039,read(34, "\0\0\0\0\37\0\37\0|\10\0\0\201 h\0\0\0", 18) = 18
16:01:48.214618,1039,fgetxattr(34, "user.taint", 0xbec1e484, 4) = -1 ENODATA (No data available)
16:01:48.216189,1039,clock_gettime(CLOCK_MONOTONIC, {137, 227005666}) = 0
16:01:48.216824,1039,getpid() = 1039
16:01:48.217386,1039,readlink("/proc/1039/fd/34", "/data/app/com.boxitsoft.gronchoalphastrike-1.apk"..., 120) = 48
16:01:48.218577,1039,fstat64(34, {st_mode=S_IFREG|0644, st_size=6826259, ...}) = 0
16:01:48.219957,1039,_llseek(34, 6824065, [6824065], SEEK_SET) = 0
16:01:48.220821,1039,read(34, "PK\1\2\24\0\24\0\10\0\10\0\5\201ð@±\214Z\0071\4\0\0È\10\0\0\24\0\0\0"..., 2194) = 2194
16:01:48.221685,1039,fgetxattr(34, "user.taint", 0xbec1e484, 4) = -1 ENODATA (No data available)
16:01:48.223142,1039,clock_gettime(CLOCK_MONOTONIC, {137, 233974142}) = 0
16:01:48.223756,1039,getpid() = 1039
16:01:48.224439,1039,readlink("/proc/1039/fd/34", "/data/app/com.boxitsoft.gronchoalphastrike-1.apk"..., 120) = 48
16:01:48.230070,1039,open("/data/app/com.boxitsoft.gronchoalphastrike-1.apk", O_RDONLY) = 35
16:01:48.230956,1039,lseek(35, 0, SEEK_END) = 6826259
16:01:48.240935,1039,mmap2(NULL, 69632, PROT_READ|PROT_WRITE, MAP_PRIVATE|MAP_ANONYMOUS, -1, 0) = 0xacc92000
16:01:48.241592,1039,madvise(0xacc92000, 69632, 0xc /* MADV_??? */) = -1 EINVAL (Invalid argument)
16:01:48.242242,1039,lseek(35, 6760702, SEEK_SET) = 6760702
16:01:48.242790,1039,read(35, "Gv®æ\221õÁäÇ\33Ö_ý\0006KJ\24oÞ\214j¢eóú¹\36c\207Ý!"..., 65557) = 65557
16:01:48.243942,1039,mmap2(NULL, 2301, PROT_READ, MAP_SHARED, 35, 0x682) = 0xacc91000
16:01:48.244469,1039,munmap(0xacc92000, 69632) = 0
16:01:48.245497,1039,fcntl64(35, F_GETFD) = 0
16:01:48.246089,1039,fcntl64(35, F_SETFD, FD_CLOEXEC) = 0
16:01:48.246586,1039,open("/data/app/com.boxitsoft.gronchoalphastrike-1.odex", O_RDONLY) = -1 ENOENT (No such file or directory)
16:01:48.248236,1039,open("/data/dalvik-cache/data@app@com.boxitsoft.gronchoalphastrike-1.apk@classes.dex", O_RDWR|O_CREAT, 0644) = -1 EACCES (Permission denied)
16:01:48.249565,1039,open("/data/dalvik-cache/data@app@com.boxitsoft.gronchoalphastrike-1.apk@classes.dex", O_RDONLY) = 36
16:01:48.261394,1039,flock(36, LOCK_EX|LOCK_NB) = 0
16:01:48.262847,1039,fstat64(36, {st_mode=S_IFREG|0644, st_size=1124288, ...}) = 0
16:01:48.263952,1039,stat64("/data/dalvik-cache/data@app@com.boxitsoft.gronchoalphastrike-1.apk@classes.dex", {st_mode=S_IFREG|0644, st_size=1124288, ...}) = 0
16:01:48.265573,1039,lseek(36, 0, SEEK_SET) = 0
16:01:48.266168,1039,read(36, "dey\n036\0(\0\0\0¤Å\20\0ÐÅ\20\0Ö\1\0\0¨Ç\20\0\30`\0\0"..., 40) = 40
16:01:48.266958,1039,lseek(36, 1099216, SEEK_SET) = 1099216
16:01:48.267482,1039,read(36, "\5\201ð@e®7Â\34\0\0\0\10\0\0\0\34\0\0\0/system/fram"..., 470) = 470
16:01:48.268681,1039,lseek(36, 0, SEEK_SET) = 0
16:01:48.269251,1039,lseek(36, 0, SEEK_CUR) = 0
16:01:48.269738,1039,lseek(36, 0, SEEK_END) = 1124288
16:01:48.270266,1039,lseek(36, 0, SEEK_SET) = 0
16:01:48.270751,1039,mmap2(NULL, 1124288, PROT_READ|PROT_WRITE, MAP_PRIVATE, 36, 0) = 0xacb7e000
16:01:48.281609,1039,madvise(0xacb7e000, 1124288, 0xc /* MADV_??? */) = -1 EINVAL (Invalid argument)
16:01:48.282294,1039,mprotect(0xacb7e000, 1124288, PROT_READ) = 0
16:01:48.282961,1039,open("/dev/ashmem", O_RDWR) = 37
16:01:48.283605,1039,ioctl(37, 0x41007701, 0xbec1e254) = 0
16:01:48.284152,1039,ioctl(37, 0x40047703, 0x16000) = 0
16:01:48.284673,1039,mmap2(NULL, 90112, PROT_READ|PROT_WRITE, MAP_PRIVATE, 37, 0) = 0xacb68000
16:01:48.285409,1039,madvise(0xacb68000, 90112, 0xc /* MADV_??? */) = -1 EINVAL (Invalid argument)
16:01:48.285983,1039,close(37) = 0
16:01:48.287005,1039,flock(36, LOCK_UN) = 0
16:01:48.288063,1039,close(36) = 0
16:01:48.289633,1039,access("/data/data/com.boxitsoft.gronchoalphastrike/lib", F_OK) = 0
16:01:48.302666,1039,access("/data/data/com.boxitsoft.gronchoalphastrike/lib", R_OK) = 0
16:01:48.303661,1039,stat64("/data/data/com.boxitsoft.gronchoalphastrike/lib", {st_mode=S_IFDIR|0755, st_size=4096, ...}) = 0
16:01:48.306111,1039,access("/vendor/lib", F_OK) = -1 ENOENT (No such file or directory)
16:01:48.307053,1039,access("/system/lib", F_OK) = 0
16:01:48.307685,1039,access("/system/lib", R_OK) = 0
16:01:48.308344,1039,stat64("/system/lib", {st_mode=S_IFDIR|0755, st_size=8192, ...}) = 0
16:01:48.309786,1039,getuid32() = 10050
16:01:48.321724,1039,getpid() = 1039
16:01:48.322290,1039,gettid() = 1039
16:01:48.322852,1039,clock_gettime(CLOCK_MONOTONIC, {137, 333666270}) = 0
16:01:48.323422,1039,ioctl(9, 0xc0186201, 0xbec1e1f0) = 0
16:01:48.327067,1039,ioctl(9, 0xc0186201, 0xbec1e1f0) = 0
16:01:48.327636,1039,clock_gettime(CLOCK_MONOTONIC, {137, 338498615}) = 0
16:01:48.342382,1039,gettimeofday({1737648108, 342614}, NULL) = 0
16:01:48.343630,1039,getpid() = 1039
16:01:48.344207,1039,getuid32() = 10050
16:01:48.344799,1039,epoll_wait(0x1e, 0xbec1e1f8, 0x10, 0) = 0
16:01:48.345351,1039,clock_gettime(CLOCK_MONOTONIC, {137, 356171360}) = 0
16:01:48.346410,1039,stat64("/system/framework/framework-res.apk", {st_mode=S_IFREG|0644, st_size=8749696, ...}) = 0
16:01:48.347898,1039,stat64("/data/app/com.boxitsoft.gronchoalphastrike-1.apk", {st_mode=S_IFREG|0644, st_size=6826259, ...}) = 0
16:01:48.355136,1039,mprotect(0xb1619000, 8192, PROT_READ|PROT_WRITE) = 0
16:01:48.357937,1039,gettimeofday({1737648108, 358117}, NULL) = 0
16:01:48.358896,1039,getuid32() = 10050
16:01:48.359518,1039,stat64("/system/framework/framework-res.apk", {st_mode=S_IFREG|0644, st_size=8749696, ...}) = 0
16:01:48.360922,1039,stat64("/data/app/com.boxitsoft.gronchoalphastrike-1.apk", {st_mode=S_IFREG|0644, st_size=6826259, ...}) = 0
16:01:48.388789,1039,access("/data/data/com.boxitsoft.gronchoalphastrike/lib/libgronchoalphastrike.so", F_OK) = 0
16:01:48.390195,1039,stat64("/data/data/com.boxitsoft.gronchoalphastrike/lib/libgronchoalphastrike.so", {st_mode=S_IFREG|0755, st_size=531280, ...}) = 0
16:01:48.402456,1039,access("/data/data/com.boxitsoft.gronchoalphastrike/lib/libgronchoalphastrike.so", R_OK) = 0
16:01:48.403712,1039,writev(3, [{"\3", 1}, {"dalvikvm\0", 9}, {"Trying to load lib /data/data/co"..., 103}], 3) = 113
16:01:48.405104,1039,writev(3, [{"\5", 1}, {"dalvikvm\0", 9}, {"Denying lib /data/data/com.boxit"..., 109}], 3) = 119
16:01:48.407667,1039,writev(3, [{"\3", 1}, {"AndroidRuntime\0", 15}, {"Shutting down VM\n\0", 18}], 3) = 34
16:01:48.410556,1039,writev(3, [{"\5", 1}, {"dalvikvm\0", 9}, {"threadid=1: thread exiting with "..., 70}], 3) = 80
16:01:48.431325,1039,writev(6, [{"\6", 1}, {"AndroidRuntime\0", 15}, {"FATAL EXCEPTION: main\njava.lang."..., 1158}], 3) = 1174
16:01:48.436264,1039,getpid() = 1039
16:01:48.436949,1039,gettid() = 1039
16:01:48.437552,1039,clock_gettime(CLOCK_MONOTONIC, {137, 450426412}) = 0
16:01:48.440233,1039,ioctl(9, 0xc0186201, 0xbec1e530) = 0
16:01:48.444592,1039,ioctl(9, 0xc0186201 <unfinished ...>
16:01:48.535397,1053,<... ioctl resumed> , 0xaceb5e28) = 0
16:01:48.535783,1053,write(24, "1053", 4) = 4
16:01:48.536365,1053,getpriority(PRIO_PROCESS, 1053) = 20
16:01:48.537351,1053,clock_gettime(CLOCK_MONOTONIC, {137, 548185823}) = 0
16:01:48.538165,1053,write(24, "1053", 4) = 4
16:01:48.538673,1053,ioctl(9, 0xc0186201 <unfinished ...>
16:01:48.544190,1039,<... ioctl resumed> , 0xbec1e530) = 0
16:01:48.544555,1039,clock_gettime(CLOCK_MONOTONIC, {137, 555399551}) = 0
16:01:48.545710,1039,getpid() = 1039
16:01:48.546507,1039,writev(3, [{"\4", 1}, {"Process\0", 8}, {"Sending signal. PID: 1039 SIG: 9"..., 33}], 3) = 42
16:01:48.548087,1039,kill(1039, SIGKILL <unfinished ...>
16:01:48.559852,1053,+++ killed by SIGKILL +++
16:01:48.563826,1052,+++ killed by SIGKILL +++
16:01:48.564194,1050,+++ killed by SIGKILL +++
16:01:48.565980,1049,+++ killed by SIGKILL +++
16:01:48.566273,1048,+++ killed by SIGKILL +++
16:01:48.568131,1046,+++ killed by SIGKILL +++
16:01:48.569590,1044,+++ killed by SIGKILL +++
16:01:48.570009,1043,+++ killed by SIGKILL +++
16:01:48.619992,1054,+++ killed by SIGKILL +++
16:01:48.620265,1039,+++ killed by SIGKILL +++
16:01:48.620987,60,<... select resumed> ) = ? ERESTARTNOHAND (To be restarted)
16:01:48.622045,60,--- {si_signo=SIGCHLD, si_code=CLD_KILLED, si_pid=1039, si_status=SIGKILL, si_utime=9, si_stime=15} (Child exited) ---
16:01:48.622894,60,wait4(-1, [{WIFSIGNALED(s) && WTERMSIG(s) == SIGKILL}], WNOHANG, NULL) = 1039
16:01:48.623753,60,wait4(-1, 0xbec1e2dc, WNOHANG, NULL) = 0
16:01:48.624364,60,sigreturn() = ? (mask now [INT FPE KILL ALRM TERM CHLD STOP XCPU VTALRM PROF IO PWR RTMIN])
16:01:48.627561,60,select(24, [9 23], NULL, NULL, NULL) = ? ERESTARTNOHAND (To be restarted)
16:02:11.135978,60,--- {si_signo=SIGCHLD, si_code=CLD_KILLED, si_pid=765, si_status=SIGKILL, si_utime=27, si_stime=22} (Child exited) ---
16:02:11.136394,60,wait4(-1, [{WIFSIGNALED(s) && WTERMSIG(s) == SIGKILL}], WNOHANG, NULL) = 765
16:02:11.137106,60,wait4(-1, 0xbec1e2dc, WNOHANG, NULL) = 0
16:02:11.137628,60,sigreturn() = ? (mask now [INT FPE KILL ALRM TERM CHLD STOP XCPU VTALRM PROF IO PWR RTMIN])
16:02:11.138562,60,select(24, [9 23], NULL, NULL, NULL