23:10:16.753659,986,futex(0xb8d04f10, FUTEX_WAIT_PRIVATE, 0, NULL <unfinished ...>
23:10:16.881217,985,futex(0xb8d01828, FUTEX_WAIT_PRIVATE, 0, NULL <unfinished ...>
23:10:16.881904,984,futex(0xb8cfcbd8, FUTEX_WAIT_PRIVATE, 0, NULL <unfinished ...>
23:10:16.882282,59,select(24, [9 23], NULL, NULL, NULL) = ? ERESTARTNOHAND (To be restarted)
23:10:19.069816,59,--- {si_signo=SIGCHLD, si_code=CLD_KILLED, si_pid=569, si_status=SIGKILL, si_utime=8, si_stime=11} (Child exited) ---
23:10:19.080425,59,wait4(-1, [{WIFSIGNALED(s) && WTERMSIG(s) == SIGKILL}], WNOHANG, NULL) = 569
23:10:19.081772,59,wait4(-1, 0xbeb252dc, WNOHANG, NULL) = 0
23:10:19.082288,59,sigreturn() = ? (mask now [INT FPE KILL TERM CONT TSTP XCPU VTALRM PROF IO PWR RTMIN])
23:10:19.084535,59,select(24, [9 23], NULL, NULL, NULL) = 1 (in [23])
23:10:20.258223,59,ioctl(23, FIONREAD, [144]) = 0
23:10:20.259390,59,recvmsg(23, {msg_name(0)=NULL, msg_iov(1)=[{"7\n--runtime-init\n--setuid=10050\n"..., 4217}], msg_controllen=0, msg_flags=0}, MSG_NOSIGNAL) = 144
23:10:20.261485,59,ioctl(23, FIONREAD, [0]) = 0
23:10:20.271697,59,futex(0xb8cfcbd8, FUTEX_WAKE_PRIVATE, 1 <unfinished ...>
23:10:20.272219,984,<... futex resumed> ) = 0
23:10:20.272883,984,futex(0xb8cfcbc8, FUTEX_WAIT_PRIVATE, 2, NULL <unfinished ...>
23:10:20.273342,59,<... futex resumed> ) = 1
23:10:20.273728,59,futex(0xb8cfcbc8, FUTEX_WAKE_PRIVATE, 1 <unfinished ...>
23:10:20.274085,984,<... futex resumed> ) = 0
23:10:20.274352,984,futex(0xb8cfcbc8, FUTEX_WAKE_PRIVATE, 1) = 0
23:10:20.275538,984,futex(0xb68c457c, FUTEX_WAIT_PRIVATE, 2, NULL <unfinished ...>
23:10:20.275917,59,<... futex resumed> ) = 1
23:10:20.276278,59,futex(0xb68c457c, FUTEX_WAKE_PRIVATE, 1 <unfinished ...>
23:10:20.276633,984,<... futex resumed> ) = 0
23:10:20.277048,984,futex(0xb68c457c, FUTEX_WAKE_PRIVATE, 1) = 0
23:10:20.277522,984,munmap(0xb0f30000, 32768) = 0
23:10:20.278307,984,sigprocmask(SIG_SETMASK, ~[SEGV], NULL) = 0
23:10:20.279235,984,munmap(0xaf4c7000, 1048576) = 0
23:10:20.279909,984,exit(0) = ?
23:10:20.282016,59,<... futex resumed> ) = 1
23:10:20.290776,59,futex(0xb8d01828, FUTEX_WAKE_PRIVATE, 1 <unfinished ...>
23:10:20.291043,985,<... futex resumed> ) = 0
23:10:20.291293,985,futex(0xb8d01818, FUTEX_WAIT_PRIVATE, 2, NULL <unfinished ...>
23:10:20.291546,59,<... futex resumed> ) = 1
23:10:20.291851,59,futex(0xb8d01818, FUTEX_WAKE_PRIVATE, 1 <unfinished ...>
23:10:20.292090,985,<... futex resumed> ) = 0
23:10:20.292331,985,futex(0xb8d01818, FUTEX_WAKE_PRIVATE, 1) = 0
23:10:20.292917,985,futex(0xb68c457c, FUTEX_WAIT_PRIVATE, 2, NULL <unfinished ...>
23:10:20.293137,59,<... futex resumed> ) = 1
23:10:20.293379,59,futex(0xb68c457c, FUTEX_WAKE_PRIVATE, 1 <unfinished ...>
23:10:20.293706,985,<... futex resumed> ) = 0
23:10:20.293969,985,futex(0xb68c457c, FUTEX_WAKE_PRIVATE, 1) = 0
23:10:20.294387,985,munmap(0xaf4bf000, 32768) = 0
23:10:20.294895,985,sigprocmask(SIG_SETMASK, ~[SEGV], NULL) = 0
23:10:20.295323,985,munmap(0xaf3bf000, 1048576) = 0
23:10:20.295847,985,exit(0) = ?
23:10:20.297877,59,<... futex resumed> ) = 1
23:10:20.301109,59,futex(0xb8d04f10, FUTEX_WAKE_PRIVATE, 1 <unfinished ...>
23:10:20.301463,986,<... futex resumed> ) = 0
23:10:20.301989,986,futex(0xb8d04f00, FUTEX_WAIT_PRIVATE, 2, NULL <unfinished ...>
23:10:20.302252,59,<... futex resumed> ) = 1
23:10:20.302497,59,futex(0xb8d04f00, FUTEX_WAKE_PRIVATE, 1 <unfinished ...>
23:10:20.302900,986,<... futex resumed> ) = 0
23:10:20.303148,986,futex(0xb8d04f00, FUTEX_WAKE_PRIVATE, 1) = 0
23:10:20.303826,986,futex(0xb68c457c, FUTEX_WAIT_PRIVATE, 2, NULL <unfinished ...>
23:10:20.304057,59,<... futex resumed> ) = 1
23:10:20.304309,59,futex(0xb68c457c, FUTEX_WAKE_PRIVATE, 1 <unfinished ...>
23:10:20.304561,986,<... futex resumed> ) = 0
23:10:20.304897,986,futex(0xb68c457c, FUTEX_WAKE_PRIVATE, 1) = 0
23:10:20.305297,986,munmap(0xaf3b7000, 32768) = 0
23:10:20.305831,986,sigprocmask(SIG_SETMASK, ~[SEGV], NULL) = 0
23:10:20.306368,986,munmap(0xaf2b7000, 1048576) = 0
23:10:20.306934,986,exit(0) = ?
23:10:20.307504,59,<... futex resumed> ) = 1
23:10:20.308080,59,open("/proc/self/task", O_RDONLY|O_DIRECTORY) = 24
23:10:20.309369,59,getdents64(24, /* 3 entries */, 4200) = 72
23:10:20.321386,59,getdents64(24, /* 0 entries */, 4200) = 0
23:10:20.322026,59,close(24) = 0
23:10:20.322674,59,sigaction(SIGCHLD, {0xb687c3dd, [], 0}, NULL, 0) = 0
23:10:20.323381,59,fork( <unfinished ...>
23:10:20.336323,1021,gettid() = 1021
23:10:20.336947,1021,getuid32() = 0
23:10:20.337605,1021,open("/acct/uid/0/tasks", O_RDWR|O_CREAT, 0666) = 24
23:10:20.339585,1021,write(24, "0", 1) = 1
23:10:20.340269,1021,close(24) = 0
23:10:20.341042,1021,prctl(PR_SET_KEEPCAPS, 1) = 0
23:10:20.341580,1021,setgroups32(3, [1015, 3003, 1028]) = 0
23:10:20.351463,1021,setgid32(10050) = 0
23:10:20.352252,1021,open("/acct/uid/10050/tasks", O_RDWR|O_CREAT, 0666) = 24
23:10:20.352986,1021,write(24, "0", 1) = 1
23:10:20.353549,1021,close(24) = 0
23:10:20.354091,1021,setuid32(10050) = 0
23:10:20.354621,1021,personality(0xffffffff /* PER_??? */) = 8388608
23:10:20.355192,1021,personality(0x840000 /* PER_??? */) = 8388608
23:10:20.355610,1021,capset(0xbeb25794, 0xbeb257a4) = 0
23:10:20.356250,1021,gettid() = 1021
23:10:20.356776,1021,access("/dev/cpuctl/tasks", F_OK) = 0
23:10:20.357577,1021,open("/dev/cpuctl/apps/tasks", O_WRONLY) = 24
23:10:20.358396,1021,open("/dev/cpuctl/apps/bg_non_interactive/tasks", O_WRONLY) = 25
23:10:20.359146,1021,futex(0xb6f1929c, FUTEX_WAKE_PRIVATE, 2147483647) = 0
23:10:20.359561,1021,write(24, "1021", 4) = 4
23:10:20.360117,59,<... fork resumed> ) = 1021
23:10:20.361454,59,mmap2(NULL, 32768, PROT_READ|PROT_WRITE, MAP_PRIVATE|MAP_ANONYMOUS, -1, 0) = 0xb0f30000
23:10:20.370143,59,madvise(0xb0f30000, 32768, 0xc /* MADV_??? */ <unfinished ...>
23:10:20.370560,1021,gettid( <unfinished ...>
23:10:20.370837,59,<... madvise resumed> ) = -1 EINVAL (Invalid argument)
23:10:20.371496,59,mmap2(NULL, 1048576, PROT_READ|PROT_WRITE, MAP_PRIVATE|MAP_ANONYMOUS|MAP_NORESERVE, -1, 0) = 0xaf4c7000
23:10:20.372079,59,madvise(0xaf4c7000, 1048576, 0xc /* MADV_??? */) = -1 EINVAL (Invalid argument)
23:10:20.372511,59,mprotect(0xaf4c7000, 4096, PROT_NONE) = 0
23:10:20.373092,59,clone(child_stack=0xaf5c6f00, flags=CLONE_VM|CLONE_FS|CLONE_FILES|CLONE_SIGHAND|CLONE_THREAD|CLONE_SYSVSEM|0x400000) = 1022
23:10:20.375191,59,futex(0xb68c4580, FUTEX_WAIT_PRIVATE, -324, NULL <unfinished ...>
23:10:20.375800,1022,set_tls(0xaf5c6f00, 0xb8cc7d38, 0xaf5c6ffc, 0x40, 0xaf5c6f00) = 0
23:10:20.376692,1022,prctl(PR_SET_NAME, 0xaf5c6e8c, 0, 0, 0) = 0
23:10:20.377396,1022,gettid() = 1022
23:10:20.378341,1022,futex(0xb68c4580, FUTEX_WAKE_PRIVATE, 2147483647 <unfinished ...>
23:10:20.378622,59,<... futex resumed> ) = 0
23:10:20.378920,59,futex(0xb68c457c, FUTEX_WAIT_PRIVATE, 2, NULL <unfinished ...>
23:10:20.379195,1022,<... futex resumed> ) = 1
23:10:20.379455,1022,futex(0xb68c457c, FUTEX_WAKE_PRIVATE, 1 <unfinished ...>
23:10:20.379755,59,<... futex resumed> ) = 0
23:10:20.380003,59,futex(0xb68c457c, FUTEX_WAKE_PRIVATE, 1) = 0
23:10:20.380389,59,futex(0xb68c4580, FUTEX_WAKE_PRIVATE, 2147483647 <unfinished ...>
23:10:20.390041,1022,<... futex resumed> ) = 1
23:10:20.390339,1022,futex(0xb68c4580, FUTEX_WAIT_PRIVATE, -326, NULL) = -1 EAGAIN (Try again)
23:10:20.390879,1022,futex(0xb68c457c, FUTEX_WAIT_PRIVATE, 2, NULL <unfinished ...>
23:10:20.391102,1021,<... gettid resumed> ) = 1021
23:10:20.391291,59,<... futex resumed> ) = 0
23:10:20.391539,59,futex(0xb68c457c, FUTEX_WAKE_PRIVATE, 1 <unfinished ...>
23:10:20.391846,1022,<... futex resumed> ) = 0
23:10:20.392100,1022,futex(0xb68c457c, FUTEX_WAKE_PRIVATE, 1) = 0
23:10:20.392619,1022,getpriority(PRIO_PROCESS, 1022) = 20
23:10:20.393211,1022,setpriority(PRIO_PROCESS, 1022, 0) = 0
23:10:20.393832,1022,sched_yield() = 0
23:10:20.394263,1022,nanosleep({0, 1000000}, <unfinished ...>
23:10:20.394747,59,<... futex resumed> ) = 1
23:10:20.395264,59,mmap2(NULL, 32768, PROT_READ|PROT_WRITE, MAP_PRIVATE|MAP_ANONYMOUS, -1, 0) = 0xaf4bf000
23:10:20.395900,59,madvise(0xaf4bf000, 32768, 0xc /* MADV_??? */ <unfinished ...>
23:10:20.396131,1022,<... nanosleep resumed> NULL) = 0
23:10:20.396581,1022,futex(0xb8cfcbd8, FUTEX_WAIT_PRIVATE, 0, NULL <unfinished ...>
23:10:20.396858,59,<... madvise resumed> ) = -1 EINVAL (Invalid argument)
23:10:20.397168,59,mmap2(NULL, 1048576, PROT_READ|PROT_WRITE, MAP_PRIVATE|MAP_ANONYMOUS|MAP_NORESERVE, -1, 0) = 0xaf3bf000
23:10:20.398027,59,madvise(0xaf3bf000, 1048576, 0xc /* MADV_??? */) = -1 EINVAL (Invalid argument)
23:10:20.398494,59,mprotect(0xaf3bf000, 4096, PROT_NONE) = 0
23:10:20.399037,59,clone(child_stack=0xaf4bef00, flags=CLONE_VM|CLONE_FS|CLONE_FILES|CLONE_SIGHAND|CLONE_THREAD|CLONE_SYSVSEM|0x400000) = 1023
23:10:20.400704,59,futex(0xb68c4580, FUTEX_WAIT_PRIVATE, -328, NULL <unfinished ...>
23:10:20.401133,1023,set_tls(0xaf4bef00, 0xb8cbbbe8, 0xaf4beffc, 0x40, 0xaf4bef00) = 0
23:10:20.401922,1023,prctl(PR_SET_NAME, 0xaf4bee8c, 0, 0, 0) = 0
23:10:20.402696,1023,gettid() = 1023
23:10:20.403481,1023,futex(0xb68c4580, FUTEX_WAKE_PRIVATE, 2147483647 <unfinished ...>
23:10:20.403896,59,<... futex resumed> ) = 0
23:10:20.404165,59,futex(0xb68c457c, FUTEX_WAIT_PRIVATE, 2, NULL <unfinished ...>
23:10:20.404566,1023,<... futex resumed> ) = 1
23:10:20.405006,1023,futex(0xb68c457c, FUTEX_WAKE_PRIVATE, 1 <unfinished ...>
23:10:20.405327,59,<... futex resumed> ) = 0
23:10:20.405578,59,futex(0xb68c457c, FUTEX_WAKE_PRIVATE, 1) = 0
23:10:20.406119,59,futex(0xb68c4580, FUTEX_WAKE_PRIVATE, 2147483647) = 0
23:10:20.406811,59,mmap2(NULL, 32768, PROT_READ|PROT_WRITE, MAP_PRIVATE|MAP_ANONYMOUS, -1, 0) = 0xaf3b7000
23:10:20.407376,59,madvise(0xaf3b7000, 32768, 0xc /* MADV_??? */) = -1 EINVAL (Invalid argument)
23:10:20.407899,59,mmap2(NULL, 1048576, PROT_READ|PROT_WRITE, MAP_PRIVATE|MAP_ANONYMOUS|MAP_NORESERVE, -1, 0) = 0xaf2b7000
23:10:20.408398,59,madvise(0xaf2b7000, 1048576, 0xc /* MADV_??? */) = -1 EINVAL (Invalid argument)
23:10:20.408918,59,mprotect(0xaf2b7000, 4096, PROT_NONE) = 0
23:10:20.409486,59,clone( <unfinished ...>
23:10:20.409958,1023,<... futex resumed> ) = 1
23:10:20.410243,1023,futex(0xb68c4580, FUTEX_WAIT_PRIVATE, -330, NULL) = -1 EAGAIN (Try again)
23:10:20.410818,1023,getpriority(PRIO_PROCESS, 1023) = 20
23:10:20.411265,1023,setpriority(PRIO_PROCESS, 1023, 0) = 0
23:10:20.411913,1023,futex(0xb8d01828, FUTEX_WAIT_PRIVATE, 0, NULL <unfinished ...>
23:10:20.412838,59,<... clone resumed> child_stack=0xaf3b6f00, flags=CLONE_VM|CLONE_FS|CLONE_FILES|CLONE_SIGHAND|CLONE_THREAD|CLONE_SYSVSEM|0x400000) = 1024
23:10:20.414507,1024,futex(0xaf3b6f00, FUTEX_WAIT_PRIVATE, 2, NULL <unfinished ...>
23:10:20.414877,59,futex(0xaf3b6f00, FUTEX_WAKE_PRIVATE, 1 <unfinished ...>
23:10:20.416305,1024,<... futex resumed> ) = -1 EAGAIN (Try again)
23:10:20.416691,59,<... futex resumed> ) = 0
23:10:20.417409,1024,set_tls(0xaf3b6f00, 0xb8bea548, 0xaf3b6ffc, 0x40, 0xaf3b6f00 <unfinished ...>
23:10:20.417769,59,futex(0xb68c4580, FUTEX_WAIT_PRIVATE, -332, NULL <unfinished ...>
23:10:20.418149,1024,<... open resumed> ) = 0
23:10:20.418530,1024,prctl(PR_SET_NAME, 0xaf3b6e8c, 0, 0, 0) = 0
23:10:20.419049,1024,gettid() = 1024
23:10:20.419581,1024,futex(0xb68c4580, FUTEX_WAKE_PRIVATE, 2147483647) = 1
23:10:20.420069,59,<... futex resumed> ) = 0
23:10:20.420346,1024,futex(0xb68c4580, FUTEX_WAIT_PRIVATE, -334, NULL <unfinished ...>
23:10:20.420640,59,futex(0xb68c4580, FUTEX_WAKE_PRIVATE, 2147483647 <unfinished ...>
23:10:20.420956,1024,<... futex resumed> ) = -1 EAGAIN (Try again)
23:10:20.421212,59,<... futex resumed> ) = 0
23:10:20.421486,1024,futex(0xb68c457c, FUTEX_WAIT_PRIVATE, 2, NULL <unfinished ...>
23:10:20.421925,59,futex(0xb68c457c, FUTEX_WAKE_PRIVATE, 1 <unfinished ...>
23:10:20.429838,1024,<... futex resumed> ) = -1 EAGAIN (Try again)
23:10:20.431099,1024,futex(0xb68c457c, FUTEX_WAKE_PRIVATE, 1) = 0
23:10:20.431573,1024,getpriority(PRIO_PROCESS, 1024) = 20
23:10:20.432028,1024,setpriority(PRIO_PROCESS, 1024, 0) = 0
23:10:20.432502,1024,futex(0xb8bcb450, FUTEX_WAIT_PRIVATE, 2, NULL <unfinished ...>
23:10:20.432827,1021,prctl(PR_SET_DUMPABLE, 1 <unfinished ...>
23:10:20.433022,59,<... futex resumed> ) = 0
23:10:20.433351,59,futex(0xb8bcb450, FUTEX_WAKE_PRIVATE, 1 <unfinished ...>
23:10:20.433608,1024,<... futex resumed> ) = 0
23:10:20.433941,1024,futex(0xb8bcb450, FUTEX_WAKE_PRIVATE, 1) = 0
23:10:20.434369,1024,futex(0xb8d04f10, FUTEX_WAIT_PRIVATE, 0, NULL <unfinished ...>
23:10:20.434599,59,<... futex resumed> ) = 1
23:10:20.435084,59,getpgid(0xe6) = 59
23:10:20.435642,59,setpgid(1021, 59) = 0
23:10:20.436285,59,sendmsg(23, {msg_name(0)=NULL, msg_iov(1)=[{"\0\0\3ý", 4}], msg_controllen=0, msg_flags=0}, MSG_NOSIGNAL) = 4
23:10:20.437344,59,sendmsg(23, {msg_name(0)=NULL, msg_iov(1)=[{"\0", 1}], msg_controllen=0, msg_flags=0}, MSG_NOSIGNAL) = 1
23:10:20.438179,59,select(24, [9 23], NULL, NULL, NULL <unfinished ...>
23:10:20.438849,1021,<... prctl resumed> ) = 0
23:10:20.439896,1021,setrlimit(RLIMIT_CORE, {rlim_cur=0, rlim_max=RLIM64_INFINITY}) = 0
23:10:20.441583,1021,sigaction(SIGCHLD, {SIG_DFL, , NULL, 0) = 0
23:10:20.442355,1021,clock_gettime(CLOCK_MONOTONIC, {121, 193210649}) = 0
23:10:20.443782,1021,mmap2(NULL, 1048576, PROT_READ|PROT_WRITE, MAP_PRIVATE|MAP_ANONYMOUS|MAP_NORESERVE, -1, 0) = 0xaf4c7000
23:10:20.444319,1021,madvise(0xaf4c7000, 1048576, 0xc /* MADV_??? */) = -1 EINVAL (Invalid argument)
23:10:20.444871,1021,mprotect(0xaf4c7000, 4096, PROT_NONE) = 0
23:10:20.448050,1021,clone(child_stack=0xaf5c6f00, flags=CLONE_VM|CLONE_FS|CLONE_FILES|CLONE_SIGHAND|CLONE_THREAD|CLONE_SYSVSEM|0x400000) = 1025
23:10:20.449886,1021,futex(0xb68c4580, FUTEX_WAIT_PRIVATE, -324, NULL <unfinished ...>
23:10:20.451246,1025,set_tls(0xaf5c6f00, 0xb8cc7d38, 0xaf5c6ffc, 0x40, 0xaf5c6f00) = 0
23:10:20.451793,1025,prctl(PR_SET_NAME, 0xaf5c6eac, 0, 0, 0) = 0
23:10:20.452510,1025,mmap2(NULL, 32768, PROT_READ|PROT_WRITE, MAP_PRIVATE|MAP_ANONYMOUS, -1, 0) = 0xaf4bf000
23:10:20.453091,1025,madvise(0xaf4bf000, 32768, 0xc /* MADV_??? */) = -1 EINVAL (Invalid argument)
23:10:20.453752,1025,gettid() = 1025
23:10:20.455923,1025,getpriority(PRIO_PROCESS, 0) = 20
23:10:20.457524,1025,futex(0xb68c4580, FUTEX_WAKE_PRIVATE, 2147483647 <unfinished ...>
23:10:20.457947,1021,<... futex resumed> ) = 0
23:10:20.458231,1021,futex(0xb68c457c, FUTEX_WAIT_PRIVATE, 2, NULL <unfinished ...>
23:10:20.458502,1025,<... futex resumed> ) = 1
23:10:20.458830,1025,futex(0xb68c457c, FUTEX_WAKE_PRIVATE, 1 <unfinished ...>
23:10:20.459143,1021,<... futex resumed> ) = 0
23:10:20.459437,1021,futex(0xb68c457c, FUTEX_WAKE_PRIVATE, 1) = 0
23:10:20.459969,1021,clock_gettime(CLOCK_MONOTONIC, {121, 210727499}) = 0
23:10:20.460512,1021,clock_gettime(CLOCK_MONOTONIC, {121, 211304433}) = 0
23:10:20.470282,1025,<... futex resumed> ) = 1
23:10:20.470776,1021,mmap2(NULL, 1048576, PROT_READ|PROT_WRITE, MAP_PRIVATE|MAP_ANONYMOUS|MAP_NORESERVE, -1, 0) = 0xaf3bf000
23:10:20.471335,1021,madvise(0xaf3bf000, 1048576, 0xc /* MADV_??? */) = -1 EINVAL (Invalid argument)
23:10:20.472045,1021,mprotect(0xaf3bf000, 4096, PROT_NONE) = 0
23:10:20.472679,1021,clone(child_stack=0xaf4bef00, flags=CLONE_VM|CLONE_FS|CLONE_FILES|CLONE_SIGHAND|CLONE_THREAD|CLONE_SYSVSEM|0x400000) = 1026
23:10:20.476515,1021,futex(0xb68c4580, FUTEX_WAIT_PRIVATE, -326, NULL <unfinished ...>
23:10:20.477690,1025,futex(0xb8bcc9a8, FUTEX_WAIT_PRIVATE, 0, NULL <unfinished ...>
23:10:20.478796,1026,set_tls(0xaf4bef00, 0xb8cbbbe8, 0xaf4beffc, 0x40, 0xaf4bef00) = 0
23:10:20.479289,1026,prctl(PR_SET_NAME, 0xaf4beeac, 0, 0, 0) = 0
23:10:20.491030,1026,mmap2(NULL, 32768, PROT_READ|PROT_WRITE, MAP_PRIVATE|MAP_ANONYMOUS, -1, 0) = 0xaf3b7000
23:10:20.491742,1026,madvise(0xaf3b7000, 32768, 0xc /* MADV_??? */) = -1 EINVAL (Invalid argument)
23:10:20.492280,1026,gettid() = 1026
23:10:20.493081,1026,getpriority(PRIO_PROCESS, 0) = 20
23:10:20.493732,1026,futex(0xb68c4580, FUTEX_WAKE_PRIVATE, 2147483647 <unfinished ...>
23:10:20.494095,1021,<... futex resumed> ) = 0
23:10:20.494392,1021,futex(0xb68c457c, FUTEX_WAIT_PRIVATE, 2, NULL <unfinished ...>
23:10:20.494709,1026,<... futex resumed> ) = 1
23:10:20.495006,1026,futex(0xb68c457c, FUTEX_WAKE_PRIVATE, 1 <unfinished ...>
23:10:20.495670,1021,<... futex resumed> ) = 0
23:10:20.496009,1021,futex(0xb68c457c, FUTEX_WAKE_PRIVATE, 1) = 0
23:10:20.496530,1021,clock_gettime(CLOCK_MONOTONIC, {121, 247330308}) = 0
23:10:20.497121,1021,clock_gettime(CLOCK_MONOTONIC, {121, 247878328}) = 0
23:10:20.498134,1021,mmap2(NULL, 1048576, PROT_READ|PROT_WRITE, MAP_PRIVATE|MAP_ANONYMOUS|MAP_NORESERVE, -1, 0) = 0xaf2b7000
23:10:20.498775,1021,madvise(0xaf2b7000, 1048576, 0xc /* MADV_??? */) = -1 EINVAL (Invalid argument)
23:10:20.499286,1021,mprotect(0xaf2b7000, 4096, PROT_NONE) = 0
23:10:20.499876,1021,clone( <unfinished ...>
23:10:20.516552,1026,<... futex resumed> ) = 1
23:10:20.517073,1021,<... clone resumed> child_stack=0xaf3b6f00, flags=CLONE_VM|CLONE_FS|CLONE_FILES|CLONE_SIGHAND|CLONE_THREAD|CLONE_SYSVSEM|0x400000) = 1027
23:10:20.517750,1021,futex(0xb68c4580, FUTEX_WAIT_PRIVATE, -328, NULL <unfinished ...>
23:10:20.530923,1026,rt_sigtimedwait([QUIT USR1 RT_7 RT_13 RT_16 RT_25 RT_26 RT_27 RT_29 RT_30], NULL, NULL, 8 <unfinished ...>
23:10:20.542053,1027,set_tls(0xaf3b6f00, 0xb8bea548, 0xaf3b6ffc, 0x40, 0xaf3b6f00) = 0
23:10:20.542592,1027,prctl(PR_SET_NAME, 0xaf3b6eac, 0, 0, 0) = 0
23:10:20.543202,1027,mmap2(NULL, 32768, PROT_READ|PROT_WRITE, MAP_PRIVATE|MAP_ANONYMOUS, -1, 0) = 0xaf2af000
23:10:20.543794,1027,madvise(0xaf2af000, 32768, 0xc /* MADV_??? */) = -1 EINVAL (Invalid argument)
23:10:20.544314,1027,gettid() = 1027
23:10:20.545094,1027,getpriority(PRIO_PROCESS, 0) = 20
23:10:20.545782,1027,futex(0xb68c4580, FUTEX_WAKE_PRIVATE, 2147483647 <unfinished ...>
23:10:20.546143,1021,<... futex resumed> ) = 0
23:10:20.546490,1021,futex(0xb68c457c, FUTEX_WAIT_PRIVATE, 2, NULL <unfinished ...>
23:10:20.546856,1027,<... futex resumed> ) = 1
23:10:20.547144,1027,futex(0xb68c457c, FUTEX_WAKE_PRIVATE, 1 <unfinished ...>
23:10:20.547437,1021,<... futex resumed> ) = 0
23:10:20.547809,1021,futex(0xb68c457c, FUTEX_WAKE_PRIVATE, 1) = 0
23:10:20.548692,1021,futex(0xb8cbf874, FUTEX_WAIT_PRIVATE, 0, NULL <unfinished ...>
23:10:20.549011,1027,<... futex resumed> ) = 1
23:10:20.549335,1027,futex(0xb8cbf874, FUTEX_WAKE_PRIVATE, 2147483647 <unfinished ...>
23:10:20.561902,1021,<... futex resumed> ) = 0
23:10:20.562134,1027,<... futex resumed> ) = 1
23:10:20.562447,1021,futex(0xb8cbf870, FUTEX_WAIT_PRIVATE, 2, NULL <unfinished ...>
23:10:20.562794,1027,futex(0xb8cbf870, FUTEX_WAKE_PRIVATE, 1 <unfinished ...>
23:10:20.563060,1021,<... futex resumed> ) = -1 EAGAIN (Try again)
23:10:20.563397,1027,<... futex resumed> ) = 0
23:10:20.563784,1021,futex(0xb8cbf870, FUTEX_WAKE_PRIVATE, 1 <unfinished ...>
23:10:20.564182,1027,socket(PF_UNIX, SOCK_STREAM, 0 <unfinished ...>
23:10:20.565087,1021,<... futex resumed> ) = 0
23:10:20.565595,1027,<... socket resumed> ) = 26
23:10:20.566008,1021,clock_gettime(CLOCK_MONOTONIC, <unfinished ...>
23:10:20.566381,1027,pipe( <unfinished ...>
23:10:20.566785,1021,<... clock_gettime resumed> {121, 317193370}) = 0
23:10:20.567204,1027,<... pipe resumed> [27, 28]) = 0
23:10:20.568780,1021,mmap2(NULL, 32768, PROT_READ|PROT_WRITE, MAP_PRIVATE|MAP_ANONYMOUS, -1, 0 <unfinished ...>
23:10:20.569090,1027,getpid( <unfinished ...>
23:10:20.569366,1021,<... mmap2 resumed> ) = 0xaf2a7000
23:10:20.582826,1027,<... getpid resumed> ) = 1021
23:10:20.583102,1021,madvise(0xaf2a7000, 32768, 0xc /* MADV_??? */ <unfinished ...>
23:10:20.583515,1027,connect(26, {sa_family=AF_UNIX, path=@"jdwp-control"...}, 15 <unfinished ...>
23:10:20.584314,1021,<... madvise resumed> ) = -1 EINVAL (Invalid argument)
23:10:20.585502,1021,mmap2(NULL, 1048576, PROT_READ|PROT_WRITE, MAP_PRIVATE|MAP_ANONYMOUS|MAP_NORESERVE, -1, 0 <unfinished ...>
23:10:20.586096,1027,<... connect resumed> ) = 0
23:10:20.586569,1021,<... mmap2 resumed> ) = 0xad31a000
23:10:20.587091,1027,getsockopt(26, SOL_SOCKET, SO_PEERCRED, <unfinished ...>
23:10:20.587549,1021,madvise(0xad31a000, 1048576, 0xc /* MADV_??? */ <unfinished ...>
23:10:20.587927,1027,<... getsockopt resumed> {pid=67, uid=0, gid=0}, [12]) = 0
23:10:20.588366,1021,<... madvise resumed> ) = -1 EINVAL (Invalid argument)
23:10:20.588742,1027,sendto(26, "03fd", 4, 0, NULL, 0 <unfinished ...>
23:10:20.589186,1021,mprotect(0xad31a000, 4096, PROT_NONE) = 0
23:10:20.590234,1027,<... sendto resumed> ) = 4
23:10:20.600528,1021,clone( <unfinished ...>
23:10:20.600906,1027,recvmsg(26, <unfinished ...>
23:10:20.605584,1021,<... clone resumed> child_stack=0xad419f00, flags=CLONE_VM|CLONE_FS|CLONE_FILES|CLONE_SIGHAND|CLONE_THREAD|CLONE_SYSVSEM|0x400000) = 1028
23:10:20.606251,1021,futex(0xb68c4580, FUTEX_WAIT_PRIVATE, -330, NULL <unfinished ...>
23:10:20.643261,1028,set_tls(0xad419f00, 0xb8bead38, 0xad419ffc, 0x40, 0xad419f00) = 0
23:10:20.644202,1028,prctl(PR_SET_NAME, 0xad419e8c, 0, 0, 0) = 0
23:10:20.644800,1028,gettid() = 1028
23:10:20.645426,1028,futex(0xb68c4580, FUTEX_WAKE_PRIVATE, 2147483647 <unfinished ...>
23:10:20.645887,1021,<... futex resumed> ) = 0
23:10:20.648552,1021,futex(0xb68c457c, FUTEX_WAIT_PRIVATE, 2, NULL <unfinished ...>
23:10:20.648935,1028,<... futex resumed> ) = 1
23:10:20.649229,1028,futex(0xb68c457c, FUTEX_WAKE_PRIVATE, 1 <unfinished ...>
23:10:20.691228,1021,<... futex resumed> ) = 0
23:10:20.691899,1021,futex(0xb68c457c, FUTEX_WAKE_PRIVATE, 1) = 0
23:10:20.692449,1021,futex(0xb68c4580, FUTEX_WAKE_PRIVATE, 2147483647) = 0
23:10:20.693360,1021,mmap2(NULL, 32768, PROT_READ|PROT_WRITE, MAP_PRIVATE|MAP_ANONYMOUS, -1, 0) = 0xad312000
23:10:20.693943,1021,madvise(0xad312000, 32768, 0xc /* MADV_??? */) = -1 EINVAL (Invalid argument)
23:10:20.694512,1021,mmap2(NULL, 1048576, PROT_READ|PROT_WRITE, MAP_PRIVATE|MAP_ANONYMOUS|MAP_NORESERVE, -1, 0) = 0xad212000
23:10:20.695152,1021,madvise(0xad212000, 1048576, 0xc /* MADV_??? */) = -1 EINVAL (Invalid argument)
23:10:20.695632,1021,mprotect(0xad212000, 4096, PROT_NONE) = 0
23:10:20.696331,1021,clone(child_stack=0xad311f00, flags=CLONE_VM|CLONE_FS|CLONE_FILES|CLONE_SIGHAND|CLONE_THREAD|CLONE_SYSVSEM|0x400000) = 1029
23:10:20.698351,1021,futex(0xb68c4580, FUTEX_WAIT_PRIVATE, -334, NULL <unfinished ...>
23:10:20.699494,1028,<... futex resumed> ) = 1
23:10:20.699851,1028,futex(0xb68c4580, FUTEX_WAIT_PRIVATE, -332, NULL) = -1 EAGAIN (Try again)
23:10:20.700347,1028,getpriority(PRIO_PROCESS, 1028) = 20
23:10:20.700871,1028,setpriority(PRIO_PROCESS, 1028, 0) = 0
23:10:20.701558,1028,futex(0xb8ccb7c0, FUTEX_WAIT_PRIVATE, 0, NULL <unfinished ...>
23:10:20.737245,1029,set_tls(0xad311f00, 0xb8ce2c90, 0xad311ffc, 0x40, 0xad311f00) = 0
23:10:20.737923,1029,prctl(PR_SET_NAME, 0xad311e8c, 0, 0, 0) = 0
23:10:20.738551,1029,gettid() = 1029
23:10:20.739198,1029,futex(0xb68c4580, FUTEX_WAKE_PRIVATE, 2147483647 <unfinished ...>
23:10:20.739521,1021,<... futex resumed> ) = 0
23:10:20.739886,1021,futex(0xb68c457c, FUTEX_WAIT_PRIVATE, 2, NULL <unfinished ...>
23:10:20.740174,1029,<... futex resumed> ) = 1
23:10:20.740465,1029,futex(0xb68c457c, FUTEX_WAKE_PRIVATE, 1 <unfinished ...>
23:10:20.740822,1021,<... futex resumed> ) = 0
23:10:20.741128,1021,futex(0xb68c457c, FUTEX_WAKE_PRIVATE, 1 <unfinished ...>
23:10:20.750604,1029,<... futex resumed> ) = 1
23:10:20.751249,1021,<... futex resumed> ) = 0
23:10:20.751554,1029,futex(0xb68c4580, FUTEX_WAIT_PRIVATE, -336, NULL <unfinished ...>
23:10:20.751935,1021,futex(0xb68c4580, FUTEX_WAKE_PRIVATE, 2147483647 <unfinished ...>
23:10:20.752223,1029,<... futex resumed> ) = -1 EAGAIN (Try again)
23:10:20.752557,1021,<... futex resumed> ) = 0
23:10:20.752895,1029,futex(0xb68c457c, FUTEX_WAIT_PRIVATE, 2, NULL <unfinished ...>
23:10:20.753204,1021,futex(0xb68c457c, FUTEX_WAKE_PRIVATE, 1 <unfinished ...>
23:10:20.753505,1029,<... futex resumed> ) = -1 EAGAIN (Try again)
23:10:20.753841,1021,<... futex resumed> ) = 0
23:10:20.754211,1029,futex(0xb68c457c, FUTEX_WAKE_PRIVATE, 1 <unfinished ...>
23:10:20.755021,1021,mmap2(NULL, 32768, PROT_READ|PROT_WRITE, MAP_PRIVATE|MAP_ANONYMOUS, -1, 0 <unfinished ...>
23:10:20.755323,1029,<... futex resumed> ) = 0
23:10:20.755734,1021,<... mmap2 resumed> ) = 0xad20a000
23:10:20.756052,1029,getpriority(PRIO_PROCESS, 1029 <unfinished ...>
23:10:20.756363,1021,madvise(0xad20a000, 32768, 0xc /* MADV_??? */ <unfinished ...>
23:10:20.756655,1029,<... getpriority resumed> ) = 20
23:10:20.756989,1021,<... madvise resumed> ) = -1 EINVAL (Invalid argument)
23:10:20.757337,1029,setpriority(PRIO_PROCESS, 1029, 0 <unfinished ...>
23:10:20.757718,1021,mmap2(NULL, 1048576, PROT_READ|PROT_WRITE, MAP_PRIVATE|MAP_ANONYMOUS|MAP_NORESERVE, -1, 0 <unfinished ...>
23:10:20.758049,1029,<... setpriority resumed> ) = 0
23:10:20.758737,1021,<... mmap2 resumed> ) = 0xad10a000
23:10:20.759163,1029,futex(0xb8ce6298, FUTEX_WAIT_PRIVATE, 0, NULL <unfinished ...>
23:10:20.759473,1021,madvise(0xad10a000, 1048576, 0xc /* MADV_??? */) = -1 EINVAL (Invalid argument)
23:10:20.770628,1021,mprotect(0xad10a000, 4096, PROT_NONE) = 0
23:10:20.771339,1021,clone(child_stack=0xad209f00, flags=CLONE_VM|CLONE_FS|CLONE_FILES|CLONE_SIGHAND|CLONE_THREAD|CLONE_SYSVSEM|0x400000) = 1032
23:10:20.773597,1021,futex(0xb68c4580, FUTEX_WAIT_PRIVATE, -338, NULL <unfinished ...>
23:10:20.777234,1032,set_tls(0xad209f00, 0xb8d0dd90, 0xad209ffc, 0x40, 0xad209f00) = 0
23:10:20.778927,1032,prctl(PR_SET_NAME, 0xad209e8c, 0, 0, 0) = 0
23:10:20.779430,1032,gettid() = 1032
23:10:20.780041,1032,futex(0xb68c4580, FUTEX_WAKE_PRIVATE, 2147483647 <unfinished ...>
23:10:20.780366,1021,<... futex resumed> ) = 0
23:10:20.780705,1021,futex(0xb68c457c, FUTEX_WAIT_PRIVATE, 2, NULL <unfinished ...>
23:10:20.781005,1032,<... futex resumed> ) = 1
23:10:20.781292,1032,futex(0xb68c457c, FUTEX_WAKE_PRIVATE, 1 <unfinished ...>
23:10:20.781588,1021,<... futex resumed> ) = 0
23:10:20.781940,1021,futex(0xb68c457c, FUTEX_WAKE_PRIVATE, 1) = 0
23:10:20.789621,1032,<... futex resumed> ) = 1
23:10:20.790044,1021,futex(0xb68c4580, FUTEX_WAKE_PRIVATE, 2147483647) = 0
23:10:20.792288,1021,close(23) = 0
23:10:20.793237,1021,close(9) = 0
23:10:20.795253,1021,open("/dev/binder", O_RDWR) = 9
23:10:20.796347,1021,fcntl64(9, F_SETFD, FD_CLOEXEC) = 0
23:10:20.797220,1021,ioctl(9, 0xc0046209, 0xbeb25638) = 0
23:10:20.797899,1021,ioctl(9, 0x40046205, 0xbeb2563c) = 0
23:10:20.798493,1021,mmap2(NULL, 1040384, PROT_READ, MAP_PRIVATE|MAP_NORESERVE, 9, 0) = 0xad00c000
23:10:20.799147,1021,madvise(0xad00c000, 1040384, 0xc /* MADV_??? */) = -1 EINVAL (Invalid argument)
23:10:20.799766,1021,prctl(PR_SET_NAME, 0xb8cc7770, 0, 0, 0) = 0
23:10:20.800300,1021,open("/sys/qemu_trace/process_name", O_RDWR <unfinished ...>
23:10:20.810397,1032,futex(0xb68c4580, FUTEX_WAIT_PRIVATE, -340, NULL <unfinished ...>
23:10:20.811112,1021,<... open resumed> ) = 23
23:10:20.811564,1021,write(23, "com.kms\0", 8) = 8
23:10:20.812205,1021,close(23) = 0
23:10:20.821571,1032,<... futex resumed> ) = -1 EAGAIN (Try again)
23:10:20.823075,1032,getpriority(PRIO_PROCESS, 1032) = 20
23:10:20.823900,1032,setpriority(PRIO_PROCESS, 1032, 0) = 0
23:10:20.824491,1032,futex(0xb8cec5f0, FUTEX_WAIT_PRIVATE, 0, NULL <unfinished ...>
23:10:20.968878,1021,mmap2(NULL, 1048576, PROT_READ|PROT_WRITE, MAP_PRIVATE|MAP_ANONYMOUS|MAP_NORESERVE, -1, 0) = 0xacf0c000
23:10:20.969510,1021,madvise(0xacf0c000, 1048576, 0xc /* MADV_??? */) = -1 EINVAL (Invalid argument)
23:10:20.984126,1021,mprotect(0xacf0c000, 4096, PROT_NONE) = 0
23:10:20.990552,1021,clone(child_stack=0xad00bf00, flags=CLONE_VM|CLONE_FS|CLONE_FILES|CLONE_SIGHAND|CLONE_THREAD|CLONE_SYSVSEM|0x400000) = 1034
23:10:20.995022,1021,writev(3, [{"\4", 1}, {"dalvikvm\0", 9}, {"Turning on JNI app bug workaroun"..., 63}], 3) = 73
23:10:20.998434,1021,prctl(PR_SET_NAME, 0xb8ccc10a, 0, 0, 0) = 0
23:10:20.999034,1021,open("/sys/qemu_trace/process_name", O_RDWR) = 23
23:10:20.999955,1021,write(23, "<pre-initialized>\0", 18) = 18
23:10:21.014867,1021,close(23) = 0
23:10:21.020794,1021,futex(0xb6f080c0, FUTEX_WAKE_PRIVATE, 2147483647) = 0
23:10:21.029376,1021,pipe([23, 29]) = 0
23:10:21.031193,1021,fcntl64(23, F_SETFL, O_RDONLY|O_NONBLOCK) = 0
23:10:21.032489,1021,fcntl64(29, F_SETFL, O_RDONLY|O_NONBLOCK) = 0
23:10:21.033215,1021,epoll_create(0x8) = 30
23:10:21.033932,1021,epoll_ctl(0x1e, 0x1, 0x17, 0xbeb25300) = 0
23:10:21.039560,1021,gettid() = 1021
23:10:21.041536,1034,set_tls(0xad00bf00, 0xb8ca4aa8, 0xad00bffc, 0x40, 0xad00bf00) = 0
23:10:21.042486,1034,setpriority(PRIO_PROCESS, 0, 0) = 0
23:10:21.043095,1034,futex(0xb6f080b0, FUTEX_WAKE_PRIVATE, 2147483647) = 0
23:10:21.043621,1034,gettid() = 1034
23:10:21.044133,1034,write(24, "1034", 4) = 4
23:10:21.044729,1034,prctl(PR_SET_NAME, 0xb8c9f3c8, 0, 0, 0) = 0
23:10:21.045253,1034,mmap2(NULL, 32768, PROT_READ|PROT_WRITE, MAP_PRIVATE|MAP_ANONYMOUS, -1, 0) = 0xacf04000
23:10:21.048748,1034,madvise(0xacf04000, 32768, 0xc /* MADV_??? */) = -1 EINVAL (Invalid argument)
23:10:21.049591,1034,gettid() = 1034
23:10:21.059888,1034,getpriority(PRIO_PROCESS, 0 <unfinished ...>
23:10:21.060189,1021,getpid( <unfinished ...>
23:10:21.060534,1034,<... getpriority resumed> ) = 20
23:10:21.060869,1021,<... getpid resumed> ) = 1021
23:10:21.061311,1034,gettid( <unfinished ...>
23:10:21.061630,1021,getuid32( <unfinished ...>
23:10:21.061966,1034,<... gettid resumed> ) = 1034
23:10:21.062262,1021,<... getuid32 resumed> ) = 10050
23:10:21.062609,1034,gettid( <unfinished ...>
23:10:21.065188,1021,getpid( <unfinished ...>
23:10:21.065492,1034,<... gettid resumed> ) = 1034
23:10:21.065839,1021,<... getpid resumed> ) = 1021
23:10:21.066222,1034,getpid( <unfinished ...>
23:10:21.066533,1021,gettid( <unfinished ...>
23:10:21.066851,1034,<... getpid resumed> ) = 1021
23:10:21.067141,1021,<... gettid resumed> ) = 1021
23:10:21.067444,1034,getuid32( <unfinished ...>
23:10:21.067832,1021,clock_gettime(CLOCK_MONOTONIC, <unfinished ...>
23:10:21.068102,1034,<... getuid32 resumed> ) = 10050
23:10:21.068402,1021,<... clock_gettime resumed> {121, 818882739}) = 0
23:10:21.068926,1034,write(24, "1034", 4 <unfinished ...>
23:10:21.069330,1021,ioctl(9, 0xc0186201 <unfinished ...>
23:10:21.069931,1034,<... write resumed> ) = 4
23:10:21.070338,1034,ioctl(9, 0xc0186201, 0xad00be28) = 0
23:10:21.071077,1021,<... ioctl resumed> , 0xbeb251f0) = 0
23:10:21.071458,1034,mmap2(NULL, 1048576, PROT_READ|PROT_WRITE, MAP_PRIVATE|MAP_ANONYMOUS|MAP_NORESERVE, -1, 0 <unfinished ...>
23:10:21.071927,1021,clock_gettime(CLOCK_MONOTONIC, <unfinished ...>
23:10:21.072242,1034,<... mmap2 resumed> ) = 0xace04000
23:10:21.072528,1021,<... clock_gettime resumed> {121, 823010709}) = 0
23:10:21.072955,1034,madvise(0xace04000, 1048576, 0xc /* MADV_??? */ <unfinished ...>
23:10:21.075028,1021,getpid( <unfinished ...>
23:10:21.075314,1034,<... madvise resumed> ) = -1 EINVAL (Invalid argument)
23:10:21.075602,1021,<... getpid resumed> ) = 1021
23:10:21.075939,1034,mprotect(0xace04000, 4096, PROT_NONE <unfinished ...>
23:10:21.076253,1021,gettid( <unfinished ...>
23:10:21.076533,1034,<... mprotect resumed> ) = 0
23:10:21.076851,1021,<... gettid resumed> ) = 1021
23:10:21.077185,1034,clone( <unfinished ...>
23:10:21.077512,1021,clock_gettime(CLOCK_MONOTONIC, {121, 831611479}) = 0
23:10:21.081416,1034,<... clone resumed> child_stack=0xacf03f00, flags=CLONE_VM|CLONE_FS|CLONE_FILES|CLONE_SIGHAND|CLONE_THREAD|CLONE_SYSVSEM|0x400000) = 1035
23:10:21.081835,1021,ioctl(9, 0xc0186201 <unfinished ...>
23:10:21.082306,1034,write(24, "1034", 4 <unfinished ...>
23:10:21.082832,1021,<... ioctl resumed> , 0xbeb251f0) = 0
23:10:21.083634,1034,<... write resumed> ) = 4
23:10:21.091296,1021,ioctl(9, 0xc0186201 <unfinished ...>
23:10:21.091786,1034,ioctl(9, 0xc0186201 <unfinished ...>
23:10:21.100408,1035,set_tls(0xacf03f00, 0xb8ca8a50, 0xacf03ffc, 0x40, 0xacf03f00) = 0
23:10:21.100979,1035,setpriority(PRIO_PROCESS, 0, 0) = 0
23:10:21.101456,1035,gettid() = 1035
23:10:21.102064,1035,write(24, "1035", 4) = 4
23:10:21.102635,1035,prctl(PR_SET_NAME, 0xb8cbf8e0, 0, 0, 0) = 0
23:10:21.103402,1035,mmap2(NULL, 32768, PROT_READ|PROT_WRITE, MAP_PRIVATE|MAP_ANONYMOUS, -1, 0) = 0xacdfc000
23:10:21.103990,1035,madvise(0xacdfc000, 32768, 0xc /* MADV_??? */) = -1 EINVAL (Invalid argument)
23:10:21.104482,1035,gettid() = 1035
23:10:21.105171,1035,getpriority(PRIO_PROCESS, 0) = 20
23:10:21.105833,1035,gettid() = 1035
23:10:21.106486,1035,gettid() = 1035
23:10:21.107359,1035,getpid() = 1021
23:10:21.107902,1035,getuid32() = 10050
23:10:21.108385,1035,write(24, "1035", 4) = 4
23:10:21.109208,1035,ioctl(9, 0xc0186201, 0xacf03e28) = 0
23:10:21.120232,1035,write(24, "1035", 4 <unfinished ...>
23:10:21.120628,1034,<... ioctl resumed> , 0xad00be28) = 0
23:10:21.121054,1035,<... write resumed> ) = 4
23:10:21.121462,1034,mmap2(NULL, 1048576, PROT_READ|PROT_WRITE, MAP_PRIVATE|MAP_ANONYMOUS|MAP_NORESERVE, -1, 0 <unfinished ...>
23:10:21.121862,1035,ioctl(9, 0xc0186201 <unfinished ...>
23:10:21.122224,1034,<... mmap2 resumed> ) = 0xaccfc000
23:10:21.122537,1034,madvise(0xaccfc000, 1048576, 0xc /* MADV_??? */) = -1 EINVAL (Invalid argument)
23:10:21.123104,1034,mprotect(0xaccfc000, 4096, PROT_NONE) = 0
23:10:21.123699,1034,clone(child_stack=0xacdfbf00, flags=CLONE_VM|CLONE_FS|CLONE_FILES|CLONE_SIGHAND|CLONE_THREAD|CLONE_SYSVSEM|0x400000) = 1036
23:10:21.127995,1034,write(24, "1034", 4) = 4
23:10:21.128558,1034,getpriority(PRIO_PROCESS, 1034) = 20
23:10:21.140243,1036,set_tls(0xacdfbf00, 0xb8ca7ae8, 0xacdfbffc, 0x40, 0xacdfbf00) = 0
23:10:21.140942,1036,setpriority(PRIO_PROCESS, 0, 0) = 0
23:10:21.141982,1036,gettid() = 1036
23:10:21.142496,1036,write(24, "1036", 4) = 4
23:10:21.143207,1036,prctl(PR_SET_NAME, 0xb8c9f3c8, 0, 0, 0) = 0
23:10:21.143780,1036,mmap2(NULL, 32768, PROT_READ|PROT_WRITE, MAP_PRIVATE|MAP_ANONYMOUS, -1, 0) = 0xaccf4000
23:10:21.144304,1036,madvise(0xaccf4000, 32768, 0xc /* MADV_??? */) = -1 EINVAL (Invalid argument)
23:10:21.144839,1036,gettid() = 1036
23:10:21.145517,1036,getpriority(PRIO_PROCESS, 0) = 20
23:10:21.146183,1036,gettid() = 1036
23:10:21.146740,1036,gettid() = 1036
23:10:21.147218,1036,getpid() = 1021
23:10:21.147781,1036,getuid32() = 10050
23:10:21.148377,1036,write(24, "1036", 4) = 4
23:10:21.148976,1036,ioctl(9, 0xc0186201, 0xacdfbe28) = 0
23:10:21.149460,1036,write(24, "1036", 4 <unfinished ...>
23:10:21.160595,1034,clock_gettime(CLOCK_MONOTONIC, <unfinished ...>
23:10:21.160944,1036,<... write resumed> ) = 4
23:10:21.161312,1034,<... clock_gettime resumed> {121, 911761106}) = 0
23:10:21.162008,1036,ioctl(9, 0xc0186201 <unfinished ...>
23:10:21.163293,1034,clock_gettime(CLOCK_MONOTONIC, {121, 914178905}) = 0
23:10:21.164150,1034,write(24, "1034", 4) = 4
23:10:21.164758,1034,ioctl(9, 0xc0186201, 0xad00be28) = 0
23:10:21.165329,1034,write(24, "1034", 4) = 4
23:10:21.165936,1034,getpriority(PRIO_PROCESS, 1034) = 20
23:10:21.235215,1021,<... ioctl resumed> , 0xbeb251f0) = 0
23:10:21.235637,1021,clock_gettime(CLOCK_MONOTONIC, {121, 986460882}) = 0
23:10:21.236312,1021,getpid() = 1021
23:10:21.237045,1021,open("/proc/1021/cmdline", O_RDONLY) = 31
23:10:21.238132,1021,fstat64(31, {st_mode=S_IFREG|0444, st_size=0, ...}) = 0
23:10:21.282279,1021,mprotect(0xb65ad000, 4096, PROT_READ|PROT_WRITE) = 0
23:10:21.286941,1034,clock_gettime(CLOCK_MONOTONIC, <unfinished ...>
23:10:21.287293,1021,mprotect(0xb65ad000, 4096, PROT_READ <unfinished ...>
23:10:21.287641,1034,<... clock_gettime resumed> {122, 38143110}) = 0
23:10:21.288038,1021,<... mprotect resumed> ) = 0
23:10:21.288522,1034,write(24, "1034", 4 <unfinished ...>
23:10:21.288921,1021,read(31, <unfinished ...>
23:10:21.291858,1034,<... write resumed> ) = 4
23:10:21.292237,1021,<... read resumed> "<pre-initialized>\0\0\0\0\0\0\0\0\0\0\0\0\0\0\0"..., 1024) = 76
23:10:21.293075,1034,ioctl(9, 0xc0186201 <unfinished ...>
23:10:21.293506,1021,close(31) = 0
23:10:21.294881,1021,ioctl(9, 0xc0186201, 0xbeb24110) = 0
23:10:21.299848,1021,writev(5, [{"$Ë\0\0", 4}, {"\3\5\2\34\0\0\0android.app.IActivityMana"..., 73}], 2) = 77
23:10:21.314142,1021,mprotect(0xb1666000, 8192, PROT_READ|PROT_WRITE) = 0
23:10:21.317609,1021,getpid() = 1021
23:10:21.318694,1021,getuid32() = 10050
23:10:21.321281,1021,getpid() = 1021
23:10:21.321886,1021,getuid32() = 10050
23:10:21.322463,1021,epoll_wait(0x1e, 0xbeb251f8, 0x10, 0) = 0
23:10:21.323236,1021,clock_gettime(CLOCK_MONOTONIC, {122, 74060501}) = 0
23:10:21.325179,1021,open("/sys/kernel/debug/tracing/trace_marker", O_WRONLY) = -1 ENOENT (No such file or directory)
23:10:21.326152,1021,writev(3, [{"\6", 1}, {"Trace\0", 6}, {"error opening trace file: No suc"..., 56}], 3) = 63
23:10:21.328679,1021,getpid() = 1021
23:10:21.329205,1021,getuid32() = 10050
23:10:21.408010,1021,epoll_wait(0x1e, 0xbeb251f8, 0x10, 0) = 0
23:10:21.408590,1021,clock_gettime(CLOCK_MONOTONIC, {122, 159410519}) = 0
23:10:21.409523,1021,prctl(PR_SET_NAME, 0xb8c9b9b8, 0, 0, 0) = 0
23:10:21.414102,1021,open("/sys/qemu_trace/process_name", O_RDWR) = 31
23:10:21.415001,1021,write(31, "com.kms\0", 8) = 8
23:10:21.415570,1021,close(31) = 0
23:10:21.423840,1021,ioctl(9, 0xc0186201, 0xbeb250c8) = 0
23:10:21.424945,1021,ioctl(9, 0xc0186201, 0xbeb25108) = 0
23:10:21.431106,1021,ioctl(9, 0xc0186201, 0xbeb250c8) = 0
23:10:21.432035,1021,dup(31) = 32
23:10:21.432620,1021,mmap2(NULL, 4096, PROT_READ, MAP_SHARED, 32, 0) = 0xaccf3000
23:10:21.433229,1021,close(31) = 0
23:10:21.433788,1021,dup(32) = 31
23:10:21.435328,1021,getpid() = 1021
23:10:21.435872,1021,gettid() = 1021
23:10:21.436360,1021,clock_gettime(CLOCK_MONOTONIC, {122, 187118615}) = 0
23:10:21.437001,1021,ioctl(9, 0xc0186201, 0xbeb251f0) = 0
23:10:21.438291,1021,clock_gettime(CLOCK_MONOTONIC, {122, 189079122}) = 0
23:10:21.526602,1021,getuid32() = 10050
23:10:21.531087,1021,stat64("/system/framework/framework-res.apk", {st_mode=S_IFREG|0644, st_size=8749696, ...}) = 0
23:10:21.533161,1021,access("/vendor/overlay/framework/framework-res.apk", R_OK) = -1 ENOENT (No such file or directory)
23:10:21.534288,1021,stat64("/data/app/com.kms-1.apk", {st_mode=S_IFREG|0644, st_size=2711978, ...}) = 0
23:10:21.536676,1021,stat64("/system/framework/framework-res.apk", {st_mode=S_IFREG|0644, st_size=8749696, ...}) = 0
23:10:21.538328,1021,stat64("/data/app/com.kms-1.apk", {st_mode=S_IFREG|0644, st_size=2711978, ...}) = 0
23:10:21.539760,1021,open("/data/app/com.kms-1.apk", O_RDONLY) = 33
23:10:21.540544,1021,_llseek(33, 0, [2711978], SEEK_END) = 0
23:10:21.541286,1021,mmap2(NULL, 69632, PROT_READ|PROT_WRITE, MAP_PRIVATE|MAP_ANONYMOUS, -1, 0) = 0xacce2000
23:10:21.551412,1021,madvise(0xacce2000, 69632, 0xc /* MADV_??? */) = -1 EINVAL (Invalid argument)
23:10:21.552391,1021,_llseek(33, 0, [0], SEEK_SET) = 0
23:10:21.553180,1021,read(33, "PK\3\4", 4) = 4
23:10:21.554103,1021,_llseek(33, 2646421, [2646421], SEEK_SET) = 0
23:10:21.554786,1021,read(33, "\0\0\0r\1\0\0\10\0\0\3è\7\0\0\10\0\0\0s\1\0\0\10\0\0\3ö\7\0\0\10"..., 65557) = 65557
23:10:21.555903,1021,munmap(0xacce2000, 69632) = 0
23:10:21.556586,1021,mmap2(NULL, 49556, PROT_READ, MAP_SHARED, 33, 0x28a) = 0xacce6000
23:10:21.558467,1021,pread(33, "PK\3\4\n\0\0\0\0\0#y\224@§çó¸\10Ø\16\0\10Ø\16\0\16\0\0\0", 30, 7260487595065344) = 30
23:10:21.570038,1021,mmap2(NULL, 975764, PROT_READ, MAP_SHARED, 33, 0x19c) = 0xacbf7000
23:10:21.571954,1021,gettimeofday({1727305821, 572147}, NULL) = 0
23:10:21.573012,1021,access("/data/data/com.kms/cache", F_OK) = -1 ENOENT (No such file or directory)
23:10:21.574094,1021,access("/data/data/com.kms/cache", F_OK) = -1 ENOENT (No such file or directory)
23:10:21.575292,1021,mkdir("/data/data/com.kms/cache", 0700) = 0
23:10:21.576777,1021,chmod("/data/data/com.kms/cache", 0771) = 0
23:10:21.578395,1021,getuid32() = 10050
23:10:21.579101,1021,getuid32() = 10050
23:10:21.591054,1021,getpid() = 1021
23:10:21.591614,1021,gettid() = 1021
23:10:21.592163,1021,clock_gettime(CLOCK_MONOTONIC, {122, 342982551}) = 0
23:10:21.592836,1021,ioctl(9, 0xc0186201, 0xbeb251f0) = 0
23:10:21.594323,1021,clock_gettime(CLOCK_MONOTONIC, {122, 345273496}) = 0
23:10:21.596510,1021,access("/data/data/com.kms/cache/com.android.renderscript.cache", F_OK) = -1 ENOENT (No such file or directory)
23:10:21.597606,1021,mkdir("/data/data/com.kms/cache/com.android.renderscript.cache", 0700) = 0
23:10:21.599062,1021,getpid() = 1021
23:10:21.609698,1021,gettid() = 1021
23:10:21.614306,1021,clock_gettime(CLOCK_MONOTONIC, {122, 365117552}) = 0
23:10:21.614959,1021,ioctl(9, 0xc0186201, 0xbeb251f0) = 0
23:10:21.615749,1021,clock_gettime(CLOCK_MONOTONIC, {122, 366508626}) = 0
23:10:21.617432,1021,getpid() = 1021
23:10:21.618759,1021,gettid() = 1021
23:10:21.619298,1021,clock_gettime(CLOCK_MONOTONIC, {122, 370151782}) = 0
23:10:21.620004,1021,ioctl(9, 0xc0186201, 0xbeb251f0) = 0
23:10:21.621158,1021,clock_gettime(CLOCK_MONOTONIC, {122, 371920576}) = 0
23:10:21.623308,1021,writev(3, [{"\5", 1}, {"DroidBox\0", 9}, {"DroidBox: { \"DexClassLoader\": { "..., 70}], 3) = 80
23:10:21.626119,1021,access("/data/app/com.kms-1.apk", F_OK) = 0
23:10:21.626920,1021,access("/data/app/com.kms-1.apk", R_OK) = 0
23:10:21.627682,1021,stat64("/data/app/com.kms-1.apk", {st_mode=S_IFREG|0644, st_size=2711978, ...}) = 0
23:10:21.633101,1021,open("/data/app/com.kms-1.apk", O_RDONLY) = 34
23:10:21.634034,1021,fstat64(34, {st_mode=S_IFREG|0644, st_size=2711978, ...}) = 0
23:10:21.635771,1021,fstat64(34, {st_mode=S_IFREG|0644, st_size=2711978, ...}) = 0
23:10:21.636942,1021,_llseek(34, 2711956, [2711956], SEEK_SET) = 0
23:10:21.637776,1021,read(34, "PK\5\6", 4) = 4
23:10:21.638385,1021,fgetxattr(34, "user.taint", 0xbeb25484, 4) = -1 ENODATA (No data available)
23:10:21.640353,1021,clock_gettime(CLOCK_MONOTONIC, {122, 391187873}) = 0
23:10:21.641149,1021,getpid() = 1021
23:10:21.641840,1021,readlink("/proc/1021/fd/34", "/data/app/com.kms-1.apk"..., 120) = 23
23:10:21.643513,1021,read(34, "\0\0\0\0\203\2\203\2\0¾\0\0\224£(\0\0\0", 18) = 18
23:10:21.644280,1021,fgetxattr(34, "user.taint", 0xbeb25484, 4) = -1 ENODATA (No data available)
23:10:21.645855,1021,clock_gettime(CLOCK_MONOTONIC, {122, 396698496}) = 0
23:10:21.646509,1021,getpid() = 1021
23:10:21.647095,1021,readlink("/proc/1021/fd/34", "/data/app/com.kms-1.apk"..., 120) = 23
23:10:21.648094,1021,fstat64(34, {st_mode=S_IFREG|0644, st_size=2711978, ...}) = 0
23:10:21.649403,1021,_llseek(34, 2663316, [2663316], SEEK_SET) = 0
23:10:21.650109,1021,read(34, "PK\1\2\24\0\24\0\10\0\10\0000F\203?ãÑKdCG\0\0íÎ\0\0\24\0\4\0"..., 4096) = 4096
23:10:21.650936,1021,fgetxattr(34, "user.taint", 0xbeb25484, 4) = -1 ENODATA (No data available)
23:10:21.662050,1021,clock_gettime(CLOCK_MONOTONIC, {122, 412824676}) = 0
23:10:21.662636,1021,getpid() = 1021
23:10:21.663465,1021,readlink("/proc/1021/fd/34", "/data/app/com.kms-1.apk"..., 120) = 23
23:10:21.682585,1021,_llseek(34, 2667412, [2667412], SEEK_SET) = 0
23:10:21.683365,1021,read(34, "\0\0#y\224@\200£¨\230ñ'\0\0ñ'\0\0\34\0\0\0\0\0\0\0\0\0\0\0\0\0"..., 4096) = 4096
23:10:21.684170,1021,fgetxattr(34, "user.taint", 0xbeb25484, 4) = -1 ENODATA (No data available)
23:10:21.686110,1021,clock_gettime(CLOCK_MONOTONIC, {122, 436877937}) = 0
23:10:21.686779,1021,getpid() = 1021
23:10:21.687313,1021,readlink("/proc/1021/fd/34", "/data/app/com.kms-1.apk"..., 120) = 23
23:10:21.695410,1021,_llseek(34, 2671508, [2671508], SEEK_SET) = 0
23:10:21.696167,1021,read(34, "\n\0res/drawable/ico_k_25_disabled"..., 4096) = 4096
23:10:21.696939,1021,fgetxattr(34, "user.taint", 0xbeb25484, 4) = -1 ENODATA (No data available)
23:10:21.698590,1021,clock_gettime(CLOCK_MONOTONIC, {122, 449397173}) = 0
23:10:21.699205,1021,getpid() = 1021
23:10:21.699755,1021,readlink("/proc/1021/fd/34", "/data/app/com.kms-1.apk"..., 120) = 23
23:10:21.708131,1021,_llseek(34, 2675604, [2675604], SEEK_SET) = 0
23:10:21.709010,1021,read(34, "adiobutton_off.pngPK\1\2\n\0\n\0\0\0\0\0#y"..., 4096) = 4096
23:10:21.709827,1021,fgetxattr(34, "user.taint", 0xbeb25484, 4) = -1 ENODATA (No data available)
23:10:21.722207,1021,clock_gettime(CLOCK_MONOTONIC, {122, 473077717}) = 0
23:10:21.722950,1021,getpid() = 1021
23:10:21.723561,1021,readlink("/proc/1021/fd/34", "/data/app/com.kms-1.apk"..., 120) = 23
23:10:21.732295,1021,_llseek(34, 2679700, [2679700], SEEK_SET) = 0
23:10:21.733455,1021,read(34, "\0\0û\\\r\0res/layout/internet_connec"..., 4096) = 4096
23:10:21.735110,1021,fgetxattr(34, "user.taint", 0xbeb25484, 4) = -1 ENODATA (No data available)
23:10:21.736805,1021,clock_gettime(CLOCK_MONOTONIC, {122, 487583488}) = 0
23:10:21.737397,1021,getpid() = 1021
23:10:21.738038,1021,readlink("/proc/1021/fd/34", "/data/app/com.kms-1.apk"..., 120) = 23
23:10:21.745872,1021,_llseek(34, 2683796, [2683796], SEEK_SET) = 0
23:10:21.749833,1021,read(34, "­!¥£\5\0\0P\20\0\0\32\0\0\0\0\0\0\0\0\0\0\0\0\0¬\4\16\0res"..., 4096) = 4096
23:10:21.751078,1021,fgetxattr(34, "user.taint", 0xbeb25484, 4) = -1 ENODATA (No data available)
23:10:21.752784,1021,clock_gettime(CLOCK_MONOTONIC, {122, 503551603}) = 0
23:10:21.753362,1021,getpid() = 1021
23:10:21.754030,1021,readlink("/proc/1021/fd/34", "/data/app/com.kms-1.apk"..., 120) = 23
23:10:21.764994,1021,_llseek(34, 2687892, [2687892], SEEK_SET) = 0
23:10:21.765764,1021,read(34, "s/additional.htmlPK\1\2\24\0\24\0\10\0\10\0äy\224"..., 4096) = 4096
23:10:21.767067,1021,fgetxattr(34, "user.taint", 0xbeb25484, 4) = -1 ENODATA (No data available)
23:10:21.768591,1021,clock_gettime(CLOCK_MONOTONIC, {122, 519415218}) = 0
23:10:21.769226,1021,getpid() = 1021
23:10:21.769783,1021,readlink("/proc/1021/fd/34", "/data/app/com.kms-1.apk"..., 120) = 23
23:10:21.785628,1021,mprotect(0xb3e0e000, 331776, PROT_READ|PROT_WRITE) = 0
23:10:21.786429,1021,mprotect(0xb3e5f000, 41213952, PROT_NONE) = 0
23:10:21.789585,1021,_llseek(34, 2691988, [2691988], SEEK_SET) = 0
23:10:21.822565,1021,read(34, "\0\0\217\17\0\0\32\0\0\0\0\0\0\0\0\0\0\0\0\0M-\20\0res/raw-"..., 4096) = 4096
23:10:21.830493,1021,fgetxattr(34, "user.taint", 0xbeb25484, 4) = -1 ENODATA (No data available)
23:10:21.831975,1021,clock_gettime(CLOCK_MONOTONIC, {122, 582749973}) = 0
23:10:21.832579,1021,getpid() = 1021
23:10:21.833156,1021,readlink("/proc/1021/fd/34", "/data/app/com.kms-1.apk"..., 120) = 23
23:10:21.842512,1021,_llseek(34, 2696084, [2696084], SEEK_SET) = 0
23:10:21.843271,1021,read(34, "n.htmlPK\1\2\24\0\24\0\10\0\10\0äy\224@¬\202D3ß\5\0\0S\21"..., 4096) = 4096
23:10:21.844093,1021,fgetxattr(34, "user.taint", 0xbeb25484, 4) = -1 ENODATA (No data available)
23:10:21.845441,1021,clock_gettime(CLOCK_MONOTONIC, {122, 596206222}) = 0
23:10:21.846079,1021,getpid() = 1021
23:10:21.846629,1021,readlink("/proc/1021/fd/34", "/data/app/com.kms-1.apk"..., 120) = 23
23:10:21.856044,1021,_llseek(34, 2700180, [2700180], SEEK_SET) = 0
23:10:21.862248,1021,read(34, "\0\0\4S\22\0res/raw-nl/aswhitelist.htm"..., 4096) = 4096
23:10:21.863514,1021,fgetxattr(34, "user.taint", 0xbeb25484, 4) = -1 ENODATA (No data available)
23:10:21.865075,1021,clock_gettime(CLOCK_MONOTONIC, {122, 615841360}) = 0
23:10:21.865760,1021,getpid() = 1021
23:10:21.866313,1021,readlink("/proc/1021/fd/34", "/data/app/com.kms-1.apk"..., 120) = 23
23:10:21.868862,1021,mprotect(0xb3e0e000, 397312, PROT_READ|PROT_WRITE) = 0
23:10:21.869501,1021,mprotect(0xb3e6f000, 41148416, PROT_NONE) = 0
23:10:21.887049,1021,_llseek(34, 2704276, [2704276], SEEK_SET) = 0
23:10:21.887911,1021,read(34, "vmonitoroptions.htmlPK\1\2\24\0\24\0\10\0\10\0"..., 4096) = 4096
23:10:21.889071,1021,fgetxattr(34, "user.taint", 0xbeb25484, 4) = -1 ENODATA (No data available)
23:10:21.898177,1021,clock_gettime(CLOCK_MONOTONIC, {122, 651615478}) = 0
23:10:21.901472,1021,getpid() = 1021
23:10:21.902050,1021,readlink("/proc/1021/fd/34", "/data/app/com.kms-1.apk"..., 120) = 23
23:10:21.909892,1021,_llseek(34, 2708372, [2708372], SEEK_SET) = 0
23:10:21.910576,1021,read(34, "Å\212\24\0res/raw-sv/avother.htmlPK\1\2\24"..., 3606) = 3606
23:10:21.914895,1021,fgetxattr(34, "user.taint", 0xbeb25484, 4) = -1 ENODATA (No data available)
23:10:21.916622,1021,clock_gettime(CLOCK_MONOTONIC, {122, 667483300}) = 0
23:10:21.917315,1021,getpid() = 1021
23:10:21.918062,1021,readlink("/proc/1021/fd/34", "/data/app/com.kms-1.apk"..., 120) = 23
23:10:21.925283,1021,mprotect(0xb3e0e000, 462848, PROT_READ|PROT_WRITE) = 0
23:10:21.926239,1021,mprotect(0xb3e7f000, 41082880, PROT_NONE) = 0
23:10:21.927915,1021,open("/data/app/com.kms-1.apk", O_RDONLY) = 35
23:10:21.928846,1021,lseek(35, 0, SEEK_END) = 2711978
23:10:21.929476,1021,mmap2(NULL, 69632, PROT_READ|PROT_WRITE, MAP_PRIVATE|MAP_ANONYMOUS, -1, 0) = 0xacbe6000
23:10:21.941130,1021,madvise(0xacbe6000, 69632, 0xc /* MADV_??? */) = -1 EINVAL (Invalid argument)
23:10:21.941855,1021,lseek(35, 2646421, SEEK_SET) = 2646421
23:10:21.942484,1021,read(35, "\0\0\0r\1\0\0\10\0\0\3è\7\0\0\10\0\0\0s\1\0\0\10\0\0\3ö\7\0\0\10"..., 65557) = 65557
23:10:21.943584,1021,mmap2(NULL, 49556, PROT_READ, MAP_SHARED, 35, 0x28a) = 0xacbd9000
23:10:21.944193,1021,munmap(0xacbe6000, 69632) = 0
23:10:21.945553,1021,fcntl64(35, F_GETFD) = 0
23:10:21.946206,1021,fcntl64(35, F_SETFD, FD_CLOEXEC) = 0
23:10:21.946757,1021,open("/data/app/com.kms-1.odex", O_RDONLY) = -1 ENOENT (No such file or directory)
23:10:21.947944,1021,open("/data/dalvik-cache/data@app@com.kms-1.apk@classes.dex", O_RDWR|O_CREAT, 0644) = -1 EACCES (Permission denied)
23:10:21.948893,1021,open("/data/dalvik-cache/data@app@com.kms-1.apk@classes.dex", O_RDONLY) = 36
23:10:21.949806,1021,flock(36, LOCK_EX|LOCK_NB) = 0
23:10:21.961585,1021,fstat64(36, {st_mode=S_IFREG|0644, st_size=437112, ...}) = 0
23:10:21.962896,1021,stat64("/data/dalvik-cache/data@app@com.kms-1.apk@classes.dex", {st_mode=S_IFREG|0644, st_size=437112, ...}) = 0
23:10:21.964297,1021,lseek(36, 0, SEEK_SET) = 0
23:10:21.964910,1021,read(36, "dey\n036\0(\0\0\0\\y\6\0\210y\6\0Ö\1\0\0`{\6\0\0300\0\0"..., 40) = 40
23:10:21.966340,1021,lseek(36, 424328, SEEK_SET) = 424328
23:10:21.967036,1021,read(36, "ò¡\225@\20\177°'\34\0\0\0\10\0\0\0\34\0\0\0/system/fram"..., 470) = 470
23:10:21.968153,1021,lseek(36, 0, SEEK_SET) = 0
23:10:21.968685,1021,lseek(36, 0, SEEK_CUR) = 0
23:10:21.969205,1021,lseek(36, 0, SEEK_END) = 437112
23:10:21.969785,1021,lseek(36, 0, SEEK_SET) = 0
23:10:21.980297,1021,mmap2(NULL, 437112, PROT_READ|PROT_WRITE, MAP_PRIVATE, 36, 0) = 0xacb6e000
23:10:21.981006,1021,madvise(0xacb6e000, 437112, 0xc /* MADV_??? */) = -1 EINVAL (Invalid argument)
23:10:21.981544,1021,mprotect(0xacb6e000, 437112, PROT_READ) = 0
23:10:21.982367,1021,open("/dev/ashmem", O_RDWR) = 37
23:10:21.983187,1021,ioctl(37, 0x41007701, 0xbeb25254) = 0
23:10:21.983825,1021,ioctl(37, 0x40047703, 0x9000) = 0
23:10:21.984336,1021,mmap2(NULL, 36864, PROT_READ|PROT_WRITE, MAP_PRIVATE, 37, 0) = 0xacbee000
23:10:21.985024,1021,madvise(0xacbee000, 36864, 0xc /* MADV_??? */) = -1 EINVAL (Invalid argument)
23:10:21.985547,1021,close(37) = 0
23:10:21.986690,1021,flock(36, LOCK_UN) = 0
23:10:21.987315,1021,close(36) = 0
23:10:21.988808,1021,access("/data/data/com.kms/lib", F_OK) = 0
23:10:21.989716,1021,access("/data/data/com.kms/lib", R_OK) = 0
23:10:22.001937,1021,stat64("/data/data/com.kms/lib", {st_mode=S_IFDIR|0755, st_size=4096, ...}) = 0
23:10:22.004786,1021,access("/vendor/lib", F_OK) = -1 ENOENT (No such file or directory)
23:10:22.006010,1021,access("/system/lib", F_OK) = 0
23:10:22.006872,1021,access("/system/lib", R_OK) = 0
23:10:22.007552,1021,stat64("/system/lib", {st_mode=S_IFDIR|0755, st_size=8192, ...}) = 0
23:10:22.008976,1021,getuid32() = 10050
23:10:22.009822,1021,getpid() = 1021
23:10:22.022037,1021,gettid() = 1021
23:10:22.022608,1021,clock_gettime(CLOCK_MONOTONIC, {122, 773428853}) = 0
23:10:22.023418,1021,ioctl(9, 0xc0186201, 0xbeb251f0) = 0
23:10:22.027267,1021,clock_gettime(CLOCK_MONOTONIC, {122, 778060428}) = 0
23:10:22.030605,1021,gettimeofday({1727305822, 30819}, NULL) = 0
23:10:22.032236,1021,mprotect(0xb1667000, 8192, PROT_READ|PROT_WRITE) = 0
23:10:22.036960,1021,access("/data/data/com.kms/lib/libeka_serialization.so", F_OK) = 0
23:10:22.037885,1021,stat64("/data/data/com.kms/lib/libeka_serialization.so", {st_mode=S_IFREG|0755, st_size=9576, ...}) = 0
23:10:22.039457,1021,access("/data/data/com.kms/lib/libeka_serialization.so", R_OK) = 0
23:10:22.061756,1021,writev(3, [{"\3", 1}, {"dalvikvm\0", 9}, {"Trying to load lib /data/data/co"..., 77}], 3) = 87
23:10:22.063328,1021,writev(3, [{"\5", 1}, {"dalvikvm\0", 9}, {"Denying lib /data/data/com.kms/l"..., 83}], 3) = 93
23:10:22.064763,1021,writev(3, [{"\5", 1}, {"dalvikvm\0", 9}, {"Exception Ljava/lang/Unsatisfied"..., 104}], 3) = 114
23:10:22.069058,1021,writev(3, [{"\5", 1}, {"dalvikvm\0", 9}, {"Class init failed in newInstance"..., 75}], 3) = 85
23:10:22.087447,1021,writev(3, [{"\3", 1}, {"AndroidRuntime\0", 15}, {"Shutting down VM\n\0", 18}], 3) = 34
23:10:22.088929,1021,writev(3, [{"\5", 1}, {"dalvikvm\0", 9}, {"threadid=1: thread exiting with "..., 70}], 3) = 80
23:10:22.105709,1021,writev(6, [{"\6", 1}, {"AndroidRuntime\0", 15}, {"FATAL EXCEPTION: main\njava.lang."..., 1297}], 3) = 1313
23:10:22.108924,1021,futex(0xb8bcc9a8, FUTEX_WAKE_PRIVATE, 1) = 1
23:10:22.109528,1025,<... futex resumed> ) = 0
23:10:22.109948,1021,futex(0xb8bcc9a8, FUTEX_WAKE_PRIVATE, 1 <unfinished ...>
23:10:22.121723,1025,futex(0xb68c45f4, FUTEX_WAIT_PRIVATE, 2, NULL <unfinished ...>
23:10:22.122408,1021,<... futex resumed> ) = 0
23:10:22.122881,1021,futex(0xb68c45f4, FUTEX_WAKE_PRIVATE, 1) = 1
23:10:22.123794,1025,<... futex resumed> ) = 0
23:10:22.124165,1021,futex(0xb8bcc9a8, FUTEX_WAKE_PRIVATE, 1 <unfinished ...>
23:10:22.128081,1025,futex(0xb68c45f4, FUTEX_WAIT_PRIVATE, 2, NULL <unfinished ...>
23:10:22.128380,1021,<... futex resumed> ) = 0
23:10:22.130207,1021,futex(0xb68c45f4, FUTEX_WAKE_PRIVATE, 1) = 1
23:10:22.130916,1025,<... futex resumed> ) = 0
23:10:22.131314,1021,futex(0xb8bcc9a8, FUTEX_WAKE_PRIVATE, 1 <unfinished ...>
23:10:22.131640,1025,futex(0xb68c45f4, FUTEX_WAIT_PRIVATE, 2, NULL <unfinished ...>
23:10:22.131981,1021,<... futex resumed> ) = 0
23:10:22.132311,1021,futex(0xb68c45f4, FUTEX_WAKE_PRIVATE, 1) = 1
23:10:22.132832,1025,<... futex resumed> ) = 0
23:10:22.133174,1021,futex(0xb8bcc9a8, FUTEX_WAKE_PRIVATE, 1 <unfinished ...>
23:10:22.133480,1025,futex(0xb68c45f4, FUTEX_WAIT_PRIVATE, 2, NULL <unfinished ...>
23:10:22.133836,1021,<... futex resumed> ) = 0
23:10:22.134169,1021,futex(0xb68c45f4, FUTEX_WAKE_PRIVATE, 1) = 1
23:10:22.134630,1025,<... futex resumed> ) = 0
23:10:22.134978,1021,futex(0xb8bcc9a8, FUTEX_WAKE_PRIVATE, 1 <unfinished ...>
23:10:22.135700,1025,futex(0xb68c45f4, FUTEX_WAIT_PRIVATE, 2, NULL <unfinished ...>
23:10:22.135980,1021,<... futex resumed> ) = 0
23:10:22.136327,1021,futex(0xb68c45f4, FUTEX_WAKE_PRIVATE, 1) = 1
23:10:22.136829,1025,<... futex resumed> ) = 0
23:10:22.137164,1021,futex(0xb8bcc9a8, FUTEX_WAKE_PRIVATE, 1 <unfinished ...>
23:10:22.137499,1025,futex(0xb68c45f4, FUTEX_WAIT_PRIVATE, 2, NULL <unfinished ...>
23:10:22.137811,1021,<... futex resumed> ) = 0
23:10:22.138191,1021,futex(0xb68c45f4, FUTEX_WAKE_PRIVATE, 1) = 1
23:10:22.138707,1025,<... futex resumed> ) = 0
23:10:22.139016,1021,futex(0xb8bcc9a8, FUTEX_WAKE_PRIVATE, 1 <unfinished ...>
23:10:22.139307,1025,futex(0xb68c45f4, FUTEX_WAIT_PRIVATE, 2, NULL <unfinished ...>
23:10:22.139584,1021,<... futex resumed> ) = 0
23:10:22.139973,1021,futex(0xb68c45f4, FUTEX_WAKE_PRIVATE, 1) = 1
23:10:22.140433,1025,<... futex resumed> ) = 0
23:10:22.140811,1021,futex(0xb8bcc9a8, FUTEX_WAKE_PRIVATE, 1 <unfinished ...>
23:10:22.141104,1025,futex(0xb68c45f4, FUTEX_WAIT_PRIVATE, 2, NULL <unfinished ...>
23:10:22.141379,1021,<... futex resumed> ) = 0
23:10:22.150369,1021,futex(0xb68c45f4, FUTEX_WAKE_PRIVATE, 1 <unfinished ...>
23:10:22.150812,1025,<... futex resumed> ) = 0
23:10:22.151141,1025,clock_gettime(CLOCK_MONOTONIC, {122, 901930559}) = 0
23:10:22.151805,1025,clock_gettime(CLOCK_MONOTONIC, {122, 902574898}) = 0
23:10:22.152365,1025,clock_gettime(CLOCK_MONOTONIC, {122, 903123963}) = 0
23:10:22.152959,1025,nanosleep({0, 10000000}, <unfinished ...>
23:10:22.154043,1021,<... futex resumed> ) = 1
23:10:22.154391,1021,futex(0xb68c458c, FUTEX_WAIT_PRIVATE, -434, NULL <unfinished ...>
23:10:22.164185,1025,<... nanosleep resumed> 0xaf5c6d88) = 0
23:10:22.164580,1025,madvise(0xb242d000, 3107101, MADV_NORMAL) = 0
23:10:22.211787,1025,futex(0xb68c45f4, FUTEX_WAKE_PRIVATE, 1) = 0
23:10:22.214122,1025,futex(0xb68c458c, FUTEX_WAKE_PRIVATE, 2147483647 <unfinished ...>
23:10:22.214669,1021,<... futex resumed> ) = 0
23:10:22.214989,1021,futex(0xb68c4588, FUTEX_WAIT_PRIVATE, 2, NULL <unfinished ...>
23:10:22.215294,1025,<... futex resumed> ) = 1
23:10:22.215602,1025,futex(0xb68c4588, FUTEX_WAKE_PRIVATE, 1 <unfinished ...>
23:10:22.215918,1021,<... futex resumed> ) = 0
23:10:22.216267,1021,futex(0xb68c4588, FUTEX_WAKE_PRIVATE, 1) = 0
23:10:22.217320,1021,mprotect(0xb3e0e000, 528384, PROT_READ|PROT_WRITE) = 0
23:10:22.218225,1021,mprotect(0xb3e8f000, 41017344, PROT_NONE) = 0
23:10:22.220891,1025,<... futex resumed> ) = 1
23:10:22.221280,1025,clock_gettime(CLOCK_MONOTONIC, {122, 972051631}) = 0
23:10:22.231110,1021,getpid() = 1021
23:10:22.231798,1021,gettid() = 1021
23:10:22.232454,1021,clock_gettime(CLOCK_MONOTONIC, {122, 983347637}) = 0
23:10:22.233203,1021,ioctl(9, 0xc0186201, 0xbeb25530) = 0
23:10:22.236897,1021,ioctl(9, 0xc0186201 <unfinished ...>
23:10:22.322111,1025,clock_gettime(CLOCK_MONOTONIC, <unfinished ...>
23:10:22.326487,1035,<... ioctl resumed> , 0xacf03e28) = 0
23:10:22.327768,1035,write(24, "1035", 4) = 4
23:10:22.335028,1035,getpriority(PRIO_PROCESS, 1035) = 20
23:10:22.335782,1021,<... ioctl resumed> , 0xbeb25530) = 0
23:10:22.336559,1035,clock_gettime(CLOCK_MONOTONIC, <unfinished ...>
23:10:22.336939,1021,clock_gettime(CLOCK_MONOTONIC, <unfinished ...>
23:10:22.337212,1035,<... clock_gettime resumed> {123, 87709060}) = 0
23:10:22.337573,1021,<... clock_gettime resumed> {123, 88057029}) = 0
23:10:22.338574,1035,write(24, "1035", 4 <unfinished ...>
23:10:22.338979,1021,getpid( <unfinished ...>
23:10:22.339251,1035,<... write resumed> ) = 4
23:10:22.339565,1021,<... getpid resumed> ) = 1021
23:10:22.339890,1035,ioctl(9, 0xc0186201 <unfinished ...>
23:10:22.362122,1021,open("/proc/1021/cmdline", O_RDONLY <unfinished ...>
23:10:22.362479,1025,<... clock_gettime resumed> {123, 91199227}) = 0
23:10:22.363063,1021,<... open resumed> ) = 36
23:10:22.366773,1025,futex(0xb68c458c, FUTEX_WAKE_PRIVATE, 2147483647 <unfinished ...>
23:10:22.367233,1021,fstat64(36, <unfinished ...>
23:10:22.367579,1025,<... futex resumed> ) = 0
23:10:22.367903,1021,<... fstat64 resumed> {st_mode=S_IFREG|0444, st_size=0, ...}) = 0
23:10:22.380101,1025,clock_gettime(CLOCK_MONOTONIC, <unfinished ...>
23:10:22.380618,1021,mprotect(0xb65ad000, 4096, PROT_READ|PROT_WRITE <unfinished ...>
23:10:22.381076,1025,<... clock_gettime resumed> {123, 131549160}) = 0
23:10:22.381481,1021,<... mprotect resumed> ) = 0
23:10:22.384979,1025,madvise(0xb342d000, 786432, MADV_DONTNEED <unfinished ...>
23:10:22.385368,1021,mprotect(0xb65ad000, 4096, PROT_READ <unfinished ...>
23:10:22.385953,1025,<... madvise resumed> ) = 0
23:10:22.386254,1021,<... mprotect resumed> ) = 0
23:10:22.386561,1025,madvise(0xb242d000, 16777216, MADV_DONTNEED <unfinished ...>
23:10:22.386938,1021,read(36, <unfinished ...>
23:10:22.387279,1025,<... madvise resumed> ) = 0
23:10:22.387618,1021,<... read resumed> "com.kms\0\0\0\0\0\0\0\0\0\0\0\0\0\0\0\0\0\0\0\0\0\0\0\0\0"..., 1024) = 76
23:10:22.388235,1025,futex(0xb68c45f8, FUTEX_WAKE_PRIVATE, 2147483647 <unfinished ...>
23:10:22.388576,1021,close(36 <unfinished ...>
23:10:22.388907,1025,<... futex resumed> ) = 0
23:10:22.389208,1021,<... close resumed> ) = 0
23:10:22.389915,1021,writev(5, [{"$Ë\0\0", 4}, {"\3\5\2\34\0\0\0android.app.IActivityMana"..., 63}], 2) = 67
23:10:22.391010,1021,getpid() = 1021
23:10:22.391748,1021,writev(3, [{"\4", 1}, {"Process\0", 8}, {"Sending signal. PID: 1021 SIG: 9"..., 33}], 3) = 42
23:10:22.393249,1021,kill(1021, SIGKILL <unfinished ...>
23:10:22.412590,1036,+++ killed by SIGKILL +++
23:10:22.414578,1026,+++ killed by SIGKILL +++
23:10:22.416491,1027,+++ killed by SIGKILL +++
23:10:22.416882,1028,+++ killed by SIGKILL +++
23:10:22.417197,1029,+++ killed by SIGKILL +++
23:10:22.417500,1032,+++ killed by SIGKILL +++
23:10:22.417842,1034,+++ killed by SIGKILL +++
23:10:22.418140,1035,+++ killed by SIGKILL +++
23:10:22.431474,1025,+++ killed by SIGKILL +++
23:10:22.432066,1021,+++ killed by SIGKILL +++
23:10:22.432731,59,<... select resumed> ) = ? ERESTARTNOHAND (To be restarted)
23:10:22.433057,59,--- {si_signo=SIGCHLD, si_code=CLD_KILLED, si_pid=1021, si_status=SIGKILL, si_utime=17, si_stime=25} (Child exited) ---
23:10:22.433385,59,wait4(-1, [{WIFSIGNALED(s) && WTERMSIG(s) == SIGKILL}], WNOHANG, NULL) = 1021
23:10:22.434432,59,wait4(-1, 0xbeb252dc, WNOHANG, NULL) = 0
23:10:22.435657,59,sigreturn() = ? (mask now [INT FPE KILL TERM CONT TSTP XCPU VTALRM PROF IO PWR RTMIN])
23:10:22.437025,59,select(24, [9 23], NULL, NULL, NULL) = ? ERESTARTNOHAND (To be restarted)
23:10:49.031555,59,--- {si_signo=SIGCHLD, si_code=CLD_KILLED, si_pid=727, si_status=SIGKILL, si_utime=31, si_stime=19} (Child exited) ---
23:10:49.031935,59,wait4(-1, [{WIFSIGNALED(s) && WTERMSIG(s) == SIGKILL}], WNOHANG, NULL) = 727
23:10:49.032570,59,wait4(-1, 0xbeb252dc, WNOHANG, NULL) = 0
23:10:49.033045,59,sigreturn() = ? (mask now [INT FPE KILL TERM CONT TSTP XCPU VTALRM PROF IO PWR RTMIN])
23:10:49.033994,59,select(24, [9 23], NULL, NULL, NULL