17:58:48.121791,982,futex(0xb7fd0f28, FUTEX_WAIT_PRIVATE, 0, NULL <unfinished ...>
17:58:48.168497,981,futex(0xb7fcd840, FUTEX_WAIT_PRIVATE, 0, NULL <unfinished ...>
17:58:48.169462,980,futex(0xb7fc8bf0, FUTEX_WAIT_PRIVATE, 0, NULL <unfinished ...>
17:58:48.170213,61,select(24, [9 23], NULL, NULL, NULL) = 1 (in [23])
17:58:51.776609,61,ioctl(23, FIONREAD, [164]) = 0
17:58:51.791203,61,recvmsg(23, {msg_name(0)=NULL, msg_iov(1)=[{"7\n--runtime-init\n--setuid=10050\n"..., 4217}], msg_controllen=0, msg_flags=0}, MSG_NOSIGNAL) = 164
17:58:51.794102,61,ioctl(23, FIONREAD, [0]) = 0
17:58:51.795527,61,futex(0xb7fc8bf0, FUTEX_WAKE_PRIVATE, 1 <unfinished ...>
17:58:51.795811,980,<... futex resumed> ) = 0
17:58:51.796223,980,futex(0xb7fc8be0, FUTEX_WAIT_PRIVATE, 2, NULL <unfinished ...>
17:58:51.796447,61,<... futex resumed> ) = 1
17:58:51.796686,61,futex(0xb7fc8be0, FUTEX_WAKE_PRIVATE, 1 <unfinished ...>
17:58:51.796996,980,<... futex resumed> ) = 0
17:58:51.797241,980,futex(0xb7fc8be0, FUTEX_WAKE_PRIVATE, 1) = 0
17:58:51.798203,980,futex(0xb683357c, FUTEX_WAIT_PRIVATE, 2, NULL <unfinished ...>
17:58:51.798430,61,<... futex resumed> ) = 1
17:58:51.798682,61,futex(0xb683357c, FUTEX_WAKE_PRIVATE, 1 <unfinished ...>
17:58:51.798982,980,<... futex resumed> ) = 0
17:58:51.799236,980,futex(0xb683357c, FUTEX_WAKE_PRIVATE, 1) = 0
17:58:51.808430,980,munmap(0xb0e9f000, 32768) = 0
17:58:51.809070,980,sigprocmask(SIG_SETMASK, ~[SEGV], NULL) = 0
17:58:51.810304,980,munmap(0xaf436000, 1048576) = 0
17:58:51.810931,980,exit(0) = ?
17:58:51.816507,61,<... futex resumed> ) = 1
17:58:51.816832,61,futex(0xb7fcd840, FUTEX_WAKE_PRIVATE, 1 <unfinished ...>
17:58:51.817213,981,<... futex resumed> ) = 0
17:58:51.817450,981,futex(0xb7fcd830, FUTEX_WAIT_PRIVATE, 2, NULL <unfinished ...>
17:58:51.817662,61,<... futex resumed> ) = 1
17:58:51.817968,61,futex(0xb7fcd830, FUTEX_WAKE_PRIVATE, 1 <unfinished ...>
17:58:51.818206,981,<... futex resumed> ) = 0
17:58:51.818450,981,futex(0xb7fcd830, FUTEX_WAKE_PRIVATE, 1) = 0
17:58:51.819069,981,futex(0xb683357c, FUTEX_WAIT_PRIVATE, 2, NULL <unfinished ...>
17:58:51.819288,61,<... futex resumed> ) = 1
17:58:51.819675,61,futex(0xb683357c, FUTEX_WAKE_PRIVATE, 1 <unfinished ...>
17:58:51.830443,981,<... futex resumed> ) = 0
17:58:51.830780,981,futex(0xb683357c, FUTEX_WAKE_PRIVATE, 1) = 0
17:58:51.831364,981,munmap(0xaf42e000, 32768) = 0
17:58:51.831924,981,sigprocmask(SIG_SETMASK, ~[SEGV], NULL) = 0
17:58:51.832431,981,munmap(0xaf32e000, 1048576) = 0
17:58:51.832965,981,exit(0) = ?
17:58:51.834829,61,<... futex resumed> ) = 1
17:58:51.836075,61,futex(0xb7fd0f28, FUTEX_WAKE_PRIVATE, 1 <unfinished ...>
17:58:51.836346,982,<... futex resumed> ) = 0
17:58:51.836610,982,futex(0xb7fd0f18, FUTEX_WAIT_PRIVATE, 2, NULL <unfinished ...>
17:58:51.836898,61,<... futex resumed> ) = 1
17:58:51.837188,61,futex(0xb7fd0f18, FUTEX_WAKE_PRIVATE, 1 <unfinished ...>
17:58:51.837441,982,<... futex resumed> ) = 0
17:58:51.837700,982,futex(0xb7fd0f18, FUTEX_WAKE_PRIVATE, 1) = 0
17:58:51.838316,982,futex(0xb683357c, FUTEX_WAIT_PRIVATE, 2, NULL <unfinished ...>
17:58:51.838572,61,<... futex resumed> ) = 1
17:58:51.838836,61,futex(0xb683357c, FUTEX_WAKE_PRIVATE, 1 <unfinished ...>
17:58:51.839299,982,<... futex resumed> ) = 0
17:58:51.839553,982,futex(0xb683357c, FUTEX_WAKE_PRIVATE, 1) = 0
17:58:51.840002,982,munmap(0xaf326000, 32768) = 0
17:58:51.840437,982,sigprocmask(SIG_SETMASK, ~[SEGV], NULL) = 0
17:58:51.840900,982,munmap(0xaf226000, 1048576) = 0
17:58:51.841404,982,exit(0) = ?
17:58:51.844654,61,<... futex resumed> ) = 1
17:58:51.846019,61,open("/proc/self/task", O_RDONLY|O_DIRECTORY) = 24
17:58:51.847121,61,getdents64(24, /* 3 entries */, 4200) = 72
17:58:51.860461,61,getdents64(24, /* 0 entries */, 4200) = 0
17:58:51.860946,61,close(24) = 0
17:58:51.861570,61,sigaction(SIGCHLD, {0xb67eb3dd, [], 0}, NULL, 0) = 0
17:58:51.862431,61,fork( <unfinished ...>
17:58:51.880508,1016,gettid() = 1016
17:58:51.882341,1016,getuid32() = 0
17:58:51.883122,1016,open("/acct/uid/0/tasks", O_RDWR|O_CREAT, 0666) = 24
17:58:51.884068,1016,write(24, "0", 1) = 1
17:58:51.884719,1016,close(24) = 0
17:58:51.885528,1016,prctl(PR_SET_KEEPCAPS, 1) = 0
17:58:51.886288,1016,setgroups32(3, [1015, 3003, 1028]) = 0
17:58:51.887392,1016,setgid32(10050) = 0
17:58:51.900227,1016,open("/acct/uid/10050/tasks", O_RDWR|O_CREAT, 0666) = 24
17:58:51.900896,1016,write(24, "0", 1) = 1
17:58:51.901360,1016,close(24) = 0
17:58:51.901827,1016,setuid32(10050) = 0
17:58:51.902750,1016,personality(0xffffffff /* PER_??? */) = 8388608
17:58:51.903315,1016,personality(0x840000 /* PER_??? */) = 8388608
17:58:51.904006,1016,capset(0xbece7794, 0xbece77a4) = 0
17:58:51.904935,1016,gettid() = 1016
17:58:51.905438,1016,access("/dev/cpuctl/tasks", F_OK) = 0
17:58:51.906160,1016,open("/dev/cpuctl/apps/tasks", O_WRONLY) = 24
17:58:51.907304,1016,open("/dev/cpuctl/apps/bg_non_interactive/tasks", O_WRONLY) = 25
17:58:51.908085,1016,futex(0xb6e8829c, FUTEX_WAKE_PRIVATE, 2147483647) = 0
17:58:51.908503,1016,write(24, "1016", 4) = 4
17:58:51.909071,61,<... fork resumed> ) = 1016
17:58:51.910453,61,mmap2(NULL, 32768, PROT_READ|PROT_WRITE, MAP_PRIVATE|MAP_ANONYMOUS, -1, 0) = 0xb0e9f000
17:58:51.911206,61,madvise(0xb0e9f000, 32768, 0xc /* MADV_??? */ <unfinished ...>
17:58:51.919127,1016,gettid( <unfinished ...>
17:58:51.919360,61,<... madvise resumed> ) = -1 EINVAL (Invalid argument)
17:58:51.920053,61,mmap2(NULL, 1048576, PROT_READ|PROT_WRITE, MAP_PRIVATE|MAP_ANONYMOUS|MAP_NORESERVE, -1, 0) = 0xaf436000
17:58:51.920508,61,madvise(0xaf436000, 1048576, 0xc /* MADV_??? */) = -1 EINVAL (Invalid argument)
17:58:51.921018,61,mprotect(0xaf436000, 4096, PROT_NONE) = 0
17:58:51.921554,61,clone(child_stack=0xaf535f00, flags=CLONE_VM|CLONE_FS|CLONE_FILES|CLONE_SIGHAND|CLONE_THREAD|CLONE_SYSVSEM|0x400000) = 1017
17:58:51.923719,61,futex(0xb6833580, FUTEX_WAIT_PRIVATE, -324, NULL <unfinished ...>
17:58:51.924273,1017,set_tls(0xaf535f00, 0xb7eb6548, 0xaf535ffc, 0x40, 0xaf535f00) = 0
17:58:51.928361,1017,prctl(PR_SET_NAME, 0xaf535e8c, 0, 0, 0) = 0
17:58:51.939159,1017,gettid() = 1017
17:58:51.939983,1017,futex(0xb6833580, FUTEX_WAKE_PRIVATE, 2147483647) = 1
17:58:51.940468,1017,futex(0xb6833580, FUTEX_WAIT_PRIVATE, -326, NULL <unfinished ...>
17:58:51.940707,1016,<... gettid resumed> ) = 1016
17:58:51.940973,61,<... futex resumed> ) = 0
17:58:51.941234,61,futex(0xb6833580, FUTEX_WAKE_PRIVATE, 2147483647 <unfinished ...>
17:58:51.941507,1017,<... futex resumed> ) = 0
17:58:51.941800,1017,futex(0xb683357c, FUTEX_WAIT_PRIVATE, 2, NULL <unfinished ...>
17:58:51.942074,61,<... futex resumed> ) = 1
17:58:51.942438,61,futex(0xb683357c, FUTEX_WAKE_PRIVATE, 1 <unfinished ...>
17:58:51.942705,1017,<... futex resumed> ) = 0
17:58:51.943010,1017,futex(0xb683357c, FUTEX_WAKE_PRIVATE, 1) = 0
17:58:51.943527,1017,getpriority(PRIO_PROCESS, 1017) = 20
17:58:51.944059,1017,setpriority(PRIO_PROCESS, 1017, 0) = 0
17:58:51.944587,1017,sched_yield() = 0
17:58:51.945077,1017,nanosleep({0, 1000000}, <unfinished ...>
17:58:51.945519,61,<... futex resumed> ) = 1
17:58:51.946046,61,mmap2(NULL, 32768, PROT_READ|PROT_WRITE, MAP_PRIVATE|MAP_ANONYMOUS, -1, 0) = 0xaf42e000
17:58:51.946496,61,madvise(0xaf42e000, 32768, 0xc /* MADV_??? */) = -1 EINVAL (Invalid argument)
17:58:51.947004,61,mmap2(NULL, 1048576, PROT_READ|PROT_WRITE, MAP_PRIVATE|MAP_ANONYMOUS|MAP_NORESERVE, -1, 0) = 0xaf32e000
17:58:51.947585,61,madvise(0xaf32e000, 1048576, 0xc /* MADV_??? */ <unfinished ...>
17:58:51.947823,1017,<... nanosleep resumed> NULL) = 0
17:58:51.948084,61,<... madvise resumed> ) = -1 EINVAL (Invalid argument)
17:58:51.948340,61,mprotect(0xaf32e000, 4096, PROT_NONE) = 0
17:58:51.949197,61,clone(child_stack=0xaf42df00, flags=CLONE_VM|CLONE_FS|CLONE_FILES|CLONE_SIGHAND|CLONE_THREAD|CLONE_SYSVSEM|0x400000) = 1018
17:58:51.951003,61,futex(0xb6833580, FUTEX_WAIT_PRIVATE, -328, NULL <unfinished ...>
17:58:51.953017,1018,set_tls(0xaf42df00, 0xb7eb1048, 0xaf42dffc, 0x40, 0xaf42df00) = 0
17:58:51.954432,1018,prctl(PR_SET_NAME, 0xaf42de8c, 0, 0, 0) = 0
17:58:51.954994,1018,gettid() = 1018
17:58:51.955598,1018,futex(0xb6833580, FUTEX_WAKE_PRIVATE, 2147483647 <unfinished ...>
17:58:51.955971,61,<... futex resumed> ) = 0
17:58:51.956215,61,futex(0xb683357c, FUTEX_WAIT_PRIVATE, 2, NULL <unfinished ...>
17:58:51.956479,1018,<... futex resumed> ) = 1
17:58:51.956731,1018,futex(0xb683357c, FUTEX_WAKE_PRIVATE, 1 <unfinished ...>
17:58:51.957082,61,<... futex resumed> ) = 0
17:58:51.957408,61,futex(0xb683357c, FUTEX_WAKE_PRIVATE, 1) = 0
17:58:51.957877,61,futex(0xb6833580, FUTEX_WAKE_PRIVATE, 2147483647 <unfinished ...>
17:58:51.968646,1018,<... futex resumed> ) = 1
17:58:51.968980,1018,futex(0xb6833580, FUTEX_WAIT_PRIVATE, -330, NULL) = -1 EAGAIN (Try again)
17:58:51.969388,1018,futex(0xb683357c, FUTEX_WAIT_PRIVATE, 2, NULL <unfinished ...>
17:58:51.969630,1017,futex(0xb7fc8bf0, FUTEX_WAIT_PRIVATE, 0, NULL <unfinished ...>
17:58:51.969910,1016,prctl(PR_SET_DUMPABLE, 1 <unfinished ...>
17:58:51.970121,61,<... futex resumed> ) = 0
17:58:51.970388,61,futex(0xb683357c, FUTEX_WAKE_PRIVATE, 1 <unfinished ...>
17:58:51.970645,1018,<... futex resumed> ) = 0
17:58:51.970942,1018,futex(0xb683357c, FUTEX_WAKE_PRIVATE, 1) = 0
17:58:51.971477,1018,getpriority(PRIO_PROCESS, 1018) = 20
17:58:51.971901,1018,setpriority(PRIO_PROCESS, 1018, 0) = 0
17:58:51.972429,1018,futex(0xb7fc8cb0, FUTEX_WAIT_PRIVATE, 2, NULL <unfinished ...>
17:58:51.972663,61,<... futex resumed> ) = 1
17:58:51.972998,61,futex(0xb7fc8cb0, FUTEX_WAKE_PRIVATE, 1 <unfinished ...>
17:58:51.973242,1018,<... futex resumed> ) = 0
17:58:51.973490,1018,futex(0xb7fc8cb0, FUTEX_WAKE_PRIVATE, 1) = 0
17:58:51.973931,1018,futex(0xb7fcd840, FUTEX_WAIT_PRIVATE, 0, NULL <unfinished ...>
17:58:51.974152,61,<... futex resumed> ) = 1
17:58:51.974550,61,mmap2(NULL, 32768, PROT_READ|PROT_WRITE, MAP_PRIVATE|MAP_ANONYMOUS, -1, 0) = 0xaf326000
17:58:51.975087,61,madvise(0xaf326000, 32768, 0xc /* MADV_??? */) = -1 EINVAL (Invalid argument)
17:58:51.975583,61,mmap2(NULL, 1048576, PROT_READ|PROT_WRITE, MAP_PRIVATE|MAP_ANONYMOUS|MAP_NORESERVE, -1, 0) = 0xaf226000
17:58:51.976116,61,madvise(0xaf226000, 1048576, 0xc /* MADV_??? */) = -1 EINVAL (Invalid argument)
17:58:51.976552,61,mprotect(0xaf226000, 4096, PROT_NONE) = 0
17:58:51.977101,61,clone( <unfinished ...>
17:58:51.978410,1019,futex(0xaf325f00, FUTEX_WAIT_PRIVATE, 2, NULL <unfinished ...>
17:58:51.978677,61,<... clone resumed> child_stack=0xaf325f00, flags=CLONE_VM|CLONE_FS|CLONE_FILES|CLONE_SIGHAND|CLONE_THREAD|CLONE_SYSVSEM|0x400000) = 1019
17:58:51.979035,61,futex(0xaf325f00, FUTEX_WAKE_PRIVATE, 1 <unfinished ...>
17:58:51.979283,1019,<... futex resumed> ) = 0
17:58:51.979544,1019,set_tls(0xaf325f00, 0xb7f87c00, 0xaf325ffc, 0x40, 0xaf325f00) = 0
17:58:51.980022,1019,prctl(PR_SET_NAME, 0xaf325e8c, 0, 0, 0) = 0
17:58:51.980435,1019,gettid() = 1019
17:58:51.980931,1019,futex(0xb6833580, FUTEX_WAKE_PRIVATE, 2147483647) = 0
17:58:51.981343,1019,futex(0xb6833580, FUTEX_WAIT_PRIVATE, -334, NULL <unfinished ...>
17:58:51.981572,61,<... futex resumed> ) = 1
17:58:51.982223,61,futex(0xb6833580, FUTEX_WAKE_PRIVATE, 2147483647 <unfinished ...>
17:58:51.982529,1019,<... futex resumed> ) = 0
17:58:51.982781,1019,futex(0xb683357c, FUTEX_WAIT_PRIVATE, 2, NULL <unfinished ...>
17:58:51.983076,61,<... futex resumed> ) = 1
17:58:51.983345,61,futex(0xb683357c, FUTEX_WAKE_PRIVATE, 1 <unfinished ...>
17:58:51.983600,1019,<... futex resumed> ) = 0
17:58:51.983954,1019,futex(0xb683357c, FUTEX_WAKE_PRIVATE, 1) = 0
17:58:51.984549,1019,getpriority(PRIO_PROCESS, 1019) = 20
17:58:51.985126,1019,setpriority(PRIO_PROCESS, 1019, 0) = 0
17:58:51.985651,1019,futex(0xb7e97450, FUTEX_WAIT_PRIVATE, 2, NULL <unfinished ...>
17:58:51.985969,61,<... futex resumed> ) = 1
17:58:51.986227,61,futex(0xb7e97450, FUTEX_WAKE_PRIVATE, 1 <unfinished ...>
17:58:51.986498,1019,<... futex resumed> ) = 0
17:58:51.986825,1019,futex(0xb7e97450, FUTEX_WAKE_PRIVATE, 1) = 0
17:58:51.987340,1019,futex(0xb7fd0f28, FUTEX_WAIT_PRIVATE, 0, NULL <unfinished ...>
17:58:51.987578,61,<... futex resumed> ) = 1
17:58:51.989531,1016,<... prctl resumed> ) = 0
17:58:51.990457,1016,setrlimit(RLIMIT_CORE, {rlim_cur=0, rlim_max=RLIM64_INFINITY} <unfinished ...>
17:58:51.991423,61,getpgid(0xe4 <unfinished ...>
17:58:51.991677,1016,<... setrlimit resumed> ) = 0
17:58:51.992046,1016,sigaction(SIGCHLD, {SIG_DFL, , NULL, 0) = 0
17:58:51.992601,1016,clock_gettime(CLOCK_MONOTONIC, {113, 665404659}) = 0
17:58:51.994048,1016,mmap2(NULL, 1048576, PROT_READ|PROT_WRITE, MAP_PRIVATE|MAP_ANONYMOUS|MAP_NORESERVE, -1, 0) = 0xaf436000
17:58:51.994584,1016,madvise(0xaf436000, 1048576, 0xc /* MADV_??? */) = -1 EINVAL (Invalid argument)
17:58:51.995136,1016,mprotect(0xaf436000, 4096, PROT_NONE) = 0
17:58:51.995704,1016,clone( <unfinished ...>
17:58:51.997493,61,<... getpgid resumed> ) = 61
17:58:51.997770,1016,<... clone resumed> child_stack=0xaf535f00, flags=CLONE_VM|CLONE_FS|CLONE_FILES|CLONE_SIGHAND|CLONE_THREAD|CLONE_SYSVSEM|0x400000) = 1020
17:58:51.998168,1016,futex(0xb6833580, FUTEX_WAIT_PRIVATE, -324, NULL <unfinished ...>
17:58:52.018666,61,setpgid(1016, 61) = 0
17:58:52.019370,61,sendmsg(23, {msg_name(0)=NULL, msg_iov(1)=[{"\0\0\3¯", 4}], msg_controllen=0, msg_flags=0}, MSG_NOSIGNAL) = 4
17:58:52.020425,61,sendmsg(23, {msg_name(0)=NULL, msg_iov(1)=[{"\0", 1}], msg_controllen=0, msg_flags=0}, MSG_NOSIGNAL) = 1
17:58:52.021275,61,select(24, [9 23], NULL, NULL, NULL <unfinished ...>
17:58:52.040514,1020,set_tls(0xaf535f00, 0xb7eb6548, 0xaf535ffc, 0x40, 0xaf535f00) = 0
17:58:52.041105,1020,prctl(PR_SET_NAME, 0xaf535eac, 0, 0, 0) = 0
17:58:52.041919,1020,mmap2(NULL, 32768, PROT_READ|PROT_WRITE, MAP_PRIVATE|MAP_ANONYMOUS, -1, 0) = 0xaf42e000
17:58:52.042448,1020,madvise(0xaf42e000, 32768, 0xc /* MADV_??? */) = -1 EINVAL (Invalid argument)
17:58:52.043016,1020,gettid() = 1020
17:58:52.044950,1020,getpriority(PRIO_PROCESS, 0) = 20
17:58:52.046370,1020,futex(0xb6833580, FUTEX_WAKE_PRIVATE, 2147483647 <unfinished ...>
17:58:52.046686,1016,<... futex resumed> ) = 0
17:58:52.047043,1016,futex(0xb683357c, FUTEX_WAIT_PRIVATE, 2, NULL <unfinished ...>
17:58:52.047325,1020,<... futex resumed> ) = 1
17:58:52.047609,1020,futex(0xb683357c, FUTEX_WAKE_PRIVATE, 1 <unfinished ...>
17:58:52.048459,1016,<... futex resumed> ) = 0
17:58:52.048740,1020,<... futex resumed> ) = 1
17:58:52.049087,1020,futex(0xb7e989a8, FUTEX_WAIT_PRIVATE, 0, NULL <unfinished ...>
17:58:52.050141,1016,futex(0xb683357c, FUTEX_WAKE_PRIVATE, 1) = 0
17:58:52.060502,1016,clock_gettime(CLOCK_MONOTONIC, {113, 750602150}) = 0
17:58:52.078767,1016,clock_gettime(CLOCK_MONOTONIC, {113, 751566806}) = 0
17:58:52.079633,1016,mmap2(NULL, 1048576, PROT_READ|PROT_WRITE, MAP_PRIVATE|MAP_ANONYMOUS|MAP_NORESERVE, -1, 0) = 0xaf32e000
17:58:52.080228,1016,madvise(0xaf32e000, 1048576, 0xc /* MADV_??? */) = -1 EINVAL (Invalid argument)
17:58:52.080703,1016,mprotect(0xaf32e000, 4096, PROT_NONE) = 0
17:58:52.081289,1016,clone(child_stack=0xaf42df00, flags=CLONE_VM|CLONE_FS|CLONE_FILES|CLONE_SIGHAND|CLONE_THREAD|CLONE_SYSVSEM|0x400000) = 1021
17:58:52.084491,1016,futex(0xb6833580, FUTEX_WAIT_PRIVATE, -326, NULL <unfinished ...>
17:58:52.084995,1021,set_tls(0xaf42df00, 0xb7eb1048, 0xaf42dffc, 0x40, 0xaf42df00) = 0
17:58:52.085458,1021,prctl(PR_SET_NAME, 0xaf42deac, 0, 0, 0) = 0
17:58:52.085991,1021,mmap2(NULL, 32768, PROT_READ|PROT_WRITE, MAP_PRIVATE|MAP_ANONYMOUS, -1, 0) = 0xaf326000
17:58:52.086499,1021,madvise(0xaf326000, 32768, 0xc /* MADV_??? */) = -1 EINVAL (Invalid argument)
17:58:52.087056,1021,gettid() = 1021
17:58:52.198818,1021,getpriority(PRIO_PROCESS, 0) = 20
17:58:52.199692,1021,futex(0xb6833580, FUTEX_WAKE_PRIVATE, 2147483647 <unfinished ...>
17:58:52.200029,1016,<... futex resumed> ) = 0
17:58:52.200304,1016,futex(0xb683357c, FUTEX_WAIT_PRIVATE, 2, NULL <unfinished ...>
17:58:52.200587,1021,<... futex resumed> ) = 1
17:58:52.200877,1021,futex(0xb683357c, FUTEX_WAKE_PRIVATE, 1 <unfinished ...>
17:58:52.201166,1016,<... futex resumed> ) = 0
17:58:52.201434,1016,futex(0xb683357c, FUTEX_WAKE_PRIVATE, 1) = 0
17:58:52.201927,1016,clock_gettime(CLOCK_MONOTONIC, {113, 874655378}) = 0
17:58:52.202485,1016,clock_gettime(CLOCK_MONOTONIC, {113, 875212925}) = 0
17:58:52.203567,1016,mmap2(NULL, 1048576, PROT_READ|PROT_WRITE, MAP_PRIVATE|MAP_ANONYMOUS|MAP_NORESERVE, -1, 0) = 0xaf226000
17:58:52.204166,1016,madvise(0xaf226000, 1048576, 0xc /* MADV_??? */) = -1 EINVAL (Invalid argument)
17:58:52.204691,1016,mprotect(0xaf226000, 4096, PROT_NONE) = 0
17:58:52.205239,1016,clone(child_stack=0xaf325f00, flags=CLONE_VM|CLONE_FS|CLONE_FILES|CLONE_SIGHAND|CLONE_THREAD|CLONE_SYSVSEM|0x400000) = 1024
17:58:52.220037,1021,<... futex resumed> ) = 1
17:58:52.221376,1016,futex(0xb6833580, FUTEX_WAIT_PRIVATE, -328, NULL <unfinished ...>
17:58:52.233638,1021,rt_sigtimedwait([QUIT USR1 RT_7 RT_13 RT_17 RT_18 RT_19 RT_20 RT_21 RT_22 RT_23 RT_24 RT_26 RT_27 RT_29 RT_30], NULL, NULL, 8 <unfinished ...>
17:58:52.234329,1024,set_tls(0xaf325f00, 0xb7f87c00, 0xaf325ffc, 0x40, 0xaf325f00) = 0
17:58:52.234850,1024,prctl(PR_SET_NAME, 0xaf325eac, 0, 0, 0) = 0
17:58:52.235462,1024,mmap2(NULL, 32768, PROT_READ|PROT_WRITE, MAP_PRIVATE|MAP_ANONYMOUS, -1, 0) = 0xaf21e000
17:58:52.236015,1024,madvise(0xaf21e000, 32768, 0xc /* MADV_??? */) = -1 EINVAL (Invalid argument)
17:58:52.236484,1024,gettid() = 1024
17:58:52.237225,1024,getpriority(PRIO_PROCESS, 0) = 20
17:58:52.237892,1024,futex(0xb6833580, FUTEX_WAKE_PRIVATE, 2147483647) = 1
17:58:52.250303,1016,<... futex resumed> ) = 0
17:58:52.250649,1024,futex(0xb7f8b888, FUTEX_WAIT_PRIVATE, 2, NULL <unfinished ...>
17:58:52.251011,1016,futex(0xb7f8b888, FUTEX_WAKE_PRIVATE, 1 <unfinished ...>
17:58:52.251415,1024,<... futex resumed> ) = -1 EAGAIN (Try again)
17:58:52.251802,1016,<... futex resumed> ) = 0
17:58:52.252384,1024,futex(0xb7f8b88c, FUTEX_WAKE_PRIVATE, 2147483647 <unfinished ...>
17:58:52.252719,1016,futex(0xb7f8b88c, FUTEX_WAIT_PRIVATE, 0, NULL <unfinished ...>
17:58:52.253431,1024,<... futex resumed> ) = 0
17:58:52.253715,1016,<... futex resumed> ) = -1 EAGAIN (Try again)
17:58:52.254528,1024,futex(0xb7f8b888, FUTEX_WAKE_PRIVATE, 1 <unfinished ...>
17:58:52.254851,1016,clock_gettime(CLOCK_MONOTONIC, <unfinished ...>
17:58:52.255568,1024,<... futex resumed> ) = 0
17:58:52.255846,1016,<... clock_gettime resumed> {113, 928314776}) = 0
17:58:52.256331,1024,socket(PF_UNIX, SOCK_STREAM, 0 <unfinished ...>
17:58:52.257986,1016,mmap2(NULL, 32768, PROT_READ|PROT_WRITE, MAP_PRIVATE|MAP_ANONYMOUS, -1, 0) = 0xaf216000
17:58:52.258707,1016,madvise(0xaf216000, 32768, 0xc /* MADV_??? */) = -1 EINVAL (Invalid argument)
17:58:52.259297,1016,mmap2(NULL, 1048576, PROT_READ|PROT_WRITE, MAP_PRIVATE|MAP_ANONYMOUS|MAP_NORESERVE, -1, 0) = 0xad289000
17:58:52.259916,1016,madvise(0xad289000, 1048576, 0xc /* MADV_??? */) = -1 EINVAL (Invalid argument)
17:58:52.260401,1016,mprotect(0xad289000, 4096, PROT_NONE) = 0
17:58:52.260978,1016,clone(child_stack=0xad388f00, flags=CLONE_VM|CLONE_FS|CLONE_FILES|CLONE_SIGHAND|CLONE_THREAD|CLONE_SYSVSEM|0x400000) = 1027
17:58:52.264021,1016,futex(0xb6833580, FUTEX_WAIT_PRIVATE, -330, NULL <unfinished ...>
17:58:52.266656,1027,set_tls(0xad388f00, 0xb7f93d50, 0xad388ffc, 0x40, 0xad388f00) = 0
17:58:52.279726,1027,prctl(PR_SET_NAME, 0xad388e8c, 0, 0, 0 <unfinished ...>
17:58:52.279996,1024,<... socket resumed> ) = 26
17:58:52.280305,1027,<... prctl resumed> ) = 0
17:58:52.280626,1027,gettid() = 1027
17:58:52.281269,1027,futex(0xb6833580, FUTEX_WAKE_PRIVATE, 2147483647) = 1
17:58:52.283381,1016,<... futex resumed> ) = 0
17:58:52.284879,1016,futex(0xb683357c, FUTEX_WAIT_PRIVATE, 2, NULL <unfinished ...>
17:58:52.285225,1027,futex(0xb683357c, FUTEX_WAKE_PRIVATE, 1) = 1
17:58:52.285667,1016,<... futex resumed> ) = 0
17:58:52.286003,1016,futex(0xb683357c, FUTEX_WAKE_PRIVATE, 1) = 0
17:58:52.286481,1016,futex(0xb6833580, FUTEX_WAKE_PRIVATE, 2147483647) = 0
17:58:52.287403,1016,mmap2(NULL, 32768, PROT_READ|PROT_WRITE, MAP_PRIVATE|MAP_ANONYMOUS, -1, 0) = 0xad281000
17:58:52.287988,1016,madvise(0xad281000, 32768, 0xc /* MADV_??? */) = -1 EINVAL (Invalid argument)
17:58:52.297761,1016,mmap2(NULL, 1048576, PROT_READ|PROT_WRITE, MAP_PRIVATE|MAP_ANONYMOUS|MAP_NORESERVE, -1, 0 <unfinished ...>
17:58:52.298078,1027,futex(0xb6833580, FUTEX_WAIT_PRIVATE, -332, NULL <unfinished ...>
17:58:52.298288,1024,pipe( <unfinished ...>
17:58:52.299320,1016,<... mmap2 resumed> ) = 0xad181000
17:58:52.300699,1016,madvise(0xad181000, 1048576, 0xc /* MADV_??? */) = -1 EINVAL (Invalid argument)
17:58:52.302912,1016,mprotect(0xad181000, 4096, PROT_NONE) = 0
17:58:52.305050,1016,clone(child_stack=0xad280f00, flags=CLONE_VM|CLONE_FS|CLONE_FILES|CLONE_SIGHAND|CLONE_THREAD|CLONE_SYSVSEM|0x400000) = 1028
17:58:52.308684,1016,futex(0xb6833580, FUTEX_WAIT_PRIVATE, -334, NULL <unfinished ...>
17:58:52.309057,1027,<... futex resumed> ) = -1 EAGAIN (Try again)
17:58:52.309356,1027,getpriority(PRIO_PROCESS, 1027) = 20
17:58:52.309886,1027,setpriority(PRIO_PROCESS, 1027, 0) = 0
17:58:52.310554,1027,futex(0xb7f977d8, FUTEX_WAIT_PRIVATE, 0, NULL <unfinished ...>
17:58:52.313984,1024,<... pipe resumed> [27, 28]) = 0
17:58:52.316657,1024,getpid() = 1016
17:58:52.318377,1024,connect(26, {sa_family=AF_UNIX, path=@"jdwp-control"...}, 15) = 0
17:58:52.328165,1024,getsockopt(26, SOL_SOCKET, SO_PEERCRED, {pid=68, uid=0, gid=0}, [12]) = 0
17:58:52.333209,1024,sendto(26, "03f8", 4, 0, NULL, 0) = 4
17:58:52.359717,1024,recvmsg(26, <unfinished ...>
17:58:52.373794,1028,set_tls(0xad280f00, 0xb7faeca8, 0xad280ffc, 0x40, 0xad280f00) = 0
17:58:52.374409,1028,prctl(PR_SET_NAME, 0xad280e8c, 0, 0, 0) = 0
17:58:52.375210,1028,gettid() = 1028
17:58:52.375931,1028,futex(0xb6833580, FUTEX_WAKE_PRIVATE, 2147483647 <unfinished ...>
17:58:52.376264,1016,<... futex resumed> ) = 0
17:58:52.376649,1016,futex(0xb683357c, FUTEX_WAIT_PRIVATE, 2, NULL <unfinished ...>
17:58:52.377015,1028,<... futex resumed> ) = 1
17:58:52.377298,1028,futex(0xb683357c, FUTEX_WAKE_PRIVATE, 1 <unfinished ...>
17:58:52.377593,1016,<... futex resumed> ) = 0
17:58:52.377963,1016,futex(0xb683357c, FUTEX_WAKE_PRIVATE, 1) = 0
17:58:52.378468,1016,futex(0xb6833580, FUTEX_WAKE_PRIVATE, 2147483647) = 0
17:58:52.379650,1028,<... futex resumed> ) = 1
17:58:52.380010,1028,futex(0xb6833580, FUTEX_WAIT_PRIVATE, -336, NULL) = -1 EAGAIN (Try again)
17:58:52.380505,1028,futex(0xb6efa698, FUTEX_WAIT_PRIVATE, 2, NULL <unfinished ...>
17:58:52.381152,1016,futex(0xb6efa698, FUTEX_WAKE_PRIVATE, 1 <unfinished ...>
17:58:52.381431,1028,<... futex resumed> ) = 0
17:58:52.381789,1028,futex(0xb6efa698, FUTEX_WAKE_PRIVATE, 1) = 0
17:58:52.382297,1028,getpriority(PRIO_PROCESS, 1028) = 20
17:58:52.382778,1028,setpriority(PRIO_PROCESS, 1028, 0) = 0
17:58:52.383408,1028,futex(0xb7fb22b0, FUTEX_WAIT_PRIVATE, 0, NULL <unfinished ...>
17:58:52.383697,1016,<... futex resumed> ) = 1
17:58:52.384062,1016,mmap2(NULL, 32768, PROT_READ|PROT_WRITE, MAP_PRIVATE|MAP_ANONYMOUS, -1, 0) = 0xad179000
17:58:52.385240,1016,madvise(0xad179000, 32768, 0xc /* MADV_??? */) = -1 EINVAL (Invalid argument)
17:58:52.385755,1016,mmap2(NULL, 1048576, PROT_READ|PROT_WRITE, MAP_PRIVATE|MAP_ANONYMOUS|MAP_NORESERVE, -1, 0) = 0xad079000
17:58:52.386321,1016,madvise(0xad079000, 1048576, 0xc /* MADV_??? */) = -1 EINVAL (Invalid argument)
17:58:52.387012,1016,mprotect(0xad079000, 4096, PROT_NONE) = 0
17:58:52.387591,1016,clone(child_stack=0xad178f00, flags=CLONE_VM|CLONE_FS|CLONE_FILES|CLONE_SIGHAND|CLONE_THREAD|CLONE_SYSVSEM|0x400000) = 1029
17:58:52.404391,1016,futex(0xb6833580, FUTEX_WAIT_PRIVATE, -338, NULL <unfinished ...>
17:58:52.404728,1029,set_tls(0xad178f00, 0xb7fd9da8, 0xad178ffc, 0x40, 0xad178f00) = 0
17:58:52.405269,1029,prctl(PR_SET_NAME, 0xad178e8c, 0, 0, 0) = 0
17:58:52.405754,1029,gettid() = 1029
17:58:52.406383,1029,futex(0xb6833580, FUTEX_WAKE_PRIVATE, 2147483647) = 1
17:58:52.406936,1016,<... futex resumed> ) = 0
17:58:52.407232,1016,futex(0xb683357c, FUTEX_WAIT_PRIVATE, 2, NULL <unfinished ...>
17:58:52.408502,1029,futex(0xb683357c, FUTEX_WAKE_PRIVATE, 1) = 1
17:58:52.409018,1016,<... futex resumed> ) = 0
17:58:52.409319,1016,futex(0xb683357c, FUTEX_WAKE_PRIVATE, 1) = 0
17:58:52.409844,1016,futex(0xb6833580, FUTEX_WAKE_PRIVATE, 2147483647) = 0
17:58:52.411805,1016,close(23) = 0
17:58:52.412805,1016,close(9) = 0
17:58:52.414630,1016,open("/dev/binder", O_RDWR) = 9
17:58:52.415500,1016,fcntl64(9, F_SETFD, FD_CLOEXEC) = 0
17:58:52.416130,1016,ioctl(9, 0xc0046209, 0xbece7638) = 0
17:58:52.417138,1016,ioctl(9, 0x40046205, 0xbece763c) = 0
17:58:52.417698,1016,mmap2(NULL, 1040384, PROT_READ, MAP_PRIVATE|MAP_NORESERVE, 9, 0 <unfinished ...>
17:58:52.418191,1029,futex(0xb6833580, FUTEX_WAIT_PRIVATE, -340, NULL) = -1 EAGAIN (Try again)
17:58:52.418678,1029,getpriority(PRIO_PROCESS, 1029) = 20
17:58:52.419198,1029,setpriority(PRIO_PROCESS, 1029, 0) = 0
17:58:52.419916,1029,futex(0xb7fb8608, FUTEX_WAIT_PRIVATE, 0, NULL <unfinished ...>
17:58:52.434446,1016,<... mmap2 resumed> ) = 0xacf7b000
17:58:52.434956,1016,madvise(0xacf7b000, 1040384, 0xc /* MADV_??? */) = -1 EINVAL (Invalid argument)
17:58:52.435589,1016,prctl(PR_SET_NAME, 0xb7f978a3, 0, 0, 0) = 0
17:58:52.436160,1016,open("/sys/qemu_trace/process_name", O_RDWR) = 23
17:58:52.437027,1016,write(23, "com.yybergeanzhi.qinzqwang\0", 27) = 27
17:58:52.453103,1016,close(23) = 0
17:58:52.555873,1016,mmap2(NULL, 1048576, PROT_READ|PROT_WRITE, MAP_PRIVATE|MAP_ANONYMOUS|MAP_NORESERVE, -1, 0) = 0xace7b000
17:58:52.556672,1016,madvise(0xace7b000, 1048576, 0xc /* MADV_??? */) = -1 EINVAL (Invalid argument)
17:58:52.557253,1016,mprotect(0xace7b000, 4096, PROT_NONE) = 0
17:58:52.557806,1016,clone(child_stack=0xacf7af00, flags=CLONE_VM|CLONE_FS|CLONE_FILES|CLONE_SIGHAND|CLONE_THREAD|CLONE_SYSVSEM|0x400000) = 1031
17:58:52.562787,1016,prctl(PR_SET_NAME, 0xb7f9378a, 0, 0, 0) = 0
17:58:52.563526,1016,open("/sys/qemu_trace/process_name", O_RDWR) = 23
17:58:52.564720,1016,write(23, "<pre-initialized>\0", 18) = 18
17:58:52.565437,1016,close(23) = 0
17:58:52.567142,1016,futex(0xb6e770c0, FUTEX_WAKE_PRIVATE, 2147483647) = 0
17:58:52.580006,1016,pipe([23, 29]) = 0
17:58:52.582307,1031,set_tls(0xacf7af00, 0xb7f70ac0, 0xacf7affc, 0x40, 0xacf7af00 <unfinished ...>
17:58:52.582629,1016,fcntl64(23, F_SETFL, O_RDONLY|O_NONBLOCK <unfinished ...>
17:58:52.583004,1031,<... open resumed> ) = 0
17:58:52.583388,1016,<... fcntl64 resumed> ) = 0
17:58:52.583770,1031,setpriority(PRIO_PROCESS, 0, 0 <unfinished ...>
17:58:52.584166,1016,fcntl64(29, F_SETFL, O_RDONLY|O_NONBLOCK <unfinished ...>
17:58:52.584706,1031,<... setpriority resumed> ) = 0
17:58:52.585047,1016,<... fcntl64 resumed> ) = 0
17:58:52.585425,1031,futex(0xb6e770b0, FUTEX_WAKE_PRIVATE, 2147483647 <unfinished ...>
17:58:52.585764,1016,epoll_create(0x8 <unfinished ...>
17:58:52.586099,1031,<... futex resumed> ) = 0
17:58:52.586415,1016,<... epoll_create resumed> ) = 30
17:58:52.586716,1031,gettid( <unfinished ...>
17:58:52.587101,1016,epoll_ctl(0x1e, 0x1, 0x17, 0xbece7300 <unfinished ...>
17:58:52.587407,1031,<... gettid resumed> ) = 1031
17:58:52.587710,1016,<... epoll_ctl resumed> ) = 0
17:58:52.588061,1031,write(24, "1031", 4) = 4
17:58:52.588932,1031,prctl(PR_SET_NAME, 0xb7f93fb8, 0, 0, 0) = 0
17:58:52.589502,1031,mmap2(NULL, 32768, PROT_READ|PROT_WRITE, MAP_PRIVATE|MAP_ANONYMOUS, -1, 0) = 0xace73000
17:58:52.590060,1031,madvise(0xace73000, 32768, 0xc /* MADV_??? */) = -1 EINVAL (Invalid argument)
17:58:52.590622,1031,gettid() = 1031
17:58:52.591588,1031,getpriority(PRIO_PROCESS, 0) = 20
17:58:52.592287,1031,gettid() = 1031
17:58:52.592829,1031,gettid() = 1031
17:58:52.593419,1031,getpid() = 1016
17:58:52.593972,1031,getuid32() = 10050
17:58:52.594542,1031,write(24, "1031", 4) = 4
17:58:52.595232,1031,ioctl(9, 0xc0186201, 0xacf7ae28) = 0
17:58:52.595999,1031,mmap2(NULL, 1048576, PROT_READ|PROT_WRITE, MAP_PRIVATE|MAP_ANONYMOUS|MAP_NORESERVE, -1, 0) = 0xacd73000
17:58:52.596924,1031,madvise(0xacd73000, 1048576, 0xc /* MADV_??? */) = -1 EINVAL (Invalid argument)
17:58:52.597444,1031,mprotect(0xacd73000, 4096, PROT_NONE) = 0
17:58:52.598486,1031,clone(child_stack=0xace72f00, flags=CLONE_VM|CLONE_FS|CLONE_FILES|CLONE_SIGHAND|CLONE_THREAD|CLONE_SYSVSEM|0x400000) = 1032
17:58:52.613068,1031,write(24, "1031", 4) = 4
17:58:52.613681,1031,ioctl(9, 0xc0186201 <unfinished ...>
17:58:52.614199,1032,set_tls(0xace72f00, 0xb7eb3518, 0xace72ffc, 0x40, 0xace72f00) = 0
17:58:52.614699,1032,setpriority(PRIO_PROCESS, 0, 0) = 0
17:58:52.615228,1032,gettid() = 1032
17:58:52.616110,1032,write(24, "1032", 4) = 4
17:58:52.616671,1032,prctl(PR_SET_NAME, 0xb7f784d0, 0, 0, 0) = 0
17:58:52.617436,1032,mmap2(NULL, 32768, PROT_READ|PROT_WRITE, MAP_PRIVATE|MAP_ANONYMOUS, -1, 0 <unfinished ...>
17:58:52.622655,1016,gettid() = 1016
17:58:52.623405,1016,getpid() = 1016
17:58:52.624000,1016,getuid32() = 10050
17:58:52.626487,1016,getpid() = 1016
17:58:52.627061,1016,gettid() = 1016
17:58:52.638322,1016,clock_gettime(CLOCK_MONOTONIC, {114, 311112155}) = 0
17:58:52.639028,1016,ioctl(9, 0xc0186201, 0xbece71f0) = 0
17:58:52.640077,1016,clock_gettime(CLOCK_MONOTONIC, {114, 312842460}) = 0
17:58:52.641801,1016,getpid() = 1016
17:58:52.642426,1016,gettid() = 1016
17:58:52.643051,1016,clock_gettime(CLOCK_MONOTONIC, {114, 315799837}) = 0
17:58:52.643694,1016,ioctl(9, 0xc0186201, 0xbece71f0) = 0
17:58:52.649399,1016,ioctl(9, 0xc0186201 <unfinished ...>
17:58:52.649760,1032,<... mmap2 resumed> ) = 0xacd6b000
17:58:52.650101,1032,madvise(0xacd6b000, 32768, 0xc /* MADV_??? */) = -1 EINVAL (Invalid argument)
17:58:52.650626,1032,gettid() = 1032
17:58:52.651578,1032,getpriority(PRIO_PROCESS, 0) = 20
17:58:52.652212,1032,gettid() = 1032
17:58:52.652753,1032,gettid() = 1032
17:58:52.653336,1032,getpid() = 1016
17:58:52.653774,1032,getuid32() = 10050
17:58:52.654297,1032,write(24, "1032", 4) = 4
17:58:52.654866,1032,ioctl(9, 0xc0186201, 0xace72e28) = 0
17:58:52.655460,1032,write(24, "1032", 4) = 4
17:58:52.656057,1032,ioctl(9, 0xc0186201 <unfinished ...>
17:58:52.658120,1031,<... ioctl resumed> , 0xacf7ae28) = 0
17:58:52.658475,1031,write(24, "1031", 4) = 4
17:58:52.660046,1031,getpriority(PRIO_PROCESS, 1031) = 20
17:58:52.749689,1031,clock_gettime(CLOCK_MONOTONIC, {114, 422778576}) = 0
17:58:52.750611,1016,<... ioctl resumed> , 0xbece71f0) = 0
17:58:52.750981,1016,clock_gettime(CLOCK_MONOTONIC, {114, 423729464}) = 0
17:58:52.751643,1016,getpid() = 1016
17:58:52.752308,1016,open("/proc/1016/cmdline", O_RDONLY) = 31
17:58:52.753097,1016,fstat64(31, {st_mode=S_IFREG|0444, st_size=0, ...}) = 0
17:58:52.754690,1016,mprotect(0xb651c000, 4096, PROT_READ|PROT_WRITE) = 0
17:58:52.755780,1016,mprotect(0xb651c000, 4096, PROT_READ) = 0
17:58:52.756558,1016,read(31, "<pre-initialized>\0\0\0\0\0\0\0\0\0\0\0\0\0\0\0"..., 1024) = 76
17:58:52.757563,1016,close(31) = 0
17:58:52.758157,1016,ioctl(9, 0xc0186201 <unfinished ...>
17:58:52.767797,1031,clock_gettime(CLOCK_MONOTONIC, <unfinished ...>
17:58:52.768112,1016,<... ioctl resumed> , 0xbece6110) = 0
17:58:52.768499,1031,<... clock_gettime resumed> {114, 440974541}) = 0
17:58:52.768936,1016,ioctl(9, 0xc0186201 <unfinished ...>
17:58:52.769427,1031,write(24, "1031", 4) = 4
17:58:52.770084,1031,ioctl(9, 0xc0186201 <unfinished ...>
17:58:52.770686,1016,<... ioctl resumed> , 0xbece6110) = 0
17:58:52.771074,1031,<... ioctl resumed> , 0xacf7ae28) = 0
17:58:52.771543,1016,writev(5, [{"$À\0\0", 4}, {"\3\5\2\34\0\0\0android.app.IActivityMana"..., 73}], 2 <unfinished ...>
17:58:52.772518,1031,write(24, "1031", 4 <unfinished ...>
17:58:52.772935,1016,<... writev resumed> ) = 77
17:58:52.773270,1031,<... write resumed> ) = 4
17:58:52.774572,1016,mprotect(0xb15d5000, 8192, PROT_READ|PROT_WRITE <unfinished ...>
17:58:52.774919,1031,getpriority(PRIO_PROCESS, 1031 <unfinished ...>
17:58:52.775682,1016,<... mprotect resumed> ) = 0
17:58:52.778085,1031,<... getpriority resumed> ) = 20
17:58:52.780890,1016,getpid() = 1016
17:58:52.787895,1016,getuid32() = 10050
17:58:52.788594,1016,getpid() = 1016
17:58:52.789212,1016,getuid32() = 10050
17:58:52.789778,1016,epoll_wait(0x1e, 0xbece71f8, 0x10, 0) = 0
17:58:52.790396,1016,clock_gettime(CLOCK_MONOTONIC, {114, 463135592}) = 0
17:58:52.793174,1016,open("/sys/kernel/debug/tracing/trace_marker", O_WRONLY) = -1 ENOENT (No such file or directory)
17:58:52.794179,1016,writev(3, [{"\6", 1}, {"Trace\0", 6}, {"error opening trace file: No suc"..., 56}], 3) = 63
17:58:52.796272,1016,getpid() = 1016
17:58:52.796811,1016,getuid32() = 10050
17:58:52.797487,1016,epoll_wait(0x1e, 0xbece71f8, 0x10, 0) = 0
17:58:52.798078,1016,clock_gettime(CLOCK_MONOTONIC, {114, 470834133}) = 0
17:58:52.811074,1016,prctl(PR_SET_NAME, 0xb7f73e7b, 0, 0, 0) = 0
17:58:52.811823,1016,open("/sys/qemu_trace/process_name", O_RDWR) = 31
17:58:52.813019,1016,write(31, "com.yybergeanzhi.qinzqwang\0", 27) = 27
17:58:52.813733,1016,close(31) = 0
17:58:52.818131,1016,ioctl(9, 0xc0186201, 0xbece70c8) = 0
17:58:52.819212,1016,ioctl(9, 0xc0186201 <unfinished ...>
17:58:52.862024,1031,clock_gettime(CLOCK_MONOTONIC, {114, 539851925}) = 0
17:58:52.880286,1016,<... ioctl resumed> , 0xbece7108) = 0
17:58:52.884699,1031,write(24, "1031", 4 <unfinished ...>
17:58:52.885348,1016,ioctl(9, 0xc0186201 <unfinished ...>
17:58:52.885647,1031,<... write resumed> ) = 4
17:58:52.886101,1031,ioctl(9, 0xc0186201 <unfinished ...>
17:58:52.886696,1016,<... ioctl resumed> , 0xbece70c8) = 0
17:58:52.887076,1016,dup(31) = 32
17:58:52.902611,1016,mmap2(NULL, 4096, PROT_READ, MAP_SHARED, 32, 0) = 0xacd6a000
17:58:52.903320,1016,close(31) = 0
17:58:52.908572,1016,dup(32) = 31
17:58:52.910351,1016,getpid() = 1016
17:58:52.910949,1016,gettid() = 1016
17:58:52.911473,1016,clock_gettime(CLOCK_MONOTONIC, {114, 584220819}) = 0
17:58:52.912434,1016,ioctl(9, 0xc0186201, 0xbece71f0) = 0
17:58:52.913812,1016,clock_gettime(CLOCK_MONOTONIC, {114, 586615780}) = 0
17:58:52.917362,1016,getuid32() = 10050
17:58:52.984964,1016,stat64("/system/framework/framework-res.apk", {st_mode=S_IFREG|0644, st_size=8749696, ...}) = 0
17:58:52.986475,1016,access("/vendor/overlay/framework/framework-res.apk", R_OK) = -1 ENOENT (No such file or directory)
17:58:52.991209,1016,stat64("/data/app/com.yybergeanzhi.qinzqwang-1.apk", {st_mode=S_IFREG|0644, st_size=2015581, ...}) = 0
17:58:52.994205,1016,stat64("/system/framework/framework-res.apk", {st_mode=S_IFREG|0644, st_size=8749696, ...}) = 0
17:58:53.023657,1016,stat64("/data/app/com.yybergeanzhi.qinzqwang-1.apk", {st_mode=S_IFREG|0644, st_size=2015581, ...}) = 0
17:58:53.025141,1016,open("/data/app/com.yybergeanzhi.qinzqwang-1.apk", O_RDONLY) = 33
17:58:53.025984,1016,_llseek(33, 0, [2015581], SEEK_END) = 0
17:58:53.026656,1016,mmap2(NULL, 69632, PROT_READ|PROT_WRITE, MAP_PRIVATE|MAP_ANONYMOUS, -1, 0) = 0xacd59000
17:58:53.027247,1016,madvise(0xacd59000, 69632, 0xc /* MADV_??? */) = -1 EINVAL (Invalid argument)
17:58:53.039461,1016,_llseek(33, 0, [0], SEEK_SET) = 0
17:58:53.043304,1016,read(33, "PK\3\4", 4) = 4
17:58:53.044096,1016,_llseek(33, 1950024, [1950024], SEEK_SET) = 0
17:58:53.046069,1016,read(33, "\20\4\34œ\211\224 \225˝I>\215∑∞∏\0u8ª÷œ‚®H;Ó/K\207\216<\22"..., 65557) = 65557
17:58:53.049118,1016,munmap(0xacd59000, 69632) = 0
17:58:53.049718,1016,mmap2(NULL, 8519, PROT_READ, MAP_SHARED, 33, 0x1ea) = 0xacd67000
17:58:53.050758,1016,pread(33, "PK\3\4\n\0\0\0\0\0§\tØDhÕ2\27¿\"\0\0¿\"\0\0\16\0\3\0", 30, 2129792677707776) = 30
17:58:53.052331,1016,mmap2(NULL, 9208, PROT_READ, MAP_SHARED, 33, 0x79) = 0xacd64000
17:58:53.053588,1016,gettimeofday({1739210333, 53795}, NULL) = 0
17:58:53.054795,1016,access("/data/data/com.yybergeanzhi.qinzqwang/cache", F_OK) = -1 ENOENT (No such file or directory)
17:58:53.056118,1016,access("/data/data/com.yybergeanzhi.qinzqwang/cache", F_OK) = -1 ENOENT (No such file or directory)
17:58:53.057478,1016,mkdir("/data/data/com.yybergeanzhi.qinzqwang/cache", 0700) = 0
17:58:53.072520,1016,chmod("/data/data/com.yybergeanzhi.qinzqwang/cache", 0771) = 0
17:58:53.073972,1016,getuid32() = 10050
17:58:53.074574,1016,getuid32() = 10050
17:58:53.076034,1016,getpid() = 1016
17:58:53.076541,1016,gettid() = 1016
17:58:53.077076,1016,clock_gettime(CLOCK_MONOTONIC, {114, 749812574}) = 0
17:58:53.077628,1016,ioctl(9, 0xc0186201, 0xbece71f0) = 0
17:58:53.078474,1016,ioctl(9, 0xc0186201, 0xbece71f0) = 0
17:58:53.081934,1016,clock_gettime(CLOCK_MONOTONIC, {114, 754678537}) = 0
17:58:53.084200,1016,access("/data/data/com.yybergeanzhi.qinzqwang/cache/com.android.renderscript.cache", F_OK) = -1 ENOENT (No such file or directory)
17:58:53.085408,1016,mkdir("/data/data/com.yybergeanzhi.qinzqwang/cache/com.android.renderscript.cache", 0700) = 0
17:58:53.087542,1016,getpid() = 1016
17:58:53.090724,1016,gettid() = 1016
17:58:53.091298,1016,clock_gettime(CLOCK_MONOTONIC, {114, 766854758}) = 0
17:58:53.118255,1016,ioctl(9, 0xc0186201, 0xbece71f0) = 0
17:58:53.119229,1016,clock_gettime(CLOCK_MONOTONIC, {114, 792002639}) = 0
17:58:53.120601,1016,getpid() = 1016
17:58:53.121162,1016,gettid() = 1016
17:58:53.121723,1016,clock_gettime(CLOCK_MONOTONIC, {114, 794562275}) = 0
17:58:53.122602,1016,ioctl(9, 0xc0186201, 0xbece71f0) = 0
17:58:53.124683,1016,clock_gettime(CLOCK_MONOTONIC, {114, 797546031}) = 0
17:58:53.127037,1016,writev(3, [{"\5", 1}, {"DroidBox\0", 9}, {"DroidBox: { \"DexClassLoader\": { "..., 89}], 3) = 99
17:58:53.142635,1016,access("/data/app/com.yybergeanzhi.qinzqwang-1.apk", F_OK) = 0
17:58:53.143660,1016,access("/data/app/com.yybergeanzhi.qinzqwang-1.apk", R_OK) = 0
17:58:53.145133,1016,stat64("/data/app/com.yybergeanzhi.qinzqwang-1.apk", {st_mode=S_IFREG|0644, st_size=2015581, ...}) = 0
17:58:53.159814,1016,open("/data/app/com.yybergeanzhi.qinzqwang-1.apk", O_RDONLY) = 34
17:58:53.160797,1016,fstat64(34, {st_mode=S_IFREG|0644, st_size=2015581, ...}) = 0
17:58:53.162015,1016,fstat64(34, {st_mode=S_IFREG|0644, st_size=2015581, ...}) = 0
17:58:53.163743,1016,_llseek(34, 2015559, [2015559], SEEK_SET) = 0
17:58:53.164911,1016,read(34, "PK\5\6", 4) = 4
17:58:53.165489,1016,fgetxattr(34, "user.taint", 0xbece7484, 4) = -1 ENODATA (No data available)
17:58:53.167343,1016,clock_gettime(CLOCK_MONOTONIC, {114, 840088999}) = 0
17:58:53.167960,1016,getpid() = 1016
17:58:53.168462,1016,readlink("/proc/1016/fd/34", "/data/app/com.yybergeanzhi.qinzqwang-1.apk"..., 120) = 42
17:58:53.180362,1016,read(34, "\0\0\0\0J\0J\0B\25\0\0\5¨\36\0\0\0", 18) = 18
17:58:53.181167,1016,fgetxattr(34, "user.taint", 0xbece7484, 4) = -1 ENODATA (No data available)
17:58:53.182611,1016,clock_gettime(CLOCK_MONOTONIC, {114, 855385418}) = 0
17:58:53.183277,1016,getpid() = 1016
17:58:53.183883,1016,readlink("/proc/1016/fd/34", "/data/app/com.yybergeanzhi.qinzqwang-1.apk"..., 120) = 42
17:58:53.185522,1016,fstat64(34, {st_mode=S_IFREG|0644, st_size=2015581, ...}) = 0
17:58:53.186842,1016,_llseek(34, 2010117, [2010117], SEEK_SET) = 0
17:58:53.187593,1016,read(34, "PK\1\2\24\0\24\0\10\0\10\0§\tØDL~\214-∫˚\6\0`\35\10\0\17\0\4\0"..., 4096) = 4096
17:58:53.200207,1016,fgetxattr(34, "user.taint", 0xbece7484, 4) = -1 ENODATA (No data available)
17:58:53.202357,1016,clock_gettime(CLOCK_MONOTONIC, {114, 875155316}) = 0
17:58:53.203048,1016,getpid() = 1016
17:58:53.203548,1016,readlink("/proc/1016/fd/34", "/data/app/com.yybergeanzhi.qinzqwang-1.apk"..., 120) = 42
17:58:53.223906,1016,_llseek(34, 2014213, [2014213], SEEK_SET) = 0
17:58:53.224589,1016,read(34, "–%\24\0res/drawable-ldpi/desc.jpgPK"..., 1368) = 1368
17:58:53.225390,1016,fgetxattr(34, "user.taint", 0xbece7484, 4) = -1 ENODATA (No data available)
17:58:53.227369,1016,clock_gettime(CLOCK_MONOTONIC, {114, 911447618}) = 0
17:58:53.239336,1016,getpid() = 1016
17:58:53.239950,1016,readlink("/proc/1016/fd/34", "/data/app/com.yybergeanzhi.qinzqwang-1.apk"..., 120) = 42
17:58:53.244004,1016,open("/data/app/com.yybergeanzhi.qinzqwang-1.apk", O_RDONLY) = 35
17:58:53.244910,1016,lseek(35, 0, SEEK_END) = 2015581
17:58:53.245485,1016,mmap2(NULL, 69632, PROT_READ|PROT_WRITE, MAP_PRIVATE|MAP_ANONYMOUS, -1, 0) = 0xacd53000
17:58:53.246126,1016,madvise(0xacd53000, 69632, 0xc /* MADV_??? */) = -1 EINVAL (Invalid argument)
17:58:53.246789,1016,lseek(35, 1950024, SEEK_SET) = 1950024
17:58:53.247443,1016,read(35, "\20\4\34œ\211\224 \225˝I>\215∑∞∏\0u8ª÷œ‚®H;Ó/K\207\216<\22"..., 65557) = 65557
17:58:53.248787,1016,mmap2(NULL, 8519, PROT_READ, MAP_SHARED, 35, 0x1ea) = 0xacd50000
17:58:53.249380,1016,munmap(0xacd53000, 69632) = 0
17:58:53.250120,1016,fcntl64(35, F_GETFD) = 0
17:58:53.250664,1016,fcntl64(35, F_SETFD, FD_CLOEXEC) = 0
17:58:53.251272,1016,open("/data/app/com.yybergeanzhi.qinzqwang-1.odex", O_RDONLY) = -1 ENOENT (No such file or directory)
17:58:53.253631,1016,open("/data/dalvik-cache/data@app@com.yybergeanzhi.qinzqwang-1.apk@classes.dex", O_RDWR|O_CREAT, 0644) = -1 EACCES (Permission denied)
17:58:53.254821,1016,open("/data/dalvik-cache/data@app@com.yybergeanzhi.qinzqwang-1.apk@classes.dex", O_RDONLY) = 36
17:58:53.256014,1016,flock(36, LOCK_EX|LOCK_NB) = 0
17:58:53.257071,1016,fstat64(36, {st_mode=S_IFREG|0644, st_size=1323080, ...}) = 0
17:58:53.258166,1016,stat64("/data/dalvik-cache/data@app@com.yybergeanzhi.qinzqwang-1.apk@classes.dex", {st_mode=S_IFREG|0644, st_size=1323080, ...}) = 0
17:58:53.271500,1016,lseek(36, 0, SEEK_SET) = 0
17:58:53.272097,1016,read(36, "dey\n036\0(\0\0\0000˛\23\0X˛\23\0÷\1\0\0000\0\24\0\0300\0\0"..., 40) = 40
17:58:53.272912,1016,lseek(36, 1310296, SEEK_SET) = 1310296
17:58:53.273451,1016,read(36, "§\tØD∂{P≤\34\0\0\0\10\0\0\0\34\0\0\0/system/fram"..., 470) = 470
17:58:53.274643,1016,lseek(36, 0, SEEK_SET) = 0
17:58:53.275216,1016,lseek(36, 0, SEEK_CUR) = 0
17:58:53.275710,1016,lseek(36, 0, SEEK_END) = 1323080
17:58:53.276275,1016,lseek(36, 0, SEEK_SET) = 0
17:58:53.277052,1016,mmap2(NULL, 1323080, PROT_READ|PROT_WRITE, MAP_PRIVATE, 36, 0) = 0xacc0c000
17:58:53.288509,1016,madvise(0xacc0c000, 1323080, 0xc /* MADV_??? */) = -1 EINVAL (Invalid argument)
17:58:53.289116,1016,mprotect(0xacc0c000, 1323080, PROT_READ) = 0
17:58:53.289778,1016,open("/dev/ashmem", O_RDWR) = 37
17:58:53.290465,1016,ioctl(37, 0x41007701, 0xbece7254) = 0
17:58:53.291060,1016,ioctl(37, 0x40047703, 0xd000) = 0
17:58:53.291569,1016,mmap2(NULL, 53248, PROT_READ|PROT_WRITE, MAP_PRIVATE, 37, 0) = 0xacd57000
17:58:53.292288,1016,madvise(0xacd57000, 53248, 0xc /* MADV_??? */) = -1 EINVAL (Invalid argument)
17:58:53.293072,1016,close(37) = 0
17:58:53.293763,1016,flock(36, LOCK_UN) = 0
17:58:53.294375,1016,close(36) = 0
17:58:53.295992,1016,access("/data/data/com.yybergeanzhi.qinzqwang/lib", F_OK) = 0
17:58:53.296810,1016,access("/data/data/com.yybergeanzhi.qinzqwang/lib", R_OK) = 0
17:58:53.297624,1016,stat64("/data/data/com.yybergeanzhi.qinzqwang/lib", {st_mode=S_IFDIR|0755, st_size=4096, ...}) = 0
17:58:53.310072,1016,access("/vendor/lib", F_OK) = -1 ENOENT (No such file or directory)
17:58:53.310994,1016,access("/system/lib", F_OK) = 0
17:58:53.311676,1016,access("/system/lib", R_OK) = 0
17:58:53.312423,1016,stat64("/system/lib", {st_mode=S_IFDIR|0755, st_size=8192, ...}) = 0
17:58:53.313700,1016,getuid32() = 10050
17:58:53.314559,1016,getpid() = 1016
17:58:53.315325,1016,gettid() = 1016
17:58:53.315825,1016,clock_gettime(CLOCK_MONOTONIC, {114, 988619291}) = 0
17:58:53.316435,1016,ioctl(9, 0xc0186201, 0xbece71f0) = 0
17:58:53.320296,1016,ioctl(9, 0xc0186201, 0xbece71f0) = 0
17:58:53.324599,1016,clock_gettime(CLOCK_MONOTONIC, {114, 997432212}) = 0
17:58:53.328476,1016,gettimeofday({1739210333, 328676}, NULL) = 0
17:58:53.333559,1016,access("/data/data/com.yybergeanzhi.qinzqwang/lib/libns.so", F_OK) = 0
17:58:53.334708,1016,stat64("/data/data/com.yybergeanzhi.qinzqwang/lib/libns.so", {st_mode=S_IFREG|0755, st_size=17544, ...}) = 0
17:58:53.336710,1016,access("/data/data/com.yybergeanzhi.qinzqwang/lib/libns.so", R_OK) = 0
17:58:53.337677,1016,writev(3, [{"\3", 1}, {"dalvikvm\0", 9}, {"Trying to load lib /data/data/co"..., 81}], 3) = 91
17:58:53.348991,1016,writev(3, [{"\5", 1}, {"dalvikvm\0", 9}, {"Denying lib /data/data/com.yyber"..., 87}], 3) = 97
17:58:53.351045,1016,writev(3, [{"\3", 1}, {"AndroidRuntime\0", 15}, {"Shutting down VM\n\0", 18}], 3) = 34
17:58:53.355928,1016,writev(3, [{"\5", 1}, {"dalvikvm\0", 9}, {"threadid=1: thread exiting with "..., 70}], 3) = 80
17:58:53.366580,1016,writev(6, [{"\6", 1}, {"AndroidRuntime\0", 15}, {"FATAL EXCEPTION: main\njava.lang."..., 1023}], 3) = 1039
17:58:53.373735,1016,getpid() = 1016
17:58:53.374340,1016,gettid() = 1016
17:58:53.374898,1016,clock_gettime(CLOCK_MONOTONIC, {115, 47649107}) = 0
17:58:53.375625,1016,ioctl(9, 0xc0186201, 0xbece7530) = 0
17:58:53.379792,1016,ioctl(9, 0xc0186201 <unfinished ...>
17:58:53.448259,1032,<... ioctl resumed> , 0xace72e28) = 0
17:58:53.448794,1032,write(24, "1032", 4) = 4
17:58:53.449397,1032,getpriority(PRIO_PROCESS, 1032) = 20
17:58:53.450572,1032,clock_gettime(CLOCK_MONOTONIC, {115, 124764876}) = 0
17:58:53.453476,1032,write(24, "1032", 4) = 4
17:58:53.454100,1032,ioctl(9, 0xc0186201 <unfinished ...>
17:58:53.456815,1016,<... ioctl resumed> , 0xbece7530) = 0
17:58:53.457260,1016,clock_gettime(CLOCK_MONOTONIC, {115, 130287191}) = 0
17:58:53.459061,1016,getpid() = 1016
17:58:53.459949,1016,writev(3, [{"\4", 1}, {"Process\0", 8}, {"Sending signal. PID: 1016 SIG: 9"..., 33}], 3) = 42
17:58:53.461065,1016,kill(1016, SIGKILL <unfinished ...>
17:58:53.463161,1020,+++ killed by SIGKILL +++
17:58:53.464683,1021,+++ killed by SIGKILL +++
17:58:53.465102,1024,+++ killed by SIGKILL +++
17:58:53.465472,1027,+++ killed by SIGKILL +++
17:58:53.468719,1028,+++ killed by SIGKILL +++
17:58:53.469153,1029,+++ killed by SIGKILL +++
17:58:53.469508,1031,+++ killed by SIGKILL +++
17:58:53.469891,1032,+++ killed by SIGKILL +++
17:58:53.482319,1016,+++ killed by SIGKILL +++
17:58:53.482728,61,<... select resumed> ) = ? ERESTARTNOHAND (To be restarted)
17:58:53.483537,61,--- {si_signo=SIGCHLD, si_code=CLD_KILLED, si_pid=1016, si_status=SIGKILL, si_utime=9, si_stime=14} (Child exited) ---
17:58:53.485455,61,wait4(-1, [{WIFSIGNALED(s) && WTERMSIG(s) == SIGKILL}], WNOHANG, NULL) = 1016
17:58:53.486471,61,wait4(-1, 0xbece72dc, WNOHANG, NULL) = 0
17:58:53.487054,61,sigreturn() = ? (mask now [INT FPE KILL PIPE ALRM CHLD XCPU VTALRM PROF IO PWR RTMIN])
17:58:53.488405,61,select(24, [9 23], NULL, NULL, NULL) = ? ERESTARTNOHAND (To be restarted)
17:59:20.509705,61,--- {si_signo=SIGCHLD, si_code=CLD_KILLED, si_pid=745, si_status=SIGKILL, si_utime=24, si_stime=19} (Child exited) ---
17:59:20.510048,61,wait4(-1, [{WIFSIGNALED(s) && WTERMSIG(s) == SIGKILL}], WNOHANG, NULL) = 745
17:59:20.510731,61,wait4(-1, 0xbece72dc, WNOHANG, NULL) = 0
17:59:20.511205,61,sigreturn() = ? (mask now [INT FPE KILL PIPE ALRM CHLD XCPU VTALRM PROF IO PWR RTMIN])
17:59:20.514346,61,select(24, [9 23], NULL, NULL, NULL