18:06:09.228112,995,futex(0xb9080ed0, FUTEX_WAIT_PRIVATE, 0, NULL <unfinished ...>
18:06:09.267298,993,futex(0xb907d7e8, FUTEX_WAIT_PRIVATE, 0, NULL <unfinished ...>
18:06:09.267874,992,futex(0xb9078b98, FUTEX_WAIT_PRIVATE, 0, NULL <unfinished ...>
18:06:09.268240,59,select(24, [9 23], NULL, NULL, NULL) = 1 (in [23])
18:06:12.605217,59,ioctl(23, FIONREAD, [156]) = 0
18:06:12.606310,59,recvmsg(23, {msg_name(0)=NULL, msg_iov(1)=[{"7\n--runtime-init\n--setuid=10050\n"..., 4217}], msg_controllen=0, msg_flags=0}, MSG_NOSIGNAL) = 156
18:06:12.608759,59,ioctl(23, FIONREAD, [0]) = 0
18:06:12.620048,59,futex(0xb9078b98, FUTEX_WAKE_PRIVATE, 1 <unfinished ...>
18:06:12.620416,992,<... futex resumed> ) = 0
18:06:12.620963,992,futex(0xb9078b88, FUTEX_WAIT_PRIVATE, 2, NULL <unfinished ...>
18:06:12.621220,59,<... futex resumed> ) = 1
18:06:12.621584,59,futex(0xb9078b88, FUTEX_WAKE_PRIVATE, 1 <unfinished ...>
18:06:12.621937,992,<... futex resumed> ) = 0
18:06:12.622320,992,futex(0xb9078b88, FUTEX_WAKE_PRIVATE, 1) = 0
18:06:12.623382,992,futex(0xb687357c, FUTEX_WAIT_PRIVATE, 2, NULL <unfinished ...>
18:06:12.624029,59,<... futex resumed> ) = 1
18:06:12.624290,59,futex(0xb687357c, FUTEX_WAKE_PRIVATE, 1 <unfinished ...>
18:06:12.624545,992,<... futex resumed> ) = 0
18:06:12.624870,992,futex(0xb687357c, FUTEX_WAKE_PRIVATE, 1) = 0
18:06:12.625301,992,munmap(0xb0edf000, 32768) = 0
18:06:12.625957,992,sigprocmask(SIG_SETMASK, ~[SEGV], NULL) = 0
18:06:12.626995,992,munmap(0xaf476000, 1048576) = 0
18:06:12.627557,992,exit(0) = ?
18:06:12.629017,59,<... futex resumed> ) = 1
18:06:12.629310,59,futex(0xb907d7e8, FUTEX_WAKE_PRIVATE, 1 <unfinished ...>
18:06:12.629557,993,<... futex resumed> ) = 0
18:06:12.629885,993,futex(0xb907d7d8, FUTEX_WAIT_PRIVATE, 2, NULL <unfinished ...>
18:06:12.630146,59,<... futex resumed> ) = 1
18:06:12.630505,59,futex(0xb907d7d8, FUTEX_WAKE_PRIVATE, 1 <unfinished ...>
18:06:12.630842,993,<... futex resumed> ) = 0
18:06:12.631092,993,futex(0xb907d7d8, FUTEX_WAKE_PRIVATE, 1) = 0
18:06:12.631625,993,futex(0xb687357c, FUTEX_WAIT_PRIVATE, 2, NULL <unfinished ...>
18:06:12.631913,59,<... futex resumed> ) = 1
18:06:12.632165,59,futex(0xb687357c, FUTEX_WAKE_PRIVATE, 1 <unfinished ...>
18:06:12.632407,993,<... futex resumed> ) = 0
18:06:12.632688,993,futex(0xb687357c, FUTEX_WAKE_PRIVATE, 1) = 0
18:06:12.633293,993,munmap(0xaf46e000, 32768) = 0
18:06:12.633898,993,sigprocmask(SIG_SETMASK, ~[SEGV], NULL) = 0
18:06:12.634350,993,munmap(0xaf36e000, 1048576) = 0
18:06:12.634860,993,exit(0) = ?
18:06:12.635215,59,<... futex resumed> ) = 1
18:06:12.635491,59,futex(0xb9080ed0, FUTEX_WAKE_PRIVATE, 1 <unfinished ...>
18:06:12.635795,995,<... futex resumed> ) = 0
18:06:12.636047,995,futex(0xb9080ec0, FUTEX_WAIT_PRIVATE, 2, NULL <unfinished ...>
18:06:12.636291,59,<... futex resumed> ) = 1
18:06:12.636538,59,futex(0xb9080ec0, FUTEX_WAKE_PRIVATE, 1 <unfinished ...>
18:06:12.636838,995,<... futex resumed> ) = 0
18:06:12.637089,995,futex(0xb9080ec0, FUTEX_WAKE_PRIVATE, 1) = 0
18:06:12.637610,995,futex(0xb687357c, FUTEX_WAIT_PRIVATE, 2, NULL <unfinished ...>
18:06:12.637985,59,<... futex resumed> ) = 1
18:06:12.638237,59,futex(0xb687357c, FUTEX_WAKE_PRIVATE, 1 <unfinished ...>
18:06:12.659155,995,<... futex resumed> ) = 0
18:06:12.660515,995,futex(0xb687357c, FUTEX_WAKE_PRIVATE, 1) = 0
18:06:12.668825,995,munmap(0xaf366000, 32768) = 0
18:06:12.669374,995,sigprocmask(SIG_SETMASK, ~[SEGV], NULL) = 0
18:06:12.669886,995,munmap(0xaf266000, 1048576) = 0
18:06:12.670575,995,exit(0) = ?
18:06:12.672087,59,<... futex resumed> ) = 1
18:06:12.672622,59,open("/proc/self/task", O_RDONLY|O_DIRECTORY) = 24
18:06:12.673698,59,getdents64(24, /* 3 entries */, 4200) = 72
18:06:12.675200,59,getdents64(24, /* 0 entries */, 4200) = 0
18:06:12.675656,59,close(24) = 0
18:06:12.676415,59,sigaction(SIGCHLD, {0xb682b3dd, [], 0}, NULL, 0) = 0
18:06:12.677204,59,fork( <unfinished ...>
18:06:12.686777,1028,gettid() = 1028
18:06:12.687524,1028,getuid32() = 0
18:06:12.688244,1028,open("/acct/uid/0/tasks", O_RDWR|O_CREAT, 0666) = 24
18:06:12.689509,1028,write(24, "0", 1) = 1
18:06:12.690126,1028,close(24) = 0
18:06:12.699812,1028,prctl(PR_SET_KEEPCAPS, 1) = 0
18:06:12.700452,1028,setgroups32(3, [1015, 3003, 1028]) = 0
18:06:12.701319,1028,setgid32(10050) = 0
18:06:12.701901,1028,open("/acct/uid/10050/tasks", O_RDWR|O_CREAT, 0666) = 24
18:06:12.702505,1028,write(24, "0", 1) = 1
18:06:12.703099,1028,close(24) = 0
18:06:12.703782,1028,setuid32(10050) = 0
18:06:12.704582,1028,personality(0xffffffff /* PER_??? */) = 8388608
18:06:12.705112,1028,personality(0x840000 /* PER_??? */) = 8388608
18:06:12.705579,1028,capset(0xbe878794, 0xbe8787a4) = 0
18:06:12.706870,1028,gettid() = 1028
18:06:12.707515,1028,access("/dev/cpuctl/tasks", F_OK) = 0
18:06:12.708175,1028,open("/dev/cpuctl/apps/tasks", O_WRONLY) = 24
18:06:12.718610,1028,open("/dev/cpuctl/apps/bg_non_interactive/tasks", O_WRONLY) = 25
18:06:12.719446,1028,futex(0xb6ec829c, FUTEX_WAKE_PRIVATE, 2147483647) = 0
18:06:12.719909,1028,write(24, "1028", 4) = 4
18:06:12.720351,59,<... fork resumed> ) = 1028
18:06:12.721683,59,mmap2(NULL, 32768, PROT_READ|PROT_WRITE, MAP_PRIVATE|MAP_ANONYMOUS, -1, 0) = 0xb0edf000
18:06:12.722484,59,madvise(0xb0edf000, 32768, 0xc /* MADV_??? */) = -1 EINVAL (Invalid argument)
18:06:12.724630,59,mmap2(NULL, 1048576, PROT_READ|PROT_WRITE, MAP_PRIVATE|MAP_ANONYMOUS|MAP_NORESERVE, -1, 0) = 0xaf476000
18:06:12.725153,59,madvise(0xaf476000, 1048576, 0xc /* MADV_??? */) = -1 EINVAL (Invalid argument)
18:06:12.725542,59,mprotect(0xaf476000, 4096, PROT_NONE) = 0
18:06:12.726097,59,clone(child_stack=0xaf575f00, flags=CLONE_VM|CLONE_FS|CLONE_FILES|CLONE_SIGHAND|CLONE_THREAD|CLONE_SYSVSEM|0x400000) = 1029
18:06:12.728474,59,futex(0xb6873580, FUTEX_WAIT_PRIVATE, -324, NULL <unfinished ...>
18:06:12.729015,1029,set_tls(0xaf575f00, 0xb9043cf8, 0xaf575ffc, 0x40, 0xaf575f00) = 0
18:06:12.729613,1029,prctl(PR_SET_NAME, 0xaf575e8c, 0, 0, 0) = 0
18:06:12.732101,1028,gettid() = 1028
18:06:12.732600,1028,prctl(PR_SET_DUMPABLE, 1) = 0
18:06:12.733088,1028,setrlimit(RLIMIT_CORE, {rlim_cur=0, rlim_max=RLIM64_INFINITY}) = 0
18:06:12.733868,1028,sigaction(SIGCHLD, {SIG_DFL, , NULL, 0) = 0
18:06:12.734420,1028,clock_gettime(CLOCK_MONOTONIC, {127, 717386736}) = 0
18:06:12.736593,1028,mmap2(NULL, 1048576, PROT_READ|PROT_WRITE, MAP_PRIVATE|MAP_ANONYMOUS|MAP_NORESERVE, -1, 0) = 0xaf476000
18:06:12.737113,1028,madvise(0xaf476000, 1048576, 0xc /* MADV_??? */) = -1 EINVAL (Invalid argument)
18:06:12.737546,1028,mprotect(0xaf476000, 4096, PROT_NONE) = 0
18:06:12.738059,1028,clone(child_stack=0xaf575f00, flags=CLONE_VM|CLONE_FS|CLONE_FILES|CLONE_SIGHAND|CLONE_THREAD|CLONE_SYSVSEM|0x400000) = 1030
18:06:12.739954,1028,futex(0xb6873580, FUTEX_WAIT_PRIVATE, -324, NULL <unfinished ...>
18:06:12.749771,1029,gettid() = 1029
18:06:12.750798,1029,futex(0xb6873580, FUTEX_WAKE_PRIVATE, 2147483647 <unfinished ...>
18:06:12.751108,59,<... futex resumed> ) = 0
18:06:12.751404,59,futex(0xb687357c, FUTEX_WAIT_PRIVATE, 2, NULL <unfinished ...>
18:06:12.751687,1029,<... futex resumed> ) = 1
18:06:12.751961,1029,futex(0xb687357c, FUTEX_WAKE_PRIVATE, 1 <unfinished ...>
18:06:12.752220,59,<... futex resumed> ) = 0
18:06:12.752480,59,futex(0xb687357c, FUTEX_WAKE_PRIVATE, 1) = 0
18:06:12.752944,59,futex(0xb6873580, FUTEX_WAKE_PRIVATE, 2147483647) = 0
18:06:12.753587,59,mmap2(NULL, 32768, PROT_READ|PROT_WRITE, MAP_PRIVATE|MAP_ANONYMOUS, -1, 0) = 0xaf46e000
18:06:12.754108,59,madvise(0xaf46e000, 32768, 0xc /* MADV_??? */) = -1 EINVAL (Invalid argument)
18:06:12.754585,59,mmap2(NULL, 1048576, PROT_READ|PROT_WRITE, MAP_PRIVATE|MAP_ANONYMOUS|MAP_NORESERVE, -1, 0) = 0xaf36e000
18:06:12.755073,59,madvise(0xaf36e000, 1048576, 0xc /* MADV_??? */) = -1 EINVAL (Invalid argument)
18:06:12.755497,59,mprotect(0xaf36e000, 4096, PROT_NONE) = 0
18:06:12.756004,59,clone(child_stack=0xaf46df00, flags=CLONE_VM|CLONE_FS|CLONE_FILES|CLONE_SIGHAND|CLONE_THREAD|CLONE_SYSVSEM|0x400000) = 1031
18:06:12.757151,59,futex(0xb6873580, FUTEX_WAIT_PRIVATE, -328, NULL <unfinished ...>
18:06:12.757410,1029,<... futex resumed> ) = 1
18:06:12.757674,1029,futex(0xb6873580, FUTEX_WAIT_PRIVATE, -326, NULL) = -1 EAGAIN (Try again)
18:06:12.758165,1029,getpriority(PRIO_PROCESS, 1029) = 20
18:06:12.758657,1029,setpriority(PRIO_PROCESS, 1029, 0) = 0
18:06:12.759269,1029,futex(0xb9078b98, FUTEX_WAIT_PRIVATE, 0, NULL <unfinished ...>
18:06:12.759675,1031,set_tls(0xaf46df00, 0xb8f66548, 0xaf46dffc, 0x40, 0xaf46df00) = 0
18:06:12.760195,1031,prctl(PR_SET_NAME, 0xaf46de8c, 0, 0, 0) = 0
18:06:12.760642,1031,gettid() = 1031
18:06:12.763312,1031,futex(0xb6873580, FUTEX_WAKE_PRIVATE, 2147483647) = 1
18:06:12.763828,1031,futex(0xb6873580, FUTEX_WAIT_PRIVATE, -330, NULL <unfinished ...>
18:06:12.764052,59,<... futex resumed> ) = 0
18:06:12.764298,59,futex(0xb6873580, FUTEX_WAKE_PRIVATE, 2147483647 <unfinished ...>
18:06:12.764624,1031,<... futex resumed> ) = 0
18:06:12.764933,1031,futex(0xb687357c, FUTEX_WAIT_PRIVATE, 2, NULL <unfinished ...>
18:06:12.765161,59,<... futex resumed> ) = 1
18:06:12.765444,59,futex(0xb687357c, FUTEX_WAKE_PRIVATE, 1 <unfinished ...>
18:06:12.765751,1031,<... futex resumed> ) = 0
18:06:12.766004,1031,futex(0xb687357c, FUTEX_WAKE_PRIVATE, 1) = 0
18:06:12.766462,1031,getpriority(PRIO_PROCESS, 1031) = 20
18:06:12.766979,1031,setpriority(PRIO_PROCESS, 1031, 0) = 0
18:06:12.767443,1031,sched_yield() = 0
18:06:12.767891,1031,nanosleep({0, 1000000}, <unfinished ...>
18:06:12.768277,59,<... futex resumed> ) = 1
18:06:12.768719,59,mmap2(NULL, 32768, PROT_READ|PROT_WRITE, MAP_PRIVATE|MAP_ANONYMOUS, -1, 0) = 0xaf366000
18:06:12.769168,59,madvise(0xaf366000, 32768, 0xc /* MADV_??? */) = -1 EINVAL (Invalid argument)
18:06:12.769571,59,mmap2(NULL, 1048576, PROT_READ|PROT_WRITE, MAP_PRIVATE|MAP_ANONYMOUS|MAP_NORESERVE, -1, 0) = 0xaf266000
18:06:12.770042,59,madvise(0xaf266000, 1048576, 0xc /* MADV_??? */) = -1 EINVAL (Invalid argument)
18:06:12.770432,59,mprotect(0xaf266000, 4096, PROT_NONE <unfinished ...>
18:06:12.780161,1031,<... nanosleep resumed> NULL) = 0
18:06:12.780564,1031,futex(0xb907d7e8, FUTEX_WAIT_PRIVATE, 0, NULL <unfinished ...>
18:06:12.780882,59,<... mprotect resumed> ) = 0
18:06:12.781162,59,clone(child_stack=0xaf365f00, flags=CLONE_VM|CLONE_FS|CLONE_FILES|CLONE_SIGHAND|CLONE_THREAD|CLONE_SYSVSEM|0x400000) = 1032
18:06:12.784890,59,futex(0xb6873580, FUTEX_WAIT_PRIVATE, -332, NULL <unfinished ...>
18:06:12.785318,1032,set_tls(0xaf365f00, 0xb9037ba8, 0xaf365ffc, 0x40, 0xaf365f00) = 0
18:06:12.785882,1032,prctl(PR_SET_NAME, 0xaf365e8c, 0, 0, 0) = 0
18:06:12.786325,1032,gettid() = 1032
18:06:12.788605,1032,futex(0xb6873580, FUTEX_WAKE_PRIVATE, 2147483647) = 1
18:06:12.802245,1032,futex(0xb6873580, FUTEX_WAIT_PRIVATE, -334, NULL <unfinished ...>
18:06:12.802500,1030,set_tls(0xaf575f00, 0xb9043cf8, 0xaf575ffc, 0x40, 0xaf575f00 <unfinished ...>
18:06:12.802761,59,<... syscall_240 resumed> ) = 0
18:06:12.803169,59,futex(0xb6873580, FUTEX_WAKE_PRIVATE, 2147483647 <unfinished ...>
18:06:12.803457,1032,<... futex resumed> ) = 0
18:06:12.803755,1032,futex(0xb687357c, FUTEX_WAIT_PRIVATE, 2, NULL <unfinished ...>
18:06:12.804029,59,<... futex resumed> ) = 1
18:06:12.804270,59,futex(0xb687357c, FUTEX_WAKE_PRIVATE, 1 <unfinished ...>
18:06:12.804505,1032,<... futex resumed> ) = 0
18:06:12.804812,1032,futex(0xb687357c, FUTEX_WAKE_PRIVATE, 1) = 0
18:06:12.805198,1032,getpriority(PRIO_PROCESS, 1032) = 20
18:06:12.805574,1032,setpriority(PRIO_PROCESS, 1032, 0) = 0
18:06:12.806094,1032,futex(0xb8f47450, FUTEX_WAIT_PRIVATE, 2, NULL <unfinished ...>
18:06:12.806310,59,<... futex resumed> ) = 1
18:06:12.806557,59,futex(0xb8f47450, FUTEX_WAKE_PRIVATE, 1 <unfinished ...>
18:06:12.806897,1032,<... futex resumed> ) = 0
18:06:12.807141,1032,futex(0xb8f47450, FUTEX_WAKE_PRIVATE, 1) = 0
18:06:12.807559,1032,futex(0xb9080ed0, FUTEX_WAIT_PRIVATE, 0, NULL <unfinished ...>
18:06:12.807815,59,<... futex resumed> ) = 1
18:06:12.808170,59,getpgid(0xe8 <unfinished ...>
18:06:12.808535,1030,<... open resumed> ) = 0
18:06:12.808913,1030,prctl(PR_SET_NAME, 0xaf575eac, 0, 0, 0) = 0
18:06:12.809568,1030,mmap2(NULL, 32768, PROT_READ|PROT_WRITE, MAP_PRIVATE|MAP_ANONYMOUS, -1, 0) = 0xaf46e000
18:06:12.810112,1030,madvise(0xaf46e000, 32768, 0xc /* MADV_??? */) = -1 EINVAL (Invalid argument)
18:06:12.810607,1030,gettid() = 1030
18:06:12.812228,1030,getpriority(PRIO_PROCESS, 0) = 20
18:06:12.813508,1030,futex(0xb6873580, FUTEX_WAKE_PRIVATE, 2147483647) = 1
18:06:12.813991,1028,<... futex resumed> ) = 0
18:06:12.814262,1030,futex(0xb8f489a8, FUTEX_WAIT_PRIVATE, 0, NULL <unfinished ...>
18:06:12.814536,1028,clock_gettime(CLOCK_MONOTONIC, {127, 796540964}) = 0
18:06:12.815089,1028,clock_gettime(CLOCK_MONOTONIC, {127, 797033881}) = 0
18:06:12.815771,1028,mmap2(NULL, 1048576, PROT_READ|PROT_WRITE, MAP_PRIVATE|MAP_ANONYMOUS|MAP_NORESERVE, -1, 0) = 0xaf36e000
18:06:12.816348,1028,madvise(0xaf36e000, 1048576, 0xc /* MADV_??? */) = -1 EINVAL (Invalid argument)
18:06:12.816858,1028,mprotect(0xaf36e000, 4096, PROT_NONE) = 0
18:06:12.817499,1028,clone(child_stack=0xaf46df00, flags=CLONE_VM|CLONE_FS|CLONE_FILES|CLONE_SIGHAND|CLONE_THREAD|CLONE_SYSVSEM|0x400000) = 1033
18:06:12.819955,1028,futex(0xb6873580, FUTEX_WAIT_PRIVATE, -326, NULL <unfinished ...>
18:06:12.831263,59,<... getpgid resumed> ) = 59
18:06:12.831863,59,setpgid(1028, 59) = 0
18:06:12.833499,59,sendmsg(23, {msg_name(0)=NULL, msg_iov(1)=[{"\0\0\4\4", 4}], msg_controllen=0, msg_flags=0}, MSG_NOSIGNAL) = 4
18:06:12.835867,59,sendmsg(23, {msg_name(0)=NULL, msg_iov(1)=[{"\0", 1}], msg_controllen=0, msg_flags=0}, MSG_NOSIGNAL) = 1
18:06:12.837366,59,select(24, [9 23], NULL, NULL, NULL <unfinished ...>
18:06:12.838793,1033,set_tls(0xaf46df00, 0xb8f66548, 0xaf46dffc, 0x40, 0xaf46df00) = 0
18:06:12.839258,1033,prctl(PR_SET_NAME, 0xaf46deac, 0, 0, 0) = 0
18:06:12.839764,1033,mmap2(NULL, 32768, PROT_READ|PROT_WRITE, MAP_PRIVATE|MAP_ANONYMOUS, -1, 0) = 0xaf366000
18:06:12.840240,1033,madvise(0xaf366000, 32768, 0xc /* MADV_??? */) = -1 EINVAL (Invalid argument)
18:06:12.840732,1033,gettid() = 1033
18:06:12.841401,1033,getpriority(PRIO_PROCESS, 0) = 20
18:06:12.842012,1033,futex(0xb6873580, FUTEX_WAKE_PRIVATE, 2147483647 <unfinished ...>
18:06:12.842341,1028,<... futex resumed> ) = 0
18:06:12.842612,1028,futex(0xb687357c, FUTEX_WAIT_PRIVATE, 2, NULL <unfinished ...>
18:06:12.842931,1033,<... futex resumed> ) = 1
18:06:12.843200,1033,futex(0xb687357c, FUTEX_WAKE_PRIVATE, 1 <unfinished ...>
18:06:12.843462,1028,<... futex resumed> ) = 0
18:06:12.843768,1028,futex(0xb687357c, FUTEX_WAKE_PRIVATE, 1) = 0
18:06:12.844204,1028,clock_gettime(CLOCK_MONOTONIC, {127, 826150813}) = 0
18:06:12.844741,1028,clock_gettime(CLOCK_MONOTONIC, {127, 826686910}) = 0
18:06:12.845692,1028,mmap2(NULL, 1048576, PROT_READ|PROT_WRITE, MAP_PRIVATE|MAP_ANONYMOUS|MAP_NORESERVE, -1, 0) = 0xaf266000
18:06:12.846215,1028,madvise(0xaf266000, 1048576, 0xc /* MADV_??? */) = -1 EINVAL (Invalid argument)
18:06:12.846690,1028,mprotect(0xaf266000, 4096, PROT_NONE) = 0
18:06:12.847191,1028,clone(child_stack=0xaf365f00, flags=CLONE_VM|CLONE_FS|CLONE_FILES|CLONE_SIGHAND|CLONE_THREAD|CLONE_SYSVSEM|0x400000) = 1034
18:06:12.850225,1028,futex(0xb6873580, FUTEX_WAIT_PRIVATE, -328, NULL <unfinished ...>
18:06:12.850925,1033,<... futex resumed> ) = 1
18:06:12.851211,1033,rt_sigtimedwait([QUIT USR1 RT_7 RT_16 RT_18 RT_19 RT_21 RT_22 RT_23 RT_24 RT_26 RT_27 RT_29 RT_30], NULL, NULL, 8 <unfinished ...>
18:06:12.851951,1034,set_tls(0xaf365f00, 0xb9037ba8, 0xaf365ffc, 0x40, 0xaf365f00) = 0
18:06:12.852575,1034,prctl(PR_SET_NAME, 0xaf365eac, 0, 0, 0) = 0
18:06:12.853239,1034,mmap2(NULL, 32768, PROT_READ|PROT_WRITE, MAP_PRIVATE|MAP_ANONYMOUS, -1, 0) = 0xaf25e000
18:06:12.853793,1034,madvise(0xaf25e000, 32768, 0xc /* MADV_??? */) = -1 EINVAL (Invalid argument)
18:06:12.854265,1034,gettid() = 1034
18:06:12.855073,1034,getpriority(PRIO_PROCESS, 0) = 20
18:06:12.855608,1034,futex(0xb6873580, FUTEX_WAKE_PRIVATE, 2147483647 <unfinished ...>
18:06:12.855945,1028,<... futex resumed> ) = 0
18:06:12.856228,1028,futex(0xb687357c, FUTEX_WAIT_PRIVATE, 2, NULL <unfinished ...>
18:06:12.856489,1034,<... futex resumed> ) = 1
18:06:12.856799,1034,futex(0xb687357c, FUTEX_WAKE_PRIVATE, 1 <unfinished ...>
18:06:12.857062,1028,<... futex resumed> ) = 0
18:06:12.857332,1028,futex(0xb687357c, FUTEX_WAKE_PRIVATE, 1) = 0
18:06:12.857827,1028,futex(0xb903b834, FUTEX_WAIT_PRIVATE, 0, NULL <unfinished ...>
18:06:12.858133,1034,<... futex resumed> ) = 1
18:06:12.858401,1034,futex(0xb903b834, FUTEX_WAKE_PRIVATE, 2147483647 <unfinished ...>
18:06:12.858719,1028,<... futex resumed> ) = 0
18:06:12.858988,1028,futex(0xb903b830, FUTEX_WAIT_PRIVATE, 2, NULL <unfinished ...>
18:06:12.859243,1034,<... futex resumed> ) = 1
18:06:12.859504,1034,futex(0xb903b830, FUTEX_WAKE_PRIVATE, 1 <unfinished ...>
18:06:12.859806,1028,<... futex resumed> ) = 0
18:06:12.860074,1028,futex(0xb903b830, FUTEX_WAKE_PRIVATE, 1) = 0
18:06:12.860515,1028,clock_gettime(CLOCK_MONOTONIC, {127, 842488438}) = 0
18:06:12.862203,1028,mmap2(NULL, 32768, PROT_READ|PROT_WRITE, MAP_PRIVATE|MAP_ANONYMOUS, -1, 0) = 0xaf256000
18:06:12.862747,1028,madvise(0xaf256000, 32768, 0xc /* MADV_??? */) = -1 EINVAL (Invalid argument)
18:06:12.863272,1028,mmap2(NULL, 1048576, PROT_READ|PROT_WRITE, MAP_PRIVATE|MAP_ANONYMOUS|MAP_NORESERVE, -1, 0) = 0xad2c9000
18:06:12.863804,1028,madvise(0xad2c9000, 1048576, 0xc /* MADV_??? */) = -1 EINVAL (Invalid argument)
18:06:12.864257,1028,mprotect(0xad2c9000, 4096, PROT_NONE) = 0
18:06:12.864941,1028,clone( <unfinished ...>
18:06:12.872547,1034,<... futex resumed> ) = 1
18:06:12.876366,1028,<... clone resumed> child_stack=0xad3c8f00, flags=CLONE_VM|CLONE_FS|CLONE_FILES|CLONE_SIGHAND|CLONE_THREAD|CLONE_SYSVSEM|0x400000) = 1035
18:06:12.877606,1028,futex(0xb6873580, FUTEX_WAIT_PRIVATE, -330, NULL <unfinished ...>
18:06:12.878191,1034,socket(PF_UNIX, SOCK_STREAM, 0 <unfinished ...>
18:06:12.893485,1035,set_tls(0xad3c8f00, 0xb8f66d38, 0xad3c8ffc, 0x40, 0xad3c8f00 <unfinished ...>
18:06:12.894003,1034,<... syscall_281 resumed> ) = 0x1a
18:06:12.894261,1035,<... set_tls resumed> ) = 0
18:06:12.894683,1034,pipe( <unfinished ...>
18:06:12.895207,1035,prctl(PR_SET_NAME, 0xad3c8e8c, 0, 0, 0 <unfinished ...>
18:06:12.895489,1034,<... pipe resumed> [27, 28]) = 0
18:06:12.895878,1035,<... prctl resumed> ) = 0
18:06:12.896163,1034,getpid( <unfinished ...>
18:06:12.896433,1035,gettid( <unfinished ...>
18:06:12.896692,1034,<... getpid resumed> ) = 1028
18:06:12.896951,1035,<... gettid resumed> ) = 1035
18:06:12.897295,1034,connect(26, {sa_family=AF_UNIX, path=@"jdwp-control"...}, 15 <unfinished ...>
18:06:12.898084,1035,futex(0xb6873580, FUTEX_WAKE_PRIVATE, 2147483647) = 1
18:06:12.898994,1034,<... connect resumed> ) = 0
18:06:12.899243,1028,<... futex resumed> ) = 0
18:06:12.899514,1035,futex(0xb6873580, FUTEX_WAIT_PRIVATE, -332, NULL <unfinished ...>
18:06:12.899845,1034,getsockopt(26, SOL_SOCKET, SO_PEERCRED, <unfinished ...>
18:06:12.900219,1028,futex(0xb6873580, FUTEX_WAKE_PRIVATE, 2147483647 <unfinished ...>
18:06:12.900491,1035,<... futex resumed> ) = -1 EAGAIN (Try again)
18:06:12.900782,1034,<... getsockopt resumed> {pid=68, uid=0, gid=0}, [12]) = 0
18:06:12.901179,1028,<... futex resumed> ) = 0
18:06:12.901451,1035,futex(0xb687357c, FUTEX_WAIT_PRIVATE, 2, NULL <unfinished ...>
18:06:12.901761,1034,sendto(26, "0404", 4, 0, NULL, 0 <unfinished ...>
18:06:12.902134,1028,futex(0xb687357c, FUTEX_WAKE_PRIVATE, 1 <unfinished ...>
18:06:12.902405,1035,<... futex resumed> ) = -1 EAGAIN (Try again)
18:06:12.903104,1028,<... futex resumed> ) = 0
18:06:12.903414,1035,futex(0xb687357c, FUTEX_WAKE_PRIVATE, 1 <unfinished ...>
18:06:12.903767,1034,<... sendto resumed> ) = 4
18:06:12.904767,1028,mmap2(NULL, 32768, PROT_READ|PROT_WRITE, MAP_PRIVATE|MAP_ANONYMOUS, -1, 0 <unfinished ...>
18:06:12.905111,1035,<... futex resumed> ) = 0
18:06:12.905407,1034,recvmsg(26, <unfinished ...>
18:06:12.905714,1028,<... mmap2 resumed> ) = 0xad2c1000
18:06:12.906028,1035,getpriority(PRIO_PROCESS, 1035 <unfinished ...>
18:06:12.910563,1028,madvise(0xad2c1000, 32768, 0xc /* MADV_??? */ <unfinished ...>
18:06:12.910989,1035,<... getpriority resumed> ) = 20
18:06:12.911245,1028,<... madvise resumed> ) = -1 EINVAL (Invalid argument)
18:06:12.911581,1035,setpriority(PRIO_PROCESS, 1035, 0 <unfinished ...>
18:06:12.911937,1028,mmap2(NULL, 1048576, PROT_READ|PROT_WRITE, MAP_PRIVATE|MAP_ANONYMOUS|MAP_NORESERVE, -1, 0 <unfinished ...>
18:06:12.912244,1035,<... setpriority resumed> ) = 0
18:06:12.912531,1028,<... mmap2 resumed> ) = 0xad1c1000
18:06:12.913062,1035,futex(0xb9047780, FUTEX_WAIT_PRIVATE, 0, NULL <unfinished ...>
18:06:12.913346,1028,madvise(0xad1c1000, 1048576, 0xc /* MADV_??? */) = -1 EINVAL (Invalid argument)
18:06:12.913881,1028,mprotect(0xad1c1000, 4096, PROT_NONE) = 0
18:06:12.914383,1028,clone(child_stack=0xad2c0f00, flags=CLONE_VM|CLONE_FS|CLONE_FILES|CLONE_SIGHAND|CLONE_THREAD|CLONE_SYSVSEM|0x400000) = 1036
18:06:12.916535,1028,futex(0xb6873580, FUTEX_WAIT_PRIVATE, -334, NULL <unfinished ...>
18:06:12.936151,1036,set_tls(0xad2c0f00, 0xb905ec50, 0xad2c0ffc, 0x40, 0xad2c0f00) = 0
18:06:12.936739,1036,prctl(PR_SET_NAME, 0xad2c0e8c, 0, 0, 0) = 0
18:06:12.937220,1036,gettid() = 1036
18:06:12.937854,1036,futex(0xb6873580, FUTEX_WAKE_PRIVATE, 2147483647 <unfinished ...>
18:06:12.938167,1028,<... futex resumed> ) = 0
18:06:12.938457,1028,futex(0xb687357c, FUTEX_WAIT_PRIVATE, 2, NULL <unfinished ...>
18:06:12.938783,1036,<... futex resumed> ) = 1
18:06:12.939061,1036,futex(0xb687357c, FUTEX_WAKE_PRIVATE, 1 <unfinished ...>
18:06:12.939344,1028,<... futex resumed> ) = 0
18:06:12.939635,1028,futex(0xb687357c, FUTEX_WAKE_PRIVATE, 1) = 0
18:06:12.940152,1028,futex(0xb6873580, FUTEX_WAKE_PRIVATE, 2147483647) = 0
18:06:12.941142,1028,mmap2(NULL, 32768, PROT_READ|PROT_WRITE, MAP_PRIVATE|MAP_ANONYMOUS, -1, 0) = 0xad1b9000
18:06:12.941702,1028,madvise(0xad1b9000, 32768, 0xc /* MADV_??? */) = -1 EINVAL (Invalid argument)
18:06:12.942214,1028,mmap2(NULL, 1048576, PROT_READ|PROT_WRITE, MAP_PRIVATE|MAP_ANONYMOUS|MAP_NORESERVE, -1, 0) = 0xad0b9000
18:06:12.942771,1028,madvise(0xad0b9000, 1048576, 0xc /* MADV_??? */) = -1 EINVAL (Invalid argument)
18:06:12.943257,1028,mprotect(0xad0b9000, 4096, PROT_NONE) = 0
18:06:12.943874,1028,clone(child_stack=0xad1b8f00, flags=CLONE_VM|CLONE_FS|CLONE_FILES|CLONE_SIGHAND|CLONE_THREAD|CLONE_SYSVSEM|0x400000) = 1037
18:06:12.946568,1028,futex(0xb6873580, FUTEX_WAIT_PRIVATE, -338, NULL <unfinished ...>
18:06:12.946923,1036,<... futex resumed> ) = 1
18:06:12.947227,1036,futex(0xb6873580, FUTEX_WAIT_PRIVATE, -336, NULL) = -1 EAGAIN (Try again)
18:06:12.947804,1036,getpriority(PRIO_PROCESS, 1036) = 20
18:06:12.948247,1036,setpriority(PRIO_PROCESS, 1036, 0) = 0
18:06:12.948842,1036,futex(0xb9062258, FUTEX_WAIT_PRIVATE, 0, NULL <unfinished ...>
18:06:12.949251,1037,set_tls(0xad1b8f00, 0xb9089d50, 0xad1b8ffc, 0x40, 0xad1b8f00) = 0
18:06:12.949753,1037,prctl(PR_SET_NAME, 0xad1b8e8c, 0, 0, 0) = 0
18:06:12.950205,1037,gettid() = 1037
18:06:12.950782,1037,futex(0xb6873580, FUTEX_WAKE_PRIVATE, 2147483647 <unfinished ...>
18:06:12.951074,1028,<... futex resumed> ) = 0
18:06:12.951350,1028,futex(0xb687357c, FUTEX_WAIT_PRIVATE, 2, NULL <unfinished ...>
18:06:12.951610,1037,<... futex resumed> ) = 1
18:06:12.951914,1037,futex(0xb687357c, FUTEX_WAKE_PRIVATE, 1 <unfinished ...>
18:06:12.952181,1028,<... futex resumed> ) = 0
18:06:12.952458,1028,futex(0xb687357c, FUTEX_WAKE_PRIVATE, 1) = 0
18:06:12.952984,1028,futex(0xb6873580, FUTEX_WAKE_PRIVATE, 2147483647) = 0
18:06:12.954763,1028,close(23) = 0
18:06:12.955843,1028,close(9) = 0
18:06:12.959527,1028,open("/dev/binder", O_RDWR <unfinished ...>
18:06:12.959904,1037,<... futex resumed> ) = 1
18:06:12.960329,1028,<... open resumed> ) = 9
18:06:12.960635,1028,fcntl64(9, F_SETFD, FD_CLOEXEC) = 0
18:06:12.961328,1028,ioctl(9, 0xc0046209, 0xbe878638) = 0
18:06:12.961913,1028,ioctl(9, 0x40046205, 0xbe87863c) = 0
18:06:12.962777,1028,mmap2(NULL, 1040384, PROT_READ, MAP_PRIVATE|MAP_NORESERVE, 9, 0) = 0xacfbb000
18:06:12.963397,1028,madvise(0xacfbb000, 1040384, 0xc /* MADV_??? */) = -1 EINVAL (Invalid argument)
18:06:12.963960,1028,prctl(PR_SET_NAME, 0xb901a70b, 0, 0, 0) = 0
18:06:12.964428,1028,open("/sys/qemu_trace/process_name", O_RDWR) = 23
18:06:12.965157,1028,write(23, "com.qhCck.pKe.Tvqo\0", 19) = 19
18:06:12.965783,1028,close(23) = 0
18:06:12.971690,1037,futex(0xb6873580, FUTEX_WAIT_PRIVATE, -340, NULL) = -1 EAGAIN (Try again)
18:06:12.972185,1037,getpriority(PRIO_PROCESS, 1037) = 20
18:06:12.972623,1037,setpriority(PRIO_PROCESS, 1037, 0) = 0
18:06:12.973225,1037,futex(0xb90685b0, FUTEX_WAIT_PRIVATE, 0, NULL <unfinished ...>
18:06:13.096830,1028,mmap2(NULL, 1048576, PROT_READ|PROT_WRITE, MAP_PRIVATE|MAP_ANONYMOUS|MAP_NORESERVE, -1, 0) = 0xacebb000
18:06:13.097416,1028,madvise(0xacebb000, 1048576, 0xc /* MADV_??? */) = -1 EINVAL (Invalid argument)
18:06:13.097928,1028,mprotect(0xacebb000, 4096, PROT_NONE) = 0
18:06:13.098437,1028,clone(child_stack=0xacfbaf00, flags=CLONE_VM|CLONE_FS|CLONE_FILES|CLONE_SIGHAND|CLONE_THREAD|CLONE_SYSVSEM|0x400000) = 1038
18:06:13.102409,1028,prctl(PR_SET_NAME, 0xb901e622, 0, 0, 0) = 0
18:06:13.102978,1028,open("/sys/qemu_trace/process_name", O_RDWR) = 23
18:06:13.103753,1028,write(23, "<pre-initialized>\0", 18) = 18
18:06:13.104348,1028,close(23) = 0
18:06:13.105744,1028,futex(0xb6eb70c0, FUTEX_WAKE_PRIVATE, 2147483647) = 0
18:06:13.106336,1028,pipe([23, 29]) = 0
18:06:13.106964,1028,fcntl64(23, F_SETFL, O_RDONLY|O_NONBLOCK) = 0
18:06:13.107468,1028,fcntl64(29, F_SETFL, O_RDONLY|O_NONBLOCK) = 0
18:06:13.107969,1028,epoll_create(0x8) = 30
18:06:13.108452,1028,epoll_ctl(0x1e, 0x1, 0x17, 0xbe878300) = 0
18:06:13.113967,1038,set_tls(0xacfbaf00, 0xb9020a68, 0xacfbaffc, 0x40, 0xacfbaf00) = 0
18:06:13.115298,1038,setpriority(PRIO_PROCESS, 0, 0) = 0
18:06:13.115903,1038,futex(0xb6eb70b0, FUTEX_WAKE_PRIVATE, 2147483647) = 0
18:06:13.116571,1038,gettid() = 1038
18:06:13.117135,1038,write(24, "1038", 4) = 4
18:06:13.117765,1038,prctl(PR_SET_NAME, 0xb9043f60, 0, 0, 0) = 0
18:06:13.118254,1038,mmap2(NULL, 32768, PROT_READ|PROT_WRITE, MAP_PRIVATE|MAP_ANONYMOUS, -1, 0) = 0xaceb3000
18:06:13.118805,1038,madvise(0xaceb3000, 32768, 0xc /* MADV_??? */) = -1 EINVAL (Invalid argument)
18:06:13.119259,1038,gettid() = 1038
18:06:13.119951,1038,futex(0xb68735f4, FUTEX_WAIT_PRIVATE, 2, NULL <unfinished ...>
18:06:13.120268,1028,futex(0xb68735f4, FUTEX_WAKE_PRIVATE, 1 <unfinished ...>
18:06:13.120531,1038,<... futex resumed> ) = 0
18:06:13.120877,1038,futex(0xb68735f4, FUTEX_WAKE_PRIVATE, 1) = 0
18:06:13.121359,1038,getpriority(PRIO_PROCESS, 0) = 20
18:06:13.121979,1038,gettid() = 1038
18:06:13.122503,1038,gettid() = 1038
18:06:13.123028,1038,getpid() = 1028
18:06:13.123459,1038,getuid32() = 10050
18:06:13.124004,1038,write(24, "1038", 4) = 4
18:06:13.124525,1038,ioctl(9, 0xc0186201 <unfinished ...>
18:06:13.125120,1028,<... futex resumed> ) = 1
18:06:13.127757,1028,gettid() = 1028
18:06:13.128257,1028,getpid() = 1028
18:06:13.128743,1028,getuid32() = 10050
18:06:13.131692,1038,<... ioctl resumed> , 0xacfbae28) = 0
18:06:13.149804,1038,mmap2(NULL, 1048576, PROT_READ|PROT_WRITE, MAP_PRIVATE|MAP_ANONYMOUS|MAP_NORESERVE, -1, 0) = 0xacdb3000
18:06:13.150422,1038,madvise(0xacdb3000, 1048576, 0xc /* MADV_??? */) = -1 EINVAL (Invalid argument)
18:06:13.150936,1038,mprotect(0xacdb3000, 4096, PROT_NONE) = 0
18:06:13.151429,1038,clone(child_stack=0xaceb2f00, flags=CLONE_VM|CLONE_FS|CLONE_FILES|CLONE_SIGHAND|CLONE_THREAD|CLONE_SYSVSEM|0x400000) = 1040
18:06:13.153574,1038,write(24, "1038", 4) = 4
18:06:13.154164,1038,ioctl(9, 0xc0186201 <unfinished ...>
18:06:13.155498,1040,set_tls(0xaceb2f00, 0xb904fd20, 0xaceb2ffc, 0x40, 0xaceb2f00) = 0
18:06:13.155999,1040,setpriority(PRIO_PROCESS, 0, 0) = 0
18:06:13.156461,1040,gettid() = 1040
18:06:13.156937,1040,write(24, "1040", 4) = 4
18:06:13.157442,1040,prctl(PR_SET_NAME, 0xb8f63550, 0, 0, 0) = 0
18:06:13.158097,1040,mmap2(NULL, 32768, PROT_READ|PROT_WRITE, MAP_PRIVATE|MAP_ANONYMOUS, -1, 0) = 0xacdab000
18:06:13.191830,1040,madvise(0xacdab000, 32768, 0xc /* MADV_??? */) = -1 EINVAL (Invalid argument)
18:06:13.228048,1040,gettid() = 1040
18:06:13.228766,1040,getpriority(PRIO_PROCESS, 0) = 20
18:06:13.229320,1040,gettid() = 1040
18:06:13.229813,1040,gettid() = 1040
18:06:13.243577,1028,getpid() = 1028
18:06:13.244183,1028,gettid() = 1028
18:06:13.244674,1028,clock_gettime(CLOCK_MONOTONIC, {128, 226656215}) = 0
18:06:13.245245,1028,ioctl(9, 0xc0186201, 0xbe8781f0) = 0
18:06:13.246054,1028,clock_gettime(CLOCK_MONOTONIC, {128, 228009580}) = 0
18:06:13.247553,1028,getpid() = 1028
18:06:13.248080,1028,gettid() = 1028
18:06:13.248540,1028,clock_gettime(CLOCK_MONOTONIC, {128, 230532322}) = 0
18:06:13.249111,1028,ioctl(9, 0xc0186201, 0xbe8781f0) = 0
18:06:13.253887,1028,ioctl(9, 0xc0186201 <unfinished ...>
18:06:13.294105,1038,<... ioctl resumed> , 0xacfbae28) = 0
18:06:13.297973,1038,write(24, "1038", 4) = 4
18:06:13.314139,1040,getpid() = 1028
18:06:13.314690,1040,getuid32() = 10050
18:06:13.315162,1040,write(24, "1040", 4) = 4
18:06:13.315718,1040,ioctl(9, 0xc0186201, 0xaceb2e28) = 0
18:06:13.316239,1040,mmap2(NULL, 1048576, PROT_READ|PROT_WRITE, MAP_PRIVATE|MAP_ANONYMOUS|MAP_NORESERVE, -1, 0) = 0xaccab000
18:06:13.316851,1040,madvise(0xaccab000, 1048576, 0xc /* MADV_??? */) = -1 EINVAL (Invalid argument)
18:06:13.317309,1040,mprotect(0xaccab000, 4096, PROT_NONE) = 0
18:06:13.317897,1040,clone(child_stack=0xacdaaf00, flags=CLONE_VM|CLONE_FS|CLONE_FILES|CLONE_SIGHAND|CLONE_THREAD|CLONE_SYSVSEM|0x400000) = 1042
18:06:13.320943,1040,write(24, "1040", 4) = 4
18:06:13.321490,1040,ioctl(9, 0xc0186201 <unfinished ...>
18:06:13.321977,1042,set_tls(0xacdaaf00, 0xb9005198, 0xacdaaffc, 0x40, 0xacdaaf00) = 0
18:06:13.323161,1042,setpriority(PRIO_PROCESS, 0, 0) = 0
18:06:13.349782,1042,gettid() = 1042
18:06:13.350312,1042,write(24, "1042", 4) = 4
18:06:13.362406,1038,getpriority(PRIO_PROCESS, 1038 <unfinished ...>
18:06:13.363009,1042,prctl(PR_SET_NAME, 0xb90394c8, 0, 0, 0 <unfinished ...>
18:06:13.363271,1038,<... getpriority resumed> ) = 20
18:06:13.363578,1042,<... prctl resumed> ) = 0
18:06:13.371687,1042,mmap2(NULL, 32768, PROT_READ|PROT_WRITE, MAP_PRIVATE|MAP_ANONYMOUS, -1, 0) = 0xacca3000
18:06:13.372445,1042,madvise(0xacca3000, 32768, 0xc /* MADV_??? */) = -1 EINVAL (Invalid argument)
18:06:13.373009,1042,gettid() = 1042
18:06:13.373685,1042,getpriority(PRIO_PROCESS, 0) = 20
18:06:13.374472,1042,gettid() = 1042
18:06:13.375004,1042,gettid() = 1042
18:06:13.375451,1042,getpid() = 1028
18:06:13.375959,1042,getuid32() = 10050
18:06:13.376519,1042,write(24, "1042", 4) = 4
18:06:13.377174,1042,ioctl(9, 0xc0186201, 0xacdaae28) = 0
18:06:13.378342,1042,write(24, "1042", 4 <unfinished ...>
18:06:13.416918,1028,<... ioctl resumed> , 0xbe8781f0) = 0
18:06:13.417296,1028,clock_gettime(CLOCK_MONOTONIC, {128, 399289088}) = 0
18:06:13.418063,1028,getpid() = 1028
18:06:13.428801,1028,open("/proc/1028/cmdline", O_RDONLY) = 31
18:06:13.429676,1028,fstat64(31, {st_mode=S_IFREG|0444, st_size=0, ...}) = 0
18:06:13.431689,1028,mprotect(0xb655c000, 4096, PROT_READ|PROT_WRITE) = 0
18:06:13.432246,1028,mprotect(0xb655c000, 4096, PROT_READ) = 0
18:06:13.432782,1028,read(31, "<pre-initialized>\0\0\0\0\0\0\0\0\0\0\0\0\0\0\0"..., 1024) = 76
18:06:13.433810,1028,close(31) = 0
18:06:13.434326,1028,ioctl(9, 0xc0186201, 0xbe877110) = 0
18:06:13.435478,1028,ioctl(9, 0xc0186201, 0xbe877110) = 0
18:06:13.436171,1028,writev(5, [{"$Ë\0\0", 4}, {"\3\5\2\34\0\0\0android.app.IActivityMana"..., 73}], 2) = 77
18:06:13.438185,1028,mprotect(0xb1615000, 8192, PROT_READ|PROT_WRITE) = 0
18:06:13.441593,1028,getpid() = 1028
18:06:13.442166,1028,getuid32() = 10050
18:06:13.442684,1028,getpid() = 1028
18:06:13.443161,1028,getuid32() = 10050
18:06:13.443674,1028,epoll_wait(0x1e, 0xbe8781f8, 0x10, 0) = 0
18:06:13.444179,1028,clock_gettime(CLOCK_MONOTONIC, {128, 426134236}) = 0
18:06:13.444784,1028,ioctl(9, 0xc0186201, 0xbe878328) = 0
18:06:13.445294,1028,epoll_wait(0x1e, 0xbe8781f8, 0x10, 0xffffffff <unfinished ...>
18:06:13.480239,1038,clock_gettime(CLOCK_MONOTONIC, <unfinished ...>
18:06:13.480550,1042,<... write resumed> ) = 4
18:06:13.480858,1038,<... clock_gettime resumed> {128, 462564183}) = 0
18:06:13.481269,1042,ioctl(9, 0xc0186201 <unfinished ...>
18:06:13.481601,1038,write(29, "W", 1 <unfinished ...>
18:06:13.481996,1028,<... epoll_wait resumed> ) = 1
18:06:13.482283,1028,read(23, "W", 16) = 1
18:06:13.482904,1028,clock_gettime(CLOCK_MONOTONIC, {128, 464858642}) = 0
18:06:13.487488,1038,<... write resumed> ) = 1
18:06:13.487983,1038,clock_gettime(CLOCK_MONOTONIC, {128, 469957651}) = 0
18:06:13.488684,1038,write(24, "1038", 4) = 4
18:06:13.489223,1038,ioctl(9, 0xc0186201, 0xacfbae28) = 0
18:06:13.489749,1038,write(24, "1038", 4) = 4
18:06:13.490267,1038,getpriority(PRIO_PROCESS, 1038) = 20
18:06:13.538973,1028,open("/sys/kernel/debug/tracing/trace_marker", O_WRONLY) = -1 ENOENT (No such file or directory)
18:06:13.540910,1028,writev(3, [{"\6", 1}, {"Trace\0", 6}, {"error opening trace file: No suc"..., 56}], 3) = 63
18:06:13.547009,1028,getpid() = 1028
18:06:13.547575,1028,getuid32() = 10050
18:06:13.548181,1028,epoll_wait(0x1e, 0xbe8781f8, 0x10, 0) = 0
18:06:13.548754,1028,clock_gettime(CLOCK_MONOTONIC, {128, 530710872}) = 0
18:06:13.549620,1028,prctl(PR_SET_NAME, 0xb9028343, 0, 0, 0) = 0
18:06:13.550191,1028,open("/sys/qemu_trace/process_name", O_RDWR) = 31
18:06:13.550973,1028,write(31, "com.qhCck.pKe.Tvqo\0", 19) = 19
18:06:13.551572,1028,close(31) = 0
18:06:13.563127,1028,ioctl(9, 0xc0186201, 0xbe8780c8) = 0
18:06:13.564104,1028,ioctl(9, 0xc0186201, 0xbe878108) = 0
18:06:13.565106,1028,ioctl(9, 0xc0186201, 0xbe8780c8) = 0
18:06:13.565947,1028,dup(31) = 32
18:06:13.566487,1028,mmap2(NULL, 4096, PROT_READ, MAP_SHARED, 32, 0) = 0xacca2000
18:06:13.567088,1028,close(31) = 0
18:06:13.568046,1028,dup(32) = 31
18:06:13.569292,1028,getpid() = 1028
18:06:13.569957,1028,gettid() = 1028
18:06:13.570451,1028,clock_gettime(CLOCK_MONOTONIC, {128, 552407173}) = 0
18:06:13.571069,1028,ioctl(9, 0xc0186201, 0xbe8781f0) = 0
18:06:13.572937,1028,clock_gettime(CLOCK_MONOTONIC, {128, 554899764}) = 0
18:06:13.575385,1028,getuid32() = 10050
18:06:13.577198,1028,stat64("/system/framework/framework-res.apk", {st_mode=S_IFREG|0644, st_size=8749696, ...}) = 0
18:06:13.578672,1028,access("/vendor/overlay/framework/framework-res.apk", R_OK) = -1 ENOENT (No such file or directory)
18:06:13.580098,1028,stat64("/data/app/com.qhCck.pKe.Tvqo-1.apk", {st_mode=S_IFREG|0644, st_size=5590557, ...}) = 0
18:06:13.582260,1028,stat64("/system/framework/framework-res.apk", {st_mode=S_IFREG|0644, st_size=8749696, ...}) = 0
18:06:13.591983,1028,stat64("/data/app/com.qhCck.pKe.Tvqo-1.apk", {st_mode=S_IFREG|0644, st_size=5590557, ...}) = 0
18:06:13.593301,1028,open("/data/app/com.qhCck.pKe.Tvqo-1.apk", O_RDONLY) = 33
18:06:13.594070,1028,_llseek(33, 0, [5590557], SEEK_END) = 0
18:06:13.594784,1028,mmap2(NULL, 69632, PROT_READ|PROT_WRITE, MAP_PRIVATE|MAP_ANONYMOUS, -1, 0) = 0xacc91000
18:06:13.595297,1028,madvise(0xacc91000, 69632, 0xc /* MADV_??? */) = -1 EINVAL (Invalid argument)
18:06:13.595887,1028,_llseek(33, 0, [0], SEEK_SET) = 0
18:06:13.596413,1028,read(33, "PK\3\4", 4) = 4
18:06:13.596971,1028,_llseek(33, 5525000, [5525000], SEEK_SET) = 0
18:06:13.597500,1028,read(33, "\n\4\r\1\5\10\f\6\t\3\2\17\r\10\n\1\3\17\4\2\v\6\7\f\0\5\16\t\n\0\t\16"..., 65557) = 65557
18:06:13.598625,1028,munmap(0xacc91000, 69632) = 0
18:06:13.599234,1028,mmap2(NULL, 15879, PROT_READ, MAP_SHARED, 33, 0x551) = 0xacc9e000
18:06:13.600159,1028,pread(33, "PK\3\4\n\0\0\10\0\0\32\205¨JBßV\220Ì\5\0\0Ì\5\0\0\16\0\1\0", 30, 17467631992832) = 30
18:06:13.601061,1028,mmap2(NULL, 1500, PROT_READ, MAP_SHARED, 33, 0x1) = 0xacc9d000
18:06:13.642797,1038,clock_gettime(CLOCK_MONOTONIC, {128, 624885418}) = 0
18:06:13.643585,1038,write(24, "1038", 4) = 4
18:06:13.644169,1038,ioctl(9, 0xc0186201 <unfinished ...>
18:06:13.679819,1028,gettimeofday({1739210773, 680042}, NULL) = 0
18:06:13.681434,1028,access("/data/data/com.qhCck.pKe.Tvqo/cache", F_OK) = -1 ENOENT (No such file or directory)
18:06:13.683029,1028,access("/data/data/com.qhCck.pKe.Tvqo/cache", F_OK) = -1 ENOENT (No such file or directory)
18:06:13.685019,1028,mkdir("/data/data/com.qhCck.pKe.Tvqo/cache", 0700) = 0
18:06:13.686833,1028,chmod("/data/data/com.qhCck.pKe.Tvqo/cache", 0771) = 0
18:06:13.687985,1028,getuid32() = 10050
18:06:13.688489,1028,getuid32() = 10050
18:06:13.689700,1028,getpid() = 1028
18:06:13.690199,1028,gettid() = 1028
18:06:13.710566,1028,clock_gettime(CLOCK_MONOTONIC, {128, 692670495}) = 0
18:06:13.711338,1028,ioctl(9, 0xc0186201, 0xbe8781f0) = 0
18:06:13.712854,1028,clock_gettime(CLOCK_MONOTONIC, {128, 694825486}) = 0
18:06:13.714850,1028,access("/data/data/com.qhCck.pKe.Tvqo/cache/com.android.renderscript.cache", F_OK) = -1 ENOENT (No such file or directory)
18:06:13.715969,1028,mkdir("/data/data/com.qhCck.pKe.Tvqo/cache/com.android.renderscript.cache", 0700) = 0
18:06:13.718484,1028,getpid() = 1028
18:06:13.719666,1028,gettid() = 1028
18:06:13.720212,1028,clock_gettime(CLOCK_MONOTONIC, {128, 702167873}) = 0
18:06:13.720799,1028,ioctl(9, 0xc0186201, 0xbe8781f0) = 0
18:06:13.721526,1028,clock_gettime(CLOCK_MONOTONIC, {128, 703522621}) = 0
18:06:13.722857,1028,getpid() = 1028
18:06:13.723337,1028,gettid() = 1028
18:06:13.723843,1028,clock_gettime(CLOCK_MONOTONIC, {128, 705798772}) = 0
18:06:13.724381,1028,ioctl(9, 0xc0186201, 0xbe8781f0) = 0
18:06:13.725548,1028,clock_gettime(CLOCK_MONOTONIC, {128, 707546030}) = 0
18:06:13.727337,1028,writev(3, [{"\5", 1}, {"DroidBox\0", 9}, {"DroidBox: { \"DexClassLoader\": { "..., 81}], 3) = 91
18:06:13.730029,1028,access("/data/app/com.qhCck.pKe.Tvqo-1.apk", F_OK) = 0
18:06:13.730854,1028,access("/data/app/com.qhCck.pKe.Tvqo-1.apk", R_OK) = 0
18:06:13.739459,1028,stat64("/data/app/com.qhCck.pKe.Tvqo-1.apk", {st_mode=S_IFREG|0644, st_size=5590557, ...}) = 0
18:06:13.741713,1028,open("/data/app/com.qhCck.pKe.Tvqo-1.apk", O_RDONLY) = 34
18:06:13.742523,1028,fstat64(34, {st_mode=S_IFREG|0644, st_size=5590557, ...}) = 0
18:06:13.743618,1028,fstat64(34, {st_mode=S_IFREG|0644, st_size=5590557, ...}) = 0
18:06:13.744778,1028,_llseek(34, 5590535, [5590535], SEEK_SET) = 0
18:06:13.745464,1028,read(34, "PK\5\6", 4) = 4
18:06:13.746059,1028,fgetxattr(34, "user.taint", 0xbe878484, 4) = -1 ENODATA (No data available)
18:06:13.747707,1028,clock_gettime(CLOCK_MONOTONIC, {128, 731541863}) = 0
18:06:13.750209,1028,getpid() = 1028
18:06:13.751319,1028,readlink("/proc/1028/fd/34", "/data/app/com.qhCck.pKe.Tvqo-1.apk", 120) = 34
18:06:13.752856,1028,read(34, "\0\0\0\0À\0À\0Â6\0\0E\27U\0\0\0", 18) = 18
18:06:13.753526,1028,fgetxattr(34, "user.taint", 0xbe878484, 4) = -1 ENODATA (No data available)
18:06:13.755576,1028,clock_gettime(CLOCK_MONOTONIC, {128, 737582610}) = 0
18:06:13.756176,1028,getpid() = 1028
18:06:13.756705,1028,readlink("/proc/1028/fd/34", "/data/app/com.qhCck.pKe.Tvqo-1.apk", 120) = 34
18:06:13.757719,1028,fstat64(34, {st_mode=S_IFREG|0644, st_size=5590557, ...}) = 0
18:06:13.758942,1028,_llseek(34, 5576517, [5576517], SEEK_SET) = 0
18:06:13.759560,1028,read(34, "PK\1\2\n\0\n\0\0\10\0\0\21\205¨J\0\0\0\0\0\0\0\0\0\0\0\0\v\0\4\0"..., 4096) = 4096
18:06:13.760418,1028,fgetxattr(34, "user.taint", 0xbe878484, 4) = -1 ENODATA (No data available)
18:06:13.762186,1028,clock_gettime(CLOCK_MONOTONIC, {128, 744151833}) = 0
18:06:13.762834,1028,getpid() = 1028
18:06:13.763354,1028,readlink("/proc/1028/fd/34", "/data/app/com.qhCck.pKe.Tvqo-1.apk", 120) = 34
18:06:13.778708,1028,_llseek(34, 5580613, [5580613], SEEK_SET) = 0
18:06:13.779358,1028,read(34, "ets/dialog/roulette/roulette_btn"..., 4096) = 4096
18:06:13.780139,1028,fgetxattr(34, "user.taint", 0xbe878484, 4) = -1 ENODATA (No data available)
18:06:13.781566,1028,clock_gettime(CLOCK_MONOTONIC, {128, 763569623}) = 0
18:06:13.782161,1028,getpid() = 1028
18:06:13.788937,1028,readlink("/proc/1028/fd/34", "/data/app/com.qhCck.pKe.Tvqo-1.apk", 120) = 34
18:06:13.797078,1028,_llseek(34, 5584709, [5584709], SEEK_SET) = 0
18:06:13.798056,1028,read(34, "sets/main/girl_content_4.pngPK\1\2"..., 4096) = 4096
18:06:13.799046,1028,fgetxattr(34, "user.taint", 0xbe878484, 4) = -1 ENODATA (No data available)
18:06:13.800401,1028,clock_gettime(CLOCK_MONOTONIC, {128, 782362841}) = 0
18:06:13.801001,1028,getpid() = 1028
18:06:13.801494,1028,readlink("/proc/1028/fd/34", "/data/app/com.qhCck.pKe.Tvqo-1.apk", 120) = 34
18:06:13.808298,1028,_llseek(34, 5588805, [5588805], SEEK_SET) = 0
18:06:13.841533,1028,read(34, "ay_pic/loading_360.pngPK\1\2\n\0\n\0\0\10"..., 1752) = 1752
18:06:13.842574,1028,fgetxattr(34, "user.taint", 0xbe878484, 4) = -1 ENODATA (No data available)
18:06:13.844041,1028,clock_gettime(CLOCK_MONOTONIC, {128, 826002936}) = 0
18:06:13.844593,1028,getpid() = 1028
18:06:13.845178,1028,readlink("/proc/1028/fd/34", "/data/app/com.qhCck.pKe.Tvqo-1.apk", 120) = 34
18:06:13.849025,1028,open("/data/app/com.qhCck.pKe.Tvqo-1.apk", O_RDONLY) = 35
18:06:13.849823,1028,lseek(35, 0, SEEK_END) = 5590557
18:06:13.860071,1028,mmap2(NULL, 69632, PROT_READ|PROT_WRITE, MAP_PRIVATE|MAP_ANONYMOUS, -1, 0) = 0xacc8c000
18:06:13.860610,1028,madvise(0xacc8c000, 69632, 0xc /* MADV_??? */) = -1 EINVAL (Invalid argument)
18:06:13.861272,1028,lseek(35, 5525000, SEEK_SET) = 5525000
18:06:13.861830,1028,read(35, "\n\4\r\1\5\10\f\6\t\3\2\17\r\10\n\1\3\17\4\2\v\6\7\f\0\5\16\t\n\0\t\16"..., 65557) = 65557
18:06:13.863051,1028,mmap2(NULL, 15879, PROT_READ, MAP_SHARED, 35, 0x551) = 0xacc88000
18:06:13.863595,1028,munmap(0xacc8c000, 69632) = 0
18:06:13.864598,1028,fcntl64(35, F_GETFD) = 0
18:06:13.865468,1028,fcntl64(35, F_SETFD, FD_CLOEXEC) = 0
18:06:13.866058,1028,open("/data/app/com.qhCck.pKe.Tvqo-1.odex", O_RDONLY) = -1 ENOENT (No such file or directory)
18:06:13.867913,1028,open("/data/dalvik-cache/data@app@com.qhCck.pKe.Tvqo-1.apk@classes.dex", O_RDWR|O_CREAT, 0644) = -1 EACCES (Permission denied)
18:06:13.868908,1028,open("/data/dalvik-cache/data@app@com.qhCck.pKe.Tvqo-1.apk@classes.dex", O_RDONLY) = 36
18:06:13.880963,1028,flock(36, LOCK_EX|LOCK_NB) = 0
18:06:13.881788,1028,fstat64(36, {st_mode=S_IFREG|0644, st_size=1666280, ...}) = 0
18:06:13.885476,1028,stat64("/data/dalvik-cache/data@app@com.qhCck.pKe.Tvqo-1.apk@classes.dex", {st_mode=S_IFREG|0644, st_size=1666280, ...}) = 0
18:06:13.886969,1028,lseek(36, 0, SEEK_SET) = 0
18:06:13.887444,1028,read(36, "dey\n036\0(\0\0\0Ðª\30\0øª\30\0Ö\1\0\0Ð¬\30\0\30À\0\0"..., 40) = 40
18:06:13.888176,1028,lseek(36, 1616632, SEEK_SET) = 1616632
18:06:13.888713,1028,read(36, "\33\205¨JÚAZ\210\34\0\0\0\10\0\0\0\34\0\0\0/system/fram"..., 470) = 470
18:06:13.889792,1028,lseek(36, 0, SEEK_SET) = 0
18:06:13.890412,1028,lseek(36, 0, SEEK_CUR) = 0
18:06:13.898493,1028,lseek(36, 0, SEEK_END) = 1666280
18:06:13.899087,1028,lseek(36, 0, SEEK_SET) = 0
18:06:13.899558,1028,mmap2(NULL, 1666280, PROT_READ|PROT_WRITE, MAP_PRIVATE, 36, 0) = 0xacaf1000
18:06:13.900186,1028,madvise(0xacaf1000, 1666280, 0xc /* MADV_??? */) = -1 EINVAL (Invalid argument)
18:06:13.900699,1028,mprotect(0xacaf1000, 1666280, PROT_READ) = 0
18:06:13.901369,1028,open("/dev/ashmem", O_RDWR) = 37
18:06:13.902050,1028,ioctl(37, 0x41007701, 0xbe878254) = 0
18:06:13.902533,1028,ioctl(37, 0x40047703, 0x19000) = 0
18:06:13.903045,1028,mmap2(NULL, 102400, PROT_READ|PROT_WRITE, MAP_PRIVATE, 37, 0) = 0xacad8000
18:06:13.903616,1028,madvise(0xacad8000, 102400, 0xc /* MADV_??? */) = -1 EINVAL (Invalid argument)
18:06:13.904158,1028,close(37) = 0
18:06:13.904863,1028,flock(36, LOCK_UN) = 0
18:06:13.905415,1028,close(36) = 0
18:06:13.907059,1028,access("/data/data/com.qhCck.pKe.Tvqo/lib", F_OK) = 0
18:06:13.907848,1028,access("/data/data/com.qhCck.pKe.Tvqo/lib", R_OK) = 0
18:06:13.908604,1028,stat64("/data/data/com.qhCck.pKe.Tvqo/lib", {st_mode=S_IFDIR|0755, st_size=4096, ...}) = 0
18:06:13.919962,1028,access("/vendor/lib", F_OK) = -1 ENOENT (No such file or directory)
18:06:13.920944,1028,access("/system/lib", F_OK) = 0
18:06:13.921561,1028,access("/system/lib", R_OK) = 0
18:06:13.922328,1028,stat64("/system/lib", {st_mode=S_IFDIR|0755, st_size=8192, ...}) = 0
18:06:13.923810,1028,getuid32() = 10050
18:06:13.924543,1028,getpid() = 1028
18:06:13.925071,1028,gettid() = 1028
18:06:13.925748,1028,clock_gettime(CLOCK_MONOTONIC, {128, 907898555}) = 0
18:06:13.926593,1028,ioctl(9, 0xc0186201, 0xbe8781f0) = 0
18:06:13.930143,1028,ioctl(9, 0xc0186201, 0xbe8781f0) = 0
18:06:13.930682,1028,clock_gettime(CLOCK_MONOTONIC, {128, 912653250}) = 0
18:06:13.933522,1028,gettimeofday({1739210773, 933761}, NULL) = 0
18:06:13.957043,1028,access("/data/data/com.qhCck.pKe.Tvqo/lib/libapp.so", F_OK) = 0
18:06:13.959070,1028,stat64("/data/data/com.qhCck.pKe.Tvqo/lib/libapp.so", {st_mode=S_IFREG|0755, st_size=21068, ...}) = 0
18:06:13.960431,1028,access("/data/data/com.qhCck.pKe.Tvqo/lib/libapp.so", R_OK) = 0
18:06:13.961329,1028,writev(3, [{"\3", 1}, {"dalvikvm\0", 9}, {"Trying to load lib /data/data/co"..., 74}], 3) = 84
18:06:13.962460,1028,writev(3, [{"\5", 1}, {"dalvikvm\0", 9}, {"Denying lib /data/data/com.qhCck"..., 80}], 3) = 90
18:06:13.964384,1028,writev(3, [{"\3", 1}, {"AndroidRuntime\0", 15}, {"Shutting down VM\n\0", 18}], 3) = 34
18:06:13.968902,1028,writev(3, [{"\5", 1}, {"dalvikvm\0", 9}, {"threadid=1: thread exiting with "..., 70}], 3) = 80
18:06:13.979435,1028,writev(6, [{"\6", 1}, {"AndroidRuntime\0", 15}, {"FATAL EXCEPTION: main\njava.lang."..., 1004}], 3) = 1020
18:06:13.989505,1028,getpid() = 1028
18:06:13.990106,1028,gettid() = 1028
18:06:13.990574,1028,clock_gettime(CLOCK_MONOTONIC, {128, 979372768}) = 0
18:06:14.003044,1028,ioctl(9, 0xc0186201, 0xbe878530) = 0
18:06:14.012841,1028,ioctl(9, 0xc0186201 <unfinished ...>
18:06:14.064435,1040,<... ioctl resumed> , 0xaceb2e28) = 0
18:06:14.065746,1040,write(24, "1040", 4) = 4
18:06:14.067099,1040,getpriority(PRIO_PROCESS, 1040 <unfinished ...>
18:06:14.067381,1028,<... ioctl resumed> , 0xbe878530) = 0
18:06:14.067631,1040,<... getpriority resumed> ) = 20
18:06:14.068009,1028,clock_gettime(CLOCK_MONOTONIC, <unfinished ...>
18:06:14.068778,1040,clock_gettime(CLOCK_MONOTONIC, <unfinished ...>
18:06:14.079351,1028,<... clock_gettime resumed> {129, 50802158}) = 0
18:06:14.081558,1040,<... clock_gettime resumed> {129, 63234006}) = 0
18:06:14.082165,1028,getpid( <unfinished ...>
18:06:14.083474,1040,write(24, "1040", 4 <unfinished ...>
18:06:14.083860,1028,<... getpid resumed> ) = 1028
18:06:14.084134,1040,<... write resumed> ) = 4
18:06:14.084537,1028,writev(3, [{"\4", 1}, {"Process\0", 8}, {"Sending signal. PID: 1028 SIG: 9"..., 33}], 3 <unfinished ...>
18:06:14.085264,1040,ioctl(9, 0xc0186201 <unfinished ...>
18:06:14.085754,1028,<... writev resumed> ) = 42
18:06:14.086056,1028,kill(1028, SIGKILL <unfinished ...>
18:06:14.088528,1030,+++ killed by SIGKILL +++
18:06:14.091470,1033,+++ killed by SIGKILL +++
18:06:14.092045,1034,+++ killed by SIGKILL +++
18:06:14.093325,1035,+++ killed by SIGKILL +++
18:06:14.095879,1036,+++ killed by SIGKILL +++
18:06:14.096386,1037,+++ killed by SIGKILL +++
18:06:14.096958,1038,+++ killed by SIGKILL +++
18:06:14.099052,1040,+++ killed by SIGKILL +++
18:06:14.129620,1042,+++ killed by SIGKILL +++
18:06:14.130030,1028,+++ killed by SIGKILL +++
18:06:14.130679,59,<... select resumed> ) = ? ERESTARTNOHAND (To be restarted)
18:06:14.131768,59,--- {si_signo=SIGCHLD, si_code=CLD_KILLED, si_pid=1028, si_status=SIGKILL, si_utime=7, si_stime=12} (Child exited) ---
18:06:14.132526,59,wait4(-1, [{WIFSIGNALED(s) && WTERMSIG(s) == SIGKILL}], WNOHANG, NULL) = 1028
18:06:14.133451,59,wait4(-1, 0xbe8782dc, WNOHANG, NULL) = 0
18:06:14.135405,59,sigreturn() = ? (mask now [INT FPE KILL PIPE ALRM CHLD STOP XCPU VTALRM PROF IO PWR RTMIN])
18:06:14.150104,59,select(24, [9 23], NULL, NULL, NULL) = ? ERESTARTNOHAND (To be restarted)
18:06:35.572888,59,--- {si_signo=SIGCHLD, si_code=CLD_KILLED, si_pid=705, si_status=SIGKILL, si_utime=21, si_stime=16} (Child exited) ---
18:06:35.573231,59,wait4(-1, [{WIFSIGNALED(s) && WTERMSIG(s) == SIGKILL}], WNOHANG, NULL) = 705
18:06:35.573892,59,wait4(-1, 0xbe8782dc, WNOHANG, NULL) = 0
18:06:35.574757,59,sigreturn() = ? (mask now [INT FPE KILL PIPE ALRM CHLD STOP XCPU VTALRM PROF IO PWR RTMIN])
18:06:35.575662,59,select(24, [9 23], NULL, NULL, NULL