17:01:06.506603,998,futex(0xb8e6cf38, FUTEX_WAIT_PRIVATE, 0, NULL <unfinished ...>
17:01:06.569015,997,futex(0xb8e64c00, FUTEX_WAIT_PRIVATE, 0, NULL <unfinished ...>
17:01:06.569565,996,futex(0xb8e69850, FUTEX_WAIT_PRIVATE, 0, NULL <unfinished ...>
17:01:06.569877,61,select(24, [9 23], NULL, NULL, NULL) = ? ERESTARTNOHAND (To be restarted)
17:01:07.385200,61,--- {si_signo=SIGCHLD, si_code=CLD_KILLED, si_pid=556, si_status=SIGKILL, si_utime=13, si_stime=9} (Child exited) ---
17:01:07.386339,61,wait4(-1, [{WIFSIGNALED(s) && WTERMSIG(s) == SIGKILL}], WNOHANG, NULL) = 556
17:01:07.397808,61,wait4(-1, 0xbed4e2dc, WNOHANG, NULL) = 0
17:01:07.398318,61,sigreturn() = ? (mask now [INT FPE KILL PIPE TERM STKFLT CHLD XCPU VTALRM PROF IO PWR RTMIN])
17:01:07.400283,61,select(24, [9 23], NULL, NULL, NULL) = 1 (in [23])
17:01:10.251981,61,ioctl(23, FIONREAD, [148]) = 0
17:01:10.255172,61,recvmsg(23, {msg_name(0)=NULL, msg_iov(1)=[{"7\n--runtime-init\n--setuid=10050\n"..., 4217}], msg_controllen=0, msg_flags=0}, MSG_NOSIGNAL) = 148
17:01:10.258087,61,ioctl(23, FIONREAD, [0]) = 0
17:01:10.259510,61,futex(0xb8e69850, FUTEX_WAKE_PRIVATE, 1 <unfinished ...>
17:01:10.268000,996,<... futex resumed> ) = 0
17:01:10.268370,996,futex(0xb8e69840, FUTEX_WAIT_PRIVATE, 2, NULL <unfinished ...>
17:01:10.268693,61,<... futex resumed> ) = 1
17:01:10.268959,61,futex(0xb8e69840, FUTEX_WAKE_PRIVATE, 1 <unfinished ...>
17:01:10.269241,996,<... futex resumed> ) = 0
17:01:10.269488,996,futex(0xb8e69840, FUTEX_WAKE_PRIVATE, 1) = 0
17:01:10.270216,996,futex(0xb683d57c, FUTEX_WAIT_PRIVATE, 2, NULL <unfinished ...>
17:01:10.270441,61,<... futex resumed> ) = 1
17:01:10.270756,61,futex(0xb683d57c, FUTEX_WAKE_PRIVATE, 1 <unfinished ...>
17:01:10.271011,996,<... futex resumed> ) = 0
17:01:10.271279,996,futex(0xb683d57c, FUTEX_WAKE_PRIVATE, 1) = 0
17:01:10.271750,996,munmap(0xb0ea9000, 32768) = 0
17:01:10.272294,996,sigprocmask(SIG_SETMASK, ~[SEGV], NULL) = 0
17:01:10.273248,996,munmap(0xaf440000, 1048576) = 0
17:01:10.273811,996,exit(0) = ?
17:01:10.286877,61,<... futex resumed> ) = 1
17:01:10.287244,61,futex(0xb8e64c00, FUTEX_WAKE_PRIVATE, 1 <unfinished ...>
17:01:10.287493,997,<... futex resumed> ) = 0
17:01:10.287871,997,futex(0xb8e64bf0, FUTEX_WAIT_PRIVATE, 2, NULL <unfinished ...>
17:01:10.288082,61,<... futex resumed> ) = 1
17:01:10.288313,61,futex(0xb8e64bf0, FUTEX_WAKE_PRIVATE, 1 <unfinished ...>
17:01:10.288543,997,<... futex resumed> ) = 0
17:01:10.288851,997,futex(0xb8e64bf0, FUTEX_WAKE_PRIVATE, 1) = 0
17:01:10.289364,997,futex(0xb683d57c, FUTEX_WAIT_PRIVATE, 2, NULL <unfinished ...>
17:01:10.289573,61,<... futex resumed> ) = 1
17:01:10.289875,61,futex(0xb683d57c, FUTEX_WAKE_PRIVATE, 1 <unfinished ...>
17:01:10.290104,997,<... futex resumed> ) = 0
17:01:10.290341,997,futex(0xb683d57c, FUTEX_WAKE_PRIVATE, 1) = 0
17:01:10.290763,997,munmap(0xaf438000, 32768) = 0
17:01:10.291186,997,sigprocmask(SIG_SETMASK, ~[SEGV], NULL) = 0
17:01:10.291683,997,munmap(0xaf338000, 1048576) = 0
17:01:10.292117,997,exit(0) = ?
17:01:10.295141,61,<... futex resumed> ) = 1
17:01:10.295452,61,futex(0xb8e6cf38, FUTEX_WAKE_PRIVATE, 1 <unfinished ...>
17:01:10.306929,998,<... futex resumed> ) = 0
17:01:10.307281,998,futex(0xb8e6cf28, FUTEX_WAIT_PRIVATE, 2, NULL <unfinished ...>
17:01:10.307743,61,<... futex resumed> ) = 1
17:01:10.308029,61,futex(0xb8e6cf28, FUTEX_WAKE_PRIVATE, 1 <unfinished ...>
17:01:10.308272,998,<... futex resumed> ) = 0
17:01:10.308521,998,futex(0xb8e6cf28, FUTEX_WAKE_PRIVATE, 1) = 0
17:01:10.309165,998,futex(0xb683d57c, FUTEX_WAIT_PRIVATE, 2, NULL <unfinished ...>
17:01:10.309455,61,<... futex resumed> ) = 1
17:01:10.309782,61,futex(0xb683d57c, FUTEX_WAKE_PRIVATE, 1 <unfinished ...>
17:01:10.310033,998,<... futex resumed> ) = 0
17:01:10.310299,998,futex(0xb683d57c, FUTEX_WAKE_PRIVATE, 1) = 0
17:01:10.310790,998,munmap(0xaf330000, 32768) = 0
17:01:10.311304,998,sigprocmask(SIG_SETMASK, ~[SEGV], NULL) = 0
17:01:10.312190,998,munmap(0xaf230000, 1048576) = 0
17:01:10.312723,998,exit(0) = ?
17:01:10.314293,61,<... futex resumed> ) = 1
17:01:10.314854,61,open("/proc/self/task", O_RDONLY|O_DIRECTORY) = 24
17:01:10.316881,61,getdents64(24, /* 3 entries */, 4200) = 72
17:01:10.318066,61,getdents64(24, /* 0 entries */, 4200) = 0
17:01:10.318510,61,close(24) = 0
17:01:10.319191,61,sigaction(SIGCHLD, {0xb67f53dd, [], 0}, NULL, 0) = 0
17:01:10.319995,61,fork( <unfinished ...>
17:01:10.339770,1034,gettid() = 1034
17:01:10.341031,1034,getuid32() = 0
17:01:10.341733,1034,open("/acct/uid/0/tasks", O_RDWR|O_CREAT, 0666) = 24
17:01:10.342540,1034,write(24, "0", 1) = 1
17:01:10.343176,1034,close(24) = 0
17:01:10.344240,1034,prctl(PR_SET_KEEPCAPS, 1) = 0
17:01:10.344901,1034,setgroups32(3, [3003, 1015, 1028]) = 0
17:01:10.345779,1034,setgid32(10050) = 0
17:01:10.346290,1034,open("/acct/uid/10050/tasks", O_RDWR|O_CREAT, 0666) = 24
17:01:10.346959,1034,write(24, "0", 1) = 1
17:01:10.347641,1034,close(24) = 0
17:01:10.348172,1034,setuid32(10050) = 0
17:01:10.348702,1034,personality(0xffffffff /* PER_??? */) = 8388608
17:01:10.349213,1034,personality(0x840000 /* PER_??? */) = 8388608
17:01:10.349723,1034,capset(0xbed4e794, 0xbed4e7a4) = 0
17:01:10.350186,1034,gettid() = 1034
17:01:10.350680,1034,access("/dev/cpuctl/tasks", F_OK) = 0
17:01:10.351313,1034,open("/dev/cpuctl/apps/tasks", O_WRONLY) = 24
17:01:10.352145,1034,open("/dev/cpuctl/apps/bg_non_interactive/tasks", O_WRONLY) = 25
17:01:10.352874,1034,futex(0xb6e9229c, FUTEX_WAKE_PRIVATE, 2147483647) = 0
17:01:10.353303,1034,write(24, "1034", 4) = 4
17:01:10.353909,61,<... fork resumed> ) = 1034
17:01:10.355320,61,mmap2(NULL, 32768, PROT_READ|PROT_WRITE, MAP_PRIVATE|MAP_ANONYMOUS, -1, 0) = 0xb0ea9000
17:01:10.356049,61,madvise(0xb0ea9000, 32768, 0xc /* MADV_??? */) = -1 EINVAL (Invalid argument)
17:01:10.357123,1034,gettid() = 1034
17:01:10.357647,1034,prctl(PR_SET_DUMPABLE, 1) = 0
17:01:10.358138,1034,setrlimit(RLIMIT_CORE, {rlim_cur=0, rlim_max=RLIM64_INFINITY}) = 0
17:01:10.358905,1034,sigaction(SIGCHLD, {SIG_DFL, , NULL, 0) = 0
17:01:10.359683,1034,clock_gettime(CLOCK_MONOTONIC, {111, 463950603}) = 0
17:01:10.361523,1034,mmap2(NULL, 1048576, PROT_READ|PROT_WRITE, MAP_PRIVATE|MAP_ANONYMOUS|MAP_NORESERVE, -1, 0) = 0xaf440000
17:01:10.362207,1034,madvise(0xaf440000, 1048576, 0xc /* MADV_??? */) = -1 EINVAL (Invalid argument)
17:01:10.362737,1034,mprotect(0xaf440000, 4096, PROT_NONE) = 0
17:01:10.363294,1034,clone( <unfinished ...>
17:01:10.365142,61,mmap2(NULL, 1048576, PROT_READ|PROT_WRITE, MAP_PRIVATE|MAP_ANONYMOUS|MAP_NORESERVE, -1, 0 <unfinished ...>
17:01:10.365430,1034,<... clone resumed> child_stack=0xaf53ff00, flags=CLONE_VM|CLONE_FS|CLONE_FILES|CLONE_SIGHAND|CLONE_THREAD|CLONE_SYSVSEM|0x400000) = 1035
17:01:10.367568,61,<... mmap2 resumed> ) = 0xaf440000
17:01:10.369140,1034,futex(0xb683d580, FUTEX_WAIT_PRIVATE, -324, NULL <unfinished ...>
17:01:10.377306,61,madvise(0xaf440000, 1048576, 0xc /* MADV_??? */) = -1 EINVAL (Invalid argument)
17:01:10.377837,61,mprotect(0xaf440000, 4096, PROT_NONE) = 0
17:01:10.378339,61,clone(child_stack=0xaf53ff00, flags=CLONE_VM|CLONE_FS|CLONE_FILES|CLONE_SIGHAND|CLONE_THREAD|CLONE_SYSVSEM|0x400000) = 1036
17:01:10.380105,61,futex(0xb683d580, FUTEX_WAIT_PRIVATE, -324, NULL <unfinished ...>
17:01:10.380638,1036,set_tls(0xaf53ff00, 0xb8e23c10, 0xaf53fffc, 0x40, 0xaf53ff00) = 0
17:01:10.381301,1036,prctl(PR_SET_NAME, 0xaf53fe8c, 0, 0, 0) = 0
17:01:10.382756,1036,gettid() = 1036
17:01:10.383512,1036,futex(0xb683d580, FUTEX_WAKE_PRIVATE, 2147483647 <unfinished ...>
17:01:10.383863,61,<... futex resumed> ) = 0
17:01:10.384130,61,futex(0xb683d57c, FUTEX_WAIT_PRIVATE, 2, NULL <unfinished ...>
17:01:10.384395,1036,<... futex resumed> ) = 1
17:01:10.384700,1036,futex(0xb683d57c, FUTEX_WAKE_PRIVATE, 1 <unfinished ...>
17:01:10.384967,61,<... futex resumed> ) = 0
17:01:10.385254,61,futex(0xb683d57c, FUTEX_WAKE_PRIVATE, 1) = 0
17:01:10.385743,61,futex(0xb683d580, FUTEX_WAKE_PRIVATE, 2147483647) = 0
17:01:10.386412,61,mmap2(NULL, 32768, PROT_READ|PROT_WRITE, MAP_PRIVATE|MAP_ANONYMOUS, -1, 0) = 0xaf438000
17:01:10.386945,61,madvise(0xaf438000, 32768, 0xc /* MADV_??? */) = -1 EINVAL (Invalid argument)
17:01:10.387845,1036,<... futex resumed> ) = 1
17:01:10.388306,61,mmap2(NULL, 1048576, PROT_READ|PROT_WRITE, MAP_PRIVATE|MAP_ANONYMOUS|MAP_NORESERVE, -1, 0 <unfinished ...>
17:01:10.388656,1036,futex(0xb683d580, FUTEX_WAIT_PRIVATE, -326, NULL <unfinished ...>
17:01:10.388917,61,<... mmap2 resumed> ) = 0xaf338000
17:01:10.389166,1036,<... futex resumed> ) = -1 EAGAIN (Try again)
17:01:10.389443,61,madvise(0xaf338000, 1048576, 0xc /* MADV_??? */ <unfinished ...>
17:01:10.389820,1036,getpriority(PRIO_PROCESS, 1036 <unfinished ...>
17:01:10.390042,61,<... madvise resumed> ) = -1 EINVAL (Invalid argument)
17:01:10.390279,1036,<... getpriority resumed> ) = 20
17:01:10.390466,61,mprotect(0xaf338000, 4096, PROT_NONE <unfinished ...>
17:01:10.390886,1036,setpriority(PRIO_PROCESS, 1036, 0 <unfinished ...>
17:01:10.391085,61,<... mprotect resumed> ) = 0
17:01:10.391481,1036,<... setpriority resumed> ) = 0
17:01:10.391774,61,clone( <unfinished ...>
17:01:10.392224,1036,futex(0xb8e69850, FUTEX_WAIT_PRIVATE, 0, NULL <unfinished ...>
17:01:10.394230,61,<... clone resumed> child_stack=0xaf437f00, flags=CLONE_VM|CLONE_FS|CLONE_FILES|CLONE_SIGHAND|CLONE_THREAD|CLONE_SYSVSEM|0x400000) = 1037
17:01:10.396160,61,futex(0xb683d580, FUTEX_WAIT_PRIVATE, -328, NULL <unfinished ...>
17:01:10.397741,1035,set_tls(0xaf53ff00, 0xb8e23c10, 0xaf53fffc, 0x40, 0xaf53ff00) = 0
17:01:10.398196,1035,prctl(PR_SET_NAME, 0xaf53feac, 0, 0, 0) = 0
17:01:10.398907,1035,mmap2(NULL, 32768, PROT_READ|PROT_WRITE, MAP_PRIVATE|MAP_ANONYMOUS, -1, 0) = 0xaf438000
17:01:10.399368,1035,madvise(0xaf438000, 32768, 0xc /* MADV_??? */) = -1 EINVAL (Invalid argument)
17:01:10.399960,1035,gettid() = 1035
17:01:10.401710,1035,getpriority(PRIO_PROCESS, 0) = 20
17:01:10.403028,1035,futex(0xb683d580, FUTEX_WAKE_PRIVATE, 2147483647 <unfinished ...>
17:01:10.403401,1034,<... futex resumed> ) = 0
17:01:10.403723,1034,futex(0xb683d57c, FUTEX_WAIT_PRIVATE, 2, NULL <unfinished ...>
17:01:10.403980,1035,<... futex resumed> ) = 1
17:01:10.404238,1035,futex(0xb683d57c, FUTEX_WAKE_PRIVATE, 1 <unfinished ...>
17:01:10.404492,1034,<... futex resumed> ) = 0
17:01:10.404822,1034,futex(0xb683d57c, FUTEX_WAKE_PRIVATE, 1) = 0
17:01:10.405291,1034,clock_gettime(CLOCK_MONOTONIC, {111, 509510180}) = 0
17:01:10.405838,1034,clock_gettime(CLOCK_MONOTONIC, <unfinished ...>
17:01:10.416877,1035,<... futex resumed> ) = 1
17:01:10.417086,1034,<... clock_gettime resumed> {111, 510157873}) = 0
17:01:10.417545,1037,set_tls(0xaf437f00, 0xb8d52548, 0xaf437ffc, 0x40, 0xaf437f00) = 0
17:01:10.418243,1037,prctl(PR_SET_NAME, 0xaf437e8c, 0, 0, 0) = 0
17:01:10.418756,1037,gettid() = 1037
17:01:10.419235,1037,futex(0xb683d580, FUTEX_WAKE_PRIVATE, 2147483647 <unfinished ...>
17:01:10.419513,61,<... futex resumed> ) = 0
17:01:10.419856,61,futex(0xb683d57c, FUTEX_WAIT_PRIVATE, 2, NULL <unfinished ...>
17:01:10.420119,1037,<... futex resumed> ) = 1
17:01:10.420369,1037,futex(0xb683d57c, FUTEX_WAKE_PRIVATE, 1 <unfinished ...>
17:01:10.420711,61,<... futex resumed> ) = 0
17:01:10.420954,61,futex(0xb683d57c, FUTEX_WAKE_PRIVATE, 1) = 0
17:01:10.421376,61,futex(0xb683d580, FUTEX_WAKE_PRIVATE, 2147483647) = 0
17:01:10.422012,61,mmap2(NULL, 32768, PROT_READ|PROT_WRITE, MAP_PRIVATE|MAP_ANONYMOUS, -1, 0) = 0xaf330000
17:01:10.422452,61,madvise(0xaf330000, 32768, 0xc /* MADV_??? */) = -1 EINVAL (Invalid argument)
17:01:10.422983,61,mmap2(NULL, 1048576, PROT_READ|PROT_WRITE, MAP_PRIVATE|MAP_ANONYMOUS|MAP_NORESERVE, -1, 0) = 0xaf230000
17:01:10.423398,61,madvise(0xaf230000, 1048576, 0xc /* MADV_??? */) = -1 EINVAL (Invalid argument)
17:01:10.423855,61,mprotect(0xaf230000, 4096, PROT_NONE) = 0
17:01:10.424302,61,clone(child_stack=0xaf32ff00, flags=CLONE_VM|CLONE_FS|CLONE_FILES|CLONE_SIGHAND|CLONE_THREAD|CLONE_SYSVSEM|0x400000) = 1038
17:01:10.426226,61,futex(0xb683d580, FUTEX_WAIT_PRIVATE, -332, NULL <unfinished ...>
17:01:10.426546,1037,<... futex resumed> ) = 1
17:01:10.438635,1038,set_tls(0xaf32ff00, 0xb8e2fd60, 0xaf32fffc, 0x40, 0xaf32ff00) = 0
17:01:10.439178,1038,prctl(PR_SET_NAME, 0xaf32fe8c, 0, 0, 0) = 0
17:01:10.439589,1038,gettid() = 1038
17:01:10.440220,1038,futex(0xb683d580, FUTEX_WAKE_PRIVATE, 2147483647) = 1
17:01:10.440720,1038,futex(0xb683d580, FUTEX_WAIT_PRIVATE, -334, NULL <unfinished ...>
17:01:10.440952,1037,futex(0xb683d580, FUTEX_WAIT_PRIVATE, -330, NULL) = -1 EAGAIN (Try again)
17:01:10.441341,1037,getpriority(PRIO_PROCESS, 1037) = 20
17:01:10.441762,1037,setpriority(PRIO_PROCESS, 1037, 0) = 0
17:01:10.442294,1037,futex(0xb8e64c00, FUTEX_WAIT_PRIVATE, 0, NULL <unfinished ...>
17:01:10.442539,1035,futex(0xb8d349a8, FUTEX_WAIT_PRIVATE, 0, NULL <unfinished ...>
17:01:10.442840,1034,mmap2(NULL, 1048576, PROT_READ|PROT_WRITE, MAP_PRIVATE|MAP_ANONYMOUS|MAP_NORESERVE, -1, 0 <unfinished ...>
17:01:10.443096,61,<... futex resumed> ) = 0
17:01:10.443470,61,futex(0xb683d580, FUTEX_WAKE_PRIVATE, 2147483647 <unfinished ...>
17:01:10.443794,1038,<... futex resumed> ) = 0
17:01:10.444025,1038,futex(0xb683d57c, FUTEX_WAIT_PRIVATE, 2, NULL <unfinished ...>
17:01:10.444233,61,<... futex resumed> ) = 1
17:01:10.444870,61,futex(0xb683d57c, FUTEX_WAKE_PRIVATE, 1 <unfinished ...>
17:01:10.445114,1038,<... futex resumed> ) = 0
17:01:10.445358,1038,futex(0xb683d57c, FUTEX_WAKE_PRIVATE, 1) = 0
17:01:10.445875,1038,getpriority(PRIO_PROCESS, 1038) = 20
17:01:10.446280,1038,setpriority(PRIO_PROCESS, 1038, 0) = 0
17:01:10.457589,1038,futex(0xb8d33450, FUTEX_WAIT_PRIVATE, 2, NULL <unfinished ...>
17:01:10.457900,1034,<... mmap2 resumed> ) = 0xaf338000
17:01:10.458105,61,<... futex resumed> ) = 1
17:01:10.458376,61,futex(0xb8d33450, FUTEX_WAKE_PRIVATE, 1 <unfinished ...>
17:01:10.458647,1038,<... futex resumed> ) = 0
17:01:10.459028,1038,futex(0xb8d33450, FUTEX_WAKE_PRIVATE, 1) = 0
17:01:10.459626,1038,futex(0xb8e6cf38, FUTEX_WAIT_PRIVATE, 0, NULL <unfinished ...>
17:01:10.459862,61,<... futex resumed> ) = 1
17:01:10.460233,61,getpgid(0xe4) = 61
17:01:10.460773,61,setpgid(1034, 61) = 0
17:01:10.461317,61,sendmsg(23, {msg_name(0)=NULL, msg_iov(1)=[{"\0\0\4\n", 4}], msg_controllen=0, msg_flags=0}, MSG_NOSIGNAL) = 4
17:01:10.462629,61,sendmsg(23, {msg_name(0)=NULL, msg_iov(1)=[{"\0", 1}], msg_controllen=0, msg_flags=0}, MSG_NOSIGNAL) = 1
17:01:10.463391,61,select(24, [9 23], NULL, NULL, NULL <unfinished ...>
17:01:10.463867,1034,madvise(0xaf338000, 1048576, 0xc /* MADV_??? */) = -1 EINVAL (Invalid argument)
17:01:10.467457,1034,mprotect(0xaf338000, 4096, PROT_NONE) = 0
17:01:10.470233,1034,clone(child_stack=0xaf437f00, flags=CLONE_VM|CLONE_FS|CLONE_FILES|CLONE_SIGHAND|CLONE_THREAD|CLONE_SYSVSEM|0x400000) = 1039
17:01:10.479130,1034,futex(0xb683d580, FUTEX_WAIT_PRIVATE, -326, NULL <unfinished ...>
17:01:10.495290,1039,set_tls(0xaf437f00, 0xb8d52548, 0xaf437ffc, 0x40, 0xaf437f00) = 0
17:01:10.496409,1039,prctl(PR_SET_NAME, 0xaf437eac, 0, 0, 0) = 0
17:01:10.508791,1039,mmap2(NULL, 32768, PROT_READ|PROT_WRITE, MAP_PRIVATE|MAP_ANONYMOUS, -1, 0) = 0xaf330000
17:01:10.509267,1039,madvise(0xaf330000, 32768, 0xc /* MADV_??? */) = -1 EINVAL (Invalid argument)
17:01:10.509761,1039,gettid() = 1039
17:01:10.510425,1039,getpriority(PRIO_PROCESS, 0) = 20
17:01:10.511046,1039,futex(0xb683d580, FUTEX_WAKE_PRIVATE, 2147483647 <unfinished ...>
17:01:10.511347,1034,<... futex resumed> ) = 0
17:01:10.511679,1034,futex(0xb683d57c, FUTEX_WAIT_PRIVATE, 2, NULL <unfinished ...>
17:01:10.511945,1039,<... futex resumed> ) = 1
17:01:10.512212,1039,futex(0xb683d57c, FUTEX_WAKE_PRIVATE, 1 <unfinished ...>
17:01:10.512484,1034,<... futex resumed> ) = 0
17:01:10.512829,1034,futex(0xb683d57c, FUTEX_WAKE_PRIVATE, 1) = 0
17:01:10.513282,1034,clock_gettime(CLOCK_MONOTONIC, {111, 617960636}) = 0
17:01:10.514242,1034,clock_gettime(CLOCK_MONOTONIC, {111, 618462778}) = 0
17:01:10.515300,1034,mmap2(NULL, 1048576, PROT_READ|PROT_WRITE, MAP_PRIVATE|MAP_ANONYMOUS|MAP_NORESERVE, -1, 0) = 0xaf230000
17:01:10.515915,1034,madvise(0xaf230000, 1048576, 0xc /* MADV_??? */) = -1 EINVAL (Invalid argument)
17:01:10.516364,1034,mprotect(0xaf230000, 4096, PROT_NONE <unfinished ...>
17:01:10.516855,1039,<... futex resumed> ) = 1
17:01:10.517121,1039,rt_sigtimedwait([QUIT USR1 RT_7 RT_15 RT_16 RT_20 RT_21 RT_22 RT_23 RT_24 RT_26 RT_27 RT_29 RT_30], NULL, NULL, 8 <unfinished ...>
17:01:10.521067,1034,<... mprotect resumed> ) = 0
17:01:10.526754,1034,clone(child_stack=0xaf32ff00, flags=CLONE_VM|CLONE_FS|CLONE_FILES|CLONE_SIGHAND|CLONE_THREAD|CLONE_SYSVSEM|0x400000) = 1040
17:01:10.529583,1034,futex(0xb683d580, FUTEX_WAIT_PRIVATE, -328, NULL <unfinished ...>
17:01:10.530079,1040,set_tls(0xaf32ff00, 0xb8e2fd60, 0xaf32fffc, 0x40, 0xaf32ff00) = 0
17:01:10.530520,1040,prctl(PR_SET_NAME, 0xaf32feac, 0, 0, 0) = 0
17:01:10.531591,1040,mmap2(NULL, 32768, PROT_READ|PROT_WRITE, MAP_PRIVATE|MAP_ANONYMOUS, -1, 0) = 0xaf228000
17:01:10.532993,1040,madvise(0xaf228000, 32768, 0xc /* MADV_??? */) = -1 EINVAL (Invalid argument)
17:01:10.533445,1040,gettid() = 1040
17:01:10.534223,1040,getpriority(PRIO_PROCESS, 0) = 20
17:01:10.534869,1040,futex(0xb683d580, FUTEX_WAKE_PRIVATE, 2147483647 <unfinished ...>
17:01:10.535175,1034,<... futex resumed> ) = 0
17:01:10.535557,1034,futex(0xb683d57c, FUTEX_WAIT_PRIVATE, 2, NULL <unfinished ...>
17:01:10.535871,1040,<... futex resumed> ) = 1
17:01:10.536133,1040,futex(0xb683d57c, FUTEX_WAKE_PRIVATE, 1 <unfinished ...>
17:01:10.548392,1034,<... futex resumed> ) = 0
17:01:10.548625,1040,<... futex resumed> ) = 1
17:01:10.548946,1034,futex(0xb683d57c, FUTEX_WAKE_PRIVATE, 1) = 0
17:01:10.549540,1034,futex(0xb8e2789c, FUTEX_WAIT_PRIVATE, 0, NULL <unfinished ...>
17:01:10.549893,1040,futex(0xb8e2789c, FUTEX_WAKE_PRIVATE, 2147483647 <unfinished ...>
17:01:10.550177,1034,<... futex resumed> ) = 0
17:01:10.550464,1034,futex(0xb8e27898, FUTEX_WAIT_PRIVATE, 2, NULL <unfinished ...>
17:01:10.550803,1040,<... futex resumed> ) = 1
17:01:10.551080,1040,futex(0xb8e27898, FUTEX_WAKE_PRIVATE, 1 <unfinished ...>
17:01:10.551431,1034,<... futex resumed> ) = 0
17:01:10.551809,1034,futex(0xb8e27898, FUTEX_WAKE_PRIVATE, 1) = 0
17:01:10.552293,1034,clock_gettime(CLOCK_MONOTONIC, {111, 656521820}) = 0
17:01:10.554230,1034,mmap2(NULL, 32768, PROT_READ|PROT_WRITE, MAP_PRIVATE|MAP_ANONYMOUS, -1, 0) = 0xaf220000
17:01:10.554800,1034,madvise(0xaf220000, 32768, 0xc /* MADV_??? */) = -1 EINVAL (Invalid argument)
17:01:10.555355,1034,mmap2(NULL, 1048576, PROT_READ|PROT_WRITE, MAP_PRIVATE|MAP_ANONYMOUS|MAP_NORESERVE, -1, 0) = 0xad293000
17:01:10.555983,1034,madvise(0xad293000, 1048576, 0xc /* MADV_??? */) = -1 EINVAL (Invalid argument)
17:01:10.556436,1034,mprotect(0xad293000, 4096, PROT_NONE) = 0
17:01:10.556995,1034,clone(child_stack=0xad392f00, flags=CLONE_VM|CLONE_FS|CLONE_FILES|CLONE_SIGHAND|CLONE_THREAD|CLONE_SYSVSEM|0x400000) = 1041
17:01:10.558747,1034,futex(0xb683d580, FUTEX_WAIT_PRIVATE, -330, NULL <unfinished ...>
17:01:10.559057,1040,<... futex resumed> ) = 1
17:01:10.559555,1040,socket(PF_UNIX, SOCK_STREAM, 0) = 26
17:01:10.560310,1040,pipe([27, 28]) = 0
17:01:10.561009,1040,getpid() = 1034
17:01:10.561740,1040,connect(26, {sa_family=AF_UNIX, path=@"jdwp-control"...}, 15) = 0
17:01:10.565107,1040,getsockopt(26, SOL_SOCKET, SO_PEERCRED, {pid=69, uid=0, gid=0}, [12]) = 0
17:01:10.565965,1040,sendto(26, "040a", 4, 0, NULL, 0) = 4
17:01:10.578042,1040,recvmsg(26, <unfinished ...>
17:01:10.578735,1041,set_tls(0xad392f00, 0xb8d52d38, 0xad392ffc, 0x40, 0xad392f00) = 0
17:01:10.581239,1041,prctl(PR_SET_NAME, 0xad392e8c, 0, 0, 0) = 0
17:01:10.581831,1041,gettid() = 1041
17:01:10.582503,1041,futex(0xb683d580, FUTEX_WAKE_PRIVATE, 2147483647) = 1
17:01:10.583070,1034,<... futex resumed> ) = 0
17:01:10.583364,1041,futex(0xb683d580, FUTEX_WAIT_PRIVATE, -332, NULL <unfinished ...>
17:01:10.583811,1034,futex(0xb683d580, FUTEX_WAKE_PRIVATE, 2147483647 <unfinished ...>
17:01:10.584095,1041,<... futex resumed> ) = -1 EAGAIN (Try again)
17:01:10.584369,1034,<... futex resumed> ) = 0
17:01:10.584714,1041,futex(0xb683d57c, FUTEX_WAIT_PRIVATE, 2, NULL <unfinished ...>
17:01:10.585015,1034,futex(0xb683d57c, FUTEX_WAKE_PRIVATE, 1 <unfinished ...>
17:01:10.585276,1041,<... futex resumed> ) = -1 EAGAIN (Try again)
17:01:10.585549,1034,<... futex resumed> ) = 0
17:01:10.585892,1041,futex(0xb683d57c, FUTEX_WAKE_PRIVATE, 1 <unfinished ...>
17:01:10.586546,1034,mmap2(NULL, 32768, PROT_READ|PROT_WRITE, MAP_PRIVATE|MAP_ANONYMOUS, -1, 0 <unfinished ...>
17:01:10.586896,1041,<... futex resumed> ) = 0
17:01:10.587356,1041,getpriority(PRIO_PROCESS, 1041) = 20
17:01:10.587857,1041,setpriority(PRIO_PROCESS, 1041, 0) = 0
17:01:10.588515,1041,futex(0xb8e337e8, FUTEX_WAIT_PRIVATE, 0, NULL <unfinished ...>
17:01:10.596902,1034,<... mmap2 resumed> ) = 0xad28b000
17:01:10.597219,1034,madvise(0xad28b000, 32768, 0xc /* MADV_??? */) = -1 EINVAL (Invalid argument)
17:01:10.597763,1034,mmap2(NULL, 1048576, PROT_READ|PROT_WRITE, MAP_PRIVATE|MAP_ANONYMOUS|MAP_NORESERVE, -1, 0) = 0xad18b000
17:01:10.598269,1034,madvise(0xad18b000, 1048576, 0xc /* MADV_??? */) = -1 EINVAL (Invalid argument)
17:01:10.598790,1034,mprotect(0xad18b000, 4096, PROT_NONE) = 0
17:01:10.599322,1034,clone(child_stack=0xad28af00, flags=CLONE_VM|CLONE_FS|CLONE_FILES|CLONE_SIGHAND|CLONE_THREAD|CLONE_SYSVSEM|0x400000) = 1042
17:01:10.601277,1034,futex(0xb683d580, FUTEX_WAIT_PRIVATE, -334, NULL <unfinished ...>
17:01:10.601781,1042,set_tls(0xad28af00, 0xb8e4acb8, 0xad28affc, 0x40, 0xad28af00) = 0
17:01:10.602253,1042,prctl(PR_SET_NAME, 0xad28ae8c, 0, 0, 0) = 0
17:01:10.602784,1042,gettid() = 1042
17:01:10.604250,1042,futex(0xb683d580, FUTEX_WAKE_PRIVATE, 2147483647 <unfinished ...>
17:01:10.604561,1034,<... futex resumed> ) = 0
17:01:10.604950,1034,futex(0xb683d57c, FUTEX_WAIT_PRIVATE, 2, NULL <unfinished ...>
17:01:10.605264,1042,<... futex resumed> ) = 1
17:01:10.605631,1042,futex(0xb683d57c, FUTEX_WAKE_PRIVATE, 1 <unfinished ...>
17:01:10.605998,1034,<... futex resumed> ) = 0
17:01:10.606290,1034,futex(0xb683d57c, FUTEX_WAKE_PRIVATE, 1) = 0
17:01:10.616268,1034,futex(0xb683d580, FUTEX_WAKE_PRIVATE, 2147483647 <unfinished ...>
17:01:10.616625,1042,<... futex resumed> ) = 1
17:01:10.616979,1034,<... futex resumed> ) = 0
17:01:10.617775,1034,mmap2(NULL, 32768, PROT_READ|PROT_WRITE, MAP_PRIVATE|MAP_ANONYMOUS, -1, 0) = 0xad183000
17:01:10.618278,1034,madvise(0xad183000, 32768, 0xc /* MADV_??? */) = -1 EINVAL (Invalid argument)
17:01:10.618855,1034,mmap2(NULL, 1048576, PROT_READ|PROT_WRITE, MAP_PRIVATE|MAP_ANONYMOUS|MAP_NORESERVE, -1, 0) = 0xad083000
17:01:10.619429,1034,madvise(0xad083000, 1048576, 0xc /* MADV_??? */) = -1 EINVAL (Invalid argument)
17:01:10.620004,1034,mprotect(0xad083000, 4096, PROT_NONE) = 0
17:01:10.620517,1034,clone(child_stack=0xad182f00, flags=CLONE_VM|CLONE_FS|CLONE_FILES|CLONE_SIGHAND|CLONE_THREAD|CLONE_SYSVSEM|0x400000) = 1043
17:01:10.622493,1034,futex(0xb683d580, FUTEX_WAIT_PRIVATE, -338, NULL <unfinished ...>
17:01:10.622871,1042,futex(0xb683d580, FUTEX_WAIT_PRIVATE, -336, NULL) = -1 EAGAIN (Try again)
17:01:10.623325,1042,getpriority(PRIO_PROCESS, 1042) = 20
17:01:10.626371,1042,setpriority(PRIO_PROCESS, 1042, 0) = 0
17:01:10.637261,1043,set_tls(0xad182f00, 0xb8e75db8, 0xad182ffc, 0x40, 0xad182f00 <unfinished ...>
17:01:10.637767,1042,futex(0xb8e4e2c0, FUTEX_WAIT_PRIVATE, 0, NULL <unfinished ...>
17:01:10.638048,1043,<... open resumed> ) = 0
17:01:10.638366,1043,prctl(PR_SET_NAME, 0xad182e8c, 0, 0, 0) = 0
17:01:10.638892,1043,gettid() = 1043
17:01:10.639513,1043,futex(0xb683d580, FUTEX_WAKE_PRIVATE, 2147483647) = 1
17:01:10.640010,1034,<... futex resumed> ) = 0
17:01:10.640380,1043,futex(0xb683d580, FUTEX_WAIT_PRIVATE, -340, NULL <unfinished ...>
17:01:10.640768,1034,futex(0xb683d580, FUTEX_WAKE_PRIVATE, 2147483647 <unfinished ...>
17:01:10.641025,1043,<... futex resumed> ) = -1 EAGAIN (Try again)
17:01:10.641302,1034,<... futex resumed> ) = 0
17:01:10.641562,1043,futex(0xb683d57c, FUTEX_WAIT_PRIVATE, 2, NULL <unfinished ...>
17:01:10.641913,1034,futex(0xb683d57c, FUTEX_WAKE_PRIVATE, 1 <unfinished ...>
17:01:10.642152,1043,<... futex resumed> ) = -1 EAGAIN (Try again)
17:01:10.642404,1034,<... futex resumed> ) = 0
17:01:10.642736,1043,futex(0xb683d57c, FUTEX_WAKE_PRIVATE, 1 <unfinished ...>
17:01:10.644458,1034,close(23 <unfinished ...>
17:01:10.644779,1043,<... futex resumed> ) = 0
17:01:10.645087,1034,<... close resumed> ) = 0
17:01:10.645366,1043,getpriority(PRIO_PROCESS, 1043 <unfinished ...>
17:01:10.646225,1034,close(9 <unfinished ...>
17:01:10.656819,1043,<... getpriority resumed> ) = 20
17:01:10.657097,1034,<... close resumed> ) = 0
17:01:10.657368,1043,setpriority(PRIO_PROCESS, 1043, 0 <unfinished ...>
17:01:10.658985,1034,open("/dev/binder", O_RDWR <unfinished ...>
17:01:10.659394,1043,<... setpriority resumed> ) = 0
17:01:10.659895,1034,<... open resumed> ) = 9
17:01:10.660263,1043,futex(0xb8e54618, FUTEX_WAIT_PRIVATE, 0, NULL <unfinished ...>
17:01:10.660570,1034,fcntl64(9, F_SETFD, FD_CLOEXEC) = 0
17:01:10.661225,1034,ioctl(9, 0xc0046209, 0xbed4e638) = 0
17:01:10.661870,1034,ioctl(9, 0x40046205, 0xbed4e63c) = 0
17:01:10.662341,1034,mmap2(NULL, 1040384, PROT_READ, MAP_PRIVATE|MAP_NORESERVE, 9, 0) = 0xacf85000
17:01:10.663008,1034,madvise(0xacf85000, 1040384, 0xc /* MADV_??? */) = -1 EINVAL (Invalid argument)
17:01:10.663651,1034,prctl(PR_SET_NAME, 0xb8e14ac8, 0, 0, 0) = 0
17:01:10.664150,1034,open("/sys/qemu_trace/process_name", O_RDWR) = 23
17:01:10.664905,1034,write(23, "com.comiccc\0", 12) = 12
17:01:10.665499,1034,close(23) = 0
17:01:10.733131,1034,mmap2(NULL, 1048576, PROT_READ|PROT_WRITE, MAP_PRIVATE|MAP_ANONYMOUS|MAP_NORESERVE, -1, 0) = 0xace85000
17:01:10.737072,1034,madvise(0xace85000, 1048576, 0xc /* MADV_??? */) = -1 EINVAL (Invalid argument)
17:01:10.737855,1034,mprotect(0xace85000, 4096, PROT_NONE) = 0
17:01:10.738497,1034,clone(child_stack=0xacf84f00, flags=CLONE_VM|CLONE_FS|CLONE_FILES|CLONE_SIGHAND|CLONE_THREAD|CLONE_SYSVSEM|0x400000) = 1044
17:01:10.742819,1034,writev(3, [{"\4", 1}, {"dalvikvm\0", 9}, {"Turning on JNI app bug workaroun"..., 63}], 3) = 73
17:01:10.746546,1034,prctl(PR_SET_NAME, 0xb8e2f79a, 0, 0, 0) = 0
17:01:10.747177,1034,open("/sys/qemu_trace/process_name", O_RDWR) = 23
17:01:10.757713,1034,write(23, "<pre-initialized>\0", 18) = 18
17:01:10.758373,1034,close(23) = 0
17:01:10.760054,1034,futex(0xb6e810c0, FUTEX_WAKE_PRIVATE, 2147483647) = 0
17:01:10.760769,1034,pipe([23, 29]) = 0
17:01:10.761444,1034,fcntl64(23, F_SETFL, O_RDONLY|O_NONBLOCK) = 0
17:01:10.762581,1034,fcntl64(29, F_SETFL, O_RDONLY|O_NONBLOCK) = 0
17:01:10.763387,1034,epoll_create(0x8) = 30
17:01:10.764183,1034,epoll_ctl(0x1e, 0x1, 0x17, 0xbed4e300) = 0
17:01:10.767577,1044,set_tls(0xacf84f00, 0xb8e0cad0, 0xacf84ffc, 0x40, 0xacf84f00) = 0
17:01:10.768163,1044,setpriority(PRIO_PROCESS, 0, 0) = 0
17:01:10.768804,1044,futex(0xb6e810b0, FUTEX_WAKE_PRIVATE, 2147483647) = 0
17:01:10.769381,1044,gettid() = 1044
17:01:10.770071,1044,write(24, "1044", 4) = 4
17:01:10.770717,1044,prctl(PR_SET_NAME, 0xb8e073f0, 0, 0, 0) = 0
17:01:10.771718,1044,mmap2(NULL, 32768, PROT_READ|PROT_WRITE, MAP_PRIVATE|MAP_ANONYMOUS, -1, 0) = 0xace7d000
17:01:10.772241,1044,madvise(0xace7d000, 32768, 0xc /* MADV_??? */) = -1 EINVAL (Invalid argument)
17:01:10.772755,1044,gettid() = 1044
17:01:10.773484,1044,getpriority(PRIO_PROCESS, 0) = 20
17:01:10.774090,1044,gettid() = 1044
17:01:10.774718,1044,gettid() = 1044
17:01:10.775223,1044,getpid() = 1034
17:01:10.788979,1034,gettid() = 1034
17:01:10.789526,1034,getpid() = 1034
17:01:10.790063,1034,getuid32() = 10050
17:01:10.793030,1034,getpid() = 1034
17:01:10.793552,1034,gettid() = 1034
17:01:10.794068,1034,clock_gettime(CLOCK_MONOTONIC, {111, 898296581}) = 0
17:01:10.794752,1034,ioctl(9, 0xc0186201, 0xbed4e1f0) = 0
17:01:10.795655,1034,clock_gettime(CLOCK_MONOTONIC, {111, 899913649}) = 0
17:01:10.797293,1034,getpid() = 1034
17:01:10.797837,1034,gettid() = 1034
17:01:10.798317,1034,clock_gettime(CLOCK_MONOTONIC, {111, 902552918}) = 0
17:01:10.798919,1034,ioctl(9, 0xc0186201, 0xbed4e1f0) = 0
17:01:10.799801,1034,ioctl(9, 0xc0186201 <unfinished ...>
17:01:10.800122,1044,getuid32() = 10050
17:01:10.800685,1044,write(24, "1044", 4) = 4
17:01:10.801227,1044,ioctl(9, 0xc0186201, 0xacf84e28) = 0
17:01:10.801794,1044,mmap2(NULL, 1048576, PROT_READ|PROT_WRITE, MAP_PRIVATE|MAP_ANONYMOUS|MAP_NORESERVE, -1, 0) = 0xacd7d000
17:01:10.802293,1044,madvise(0xacd7d000, 1048576, 0xc /* MADV_??? */) = -1 EINVAL (Invalid argument)
17:01:10.802856,1044,mprotect(0xacd7d000, 4096, PROT_NONE) = 0
17:01:10.803394,1044,clone( <unfinished ...>
17:01:10.816510,1045,futex(0xace7cf00, FUTEX_WAIT_PRIVATE, 2, NULL <unfinished ...>
17:01:10.838838,1044,<... clone resumed> child_stack=0xace7cf00, flags=CLONE_VM|CLONE_FS|CLONE_FILES|CLONE_SIGHAND|CLONE_THREAD|CLONE_SYSVSEM|0x400000) = 1045
17:01:10.839184,1044,futex(0xace7cf00, FUTEX_WAKE_PRIVATE, 1 <unfinished ...>
17:01:10.839456,1045,<... futex resumed> ) = 0
17:01:10.839778,1045,set_tls(0xace7cf00, 0xb8e246f0, 0xace7cffc, 0x40, 0xace7cf00) = 0
17:01:10.840378,1045,setpriority(PRIO_PROCESS, 0, 0) = 0
17:01:10.840903,1045,gettid() = 1045
17:01:10.841333,1045,write(24, "1045", 4) = 4
17:01:10.842327,1045,prctl(PR_SET_NAME, 0xb8e13280, 0, 0, 0) = 0
17:01:10.843087,1045,mmap2(NULL, 32768, PROT_READ|PROT_WRITE, MAP_PRIVATE|MAP_ANONYMOUS, -1, 0) = 0xacd75000
17:01:10.843683,1045,madvise(0xacd75000, 32768, 0xc /* MADV_??? */) = -1 EINVAL (Invalid argument)
17:01:10.844165,1045,gettid() = 1045
17:01:10.844807,1045,getpriority(PRIO_PROCESS, 0) = 20
17:01:10.845338,1045,gettid() = 1045
17:01:10.845813,1045,futex(0xb8e6481c, FUTEX_WAIT_PRIVATE, 2, NULL <unfinished ...>
17:01:10.846075,1044,<... futex resumed> ) = 1
17:01:10.846342,1044,futex(0xb8e6481c, FUTEX_WAKE_PRIVATE, 1 <unfinished ...>
17:01:10.846629,1045,<... futex resumed> ) = 0
17:01:10.856236,1045,futex(0xb8e6481c, FUTEX_WAKE_PRIVATE, 1 <unfinished ...>
17:01:10.856453,1044,<... futex resumed> ) = 1
17:01:10.856761,1045,<... futex resumed> ) = 0
17:01:10.857110,1044,write(24, "1044", 4 <unfinished ...>
17:01:10.857456,1045,gettid( <unfinished ...>
17:01:10.857771,1044,<... write resumed> ) = 4
17:01:10.858009,1045,<... gettid resumed> ) = 1045
17:01:10.858280,1044,ioctl(9, 0xc0186201 <unfinished ...>
17:01:10.858549,1045,getpid( <unfinished ...>
17:01:10.858850,1044,<... ioctl resumed> , 0xacf84e28) = 0
17:01:10.859103,1045,<... getpid resumed> ) = 1034
17:01:10.859377,1044,write(24, "1044", 4 <unfinished ...>
17:01:10.860091,1045,getuid32( <unfinished ...>
17:01:10.860344,1044,<... write resumed> ) = 4
17:01:10.860580,1045,<... getuid32 resumed> ) = 10050
17:01:10.860937,1044,getpriority(PRIO_PROCESS, 1044 <unfinished ...>
17:01:10.861272,1045,write(24, "1045", 4 <unfinished ...>
17:01:10.861565,1044,<... getpriority resumed> ) = 20
17:01:10.861885,1045,<... write resumed> ) = 4
17:01:10.867703,1045,ioctl(9, 0xc0186201, 0xace7ce28) = 0
17:01:10.868254,1045,mmap2(NULL, 1048576, PROT_READ|PROT_WRITE, MAP_PRIVATE|MAP_ANONYMOUS|MAP_NORESERVE, -1, 0) = 0xacc75000
17:01:10.868811,1045,madvise(0xacc75000, 1048576, 0xc /* MADV_??? */) = -1 EINVAL (Invalid argument)
17:01:10.869254,1045,mprotect(0xacc75000, 4096, PROT_NONE) = 0
17:01:10.869863,1045,clone(child_stack=0xacd74f00, flags=CLONE_VM|CLONE_FS|CLONE_FILES|CLONE_SIGHAND|CLONE_THREAD|CLONE_SYSVSEM|0x400000) = 1046
17:01:10.871982,1045,write(24, "1045", 4) = 4
17:01:10.873527,1045,ioctl(9, 0xc0186201 <unfinished ...>
17:01:10.876362,1046,set_tls(0xacd74f00, 0xb8e0fae8, 0xacd74ffc, 0x40, 0xacd74f00) = 0
17:01:10.876927,1046,setpriority(PRIO_PROCESS, 0, 0) = 0
17:01:10.877398,1046,gettid() = 1046
17:01:10.877929,1046,write(24, "1046", 4) = 4
17:01:10.878502,1046,prctl(PR_SET_NAME, 0xb8e25530, 0, 0, 0) = 0
17:01:10.879076,1046,mmap2(NULL, 32768, PROT_READ|PROT_WRITE, MAP_PRIVATE|MAP_ANONYMOUS, -1, 0) = 0xacc6d000
17:01:10.879639,1046,madvise(0xacc6d000, 32768, 0xc /* MADV_??? */) = -1 EINVAL (Invalid argument)
17:01:10.880186,1046,gettid() = 1046
17:01:10.881013,1046,getpriority(PRIO_PROCESS, 0) = 20
17:01:10.881596,1046,gettid() = 1046
17:01:10.882174,1046,gettid() = 1046
17:01:10.882712,1046,getpid() = 1034
17:01:10.883174,1046,getuid32() = 10050
17:01:10.883689,1046,write(24, "1046", 4) = 4
17:01:10.884230,1046,ioctl(9, 0xc0186201, 0xacd74e28) = 0
17:01:10.884772,1046,write(24, "1046", 4) = 4
17:01:10.885301,1046,ioctl(9, 0xc0186201 <unfinished ...>
17:01:10.892165,1034,<... ioctl resumed> , 0xbed4e1f0) = 0
17:01:10.892554,1034,clock_gettime(CLOCK_MONOTONIC, {111, 996847902}) = 0
17:01:10.894365,1034,mprotect(0xb15df000, 8192, PROT_READ|PROT_WRITE) = 0
17:01:10.900713,1044,clock_gettime(CLOCK_MONOTONIC, <unfinished ...>
17:01:10.901134,1034,getpid( <unfinished ...>
17:01:10.901435,1044,<... clock_gettime resumed> {112, 5389476}) = 0
17:01:10.901943,1034,<... getpid resumed> ) = 1034
17:01:10.902624,1044,clock_gettime(CLOCK_MONOTONIC, <unfinished ...>
17:01:10.902992,1034,getuid32( <unfinished ...>
17:01:10.903320,1044,<... clock_gettime resumed> {112, 7264196}) = 0
17:01:10.903836,1034,<... getuid32 resumed> ) = 10050
17:01:10.904350,1044,write(24, "1044", 4 <unfinished ...>
17:01:10.904770,1034,getpid( <unfinished ...>
17:01:10.905068,1044,<... write resumed> ) = 4
17:01:10.905354,1034,<... getpid resumed> ) = 1034
17:01:10.905672,1044,ioctl(9, 0xc0186201 <unfinished ...>
17:01:10.905992,1034,getuid32( <unfinished ...>
17:01:10.906302,1044,<... ioctl resumed> , 0xacf84e28) = 0
17:01:10.906598,1034,<... getuid32 resumed> ) = 10050
17:01:10.906918,1044,write(24, "1044", 4 <unfinished ...>
17:01:10.907336,1034,epoll_wait(0x1e, 0xbed4e1f8, 0x10, 0 <unfinished ...>
17:01:10.907814,1044,<... write resumed> ) = 4
17:01:10.919283,1044,getpriority(PRIO_PROCESS, 1044 <unfinished ...>
17:01:10.919534,1034,<... epoll_wait resumed> ) = 0
17:01:10.919914,1044,<... getpriority resumed> ) = 20
17:01:10.920274,1034,clock_gettime(CLOCK_MONOTONIC, {112, 32598454}) = 0
17:01:10.931074,1034,open("/sys/kernel/debug/tracing/trace_marker", O_WRONLY) = -1 ENOENT (No such file or directory)
17:01:10.932941,1034,writev(3, [{"\6", 1}, {"Trace\0", 6}, {"error opening trace file: No suc"..., 56}], 3) = 63
17:01:10.934984,1034,getpid() = 1034
17:01:10.935672,1034,getuid32() = 10050
17:01:10.947265,1034,epoll_wait(0x1e, 0xbed4e1f8, 0x10, 0) = 0
17:01:10.947952,1034,clock_gettime(CLOCK_MONOTONIC, {112, 52195733}) = 0
17:01:10.948924,1034,prctl(PR_SET_NAME, 0xb8e143a8, 0, 0, 0) = 0
17:01:10.949442,1034,open("/sys/qemu_trace/process_name", O_RDWR) = 31
17:01:10.950258,1034,write(31, "com.comiccc\0", 12) = 12
17:01:10.950931,1034,close(31) = 0
17:01:10.954887,1034,ioctl(9, 0xc0186201, 0xbed4e0c8) = 0
17:01:10.955934,1034,ioctl(9, 0xc0186201, 0xbed4e108) = 0
17:01:10.956776,1034,ioctl(9, 0xc0186201, 0xbed4e108) = 0
17:01:10.961035,1044,clock_gettime(CLOCK_MONOTONIC, {112, 65317852}) = 0
17:01:10.961825,1044,write(24, "1044", 4) = 4
17:01:10.962411,1044,ioctl(9, 0xc0186201 <unfinished ...>
17:01:10.962903,1034,ioctl(9, 0xc0186201, 0xbed4e0c8) = 0
17:01:10.964237,1034,dup(31) = 32
17:01:10.964888,1034,mmap2(NULL, 4096, PROT_READ, MAP_SHARED, 32, 0) = 0xacc6c000
17:01:10.965462,1034,close(31) = 0
17:01:10.966098,1034,dup(32) = 31
17:01:10.977840,1034,getpid() = 1034
17:01:10.978382,1034,gettid() = 1034
17:01:10.978926,1034,clock_gettime(CLOCK_MONOTONIC, {112, 83164236}) = 0
17:01:10.979517,1034,ioctl(9, 0xc0186201, 0xbed4e1f0) = 0
17:01:10.981889,1034,ioctl(9, 0xc0186201, 0xbed4e1f0) = 0
17:01:10.984303,1034,clock_gettime(CLOCK_MONOTONIC, {112, 88862196}) = 0
17:01:10.988317,1034,getuid32() = 10050
17:01:10.990150,1034,stat64("/system/framework/framework-res.apk", {st_mode=S_IFREG|0644, st_size=8749696, ...}) = 0
17:01:10.991860,1034,access("/vendor/overlay/framework/framework-res.apk", R_OK) = -1 ENOENT (No such file or directory)
17:01:10.992943,1034,stat64("/data/app/com.comiccc-1.apk", {st_mode=S_IFREG|0644, st_size=1483017, ...}) = 0
17:01:10.995015,1034,stat64("/system/framework/framework-res.apk", {st_mode=S_IFREG|0644, st_size=8749696, ...}) = 0
17:01:10.996450,1034,stat64("/data/app/com.comiccc-1.apk", {st_mode=S_IFREG|0644, st_size=1483017, ...}) = 0
17:01:11.007550,1034,open("/data/app/com.comiccc-1.apk", O_RDONLY) = 33
17:01:11.008290,1034,_llseek(33, 0, [1483017], SEEK_END) = 0
17:01:11.008982,1034,mmap2(NULL, 69632, PROT_READ|PROT_WRITE, MAP_PRIVATE|MAP_ANONYMOUS, -1, 0) = 0xacc5b000
17:01:11.009563,1034,madvise(0xacc5b000, 69632, 0xc /* MADV_??? */) = -1 EINVAL (Invalid argument)
17:01:11.010226,1034,_llseek(33, 0, [0], SEEK_SET) = 0
17:01:11.010913,1034,read(33, "PK\3\4", 4) = 4
17:01:11.011725,1034,_llseek(33, 1417460, [1417460], SEEK_SET) = 0
17:01:11.012284,1034,read(33, "Í\203%BC\2=\25@¼(\225\34BUaD\222RX3=%\20E5\16©\\\6Ä@"..., 65557) = 65557
17:01:11.013432,1034,munmap(0xacc5b000, 69632) = 0
17:01:11.014065,1034,mmap2(NULL, 8435, PROT_READ, MAP_SHARED, 33, 0x168) = 0xacc69000
17:01:11.015308,1034,pread(33, "PK\3\4\n\0\0\0\0\0\220t0=¦ð±Ü\\J\0\0\\J\0\0\16\0\0\0", 30, 6266460364079104) = 30
17:01:11.016253,1034,mmap2(NULL, 19928, PROT_READ, MAP_SHARED, 33, 0x164) = 0xacc64000
17:01:11.067622,1034,gettimeofday({1732726871, 68039}, NULL) = 0
17:01:11.068986,1034,access("/data/data/com.comiccc/cache", F_OK) = -1 ENOENT (No such file or directory)
17:01:11.070156,1034,access("/data/data/com.comiccc/cache", F_OK) = -1 ENOENT (No such file or directory)
17:01:11.071442,1034,mkdir("/data/data/com.comiccc/cache", 0700) = 0
17:01:11.073005,1034,chmod("/data/data/com.comiccc/cache", 0771) = 0
17:01:11.074186,1034,getuid32() = 10050
17:01:11.074778,1034,getuid32() = 10050
17:01:11.076051,1034,getpid() = 1034
17:01:11.179799,1034,gettid() = 1034
17:01:11.180300,1034,clock_gettime(CLOCK_MONOTONIC, {112, 284539136}) = 0
17:01:11.180922,1034,ioctl(9, 0xc0186201, 0xbed4e1f0) = 0
17:01:11.182299,1034,clock_gettime(CLOCK_MONOTONIC, {112, 286541279}) = 0
17:01:11.184778,1034,access("/data/data/com.comiccc/cache/com.android.renderscript.cache", F_OK) = -1 ENOENT (No such file or directory)
17:01:11.185868,1034,mkdir("/data/data/com.comiccc/cache/com.android.renderscript.cache", 0700) = 0
17:01:11.282697,1034,getpid() = 1034
17:01:11.283244,1034,gettid() = 1034
17:01:11.283841,1034,clock_gettime(CLOCK_MONOTONIC, {112, 388073267}) = 0
17:01:11.284403,1034,ioctl(9, 0xc0186201, 0xbed4e1f0) = 0
17:01:11.285259,1034,clock_gettime(CLOCK_MONOTONIC, {112, 389491516}) = 0
17:01:11.298202,1034,getpid() = 1034
17:01:11.300060,1034,gettid() = 1034
17:01:11.300536,1034,clock_gettime(CLOCK_MONOTONIC, {112, 404823993}) = 0
17:01:11.301137,1034,ioctl(9, 0xc0186201, 0xbed4e1f0) = 0
17:01:11.306258,1034,clock_gettime(CLOCK_MONOTONIC, {112, 410584437}) = 0
17:01:11.319002,1034,writev(3, [{"\5", 1}, {"DroidBox\0", 9}, {"DroidBox: { \"DexClassLoader\": { "..., 74}], 3) = 84
17:01:11.322455,1034,access("/data/app/com.comiccc-1.apk", F_OK) = 0
17:01:11.323301,1034,access("/data/app/com.comiccc-1.apk", R_OK) = 0
17:01:11.324089,1034,stat64("/data/app/com.comiccc-1.apk", {st_mode=S_IFREG|0644, st_size=1483017, ...}) = 0
17:01:11.327943,1034,open("/data/app/com.comiccc-1.apk", O_RDONLY) = 34
17:01:11.331757,1034,fstat64(34, {st_mode=S_IFREG|0644, st_size=1483017, ...}) = 0
17:01:11.333018,1034,fstat64(34, {st_mode=S_IFREG|0644, st_size=1483017, ...}) = 0
17:01:11.334276,1034,_llseek(34, 1482995, [1482995], SEEK_SET) = 0
17:01:11.335069,1034,read(34, "PK\5\6", 4) = 4
17:01:11.347143,1034,fgetxattr(34, "user.taint", 0xbed4e484, 4) = -1 ENODATA (No data available)
17:01:11.349491,1034,clock_gettime(CLOCK_MONOTONIC, {112, 453813341}) = 0
17:01:11.350186,1034,getpid() = 1034
17:01:11.350771,1034,readlink("/proc/1034/fd/34", "/data/app/com.comiccc-1.apk"..., 120) = 27
17:01:11.352169,1034,read(34, "\0\0\0\0A\0A\0\33\23\0\0Ø\215\26\0\0\0", 18) = 18
17:01:11.353217,1034,fgetxattr(34, "user.taint", 0xbed4e484, 4) = -1 ENODATA (No data available)
17:01:11.354788,1034,clock_gettime(CLOCK_MONOTONIC, {112, 459028312}) = 0
17:01:11.355346,1034,getpid() = 1034
17:01:11.355942,1034,readlink("/proc/1034/fd/34", "/data/app/com.comiccc-1.apk"..., 120) = 27
17:01:11.367477,1034,fstat64(34, {st_mode=S_IFREG|0644, st_size=1483017, ...}) = 0
17:01:11.368855,1034,_llseek(34, 1478104, [1478104], SEEK_SET) = 0
17:01:11.369891,1034,read(34, "PK\1\2\24\0\24\0\10\0\10\0007T]8\201eÀ\21Ä\7\0\0>\24\0\0\24\0\4\0"..., 4096) = 4096
17:01:11.370785,1034,fgetxattr(34, "user.taint", 0xbed4e484, 4) = -1 ENODATA (No data available)
17:01:11.372361,1034,clock_gettime(CLOCK_MONOTONIC, {112, 476722843}) = 0
17:01:11.373076,1034,getpid() = 1034
17:01:11.373601,1034,readlink("/proc/1034/fd/34", "/data/app/com.comiccc-1.apk"..., 120) = 27
17:01:11.451809,1034,_llseek(34, 1482200, [1482200], SEEK_SET) = 0
17:01:11.452521,1034,read(34, "'\26\0res/layout/file_browser_ind.x"..., 817) = 817
17:01:11.453304,1034,fgetxattr(34, "user.taint", 0xbed4e484, 4) = -1 ENODATA (No data available)
17:01:11.455102,1034,clock_gettime(CLOCK_MONOTONIC, {112, 559338281}) = 0
17:01:11.455949,1034,getpid() = 1034
17:01:11.466818,1034,readlink("/proc/1034/fd/34", "/data/app/com.comiccc-1.apk"..., 120) = 27
17:01:11.469753,1034,open("/data/app/com.comiccc-1.apk", O_RDONLY) = 35
17:01:11.470437,1034,lseek(35, 0, SEEK_END) = 1483017
17:01:11.471421,1034,mmap2(NULL, 69632, PROT_READ|PROT_WRITE, MAP_PRIVATE|MAP_ANONYMOUS, -1, 0) = 0xacc53000
17:01:11.472017,1034,madvise(0xacc53000, 69632, 0xc /* MADV_??? */) = -1 EINVAL (Invalid argument)
17:01:11.472606,1034,lseek(35, 1417460, SEEK_SET) = 1417460
17:01:11.473149,1034,read(35, "Í\203%BC\2=\25@¼(\225\34BUaD\222RX3=%\20E5\16©\\\6Ä@"..., 65557) = 65557
17:01:11.474316,1034,mmap2(NULL, 8435, PROT_READ, MAP_SHARED, 35, 0x168) = 0xacc50000
17:01:11.474883,1034,munmap(0xacc53000, 69632) = 0
17:01:11.475713,1034,fcntl64(35, F_GETFD) = 0
17:01:11.486464,1034,fcntl64(35, F_SETFD, FD_CLOEXEC) = 0
17:01:11.487556,1034,open("/data/app/com.comiccc-1.odex", O_RDONLY) = -1 ENOENT (No such file or directory)
17:01:11.488923,1034,open("/data/dalvik-cache/data@app@com.comiccc-1.apk@classes.dex", O_RDWR|O_CREAT, 0644) = -1 EACCES (Permission denied)
17:01:11.489917,1034,open("/data/dalvik-cache/data@app@com.comiccc-1.apk@classes.dex", O_RDONLY) = 36
17:01:11.490808,1034,flock(36, LOCK_EX|LOCK_NB) = 0
17:01:11.491658,1034,fstat64(36, {st_mode=S_IFREG|0644, st_size=159320, ...}) = 0
17:01:11.492710,1034,stat64("/data/dalvik-cache/data@app@com.comiccc-1.apk@classes.dex", {st_mode=S_IFREG|0644, st_size=159320, ...}) = 0
17:01:11.494229,1034,lseek(36, 0, SEEK_SET) = 0
17:01:11.494758,1034,read(36, "dey\n036\0(\0\0\0<T\2\0hT\2\0Ö\1\0\0@V\2\0\30\30\0\0"..., 40) = 40
17:01:11.495518,1034,lseek(36, 152680, SEEK_SET) = 152680
17:01:11.496123,1034,read(36, "Ú\200}=¨`W \34\0\0\0\10\0\0\0\34\0\0\0/system/fram"..., 470) = 470
17:01:11.507572,1034,lseek(36, 0, SEEK_SET) = 0
17:01:11.508121,1034,lseek(36, 0, SEEK_CUR) = 0
17:01:11.509221,1034,lseek(36, 0, SEEK_END) = 159320
17:01:11.509993,1034,lseek(36, 0, SEEK_SET) = 0
17:01:11.510841,1034,mmap2(NULL, 159320, PROT_READ|PROT_WRITE, MAP_PRIVATE, 36, 0) = 0xacc29000
17:01:11.511915,1034,madvise(0xacc29000, 159320, 0xc /* MADV_??? */) = -1 EINVAL (Invalid argument)
17:01:11.513127,1034,mprotect(0xacc29000, 159320, PROT_READ) = 0
17:01:11.514303,1034,open("/dev/ashmem", O_RDWR) = 37
17:01:11.515253,1034,ioctl(37, 0x41007701, 0xbed4e254) = 0
17:01:11.515826,1034,ioctl(37, 0x40047703, 0x5000) = 0
17:01:11.516327,1034,mmap2(NULL, 20480, PROT_READ|PROT_WRITE, MAP_PRIVATE, 37, 0) = 0xacc24000
17:01:11.546890,1034,madvise(0xacc24000, 20480, 0xc /* MADV_??? */) = -1 EINVAL (Invalid argument)
17:01:11.547569,1034,close(37) = 0
17:01:11.548313,1034,flock(36, LOCK_UN) = 0
17:01:11.548979,1034,close(36) = 0
17:01:11.550402,1034,access("/data/data/com.comiccc/lib", F_OK) = 0
17:01:11.551252,1034,access("/data/data/com.comiccc/lib", R_OK) = 0
17:01:11.552093,1034,stat64("/data/data/com.comiccc/lib", {st_mode=S_IFDIR|0755, st_size=4096, ...}) = 0
17:01:11.554191,1034,access("/vendor/lib", F_OK) = -1 ENOENT (No such file or directory)
17:01:11.555056,1034,access("/system/lib", F_OK) = 0
17:01:11.567360,1034,access("/system/lib", R_OK) = 0
17:01:11.568192,1034,stat64("/system/lib", {st_mode=S_IFDIR|0755, st_size=8192, ...}) = 0
17:01:11.569635,1034,getuid32() = 10050
17:01:11.570467,1034,getpid() = 1034
17:01:11.571105,1034,gettid() = 1034
17:01:11.571722,1034,clock_gettime(CLOCK_MONOTONIC, {112, 675962305}) = 0
17:01:11.572311,1034,ioctl(9, 0xc0186201, 0xbed4e1f0) = 0
17:01:11.576106,1034,ioctl(9, 0xc0186201, 0xbed4e1f0) = 0
17:01:11.576722,1034,clock_gettime(CLOCK_MONOTONIC, {112, 680962449}) = 0
17:01:11.589878,1034,gettimeofday({1732726871, 590082}, NULL) = 0
17:01:11.591146,1034,getpid() = 1034
17:01:11.591812,1034,getuid32() = 10050
17:01:11.592417,1034,epoll_wait(0x1e, 0xbed4e1f8, 0x10, 0) = 0
17:01:11.592996,1034,clock_gettime(CLOCK_MONOTONIC, {112, 697226499}) = 0
17:01:11.593729,1034,stat64("/system/framework/framework-res.apk", {st_mode=S_IFREG|0644, st_size=8749696, ...}) = 0
17:01:11.594993,1034,stat64("/data/app/com.comiccc-1.apk", {st_mode=S_IFREG|0644, st_size=1483017, ...}) = 0
17:01:11.599659,1034,gettimeofday({1732726871, 599830}, NULL) = 0
17:01:11.600627,1034,getuid32() = 10050
17:01:11.601223,1034,stat64("/system/framework/framework-res.apk", {st_mode=S_IFREG|0644, st_size=8749696, ...}) = 0
17:01:11.602473,1034,stat64("/data/app/com.comiccc-1.apk", {st_mode=S_IFREG|0644, st_size=1483017, ...}) = 0
17:01:11.610484,1034,getpid() = 1034
17:01:11.611120,1034,gettid() = 1034
17:01:11.611682,1034,clock_gettime(CLOCK_MONOTONIC, {112, 715940513}) = 0
17:01:11.612278,1034,ioctl(9, 0xc0186201, 0xbed4e1f0) = 0
17:01:11.613786,1034,clock_gettime(CLOCK_MONOTONIC, {112, 718021541}) = 0
17:01:11.614698,1034,getpid() = 1034
17:01:11.615208,1034,gettid() = 1034
17:01:11.615854,1034,clock_gettime(CLOCK_MONOTONIC, {112, 720110609}) = 0
17:01:11.616433,1034,ioctl(9, 0xc0186201, 0xbed4e1f0) = 0
17:01:11.628485,1034,ioctl(9, 0xc0186201, 0xbed4e1f0) = 0
17:01:11.629115,1034,clock_gettime(CLOCK_MONOTONIC, {112, 733349013}) = 0
17:01:11.631998,1034,getpid() = 1034
17:01:11.632755,1034,gettid() = 1034
17:01:11.633261,1034,clock_gettime(CLOCK_MONOTONIC, {112, 737492235}) = 0
17:01:11.633886,1034,ioctl(9, 0xc0186201, 0xbed4e1f0) = 0
17:01:11.634623,1034,clock_gettime(CLOCK_MONOTONIC, {112, 738904377}) = 0
17:01:11.635953,1034,getpid() = 1034
17:01:11.647061,1034,gettid() = 1034
17:01:11.647535,1034,clock_gettime(CLOCK_MONOTONIC, {112, 751826398}) = 0
17:01:11.648141,1034,ioctl(9, 0xc0186201, 0xbed4e1f0) = 0
17:01:11.649830,1034,ioctl(9, 0xc0186201, 0xbed4e1f0) = 0
17:01:11.650447,1034,clock_gettime(CLOCK_MONOTONIC, {112, 754757043}) = 0
17:01:11.655227,1034,pread(18, "PK\3\4\24\0\10\0\10\0\31\r\2208¿Ìm\4»\1\0\0 \3\0\0\34\0\0\0", 30, 13579900610936832) = 30
17:01:11.656148,1034,mmap2(NULL, 4302, PROT_READ, MAP_SHARED, 18, 0x303) = 0xacc22000
17:01:11.657623,1034,munmap(0xacc22000, 4302) = 0
17:01:11.678097,1034,clock_gettime(CLOCK_MONOTONIC, {112, 782371048}) = 0
17:01:11.679882,1034,pread(33, "PK\3\4\24\0\10\0\10\0\220t0=\0\0\0\0\0\0\0\0\0\0\0\0\25\0\0\0", 30, 6256852522237952) = 30
17:01:11.680788,1034,mmap2(NULL, 3173, PROT_READ, MAP_SHARED, 33, 0x163) = 0xb0eb0000
17:01:11.681904,1034,munmap(0xb0eb0000, 3173) = 0
17:01:11.684465,1034,pread(33, "PK\3\4\n\0\0\0\0\0\220t0=ç\33`$ï7\0\0ï7\0\0\35\0\0\0", 30, 5865632541179904) = 30
17:01:11.685298,1034,mmap2(NULL, 16109, PROT_READ, MAP_SHARED, 33, 0x14d) = 0xb0ead000
17:01:11.686971,1034,sigprocmask(SIG_BLOCK, [], [QUIT USR1 PIPE]) = 0
17:01:11.697438,1034,sigprocmask(SIG_BLOCK, [], [QUIT USR1 PIPE]) = 0
17:01:11.698081,1034,sigprocmask(SIG_BLOCK, [], [QUIT USR1 PIPE]) = 0
17:01:11.698879,1034,sigprocmask(SIG_BLOCK, [], [QUIT USR1 PIPE]) = 0
17:01:11.699518,1034,mprotect(0xb3d87000, 528384, PROT_READ|PROT_WRITE) = 0
17:01:11.700148,1034,mprotect(0xb3e08000, 41017344, PROT_NONE) = 0
17:01:11.703195,1034,brk(0xb8e7f000) = 0xb8e7f000
17:01:11.726902,1034,clock_gettime(CLOCK_MONOTONIC, {112, 831181676}) = 0
17:01:11.737069,1034,getpriority(PRIO_PROCESS, 0) = 20
17:01:11.737721,1034,madvise(0xb23a6000, 3107101, MADV_NORMAL) = 0
17:01:11.794918,1034,madvise(0xb33a6000, 786432, MADV_DONTNEED) = 0
17:01:11.795813,1034,madvise(0xb23a6000, 16777216, MADV_DONTNEED) = 0
17:01:11.806566,1034,futex(0xb683d58c, FUTEX_WAKE_PRIVATE, 2147483647) = 0
17:01:11.807208,1034,clock_gettime(CLOCK_MONOTONIC, {112, 911456925}) = 0
17:01:11.808370,1034,futex(0xb8e337e8, FUTEX_WAKE_PRIVATE, 1) = 1
17:01:11.808923,1041,<... futex resumed> ) = 0
17:01:11.809278,1034,clock_gettime(CLOCK_MONOTONIC, <unfinished ...>
17:01:11.809623,1041,futex(0xb8e4e2c0, FUTEX_WAKE_PRIVATE, 1 <unfinished ...>
17:01:11.809914,1034,<... clock_gettime resumed> {112, 913878706}) = 0
17:01:11.810262,1041,<... futex resumed> ) = 1
17:01:11.810695,1034,writev(3, [{"\3", 1}, {"dalvikvm\0", 9}, {"GC_FOR_ALLOC freed 69K, 4% free "..., 69}], 3 <unfinished ...>
17:01:11.811421,1042,<... futex resumed> ) = 0
17:01:11.811838,1041,futex(0xb8e337e8, FUTEX_WAIT_PRIVATE, -2, NULL <unfinished ...>
17:01:11.812412,1042,clock_gettime(CLOCK_MONOTONIC, <unfinished ...>
17:01:11.812755,1034,<... writev resumed> ) = 79
17:01:11.813030,1042,<... clock_gettime resumed> {112, 917008453}) = 0
17:01:11.813512,1034,mprotect(0xb3d87000, 1118208, PROT_READ|PROT_WRITE <unfinished ...>
17:01:11.813877,1042,futex(0xb8e54618, FUTEX_WAKE_PRIVATE, 1 <unfinished ...>
17:01:11.814200,1034,<... mprotect resumed> ) = 0
17:01:11.814468,1042,<... futex resumed> ) = 1
17:01:11.814813,1034,mprotect(0xb3e98000, 40427520, PROT_NONE <unfinished ...>
17:01:11.815086,1043,<... futex resumed> ) = 0
17:01:11.815530,1042,gettid( <unfinished ...>
17:01:11.815863,1034,<... mprotect resumed> ) = 0
17:01:11.826355,1043,clock_gettime(CLOCK_MONOTONIC, <unfinished ...>
17:01:11.826570,1042,<... gettid resumed> ) = 1042
17:01:11.826873,1034,futex(0xb8d349a8, FUTEX_WAKE_PRIVATE, 1 <unfinished ...>
17:01:11.827193,1043,<... clock_gettime resumed> {112, 931132201}) = 0
17:01:11.827548,1042,getpid( <unfinished ...>
17:01:11.827909,1034,<... futex resumed> ) = 1
17:01:11.828249,1043,clock_gettime(CLOCK_MONOTONIC, <unfinished ...>
17:01:11.828518,1042,<... getpid resumed> ) = 1034
17:01:11.828825,1035,<... futex resumed> ) = 0
17:01:11.829219,1034,writev(3, [{"\4", 1}, {"dalvikvm-heap\0", 14}, {"Grow heap (frag case) to 9.214MB"..., 60}], 3 <unfinished ...>
17:01:11.829961,1043,<... clock_gettime resumed> {112, 933934582}) = 0
17:01:11.830332,1042,getuid32( <unfinished ...>
17:01:11.830667,1035,futex(0xb683d5f4, FUTEX_WAIT_PRIVATE, 2, NULL <unfinished ...>
17:01:11.831144,1043,clock_gettime(CLOCK_MONOTONIC, <unfinished ...>
17:01:11.831391,1042,<... getuid32 resumed> ) = 10050
17:01:11.831781,1034,<... writev resumed> ) = 75
17:01:11.832028,1043,<... clock_gettime resumed> {112, 936014456}) = 0
17:01:11.832497,1042,ioctl(9, 0xc0186201 <unfinished ...>
17:01:11.832921,1034,futex(0xb683d5f4, FUTEX_WAKE_PRIVATE, 1 <unfinished ...>
17:01:11.833223,1043,futex(0xb8e54618, FUTEX_WAIT_PRIVATE, -2, {9, 983920126} <unfinished ...>
17:01:11.833614,1042,<... ioctl resumed> , 0xad28aa58) = 0
17:01:11.833926,1034,<... futex resumed> ) = 1
17:01:11.834328,1042,clock_gettime(CLOCK_MONOTONIC, <unfinished ...>
17:01:11.834617,1035,<... futex resumed> ) = 0
17:01:11.838276,1042,<... clock_gettime resumed> {112, 942186882}) = 0
17:01:11.838763,1035,clock_gettime(CLOCK_MONOTONIC, <unfinished ...>
17:01:11.839339,1042,clock_gettime(CLOCK_MONOTONIC, <unfinished ...>
17:01:11.840477,1035,<... clock_gettime resumed> {112, 944446255}) = 0
17:01:11.840902,1042,<... clock_gettime resumed> {112, 944884618}) = 0
17:01:11.841274,1035,clock_gettime(CLOCK_MONOTONIC, <unfinished ...>
17:01:11.841610,1042,futex(0xb683d58c, FUTEX_WAIT_PRIVATE, -436, NULL <unfinished ...>
17:01:11.841921,1035,<... clock_gettime resumed> {112, 945895942}) = 0
17:01:11.842293,1035,clock_gettime(CLOCK_MONOTONIC, {112, 946521902}) = 0
17:01:11.843407,1035,nanosleep({0, 10000000}, 0xaf53fd88) = 0
17:01:11.855878,1035,madvise(0xb23a6000, 3221040, MADV_NORMAL) = 0
17:01:11.868426,1035,futex(0xb683d5f4, FUTEX_WAKE_PRIVATE, 1 <unfinished ...>
17:01:11.868718,1034,futex(0xb683d58c, FUTEX_WAIT_PRIVATE, -436, NULL <unfinished ...>
17:01:11.868990,1035,<... futex resumed> ) = 0
17:01:11.869305,1035,futex(0xb683d58c, FUTEX_WAKE_PRIVATE, 2147483647) = 2
17:01:11.869814,1042,<... futex resumed> ) = 0
17:01:11.870237,1034,<... futex resumed> ) = 0
17:01:11.870541,1035,clock_gettime(CLOCK_MONOTONIC, <unfinished ...>
17:01:11.870959,1042,clock_gettime(CLOCK_MONOTONIC, <unfinished ...>
17:01:11.871316,1034,clock_gettime(CLOCK_MONOTONIC, <unfinished ...>
17:01:11.871647,1035,<... clock_gettime resumed> {112, 975553616}) = 0
17:01:11.871992,1042,<... clock_gettime resumed> {112, 975962404}) = 0
17:01:11.872331,1034,<... clock_gettime resumed> {112, 976303913}) = 0
17:01:11.877524,1042,clock_gettime(CLOCK_MONOTONIC, <unfinished ...>
17:01:11.877894,1034,futex(0xb683d5f8, FUTEX_WAIT_PRIVATE, -216, NULL <unfinished ...>
17:01:11.878149,1042,<... clock_gettime resumed> {112, 982131146}) = 0
17:01:11.878560,1042,clock_gettime(CLOCK_MONOTONIC, {112, 982845431}) = 0
17:01:11.879223,1042,clock_gettime(CLOCK_MONOTONIC, {112, 983452713}) = 0
17:01:11.879844,1042,clock_gettime(CLOCK_MONOTONIC, {112, 984111325}) = 0
17:01:11.880660,1042,clock_gettime(CLOCK_MONOTONIC, {112, 984911541}) = 0
17:01:11.881293,1042,clock_gettime(CLOCK_MONOTONIC, {112, 985522814}) = 0
17:01:11.881925,1042,clock_gettime(CLOCK_MONOTONIC, {112, 986154363}) = 0
17:01:11.882474,1042,clock_gettime(CLOCK_MONOTONIC, {112, 986757345}) = 0
17:01:11.883051,1042,futex(0xb8e4e2c0, FUTEX_WAIT_PRIVATE, -2, NULL <unfinished ...>
17:01:11.915649,1035,clock_gettime(CLOCK_MONOTONIC, {113, 19984217}) = 0
17:01:11.919808,1035,futex(0xb683d58c, FUTEX_WAKE_PRIVATE, 2147483647) = 0
17:01:11.920411,1035,clock_gettime(CLOCK_MONOTONIC, {113, 24706116}) = 0
17:01:11.921647,1035,madvise(0xb3466000, 786432, MADV_DONTNEED) = 0
17:01:11.922242,1035,madvise(0xb23a6000, 16777216, MADV_DONTNEED) = 0
17:01:11.922867,1035,futex(0xb683d5f8, FUTEX_WAKE_PRIVATE, 2147483647 <unfinished ...>
17:01:11.923174,1034,<... futex resumed> ) = 0
17:01:11.923467,1034,futex(0xb683d5f4, FUTEX_WAIT_PRIVATE, 2, NULL <unfinished ...>
17:01:11.923869,1035,<... futex resumed> ) = 1
17:01:11.924157,1035,clock_gettime(CLOCK_MONOTONIC, {113, 28391091}) = 0
17:01:11.924876,1035,writev(3, [{"\3", 1}, {"dalvikvm\0", 9}, {"GC_CONCURRENT freed 1K, 4% free "..., 73}], 3) = 83
17:01:11.937205,1035,futex(0xb683d5f4, FUTEX_WAKE_PRIVATE, 1) = 1
17:01:11.937840,1034,<... futex resumed> ) = 0
17:01:11.938190,1035,clock_gettime(CLOCK_MONOTONIC, <unfinished ...>
17:01:11.938475,1034,clock_gettime(CLOCK_MONOTONIC, <unfinished ...>
17:01:11.938784,1035,<... clock_gettime resumed> {113, 42758706}) = 0
17:01:11.939112,1034,<... clock_gettime resumed> {113, 43085878}) = 0
17:01:11.939461,1035,clock_gettime(CLOCK_MONOTONIC, <unfinished ...>
17:01:11.939878,1034,writev(3, [{"\3", 1}, {"dalvikvm\0", 9}, {"WAIT_FOR_CONCURRENT_GC blocked 6"..., 36}], 3 <unfinished ...>
17:01:11.940615,1035,<... clock_gettime resumed> {113, 44559631}) = 0
17:01:11.941165,1035,futex(0xb8d349a8, FUTEX_WAIT_PRIVATE, -2, {4, 998199075} <unfinished ...>
17:01:11.941496,1034,<... writev resumed> ) = 46
17:01:11.941892,1034,futex(0xb683d5f4, FUTEX_WAKE_PRIVATE, 1) = 0
17:01:11.942951,1034,munmap(0xb0ead000, 16109) = 0
17:01:11.962903,1034,access("/mnt/sdcard/xxtstudio", F_OK) = -1 EACCES (Permission denied)
17:01:11.963972,1034,mkdir("/mnt/sdcard/xxtstudio", 0777) = -1 EACCES (Permission denied)
17:01:11.964941,1034,access("/mnt/sdcard/xxtstudio/comiccc.db", F_OK) = -1 EACCES (Permission denied)
17:01:11.965989,1034,pread(33, "PK\3\4\24\0\10\0\10\0\220t0=\0\0\0\0\0\0\0\0\0\0\0\0\22\0\0\0", 30, 6263681520238592) = 30
17:01:11.976097,1034,mmap2(NULL, 832, PROT_READ, MAP_SHARED, 33, 0x164) = 0xb0eb0000
17:01:11.977228,1034,open("/mnt/sdcard/xxtstudio/comiccc.db", O_WRONLY|O_CREAT|O_TRUNC, 0777) = -1 EACCES (Permission denied)
17:01:11.979411,1034,pread(33, "PK\3\4\24\0\10\0\10\0\220t0=\0\0\0\0\0\0\0\0\0\0\0\0\27\0\0\0", 30, 338555092074496) = 30
17:01:11.980310,1034,mmap2(NULL, 1317, PROT_READ, MAP_SHARED, 33, 0x13) = 0xb0eaf000
17:01:11.981221,1034,munmap(0xb0eaf000, 1317) = 0
17:01:11.982957,1034,pread(33, "PK\3\4\n\0\0\0\0\0\220t0=sõö°ø*\0\0ø*\0\0\35\0\0\0", 30, 5927385580961792) = 30
17:01:11.983857,1034,mmap2(NULL, 14880, PROT_READ, MAP_SHARED, 33, 0x150) = 0xb0eac000
17:01:11.984826,1034,sigprocmask(SIG_BLOCK, [], [QUIT USR1 PIPE]) = 0
17:01:11.985402,1034,sigprocmask(SIG_BLOCK, [], [QUIT USR1 PIPE]) = 0
17:01:11.986012,1034,sigprocmask(SIG_BLOCK, [], [QUIT USR1 PIPE]) = 0
17:01:11.986607,1034,sigprocmask(SIG_BLOCK, [], [QUIT USR1 PIPE]) = 0
17:01:11.998257,1034,mprotect(0xb3d87000, 1380352, PROT_READ|PROT_WRITE) = 0
17:01:11.998846,1034,mprotect(0xb3ed8000, 40165376, PROT_NONE) = 0
17:01:12.023699,1034,clock_gettime(CLOCK_MONOTONIC, {113, 127984275}) = 0
17:01:12.024340,1034,getpriority(PRIO_PROCESS, 0) = 20
17:01:12.024887,1034,madvise(0xb23a6000, 3395130, MADV_NORMAL) = 0
17:01:12.049284,1034,madvise(0xb33a6000, 786432, MADV_DONTNEED) = 0
17:01:12.049934,1034,madvise(0xb23a6000, 16777216, MADV_DONTNEED) = 0
17:01:12.050480,1034,futex(0xb683d58c, FUTEX_WAKE_PRIVATE, 2147483647) = 0
17:01:12.051019,1034,clock_gettime(CLOCK_MONOTONIC, {113, 155245904}) = 0
17:01:12.051670,1034,futex(0xb8e337e8, FUTEX_WAKE_PRIVATE, 1 <unfinished ...>
17:01:12.051942,1041,<... futex resumed> ) = 0
17:01:12.052211,1041,futex(0xb8e337d8, FUTEX_WAIT_PRIVATE, 2, NULL <unfinished ...>
17:01:12.052486,1034,<... futex resumed> ) = 1
17:01:12.052833,1034,futex(0xb8e337d8, FUTEX_WAKE_PRIVATE, 1 <unfinished ...>
17:01:12.053096,1041,<... futex resumed> ) = 0
17:01:12.053363,1041,futex(0xb8e337d8, FUTEX_WAKE_PRIVATE, 1) = 0
17:01:12.053904,1041,futex(0xb8d3b718, FUTEX_WAIT_PRIVATE, 2, NULL <unfinished ...>
17:01:12.054175,1034,<... futex resumed> ) = 1
17:01:12.054454,1034,futex(0xb8d3b718, FUTEX_WAKE_PRIVATE, 1 <unfinished ...>
17:01:12.054788,1041,<... futex resumed> ) = 0
17:01:12.055062,1041,futex(0xb8d3b718, FUTEX_WAKE_PRIVATE, 1) = 0
17:01:12.055569,1041,futex(0xb8e4e2c0, FUTEX_WAKE_PRIVATE, 1) = 1
17:01:12.056056,1042,<... futex resumed> ) = 0
17:01:12.056437,1042,futex(0xb8e4e2b0, FUTEX_WAIT_PRIVATE, 2, NULL <unfinished ...>
17:01:12.056789,1034,<... futex resumed> ) = 1
17:01:12.057139,1034,clock_gettime(CLOCK_MONOTONIC, {113, 161380106}) = 0
17:01:12.057784,1034,writev(3, [{"\3", 1}, {"dalvikvm\0", 9}, {"GC_FOR_ALLOC freed 245K, 6% free"..., 70}], 3) = 80
17:01:12.059333,1034,mprotect(0xb3d87000, 1970176, PROT_READ|PROT_WRITE) = 0
17:01:12.060021,1034,mprotect(0xb3f68000, 39575552, PROT_NONE) = 0
17:01:12.065331,1034,futex(0xb8d349a8, FUTEX_WAKE_PRIVATE, 1 <unfinished ...>
17:01:12.065791,1035,<... futex resumed> ) = 0
17:01:12.066109,1035,futex(0xb683d5f4, FUTEX_WAIT_PRIVATE, 2, NULL <unfinished ...>
17:01:12.076947,1034,<... futex resumed> ) = 1
17:01:12.077208,1041,futex(0xb8e4e2b0, FUTEX_WAKE_PRIVATE, 1 <unfinished ...>
17:01:12.077614,1034,writev(3, [{"\4", 1}, {"dalvikvm-heap\0", 14}, {"Grow heap (frag case) to 9.744MB"..., 60}], 3 <unfinished ...>
17:01:12.078413,1041,<... futex resumed> ) = 1
17:01:12.078910,1042,<... futex resumed> ) = 0
17:01:12.079253,1041,futex(0xb8e337e8, FUTEX_WAIT_PRIVATE, -4, NULL <unfinished ...>
17:01:12.079639,1034,<... writev resumed> ) = 75
17:01:12.079944,1042,futex(0xb8e4e2b0, FUTEX_WAKE_PRIVATE, 1 <unfinished ...>
17:01:12.080266,1034,futex(0xb683d5f4, FUTEX_WAKE_PRIVATE, 1 <unfinished ...>
17:01:12.080551,1042,<... futex resumed> ) = 0
17:01:12.081255,1034,<... futex resumed> ) = 1
17:01:12.081615,1042,clock_gettime(CLOCK_MONOTONIC, <unfinished ...>
17:01:12.081901,1035,<... futex resumed> ) = 0
17:01:12.089529,1042,<... clock_gettime resumed> {113, 193443222}) = 0
17:01:12.090077,1035,clock_gettime(CLOCK_MONOTONIC, <unfinished ...>
17:01:12.096067,1034,futex(0xb683d5f4, FUTEX_WAIT_PRIVATE, 2, NULL <unfinished ...>
17:01:12.096435,1042,clock_gettime(CLOCK_MONOTONIC, <unfinished ...>
17:01:12.096842,1035,<... clock_gettime resumed> {113, 200740214}) = 0
17:01:12.097391,1042,<... clock_gettime resumed> {113, 201349272}) = 0
17:01:12.097959,1035,clock_gettime(CLOCK_MONOTONIC, <unfinished ...>
17:01:12.108896,1042,futex(0xb683d58c, FUTEX_WAIT_PRIVATE, -442, NULL <unfinished ...>
17:01:12.109145,1035,<... clock_gettime resumed> {113, 202920214}) = 0
17:01:12.109590,1035,clock_gettime(CLOCK_MONOTONIC, {113, 213891096}) = 0
17:01:12.110228,1035,nanosleep({0, 10000000}, 0xaf53fd88) = 0
17:01:12.122234,1035,madvise(0xb23a6000, 3405893, MADV_NORMAL) = 0
17:01:12.127240,1035,futex(0xb683d5f4, FUTEX_WAKE_PRIVATE, 1 <unfinished ...>
17:01:12.127640,1034,<... futex resumed> ) = 0
17:01:12.127990,1034,futex(0xb683d58c, FUTEX_WAIT_PRIVATE, -442, NULL <unfinished ...>
17:01:12.128269,1035,<... futex resumed> ) = 1
17:01:12.128555,1035,futex(0xb683d58c, FUTEX_WAKE_PRIVATE, 2147483647 <unfinished ...>
17:01:12.128900,1042,<... futex resumed> ) = 0
17:01:12.129164,1034,<... futex resumed> ) = 0
17:01:12.129441,1042,futex(0xb683d588, FUTEX_WAIT_PRIVATE, 2, NULL <unfinished ...>
17:01:12.129806,1034,futex(0xb683d588, FUTEX_WAIT_PRIVATE, 2, NULL <unfinished ...>
17:01:12.130168,1035,<... futex resumed> ) = 2
17:01:12.130454,1035,futex(0xb683d588, FUTEX_WAKE_PRIVATE, 1 <unfinished ...>
17:01:12.130785,1042,<... futex resumed> ) = 0
17:01:12.131064,1042,futex(0xb683d588, FUTEX_WAKE_PRIVATE, 1) = 1
17:01:12.131927,1034,<... futex resumed> ) = 0
17:01:12.132233,1042,clock_gettime(CLOCK_MONOTONIC, <unfinished ...>
17:01:12.132513,1034,futex(0xb683d588, FUTEX_WAKE_PRIVATE, 1 <unfinished ...>
17:01:12.132835,1042,<... clock_gettime resumed> {113, 236817052}) = 0
17:01:12.133182,1034,<... futex resumed> ) = 0
17:01:12.133534,1042,munmap(0xb0eb0000, 832 <unfinished ...>
17:01:12.133932,1034,clock_gettime(CLOCK_MONOTONIC, <unfinished ...>
17:01:12.134223,1042,<... munmap resumed> ) = 0
17:01:12.134510,1034,<... clock_gettime resumed> {113, 238460093}) = 0
17:01:12.135204,1042,clock_gettime(CLOCK_MONOTONIC, <unfinished ...>
17:01:12.135783,1034,futex(0xb683d5f4, FUTEX_WAKE_PRIVATE, 1 <unfinished ...>
17:01:12.136126,1042,<... clock_gettime resumed> {113, 240098565}) = 0
17:01:12.136477,1034,<... futex resumed> ) = 0
17:01:12.136858,1042,clock_gettime(CLOCK_MONOTONIC, <unfinished ...>
17:01:12.137154,1034,futex(0xb683d5f8, FUTEX_WAIT_PRIVATE, -218, NULL <unfinished ...>
17:01:12.137420,1042,<... clock_gettime resumed> {113, 241397736}) = 0
17:01:12.137851,1042,futex(0xb683d5f8, FUTEX_WAIT_PRIVATE, -218, NULL <unfinished ...>
17:01:12.138138,1035,<... futex resumed> ) = 1
17:01:12.138427,1035,clock_gettime(CLOCK_MONOTONIC, {113, 242691919}) = 0
17:01:12.158323,1035,clock_gettime(CLOCK_MONOTONIC, {113, 262676957}) = 0
17:01:12.162477,1035,futex(0xb683d58c, FUTEX_WAKE_PRIVATE, 2147483647) = 0
17:01:12.163250,1035,clock_gettime(CLOCK_MONOTONIC, {113, 267480894}) = 0
17:01:12.164895,1035,madvise(0xb3466000, 786432, MADV_DONTNEED) = 0
17:01:12.165474,1035,madvise(0xb23a6000, 16777216, MADV_DONTNEED) = 0
17:01:12.166072,1035,futex(0xb683d5f8, FUTEX_WAKE_PRIVATE, 2147483647 <unfinished ...>
17:01:12.176438,1034,<... futex resumed> ) = 0
17:01:12.176693,1042,<... futex resumed> ) = 0
17:01:12.176869,1035,<... futex resumed> ) = 2
17:01:12.177227,1034,futex(0xb683d5f4, FUTEX_WAIT_PRIVATE, 2, NULL <unfinished ...>
17:01:12.177532,1042,futex(0xb683d5f4, FUTEX_WAIT_PRIVATE, 2, NULL <unfinished ...>
17:01:12.177874,1035,clock_gettime(CLOCK_MONOTONIC, {113, 282162375}) = 0
17:01:12.178599,1035,writev(3, [{"\3", 1}, {"dalvikvm\0", 9}, {"GC_CONCURRENT freed <1K, 6% free"..., 75}], 3) = 85
17:01:12.179977,1035,futex(0xb683d5f4, FUTEX_WAKE_PRIVATE, 1) = 1
17:01:12.180487,1034,<... futex resumed> ) = 0
17:01:12.180845,1035,clock_gettime(CLOCK_MONOTONIC, <unfinished ...>
17:01:12.181146,1034,clock_gettime(CLOCK_MONOTONIC, <unfinished ...>
17:01:12.181413,1035,<... clock_gettime resumed> {113, 285383025}) = 0
17:01:12.181799,1034,<... clock_gettime resumed> {113, 285766673}) = 0
17:01:12.182171,1035,clock_gettime(CLOCK_MONOTONIC, <unfinished ...>
17:01:12.182502,1034,writev(3, [{"\3", 1}, {"dalvikvm\0", 9}, {"WAIT_FOR_CONCURRENT_GC blocked 4"..., 36}], 3 <unfinished ...>
17:01:12.183728,1035,<... clock_gettime resumed> {113, 287670856}) = 0
17:01:12.184305,1035,futex(0xb8d349a8, FUTEX_WAIT_PRIVATE, -4, {4, 997712169} <unfinished ...>
17:01:12.184711,1034,<... writev resumed> ) = 46
17:01:12.185075,1034,futex(0xb683d5f4, FUTEX_WAKE_PRIVATE, 1) = 1
17:01:12.185557,1042,<... futex resumed> ) = 0
17:01:12.186227,1034,munmap(0xb0eac000, 14880 <unfinished ...>
17:01:12.186542,1042,clock_gettime(CLOCK_MONOTONIC, <unfinished ...>
17:01:12.186916,1034,<... munmap resumed> ) = 0
17:01:12.199470,1042,<... clock_gettime resumed> {113, 291176564}) = 0
17:01:12.200063,1034,futex(0xb683d5f4, FUTEX_WAIT_PRIVATE, 2, NULL <unfinished ...>
17:01:12.200442,1042,writev(3, [{"\3", 1}, {"dalvikvm\0", 9}, {"WAIT_FOR_CONCURRENT_GC blocked 5"..., 36}], 3) = 46
17:01:12.201569,1042,futex(0xb683d5f4, FUTEX_WAKE_PRIVATE, 1) = 1
17:01:12.202114,1034,<... futex resumed> ) = 0
17:01:12.202432,1042,futex(0xb8e4e2c0, FUTEX_WAIT_PRIVATE, -4, NULL <unfinished ...>
17:01:12.202804,1034,futex(0xb683d5f4, FUTEX_WAKE_PRIVATE, 1) = 0
17:01:12.203422,1034,clock_gettime(CLOCK_MONOTONIC, {113, 307707052}) = 0
17:01:12.206047,1034,mmap2(NULL, 32768, PROT_READ|PROT_WRITE, MAP_PRIVATE|MAP_ANONYMOUS, -1, 0) = 0xb0ea9000
17:01:12.206689,1034,madvise(0xb0ea9000, 32768, 0xc /* MADV_??? */) = -1 EINVAL (Invalid argument)
17:01:12.207212,1034,mmap2(NULL, 1048576, PROT_READ|PROT_WRITE, MAP_PRIVATE|MAP_ANONYMOUS|MAP_NORESERVE, -1, 0) = 0xacb24000
17:01:12.228220,1034,madvise(0xacb24000, 1048576, 0xc /* MADV_??? */) = -1 EINVAL (Invalid argument)
17:01:12.228876,1034,mprotect(0xacb24000, 4096, PROT_NONE) = 0
17:01:12.229415,1034,clone(child_stack=0xacc23f00, flags=CLONE_VM|CLONE_FS|CLONE_FILES|CLONE_SIGHAND|CLONE_THREAD|CLONE_SYSVSEM|0x400000) = 1047
17:01:12.233750,1034,futex(0xb683d580, FUTEX_WAIT_PRIVATE, -342, NULL <unfinished ...>
17:01:12.234185,1047,set_tls(0xacc23f00, 0xb8e110c8, 0xacc23ffc, 0x40, 0xacc23f00) = 0
17:01:12.234755,1047,prctl(PR_SET_NAME, 0xacc23e8c, 0, 0, 0) = 0
17:01:12.235250,1047,gettid() = 1047
17:01:12.235769,1047,futex(0xb683d580, FUTEX_WAKE_PRIVATE, 2147483647 <unfinished ...>
17:01:12.236065,1034,<... futex resumed> ) = 0
17:01:12.246894,1047,<... futex resumed> ) = 1
17:01:12.247268,1034,futex(0xb683d57c, FUTEX_WAIT_PRIVATE, 2, NULL <unfinished ...>
17:01:12.247715,1047,futex(0xb683d57c, FUTEX_WAKE_PRIVATE, 1 <unfinished ...>
17:01:12.248002,1034,<... futex resumed> ) = -1 EAGAIN (Try again)
17:01:12.248263,1047,<... futex resumed> ) = 0
17:01:12.248569,1034,futex(0xb683d57c, FUTEX_WAKE_PRIVATE, 1 <unfinished ...>
17:01:12.248936,1047,futex(0xb683d580, FUTEX_WAIT_PRIVATE, -344, NULL <unfinished ...>
17:01:12.249218,1034,<... futex resumed> ) = 0
17:01:12.249540,1034,futex(0xb683d580, FUTEX_WAKE_PRIVATE, 2147483647) = 1
17:01:12.250073,1047,<... futex resumed> ) = 0
17:01:12.250834,1034,writev(5, [{"Fu\0\0", 4}, {"\2\32\0\0\0com.comiccc.SplashActivity\n", 32}], 2 <unfinished ...>
17:01:12.251926,1047,getpriority(PRIO_PROCESS, 1047 <unfinished ...>
17:01:12.252232,1034,<... writev resumed> ) = 36
17:01:12.252489,1047,<... getpriority resumed> ) = 20
17:01:12.254399,1034,mprotect(0xb15e0000, 8192, PROT_READ|PROT_WRITE <unfinished ...>
17:01:12.254856,1047,setpriority(PRIO_PROCESS, 1047, 0 <unfinished ...>
17:01:12.255182,1034,<... mprotect resumed> ) = 0
17:01:12.255471,1047,<... setpriority resumed> ) = 0
17:01:12.257015,1034,getpid( <unfinished ...>
17:01:12.268235,1047,gettid( <unfinished ...>
17:01:12.268464,1034,<... getpid resumed> ) = 1034
17:01:12.268954,1047,<... gettid resumed> ) = 1047
17:01:12.269423,1034,gettid( <unfinished ...>
17:01:12.269801,1047,write(25, "1047", 4 <unfinished ...>
17:01:12.270138,1034,<... gettid resumed> ) = 1034
17:01:12.270440,1047,<... write resumed> ) = 4
17:01:12.270828,1034,clock_gettime(CLOCK_MONOTONIC, {113, 375078559}) = 0
17:01:12.271422,1034,ioctl(9, 0xc0186201, 0xbed4e1f0) = 0
17:01:12.272154,1034,ioctl(9, 0xc0186201 <unfinished ...>
17:01:12.272473,1047,setpriority(PRIO_PROCESS, 1047, 10) = 0
17:01:12.274244,1047,mmap2(NULL, 32768, PROT_READ|PROT_WRITE, MAP_PRIVATE|MAP_ANONYMOUS, -1, 0) = 0xacc5c000
17:01:12.274934,1047,madvise(0xacc5c000, 32768, 0xc /* MADV_??? */) = -1 EINVAL (Invalid argument)
17:01:12.275432,1047,mmap2(NULL, 1048576, PROT_READ|PROT_WRITE, MAP_PRIVATE|MAP_ANONYMOUS|MAP_NORESERVE, -1, 0) = 0xaca24000
17:01:12.276027,1047,madvise(0xaca24000, 1048576, 0xc /* MADV_??? */) = -1 EINVAL (Invalid argument)
17:01:12.276502,1047,mprotect(0xaca24000, 4096, PROT_NONE) = 0
17:01:12.277096,1047,clone(child_stack=0xacb23f00, flags=CLONE_VM|CLONE_FS|CLONE_FILES|CLONE_SIGHAND|CLONE_THREAD|CLONE_SYSVSEM|0x400000) = 1048
17:01:12.279360,1047,futex(0xb683d580, FUTEX_WAIT_PRIVATE, -346, NULL <unfinished ...>
17:01:12.279973,1048,set_tls(0xacb23f00, 0xb8e11108, 0xacb23ffc, 0x40, 0xacb23f00) = 0
17:01:12.280490,1048,prctl(PR_SET_NAME, 0xacb23e8c, 0, 0, 0) = 0
17:01:12.281045,1048,gettid() = 1048
17:01:12.281536,1048,futex(0xb683d580, FUTEX_WAKE_PRIVATE, 2147483647) = 1
17:01:12.282041,1047,<... futex resumed> ) = 0
17:01:12.282326,1047,futex(0xb683d57c, FUTEX_WAIT_PRIVATE, 2, NULL <unfinished ...>
17:01:12.282676,1048,futex(0xb683d57c, FUTEX_WAKE_PRIVATE, 1) = 1
17:01:12.283122,1047,<... futex resumed> ) = 0
17:01:12.283408,1047,futex(0xb683d57c, FUTEX_WAKE_PRIVATE, 1) = 0
17:01:12.284051,1047,futex(0xb683d580, FUTEX_WAKE_PRIVATE, 2147483647) = 0
17:01:12.284822,1047,writev(3, [{"\5", 1}, {"dalvikvm\0", 9}, {"threadid=11: thread exiting with"..., 71}], 3 <unfinished ...>
17:01:12.287259,1034,<... ioctl resumed> , 0xbed4e1f0) = 0
17:01:12.287877,1034,clock_gettime(CLOCK_MONOTONIC, {113, 392125477}) = 0
17:01:12.289845,1034,getpid() = 1034
17:01:12.290363,1034,gettid() = 1034
17:01:12.290970,1034,clock_gettime(CLOCK_MONOTONIC, {113, 395212484}) = 0
17:01:12.291585,1034,ioctl(9, 0xc0186201, 0xbed4e1f0) = 0
17:01:12.293851,1034,ioctl(9, 0xc0186201, 0xbed4e1f0) = 0
17:01:12.295316,1034,clock_gettime(CLOCK_MONOTONIC, {113, 399694884}) = 0
17:01:12.296833,1034,getpid() = 1034
17:01:12.297351,1034,gettid() = 1034
17:01:12.297860,1034,clock_gettime(CLOCK_MONOTONIC, {113, 402100347}) = 0
17:01:12.298438,1034,ioctl(9, 0xc0186201, 0xbed4e1f0) = 0
17:01:12.299213,1034,ioctl(9, 0xc0186201 <unfinished ...>
17:01:12.299515,1047,<... writev resumed> ) = 81
17:01:12.304710,1047,writev(6, [{"\6", 1}, {"AndroidRuntime\0", 15}, {"FATAL EXCEPTION: AsyncTask #1\nja"..., 997}], 3) = 1013
17:01:12.314214,1047,gettid() = 1047
17:01:12.314949,1047,getpid() = 1034
17:01:12.316138,1047,getuid32() = 10050
17:01:12.317161,1047,getpid() = 1034
17:01:12.317638,1047,gettid() = 1047
17:01:12.318102,1047,ioctl(9, 0xc0186201, 0xacc238e8) = 0
17:01:12.320225,1047,ioctl(9, 0xc0186201 <unfinished ...>
17:01:12.320538,1048,futex(0xb683d580, FUTEX_WAIT_PRIVATE, -348, NULL) = -1 EAGAIN (Try again)
17:01:12.321055,1048,getpriority(PRIO_PROCESS, 1048) = 10
17:01:12.321551,1048,gettid() = 1048
17:01:12.322038,1048,write(24, "1048", 4) = 4
17:01:12.324674,1048,setpriority(PRIO_PROCESS, 1048, 0) = 0
17:01:12.338661,1048,futex(0xb8e45e08, FUTEX_WAIT_PRIVATE, 0, NULL <unfinished ...>
17:01:12.359937,1034,<... ioctl resumed> , 0xbed4e1f0) = 0
17:01:12.360301,1034,clock_gettime(CLOCK_MONOTONIC, {113, 464579880}) = 0
17:01:12.363467,1034,mprotect(0xb15e1000, 8192, PROT_READ|PROT_WRITE) = 0
17:01:12.364606,1034,ioctl(9, 0xc0186201, 0xbed4e150) = 0
17:01:12.366050,1034,ioctl(9, 0xc0186201, 0xbed4e150) = 0
17:01:12.397236,1034,ioctl(9, 0xc0186201, 0xbed4e158) = 0
17:01:12.398970,1034,dup(36) = 37
17:01:12.399530,1034,setsockopt(37, SOL_SOCKET, SO_SNDBUF, [4096], 4) = 0
17:01:12.400776,1034,setsockopt(37, SOL_SOCKET, SO_RCVBUF, [4096], 4) = 0
17:01:12.401307,1034,fcntl64(37, F_SETFL, O_RDONLY|O_NONBLOCK) = 0
17:01:12.401862,1034,close(36) = 0
17:01:12.402369,1034,epoll_ctl(0x1e, 0x1, 0x25, 0xbed4e2a8) = 0
17:01:12.403774,1034,getpid() = 1034
17:01:12.404366,1034,gettid() = 1034
17:01:12.404903,1034,clock_gettime(CLOCK_MONOTONIC, {113, 509136625}) = 0
17:01:12.405457,1034,ioctl(9, 0xc0186201, 0xbed4e1f0) = 0
17:01:12.406215,1034,clock_gettime(CLOCK_MONOTONIC, {113, 510448562}) = 0
17:01:12.420065,1034,getpid() = 1034
17:01:12.420814,1034,gettid() = 1034
17:01:12.421291,1034,clock_gettime(CLOCK_MONOTONIC, {113, 525523169}) = 0
17:01:12.421881,1034,ioctl(9, 0xc0186201, 0xbed4e1f0) = 0
17:01:12.422948,1034,clock_gettime(CLOCK_MONOTONIC, {113, 527182161}) = 0
17:01:12.424135,1034,clock_gettime(CLOCK_MONOTONIC, {113, 528378180}) = 0
17:01:12.424798,1034,clock_gettime(CLOCK_MONOTONIC, {113, 529037664}) = 0
17:01:12.425623,1034,recvfrom(37, 0xbed4d9a8, 24, 64, 0, 0) = -1 EAGAIN (Try again)
17:01:12.426309,1034,ioctl(9, 0xc0186201, 0xbed4e178) = 0
17:01:12.427547,1034,clock_gettime(CLOCK_MONOTONIC, {113, 531826171}) = 0
17:01:12.429674,1034,getpid() = 1034
17:01:12.430219,1034,gettid() = 1034
17:01:12.431012,1034,clock_gettime(CLOCK_MONOTONIC, {113, 535245504}) = 0
17:01:12.431560,1034,ioctl(9, 0xc0186201, 0xbed4e1f0) = 0
17:01:12.437194,1034,ioctl(9, 0xc0186201, 0xbed4e1f0) = 0
17:01:12.450392,1034,clock_gettime(CLOCK_MONOTONIC, {113, 554671875}) = 0
17:01:12.451407,1034,dup(36) = 38
17:01:12.451989,1034,fcntl64(38, F_SETFL, O_RDONLY|O_NONBLOCK) = 0
17:01:12.452608,1034,close(36) = 0
17:01:12.453808,1034,epoll_ctl(0x1e, 0x1, 0x26, 0xbed4e288) = 0
17:01:12.454731,1034,getpid() = 1034
17:01:12.455222,1034,getuid32() = 10050
17:01:12.455881,1034,epoll_wait(0x1e, 0xbed4e1f8, 0x10, 0) = 1
17:01:12.456385,1034,recvfrom(37, "nysv\0\0\0\0ìR#o\32\0\0\0Ã\3\0\0\224\222j·", 24, MSG_DONTWAIT, NULL, NULL) = 24
17:01:12.468180,1034,recvfrom(37, 0xbed4d828, 24, 64, 0, 0) = -1 EAGAIN (Try again)
17:01:12.470430,1034,clock_gettime(CLOCK_MONOTONIC, {113, 574732938}) = 0
17:01:12.471191,1034,clock_gettime(CLOCK_MONOTONIC, {113, 576451969}) = 0
17:01:12.472909,1034,clock_gettime(CLOCK_MONOTONIC, {113, 577149176}) = 0
17:01:12.473520,1034,clock_gettime(CLOCK_MONOTONIC, {113, 577805973}) = 0
17:01:12.474258,1034,recvfrom(38, 0xb8e4d910, 1240, 64, 0, 0) = -1 EAGAIN (Try again)
17:01:12.474864,1034,clock_gettime(CLOCK_MONOTONIC, {113, 579110456}) = 0
17:01:12.475507,1034,clock_gettime(CLOCK_MONOTONIC, {113, 579779278}) = 0
17:01:12.476141,1034,write(29, "W", 1) = 1
17:01:12.481413,1034,brk(0xb8e83000) = 0xb8e83000
17:01:12.484489,1034,open("/system/fonts/DroidNaskh-Regular-SystemUI.ttf", O_RDONLY) = 36
17:01:12.485963,1045,<... ioctl resumed> , 0xace7ce28) = 0
17:01:12.486255,1045,write(24, "1045", 4) = 4
17:01:12.486856,1045,getpriority(PRIO_PROCESS, 1045) = 20
17:01:12.487868,1034,lseek(36, 0, SEEK_END) = 158148
17:01:12.496808,1034,lseek(36, 0, SEEK_SET) = 0
17:01:12.497797,1034,mmap2(NULL, 158148, PROT_READ, MAP_SHARED, 36, 0) = 0xac9fd000
17:01:12.498361,1034,close(36) = 0
17:01:12.500451,1045,clock_gettime(CLOCK_MONOTONIC, {113, 604738740}) = 0
17:01:12.501120,1045,write(24, "1045", 4) = 4
17:01:12.501687,1045,ioctl(9, 0xc0186201 <unfinished ...>
17:01:12.502366,1034,sigprocmask(SIG_BLOCK, [], [QUIT USR1 PIPE]) = 0
17:01:12.503195,1034,sigprocmask(SIG_BLOCK, [], [QUIT USR1 PIPE]) = 0
17:01:12.504114,1034,open("/system/fonts/DroidSansEthiopic-Regular.ttf", O_RDONLY) = 36
17:01:12.504966,1034,lseek(36, 0, SEEK_END) = 227928
17:01:12.505533,1034,lseek(36, 0, SEEK_SET) = 0
17:01:12.506048,1034,mmap2(NULL, 227928, PROT_READ, MAP_SHARED, 36, 0) = 0xac9c5000
17:01:12.506566,1034,close(36) = 0
17:01:12.507352,1034,sigprocmask(SIG_BLOCK, [], <unfinished ...>
17:01:12.517007,1047,<... ioctl resumed> , 0xacc238e8) = 0
17:01:12.517257,1034,<... sigprocmask resumed> [QUIT USR1 PIPE]) = 0
17:01:12.517991,1034,open("/system/fonts/DroidSansHebrew-Regular.ttf", O_RDONLY) = 36
17:01:12.518831,1034,lseek(36, 0, SEEK_END) = 30024
17:01:12.519318,1034,lseek(36, 0, SEEK_SET) = 0
17:01:12.519891,1034,mmap2(NULL, 30024, PROT_READ, MAP_SHARED, 36, 0) = 0xacc54000
17:01:12.520458,1034,close(36) = 0
17:01:12.521335,1034,sigprocmask(SIG_BLOCK, [], [QUIT USR1 PIPE]) = 0
17:01:12.522142,1034,open("/system/fonts/DroidSansThai.ttf", O_RDONLY) = 36
17:01:12.523861,1034,lseek(36, 0, SEEK_END) = 35584
17:01:12.524909,1034,lseek(36, 0, SEEK_SET) = 0
17:01:12.525433,1034,mmap2(NULL, 35584, PROT_READ, MAP_SHARED, 36, 0) = 0xac9bc000
17:01:12.526057,1034,close(36) = 0
17:01:12.536685,1047,getpid( <unfinished ...>
17:01:12.536928,1034,sigprocmask(SIG_BLOCK, [], [QUIT USR1 PIPE]) = 0
17:01:12.537526,1034,sigprocmask(SIG_BLOCK, [], [QUIT USR1 PIPE]) = 0
17:01:12.538169,1034,sigprocmask(SIG_BLOCK, [], [QUIT USR1 PIPE]) = 0
17:01:12.539111,1034,open("/system/fonts/DroidSansArmenian.ttf", O_RDONLY) = 36
17:01:12.539956,1034,lseek(36, 0, SEEK_END) = 13856
17:01:12.540458,1034,lseek(36, 0, SEEK_SET) = 0
17:01:12.541004,1034,mmap2(NULL, 13856, PROT_READ, MAP_SHARED, 36, 0) = 0xac9b8000
17:01:12.541649,1034,close(36) = 0
17:01:12.542486,1034,sigprocmask(SIG_BLOCK, [], [QUIT USR1 PIPE]) = 0
17:01:12.543294,1034,open("/system/fonts/DroidSansGeorgian.ttf", O_RDONLY) = 36
17:01:12.544112,1034,lseek(36, 0, SEEK_END) = 21096
17:01:12.544670,1034,lseek(36, 0, SEEK_SET) = 0
17:01:12.545142,1034,mmap2(NULL, 21096, PROT_READ, MAP_SHARED, 36, 0) = 0xac9b2000
17:01:12.545751,1034,close(36) = 0
17:01:12.546535,1034,sigprocmask(SIG_BLOCK, [], <unfinished ...>
17:01:12.559272,1047,<... getpid resumed> ) = 1034
17:01:12.559674,1034,<... sigprocmask resumed> [QUIT USR1 PIPE]) = 0
17:01:12.560203,1034,open("/system/fonts/DroidSansDevanagari-Regular.ttf", O_RDONLY) = 36
17:01:12.561097,1034,lseek(36, 0, SEEK_END) = 123372
17:01:12.561672,1034,lseek(36, 0, SEEK_SET) = 0
17:01:12.562438,1034,mmap2(NULL, 123372, PROT_READ, MAP_SHARED, 36, 0) = 0xac993000
17:01:12.563070,1034,close(36) = 0
17:01:12.564181,1034,sigprocmask(SIG_BLOCK, [], [QUIT USR1 PIPE]) = 0
17:01:12.565277,1034,sigprocmask(SIG_BLOCK, [], [QUIT USR1 PIPE]) = 0
17:01:12.566083,1034,sigprocmask(SIG_BLOCK, [], <unfinished ...>
17:01:12.576673,1047,writev(3, [{"\4", 1}, {"Process\0", 8}, {"Sending signal. PID: 1034 SIG: 9"..., 33}], 3 <unfinished ...>
17:01:12.577313,1034,<... sigprocmask resumed> [QUIT USR1 PIPE]) = 0
17:01:12.577858,1034,open("/system/fonts/DroidSansTamil-Regular.ttf", O_RDONLY) = 36
17:01:12.578767,1034,lseek(36, 0, SEEK_END) = 36308
17:01:12.579307,1034,lseek(36, 0, SEEK_SET) = 0
17:01:12.579900,1034,mmap2(NULL, 36308, PROT_READ, MAP_SHARED, 36, 0) = 0xac98a000
17:01:12.580442,1034,close(36) = 0
17:01:12.581229,1034,sigprocmask(SIG_BLOCK, [], [QUIT USR1 PIPE]) = 0
17:01:12.582175,1034,open("/system/fonts/AnjaliNewLipi-light.ttf", O_RDONLY) = 36
17:01:12.583406,1034,lseek(36, 0, SEEK_END) = 47408
17:01:12.584114,1034,lseek(36, 0, SEEK_SET) = 0
17:01:12.584770,1034,mmap2(NULL, 47408, PROT_READ, MAP_SHARED, 36, 0) = 0xac97e000
17:01:12.585427,1034,close(36) = 0
17:01:12.586177,1034,sigprocmask(SIG_BLOCK, [], <unfinished ...>
17:01:12.596872,1047,<... writev resumed> ) = 42
17:01:12.597177,1034,<... sigprocmask resumed> [QUIT USR1 PIPE]) = 0
17:01:12.597561,1034,sigprocmask(SIG_BLOCK, [], [QUIT USR1 PIPE]) = 0
17:01:12.598170,1034,sigprocmask(SIG_BLOCK, [], [QUIT USR1 PIPE]) = 0
17:01:12.598877,1034,open("/system/fonts/Lohit-Bengali.ttf", O_RDONLY) = 36
17:01:12.599668,1034,lseek(36, 0, SEEK_END) = 139296
17:01:12.600200,1034,lseek(36, 0, SEEK_SET) = 0
17:01:12.600713,1034,mmap2(NULL, 139296, PROT_READ, MAP_SHARED, 36, 0) = 0xac95b000
17:01:12.601291,1034,close(36) = 0
17:01:12.602104,1034,sigprocmask(SIG_BLOCK, [], [QUIT USR1 PIPE]) = 0
17:01:12.602750,1034,sigprocmask(SIG_BLOCK, [], [QUIT USR1 PIPE]) = 0
17:01:12.603400,1034,sigprocmask(SIG_BLOCK, [], [QUIT USR1 PIPE]) = 0
17:01:12.604152,1034,open("/system/fonts/Lohit-Kannada.ttf", O_RDONLY) = 36
17:01:12.605032,1034,lseek(36, 0, SEEK_END) = 197028
17:01:12.605892,1034,lseek(36, 0, SEEK_SET) = 0
17:01:12.617169,1034,mmap2(NULL, 197028, PROT_READ, MAP_SHARED, 36, 0 <unfinished ...>
17:01:12.617461,1047,kill(1034, SIGKILL <unfinished ...>
17:01:12.617977,1034,<... mmap2 resumed> ) = 0xac92a000
17:01:12.618308,1034,close(36) = 0
17:01:12.619139,1034,sigprocmask(SIG_BLOCK, [], [QUIT USR1 PIPE]) = 0
17:01:12.619885,1034,sigprocmask(SIG_BLOCK, [], [QUIT USR1 PIPE]) = 0
17:01:12.620484,1034,sigprocmask(SIG_BLOCK, [], [QUIT USR1 PIPE]) = 0
17:01:12.621229,1034,open("/system/fonts/Lohit-Telugu.ttf", O_RDONLY) = 36
17:01:12.622002,1034,lseek(36, 0, SEEK_END) = 174276
17:01:12.622509,1034,lseek(36, 0, SEEK_SET) = 0
17:01:12.623385,1034,mmap2(NULL, 174276, PROT_READ, MAP_SHARED, 36, 0) = 0xac8ff000
17:01:12.623946,1034,close(36) = 0
17:01:12.624789,1034,sigprocmask(SIG_BLOCK, [], [QUIT USR1 PIPE]) = 0
17:01:12.625394,1034,sigprocmask(SIG_BLOCK, [], [QUIT USR1 PIPE]) = 0
17:01:12.626046,1034,sigprocmask(SIG_BLOCK, [], [QUIT USR1 PIPE]) = 0
17:01:12.636690,1048,+++ killed by SIGKILL +++
17:01:12.638397,1046,+++ killed by SIGKILL +++
17:01:12.638746,1045,+++ killed by SIGKILL +++
17:01:12.639002,1044,+++ killed by SIGKILL +++
17:01:12.639252,1043,+++ killed by SIGKILL +++
17:01:12.641729,1042,+++ killed by SIGKILL +++
17:01:12.642067,1041,+++ killed by SIGKILL +++
17:01:12.642326,1040,+++ killed by SIGKILL +++
17:01:12.642603,1039,+++ killed by SIGKILL +++
17:01:12.644492,1035,+++ killed by SIGKILL +++
17:01:12.651712,1047,+++ killed by SIGKILL +++
17:01:12.652037,1034,+++ killed by SIGKILL +++
17:01:12.652732,61,<... select resumed> ) = ? ERESTARTNOHAND (To be restarted)
17:01:12.653691,61,--- {si_signo=SIGCHLD, si_code=CLD_KILLED, si_pid=1034, si_status=SIGKILL, si_utime=30, si_stime=21} (Child exited) ---
17:01:12.654026,61,wait4(-1, [{WIFSIGNALED(s) && WTERMSIG(s) == SIGKILL}], WNOHANG, NULL) = 1034
17:01:12.654742,61,wait4(-1, 0xbed4e2dc, WNOHANG, NULL) = 0
17:01:12.655168,61,sigreturn() = ? (mask now [INT FPE KILL PIPE TERM STKFLT CHLD XCPU VTALRM PROF IO PWR RTMIN])
17:01:12.657939,61,select(24, [9 23], NULL, NULL, NULL) = ? ERESTARTNOHAND (To be restarted)
17:01:40.225135,61,--- {si_signo=SIGCHLD, si_code=CLD_KILLED, si_pid=714, si_status=SIGKILL, si_utime=32, si_stime=24} (Child exited) ---
17:01:40.225529,61,wait4(-1, [{WIFSIGNALED(s) && WTERMSIG(s) == SIGKILL}], WNOHANG, NULL) = 714
17:01:40.226140,61,wait4(-1, 0xbed4e2dc, WNOHANG, NULL) = 0
17:01:40.226624,61,sigreturn() = ? (mask now [INT FPE KILL PIPE TERM STKFLT CHLD XCPU VTALRM PROF IO PWR RTMIN])
17:01:40.229871,61,select(24, [9 23], NULL, NULL, NULL