22:49:03.884987,991,futex(0xb84aaf00, FUTEX_WAIT_PRIVATE, 0, NULL <unfinished ...>
22:49:03.987472,990,futex(0xb84a2bc8, FUTEX_WAIT_PRIVATE, 0, NULL <unfinished ...>
22:49:03.988043,989,futex(0xb84a7818, FUTEX_WAIT_PRIVATE, 0, NULL <unfinished ...>
22:49:03.988293,59,select(24, [9 23], NULL, NULL, NULL) = 1 (in [23])
22:49:07.553604,59,ioctl(23, FIONREAD, [162]) = 0
22:49:07.554765,59,recvmsg(23, {msg_name(0)=NULL, msg_iov(1)=[{"7\n--runtime-init\n--setuid=10050\n"..., 4217}], msg_controllen=0, msg_flags=0}, MSG_NOSIGNAL) = 162
22:49:07.556991,59,ioctl(23, FIONREAD, [0]) = 0
22:49:07.574880,59,futex(0xb84a7818, FUTEX_WAKE_PRIVATE, 1 <unfinished ...>
22:49:07.575317,989,<... futex resumed> ) = 0
22:49:07.576421,989,futex(0xb84a7808, FUTEX_WAIT_PRIVATE, 2, NULL <unfinished ...>
22:49:07.576772,59,<... futex resumed> ) = 1
22:49:07.577055,59,futex(0xb84a7808, FUTEX_WAKE_PRIVATE, 1 <unfinished ...>
22:49:07.582002,989,<... futex resumed> ) = 0
22:49:07.586957,989,futex(0xb84a7808, FUTEX_WAKE_PRIVATE, 1) = 0
22:49:07.587973,989,futex(0xb681457c, FUTEX_WAIT_PRIVATE, 2, NULL <unfinished ...>
22:49:07.588284,59,<... futex resumed> ) = 1
22:49:07.588594,59,futex(0xb681457c, FUTEX_WAKE_PRIVATE, 1 <unfinished ...>
22:49:07.588872,989,<... futex resumed> ) = 0
22:49:07.589168,989,futex(0xb681457c, FUTEX_WAKE_PRIVATE, 1) = 0
22:49:07.589613,989,munmap(0xb0e80000, 32768) = 0
22:49:07.590151,989,sigprocmask(SIG_SETMASK, ~[SEGV], NULL) = 0
22:49:07.591241,989,munmap(0xaf417000, 1048576) = 0
22:49:07.591868,989,exit(0) = ?
22:49:07.597696,59,<... futex resumed> ) = 1
22:49:07.598029,59,futex(0xb84a2bc8, FUTEX_WAKE_PRIVATE, 1 <unfinished ...>
22:49:07.598284,990,<... futex resumed> ) = 0
22:49:07.598606,990,futex(0xb84a2bb8, FUTEX_WAIT_PRIVATE, 2, NULL <unfinished ...>
22:49:07.598824,59,<... futex resumed> ) = 1
22:49:07.599079,59,futex(0xb84a2bb8, FUTEX_WAKE_PRIVATE, 1 <unfinished ...>
22:49:07.599359,990,<... futex resumed> ) = 0
22:49:07.599686,990,futex(0xb84a2bb8, FUTEX_WAKE_PRIVATE, 1) = 0
22:49:07.600271,990,futex(0xb681457c, FUTEX_WAIT_PRIVATE, 2, NULL <unfinished ...>
22:49:07.600607,59,<... futex resumed> ) = 1
22:49:07.600851,59,futex(0xb681457c, FUTEX_WAKE_PRIVATE, 1 <unfinished ...>
22:49:07.601131,990,<... futex resumed> ) = 0
22:49:07.601381,990,futex(0xb681457c, FUTEX_WAKE_PRIVATE, 1) = 0
22:49:07.601836,990,munmap(0xaf40f000, 32768) = 0
22:49:07.602282,990,sigprocmask(SIG_SETMASK, ~[SEGV], NULL) = 0
22:49:07.602758,990,munmap(0xaf30f000, 1048576) = 0
22:49:07.603219,990,exit(0) = ?
22:49:07.604256,59,<... futex resumed> ) = 1
22:49:07.604642,59,futex(0xb84aaf00, FUTEX_WAKE_PRIVATE, 1 <unfinished ...>
22:49:07.604906,991,<... futex resumed> ) = 0
22:49:07.605153,991,futex(0xb84aaef0, FUTEX_WAIT_PRIVATE, 2, NULL <unfinished ...>
22:49:07.605372,59,<... futex resumed> ) = 1
22:49:07.605690,59,futex(0xb84aaef0, FUTEX_WAKE_PRIVATE, 1 <unfinished ...>
22:49:07.605968,991,<... futex resumed> ) = 0
22:49:07.606216,991,futex(0xb84aaef0, FUTEX_WAKE_PRIVATE, 1) = 0
22:49:07.606836,991,futex(0xb681457c, FUTEX_WAIT_PRIVATE, 2, NULL <unfinished ...>
22:49:07.607074,59,<... futex resumed> ) = 1
22:49:07.607326,59,futex(0xb681457c, FUTEX_WAKE_PRIVATE, 1 <unfinished ...>
22:49:07.612246,991,<... futex resumed> ) = 0
22:49:07.614380,991,futex(0xb681457c, FUTEX_WAKE_PRIVATE, 1) = 0
22:49:07.616278,991,munmap(0xaf307000, 32768) = 0
22:49:07.620066,991,sigprocmask(SIG_SETMASK, ~[SEGV], NULL) = 0
22:49:07.620723,991,munmap(0xaf207000, 1048576) = 0
22:49:07.621280,991,exit(0) = ?
22:49:07.624925,59,<... futex resumed> ) = 1
22:49:07.626444,59,open("/proc/self/task", O_RDONLY|O_DIRECTORY) = 24
22:49:07.637399,59,getdents64(24, /* 3 entries */, 4200) = 72
22:49:07.638544,59,getdents64(24, /* 0 entries */, 4200) = 0
22:49:07.638986,59,close(24) = 0
22:49:07.639647,59,sigaction(SIGCHLD, {0xb67cc3dd, [], 0}, NULL, 0) = 0
22:49:07.640352,59,fork( <unfinished ...>
22:49:07.654101,1025,gettid() = 1025
22:49:07.654821,1025,getuid32() = 0
22:49:07.656787,1025,open("/acct/uid/0/tasks", O_RDWR|O_CREAT, 0666) = 24
22:49:07.657833,1025,write(24, "0", 1) = 1
22:49:07.658545,1025,close(24) = 0
22:49:07.659421,1025,prctl(PR_SET_KEEPCAPS, 1) = 0
22:49:07.660165,1025,setgroups32(2, [3003, 1028]) = 0
22:49:07.661227,1025,setgid32(10050) = 0
22:49:07.661901,1025,open("/acct/uid/10050/tasks", O_RDWR|O_CREAT, 0666) = 24
22:49:07.662640,1025,write(24, "0", 1) = 1
22:49:07.663152,1025,close(24) = 0
22:49:07.663720,1025,setuid32(10050) = 0
22:49:07.664604,1025,personality(0xffffffff /* PER_??? */) = 8388608
22:49:07.665162,1025,personality(0x840000 /* PER_??? */) = 8388608
22:49:07.666093,1025,capset(0xbec25794, 0xbec257a4) = 0
22:49:07.677849,1025,gettid() = 1025
22:49:07.678417,1025,access("/dev/cpuctl/tasks", F_OK) = 0
22:49:07.679155,1025,open("/dev/cpuctl/apps/tasks", O_WRONLY) = 24
22:49:07.679913,1025,open("/dev/cpuctl/apps/bg_non_interactive/tasks", O_WRONLY) = 25
22:49:07.680624,1025,futex(0xb6e6929c, FUTEX_WAKE_PRIVATE, 2147483647) = 0
22:49:07.681046,1025,write(24, "1025", 4) = 4
22:49:07.681582,59,<... fork resumed> ) = 1025
22:49:07.683700,59,mmap2(NULL, 32768, PROT_READ|PROT_WRITE, MAP_PRIVATE|MAP_ANONYMOUS, -1, 0) = 0xb0e80000
22:49:07.684387,59,madvise(0xb0e80000, 32768, 0xc /* MADV_??? */) = -1 EINVAL (Invalid argument)
22:49:07.685274,59,mmap2(NULL, 1048576, PROT_READ|PROT_WRITE, MAP_PRIVATE|MAP_ANONYMOUS|MAP_NORESERVE, -1, 0) = 0xaf417000
22:49:07.685759,59,madvise(0xaf417000, 1048576, 0xc /* MADV_??? */) = -1 EINVAL (Invalid argument)
22:49:07.686157,59,mprotect(0xaf417000, 4096, PROT_NONE) = 0
22:49:07.686690,59,clone(child_stack=0xaf516f00, flags=CLONE_VM|CLONE_FS|CLONE_FILES|CLONE_SIGHAND|CLONE_THREAD|CLONE_SYSVSEM|0x400000) = 1026
22:49:07.688759,59,futex(0xb6814580, FUTEX_WAIT_PRIVATE, -324, NULL <unfinished ...>
22:49:07.689215,1026,set_tls(0xaf516f00, 0xb8461bd8, 0xaf516ffc, 0x40, 0xaf516f00) = 0
22:49:07.690390,1026,prctl(PR_SET_NAME, 0xaf516e8c, 0, 0, 0) = 0
22:49:07.690937,1026,gettid() = 1026
22:49:07.691739,1026,futex(0xb6814580, FUTEX_WAKE_PRIVATE, 2147483647 <unfinished ...>
22:49:07.692000,59,<... futex resumed> ) = 0
22:49:07.692234,59,futex(0xb681457c, FUTEX_WAIT_PRIVATE, 2, NULL <unfinished ...>
22:49:07.692598,1026,<... futex resumed> ) = 1
22:49:07.692847,1026,futex(0xb681457c, FUTEX_WAKE_PRIVATE, 1 <unfinished ...>
22:49:07.693085,59,<... futex resumed> ) = 0
22:49:07.693521,59,futex(0xb681457c, FUTEX_WAKE_PRIVATE, 1) = 0
22:49:07.693990,59,futex(0xb6814580, FUTEX_WAKE_PRIVATE, 2147483647) = 0
22:49:07.694704,59,mmap2(NULL, 32768, PROT_READ|PROT_WRITE, MAP_PRIVATE|MAP_ANONYMOUS, -1, 0) = 0xaf40f000
22:49:07.695126,59,madvise(0xaf40f000, 32768, 0xc /* MADV_??? */) = -1 EINVAL (Invalid argument)
22:49:07.695711,59,mmap2(NULL, 1048576, PROT_READ|PROT_WRITE, MAP_PRIVATE|MAP_ANONYMOUS|MAP_NORESERVE, -1, 0) = 0xaf30f000
22:49:07.696177,59,madvise(0xaf30f000, 1048576, 0xc /* MADV_??? */) = -1 EINVAL (Invalid argument)
22:49:07.696643,59,mprotect(0xaf30f000, 4096, PROT_NONE) = 0
22:49:07.697061,59,clone(child_stack=0xaf40ef00, flags=CLONE_VM|CLONE_FS|CLONE_FILES|CLONE_SIGHAND|CLONE_THREAD|CLONE_SYSVSEM|0x400000) = 1027
22:49:07.697878,59,futex(0xb6814580, FUTEX_WAIT_PRIVATE, -328, NULL <unfinished ...>
22:49:07.698385,1027,set_tls(0xaf40ef00, 0xb8390548, 0xaf40effc, 0x40, 0xaf40ef00) = 0
22:49:07.699229,1027,prctl(PR_SET_NAME, 0xaf40ee8c, 0, 0, 0) = 0
22:49:07.704796,1027,gettid() = 1027
22:49:07.707437,1027,futex(0xb6814580, FUTEX_WAKE_PRIVATE, 2147483647) = 1
22:49:07.707951,1027,futex(0xb6814580, FUTEX_WAIT_PRIVATE, -330, NULL <unfinished ...>
22:49:07.708177,1026,<... futex resumed> ) = 1
22:49:07.708422,1026,futex(0xb6814580, FUTEX_WAIT_PRIVATE, -326, NULL) = -1 EAGAIN (Try again)
22:49:07.708929,1026,getpriority(PRIO_PROCESS, 1026) = 20
22:49:07.709370,1026,setpriority(PRIO_PROCESS, 1026, 0) = 0
22:49:07.709942,1026,futex(0xb84a7818, FUTEX_WAIT_PRIVATE, 0, NULL <unfinished ...>
22:49:07.710219,1025,gettid( <unfinished ...>
22:49:07.710437,59,<... futex resumed> ) = 0
22:49:07.710739,59,futex(0xb6814580, FUTEX_WAKE_PRIVATE, 2147483647 <unfinished ...>
22:49:07.710999,1027,<... futex resumed> ) = 0
22:49:07.711243,1027,futex(0xb681457c, FUTEX_WAIT_PRIVATE, 2, NULL <unfinished ...>
22:49:07.711467,59,<... futex resumed> ) = 1
22:49:07.711824,59,futex(0xb681457c, FUTEX_WAKE_PRIVATE, 1 <unfinished ...>
22:49:07.712070,1027,<... futex resumed> ) = 0
22:49:07.712314,1027,futex(0xb681457c, FUTEX_WAKE_PRIVATE, 1) = 0
22:49:07.712753,1027,getpriority(PRIO_PROCESS, 1027) = 20
22:49:07.713140,1027,setpriority(PRIO_PROCESS, 1027, 0) = 0
22:49:07.713662,1027,sched_yield() = 0
22:49:07.714054,1027,nanosleep({0, 1000000}, <unfinished ...>
22:49:07.714487,59,<... futex resumed> ) = 1
22:49:07.714972,59,mmap2(NULL, 32768, PROT_READ|PROT_WRITE, MAP_PRIVATE|MAP_ANONYMOUS, -1, 0) = 0xaf307000
22:49:07.715606,59,madvise(0xaf307000, 32768, 0xc /* MADV_??? */) = -1 EINVAL (Invalid argument)
22:49:07.716074,59,mmap2(NULL, 1048576, PROT_READ|PROT_WRITE, MAP_PRIVATE|MAP_ANONYMOUS|MAP_NORESERVE, -1, 0) = 0xaf207000
22:49:07.716563,59,madvise(0xaf207000, 1048576, 0xc /* MADV_??? */ <unfinished ...>
22:49:07.718676,1027,<... nanosleep resumed> NULL) = 0
22:49:07.718949,59,<... madvise resumed> ) = -1 EINVAL (Invalid argument)
22:49:07.719308,59,mprotect(0xaf207000, 4096, PROT_NONE) = 0
22:49:07.719860,59,clone(child_stack=0xaf306f00, flags=CLONE_VM|CLONE_FS|CLONE_FILES|CLONE_SIGHAND|CLONE_THREAD|CLONE_SYSVSEM|0x400000) = 1028
22:49:07.721676,59,futex(0xb6814580, FUTEX_WAIT_PRIVATE, -332, NULL <unfinished ...>
22:49:07.722075,1028,set_tls(0xaf306f00, 0xb846dd28, 0xaf306ffc, 0x40, 0xaf306f00) = 0
22:49:07.722661,1028,prctl(PR_SET_NAME, 0xaf306e8c, 0, 0, 0) = 0
22:49:07.723090,1028,gettid() = 1028
22:49:07.727082,1027,futex(0xb84a2bc8, FUTEX_WAIT_PRIVATE, 0, NULL <unfinished ...>
22:49:07.727435,1025,<... gettid resumed> ) = 1025
22:49:07.728763,1025,prctl(PR_SET_DUMPABLE, 1) = 0
22:49:07.729411,1025,setrlimit(RLIMIT_CORE, {rlim_cur=0, rlim_max=RLIM64_INFINITY}) = 0
22:49:07.730171,1025,sigaction(SIGCHLD, {SIG_DFL, , NULL, 0) = 0
22:49:07.730861,1025,clock_gettime(CLOCK_MONOTONIC, {136, 504805941}) = 0
22:49:07.732306,1025,mmap2(NULL, 1048576, PROT_READ|PROT_WRITE, MAP_PRIVATE|MAP_ANONYMOUS|MAP_NORESERVE, -1, 0) = 0xaf417000
22:49:07.733391,1025,madvise(0xaf417000, 1048576, 0xc /* MADV_??? */) = -1 EINVAL (Invalid argument)
22:49:07.733924,1025,mprotect(0xaf417000, 4096, PROT_NONE) = 0
22:49:07.734476,1025,clone(child_stack=0xaf516f00, flags=CLONE_VM|CLONE_FS|CLONE_FILES|CLONE_SIGHAND|CLONE_THREAD|CLONE_SYSVSEM|0x400000) = 1029
22:49:07.736551,1025,futex(0xb6814580, FUTEX_WAIT_PRIVATE, -324, NULL <unfinished ...>
22:49:07.740244,1028,futex(0xb6814580, FUTEX_WAKE_PRIVATE, 2147483647 <unfinished ...>
22:49:07.740586,59,<... futex resumed> ) = 0
22:49:07.740858,59,futex(0xb681457c, FUTEX_WAIT_PRIVATE, 2, NULL <unfinished ...>
22:49:07.741118,1028,<... futex resumed> ) = 1
22:49:07.741437,1028,futex(0xb681457c, FUTEX_WAKE_PRIVATE, 1 <unfinished ...>
22:49:07.741735,59,<... futex resumed> ) = 0
22:49:07.742091,59,futex(0xb681457c, FUTEX_WAKE_PRIVATE, 1) = 0
22:49:07.742591,59,futex(0xb6814580, FUTEX_WAKE_PRIVATE, 2147483647) = 0
22:49:07.743199,59,getpgid(0xe4) = 59
22:49:07.743771,59,setpgid(1025, 59) = 0
22:49:07.744462,59,sendmsg(23, {msg_name(0)=NULL, msg_iov(1)=[{"\0\0\4\1", 4}], msg_controllen=0, msg_flags=0}, MSG_NOSIGNAL) = 4
22:49:07.745577,59,sendmsg(23, {msg_name(0)=NULL, msg_iov(1)=[{"\0", 1}], msg_controllen=0, msg_flags=0}, MSG_NOSIGNAL) = 1
22:49:07.746390,59,select(24, [9 23], NULL, NULL, NULL <unfinished ...>
22:49:07.746767,1028,<... futex resumed> ) = 1
22:49:07.747049,1028,futex(0xb6814580, FUTEX_WAIT_PRIVATE, -334, NULL) = -1 EAGAIN (Try again)
22:49:07.747695,1028,getpriority(PRIO_PROCESS, 1028) = 20
22:49:07.748082,1028,setpriority(PRIO_PROCESS, 1028, 0) = 0
22:49:07.749012,1028,futex(0xb84aaf00, FUTEX_WAIT_PRIVATE, 0, NULL <unfinished ...>
22:49:07.751821,1029,set_tls(0xaf516f00, 0xb8461bd8, 0xaf516ffc, 0x40, 0xaf516f00) = 0
22:49:07.752379,1029,prctl(PR_SET_NAME, 0xaf516eac, 0, 0, 0) = 0
22:49:07.753094,1029,mmap2(NULL, 32768, PROT_READ|PROT_WRITE, MAP_PRIVATE|MAP_ANONYMOUS, -1, 0) = 0xaf40f000
22:49:07.753704,1029,madvise(0xaf40f000, 32768, 0xc /* MADV_??? */) = -1 EINVAL (Invalid argument)
22:49:07.754310,1029,gettid() = 1029
22:49:07.756081,1029,getpriority(PRIO_PROCESS, 0) = 20
22:49:07.757393,1029,futex(0xb6814580, FUTEX_WAKE_PRIVATE, 2147483647 <unfinished ...>
22:49:07.757762,1025,<... futex resumed> ) = 0
22:49:07.758057,1025,futex(0xb681457c, FUTEX_WAIT_PRIVATE, 2, NULL <unfinished ...>
22:49:07.758335,1029,<... futex resumed> ) = 1
22:49:07.758658,1029,futex(0xb681457c, FUTEX_WAKE_PRIVATE, 1 <unfinished ...>
22:49:07.758941,1025,<... futex resumed> ) = 0
22:49:07.759230,1025,futex(0xb681457c, FUTEX_WAKE_PRIVATE, 1) = 0
22:49:07.767153,1029,<... futex resumed> ) = 1
22:49:07.768235,1025,clock_gettime(CLOCK_MONOTONIC, {136, 542122943}) = 0
22:49:07.768850,1025,clock_gettime(CLOCK_MONOTONIC, {136, 542728863}) = 0
22:49:07.769642,1025,mmap2(NULL, 1048576, PROT_READ|PROT_WRITE, MAP_PRIVATE|MAP_ANONYMOUS|MAP_NORESERVE, -1, 0) = 0xaf30f000
22:49:07.770186,1025,madvise(0xaf30f000, 1048576, 0xc /* MADV_??? */) = -1 EINVAL (Invalid argument)
22:49:07.770711,1025,mprotect(0xaf30f000, 4096, PROT_NONE) = 0
22:49:07.771242,1025,clone(child_stack=0xaf40ef00, flags=CLONE_VM|CLONE_FS|CLONE_FILES|CLONE_SIGHAND|CLONE_THREAD|CLONE_SYSVSEM|0x400000) = 1030
22:49:07.776052,1025,futex(0xb6814580, FUTEX_WAIT_PRIVATE, -326, NULL <unfinished ...>
22:49:07.776643,1029,futex(0xb83729a8, FUTEX_WAIT_PRIVATE, 0, NULL <unfinished ...>
22:49:07.816761,1030,set_tls(0xaf40ef00, 0xb8390548, 0xaf40effc, 0x40, 0xaf40ef00) = 0
22:49:07.817280,1030,prctl(PR_SET_NAME, 0xaf40eeac, 0, 0, 0) = 0
22:49:07.817849,1030,mmap2(NULL, 32768, PROT_READ|PROT_WRITE, MAP_PRIVATE|MAP_ANONYMOUS, -1, 0) = 0xaf307000
22:49:07.818523,1030,madvise(0xaf307000, 32768, 0xc /* MADV_??? */) = -1 EINVAL (Invalid argument)
22:49:07.819293,1030,gettid() = 1030
22:49:07.820132,1030,getpriority(PRIO_PROCESS, 0) = 20
22:49:07.820718,1030,futex(0xb6814580, FUTEX_WAKE_PRIVATE, 2147483647 <unfinished ...>
22:49:07.821031,1025,<... futex resumed> ) = 0
22:49:07.821329,1025,futex(0xb681457c, FUTEX_WAIT_PRIVATE, 2, NULL <unfinished ...>
22:49:07.821652,1030,<... futex resumed> ) = 1
22:49:07.821919,1030,futex(0xb681457c, FUTEX_WAKE_PRIVATE, 1 <unfinished ...>
22:49:07.822189,1025,<... futex resumed> ) = 0
22:49:07.822509,1025,futex(0xb681457c, FUTEX_WAKE_PRIVATE, 1) = 0
22:49:07.822993,1025,clock_gettime(CLOCK_MONOTONIC, {136, 596877678}) = 0
22:49:07.823763,1025,clock_gettime(CLOCK_MONOTONIC, {136, 598392483}) = 0
22:49:07.825599,1025,mmap2(NULL, 1048576, PROT_READ|PROT_WRITE, MAP_PRIVATE|MAP_ANONYMOUS|MAP_NORESERVE, -1, 0) = 0xaf207000
22:49:07.826101,1025,madvise(0xaf207000, 1048576, 0xc /* MADV_??? */) = -1 EINVAL (Invalid argument)
22:49:07.826642,1025,mprotect(0xaf207000, 4096, PROT_NONE) = 0
22:49:07.827152,1025,clone( <unfinished ...>
22:49:07.842629,1030,<... futex resumed> ) = 1
22:49:07.843684,1025,<... clone resumed> child_stack=0xaf306f00, flags=CLONE_VM|CLONE_FS|CLONE_FILES|CLONE_SIGHAND|CLONE_THREAD|CLONE_SYSVSEM|0x400000) = 1031
22:49:07.844067,1025,futex(0xb6814580, FUTEX_WAIT_PRIVATE, -328, NULL <unfinished ...>
22:49:07.844383,1030,rt_sigtimedwait([QUIT USR1 RT_7 RT_13 RT_25 RT_26 RT_27 RT_29 RT_30], NULL, NULL, 8 <unfinished ...>
22:49:07.845071,1031,set_tls(0xaf306f00, 0xb846dd28, 0xaf306ffc, 0x40, 0xaf306f00) = 0
22:49:07.845635,1031,prctl(PR_SET_NAME, 0xaf306eac, 0, 0, 0) = 0
22:49:07.846241,1031,mmap2(NULL, 32768, PROT_READ|PROT_WRITE, MAP_PRIVATE|MAP_ANONYMOUS, -1, 0) = 0xaf1ff000
22:49:07.846813,1031,madvise(0xaf1ff000, 32768, 0xc /* MADV_??? */) = -1 EINVAL (Invalid argument)
22:49:07.857276,1031,gettid() = 1031
22:49:07.858108,1031,getpriority(PRIO_PROCESS, 0) = 20
22:49:07.858840,1031,futex(0xb6814580, FUTEX_WAKE_PRIVATE, 2147483647) = 1
22:49:07.859347,1025,<... futex resumed> ) = 0
22:49:07.859814,1025,futex(0xb681457c, FUTEX_WAIT_PRIVATE, 2, NULL <unfinished ...>
22:49:07.860873,1031,futex(0xb681457c, FUTEX_WAKE_PRIVATE, 1) = 1
22:49:07.861317,1025,<... futex resumed> ) = 0
22:49:07.861661,1025,futex(0xb681457c, FUTEX_WAKE_PRIVATE, 1) = 0
22:49:07.862125,1025,futex(0xb8465864, FUTEX_WAIT_PRIVATE, 0, NULL <unfinished ...>
22:49:07.862428,1031,futex(0xb8465864, FUTEX_WAKE_PRIVATE, 2147483647) = 1
22:49:07.862922,1025,<... futex resumed> ) = 0
22:49:07.863226,1025,futex(0xb8465860, FUTEX_WAIT_PRIVATE, 2, NULL <unfinished ...>
22:49:07.863594,1031,futex(0xb8465860, FUTEX_WAKE_PRIVATE, 1) = 1
22:49:07.864024,1025,<... futex resumed> ) = 0
22:49:07.864305,1025,futex(0xb8465860, FUTEX_WAKE_PRIVATE, 1) = 0
22:49:07.865213,1025,clock_gettime(CLOCK_MONOTONIC, {136, 639101773}) = 0
22:49:07.867046,1025,mmap2(NULL, 32768, PROT_READ|PROT_WRITE, MAP_PRIVATE|MAP_ANONYMOUS, -1, 0 <unfinished ...>
22:49:07.878434,1031,socket(PF_UNIX, SOCK_STREAM, 0 <unfinished ...>
22:49:07.879714,1025,<... mmap2 resumed> ) = 0xaf1f7000
22:49:07.880174,1025,madvise(0xaf1f7000, 32768, 0xc /* MADV_??? */) = -1 EINVAL (Invalid argument)
22:49:07.881719,1025,mmap2(NULL, 1048576, PROT_READ|PROT_WRITE, MAP_PRIVATE|MAP_ANONYMOUS|MAP_NORESERVE, -1, 0) = 0xad26a000
22:49:07.882349,1025,madvise(0xad26a000, 1048576, 0xc /* MADV_??? */) = -1 EINVAL (Invalid argument)
22:49:07.882890,1025,mprotect(0xad26a000, 4096, PROT_NONE) = 0
22:49:07.883650,1025,clone(child_stack=0xad369f00, flags=CLONE_VM|CLONE_FS|CLONE_FILES|CLONE_SIGHAND|CLONE_THREAD|CLONE_SYSVSEM|0x400000) = 1032
22:49:07.885789,1025,futex(0xb6814580, FUTEX_WAIT_PRIVATE, -330, NULL <unfinished ...>
22:49:07.886125,1031,<... socket resumed> ) = 26
22:49:07.886392,1031,pipe([27, 28]) = 0
22:49:07.887038,1031,getpid() = 1025
22:49:07.899622,1031,connect(26, {sa_family=AF_UNIX, path=@"jdwp-control"...}, 15) = 0
22:49:07.901043,1031,getsockopt(26, SOL_SOCKET, SO_PEERCRED, {pid=67, uid=0, gid=0}, [12]) = 0
22:49:07.901881,1031,sendto(26, "0401", 4, 0, NULL, 0) = 4
22:49:07.902895,1031,recvmsg(26, <unfinished ...>
22:49:07.903555,1032,set_tls(0xad369f00, 0xb8390d38, 0xad369ffc, 0x40, 0xad369f00) = 0
22:49:07.904327,1032,prctl(PR_SET_NAME, 0xad369e8c, 0, 0, 0) = 0
22:49:07.907541,1032,gettid() = 1032
22:49:07.908494,1032,futex(0xb6814580, FUTEX_WAKE_PRIVATE, 2147483647 <unfinished ...>
22:49:07.908884,1025,<... futex resumed> ) = 0
22:49:07.909176,1025,futex(0xb681457c, FUTEX_WAIT_PRIVATE, 2, NULL <unfinished ...>
22:49:07.909446,1032,<... futex resumed> ) = 1
22:49:07.909787,1032,futex(0xb681457c, FUTEX_WAKE_PRIVATE, 1 <unfinished ...>
22:49:07.910096,1025,<... futex resumed> ) = 0
22:49:07.910385,1025,futex(0xb681457c, FUTEX_WAKE_PRIVATE, 1) = 0
22:49:07.910954,1025,futex(0xb6814580, FUTEX_WAKE_PRIVATE, 2147483647) = 0
22:49:07.912010,1025,mmap2(NULL, 32768, PROT_READ|PROT_WRITE, MAP_PRIVATE|MAP_ANONYMOUS, -1, 0) = 0xad262000
22:49:07.913554,1025,madvise(0xad262000, 32768, 0xc /* MADV_??? */) = -1 EINVAL (Invalid argument)
22:49:07.914112,1025,mmap2(NULL, 1048576, PROT_READ|PROT_WRITE, MAP_PRIVATE|MAP_ANONYMOUS|MAP_NORESERVE, -1, 0) = 0xad162000
22:49:07.914685,1025,madvise(0xad162000, 1048576, 0xc /* MADV_??? */) = -1 EINVAL (Invalid argument)
22:49:07.915232,1025,mprotect(0xad162000, 4096, PROT_NONE) = 0
22:49:07.915833,1025,clone(child_stack=0xad261f00, flags=CLONE_VM|CLONE_FS|CLONE_FILES|CLONE_SIGHAND|CLONE_THREAD|CLONE_SYSVSEM|0x400000) = 1033
22:49:07.918953,1025,futex(0xb6814580, FUTEX_WAIT_PRIVATE, -334, NULL <unfinished ...>
22:49:07.919516,1032,<... futex resumed> ) = 1
22:49:07.919941,1032,futex(0xb6814580, FUTEX_WAIT_PRIVATE, -332, NULL) = -1 EAGAIN (Try again)
22:49:07.920425,1032,getpriority(PRIO_PROCESS, 1032) = 20
22:49:07.920954,1032,setpriority(PRIO_PROCESS, 1032, 0) = 0
22:49:07.921690,1032,futex(0xb84717b0, FUTEX_WAIT_PRIVATE, 0, NULL <unfinished ...>
22:49:07.922164,1033,set_tls(0xad261f00, 0xb8488c80, 0xad261ffc, 0x40, 0xad261f00) = 0
22:49:07.922718,1033,prctl(PR_SET_NAME, 0xad261e8c, 0, 0, 0) = 0
22:49:07.923206,1033,gettid() = 1033
22:49:07.923855,1033,futex(0xb6814580, FUTEX_WAKE_PRIVATE, 2147483647 <unfinished ...>
22:49:07.924158,1025,<... futex resumed> ) = 0
22:49:07.924446,1025,futex(0xb681457c, FUTEX_WAIT_PRIVATE, 2, NULL <unfinished ...>
22:49:07.924775,1033,<... futex resumed> ) = 1
22:49:07.925047,1033,futex(0xb681457c, FUTEX_WAKE_PRIVATE, 1 <unfinished ...>
22:49:07.925326,1025,<... futex resumed> ) = 0
22:49:07.925718,1025,futex(0xb681457c, FUTEX_WAKE_PRIVATE, 1) = 0
22:49:07.926194,1025,futex(0xb6814580, FUTEX_WAKE_PRIVATE, 2147483647) = 0
22:49:07.927384,1033,<... futex resumed> ) = 1
22:49:07.927743,1033,futex(0xb6814580, FUTEX_WAIT_PRIVATE, -336, NULL) = -1 EAGAIN (Try again)
22:49:07.928275,1033,getpriority(PRIO_PROCESS, 1033) = 20
22:49:07.928793,1033,setpriority(PRIO_PROCESS, 1033, 0) = 0
22:49:07.929343,1033,futex(0xb848c288, FUTEX_WAIT_PRIVATE, 0, NULL <unfinished ...>
22:49:08.027430,1025,mmap2(NULL, 32768, PROT_READ|PROT_WRITE, MAP_PRIVATE|MAP_ANONYMOUS, -1, 0) = 0xad15a000
22:49:08.028078,1025,madvise(0xad15a000, 32768, 0xc /* MADV_??? */) = -1 EINVAL (Invalid argument)
22:49:08.028647,1025,mmap2(NULL, 1048576, PROT_READ|PROT_WRITE, MAP_PRIVATE|MAP_ANONYMOUS|MAP_NORESERVE, -1, 0) = 0xad05a000
22:49:08.029175,1025,madvise(0xad05a000, 1048576, 0xc /* MADV_??? */) = -1 EINVAL (Invalid argument)
22:49:08.029727,1025,mprotect(0xad05a000, 4096, PROT_NONE) = 0
22:49:08.030288,1025,clone(child_stack=0xad159f00, flags=CLONE_VM|CLONE_FS|CLONE_FILES|CLONE_SIGHAND|CLONE_THREAD|CLONE_SYSVSEM|0x400000) = 1034
22:49:08.032139,1025,futex(0xb6814580, FUTEX_WAIT_PRIVATE, -338, NULL <unfinished ...>
22:49:08.035893,1034,set_tls(0xad159f00, 0xb84b3d80, 0xad159ffc, 0x40, 0xad159f00) = 0
22:49:08.058871,1034,prctl(PR_SET_NAME, 0xad159e8c, 0, 0, 0) = 0
22:49:08.059333,1034,gettid() = 1034
22:49:08.059946,1034,futex(0xb6814580, FUTEX_WAKE_PRIVATE, 2147483647) = 1
22:49:08.060386,1025,<... futex resumed> ) = 0
22:49:08.060730,1025,futex(0xb681457c, FUTEX_WAIT_PRIVATE, 2, NULL <unfinished ...>
22:49:08.061014,1034,futex(0xb681457c, FUTEX_WAKE_PRIVATE, 1) = 1
22:49:08.061577,1025,<... futex resumed> ) = 0
22:49:08.061964,1025,futex(0xb681457c, FUTEX_WAKE_PRIVATE, 1) = 0
22:49:08.062635,1025,futex(0xb6814580, FUTEX_WAKE_PRIVATE, 2147483647) = 0
22:49:08.065018,1025,close(23) = 0
22:49:08.066005,1025,close(9) = 0
22:49:08.067950,1034,futex(0xb6814580, FUTEX_WAIT_PRIVATE, -340, NULL) = -1 EAGAIN (Try again)
22:49:08.068503,1034,getpriority(PRIO_PROCESS, 1034) = 20
22:49:08.069302,1034,setpriority(PRIO_PROCESS, 1034, 0) = 0
22:49:08.069902,1034,futex(0xb84925e0, FUTEX_WAIT_PRIVATE, 0, NULL <unfinished ...>
22:49:08.168693,1025,open("/dev/binder", O_RDWR) = 9
22:49:08.169919,1025,fcntl64(9, F_SETFD, FD_CLOEXEC) = 0
22:49:08.170605,1025,ioctl(9, 0xc0046209, 0xbec25638) = 0
22:49:08.171288,1025,ioctl(9, 0x40046205, 0xbec2563c) = 0
22:49:08.171901,1025,mmap2(NULL, 1040384, PROT_READ, MAP_PRIVATE|MAP_NORESERVE, 9, 0) = 0xacf5c000
22:49:08.172533,1025,madvise(0xacf5c000, 1040384, 0xc /* MADV_??? */) = -1 EINVAL (Invalid argument)
22:49:08.173298,1025,prctl(PR_SET_NAME, 0xb848c357, 0, 0, 0) = 0
22:49:08.174117,1025,open("/sys/qemu_trace/process_name", O_RDWR) = 23
22:49:08.174874,1025,write(23, "com.boxitsoft.superhockeyglow1\0", 31) = 31
22:49:08.175625,1025,close(23) = 0
22:49:08.399214,1025,mmap2(NULL, 1048576, PROT_READ|PROT_WRITE, MAP_PRIVATE|MAP_ANONYMOUS|MAP_NORESERVE, -1, 0) = 0xace5c000
22:49:08.400113,1025,madvise(0xace5c000, 1048576, 0xc /* MADV_??? */) = -1 EINVAL (Invalid argument)
22:49:08.400879,1025,mprotect(0xace5c000, 4096, PROT_NONE) = 0
22:49:08.401615,1025,clone(child_stack=0xacf5bf00, flags=CLONE_VM|CLONE_FS|CLONE_FILES|CLONE_SIGHAND|CLONE_THREAD|CLONE_SYSVSEM|0x400000) = 1040
22:49:08.405886,1025,writev(3, [{"\4", 1}, {"dalvikvm\0", 9}, {"Turning on JNI app bug workaroun"..., 63}], 3 <unfinished ...>
22:49:08.420231,1040,set_tls(0xacf5bf00, 0xb844aa98, 0xacf5bffc, 0x40, 0xacf5bf00 <unfinished ...>
22:49:08.420570,1025,<... syscall_146 resumed> ) = 0x49
22:49:08.421261,1040,<... set_tls resumed> ) = 0
22:49:08.424324,1025,prctl(PR_SET_NAME, 0xb8451642, 0, 0, 0 <unfinished ...>
22:49:08.424702,1040,setpriority(PRIO_PROCESS, 0, 0 <unfinished ...>
22:49:08.425090,1025,<... prctl resumed> ) = 0
22:49:08.425822,1040,<... setpriority resumed> ) = 0
22:49:08.426405,1025,open("/sys/qemu_trace/process_name", O_RDWR <unfinished ...>
22:49:08.427120,1040,futex(0xb6e580b0, FUTEX_WAKE_PRIVATE, 2147483647 <unfinished ...>
22:49:08.427566,1025,<... open resumed> ) = 23
22:49:08.438023,1040,<... futex resumed> ) = 0
22:49:08.438366,1025,write(23, "<pre-initialized>\0", 18 <unfinished ...>
22:49:08.438871,1040,gettid( <unfinished ...>
22:49:08.439204,1025,<... write resumed> ) = 18
22:49:08.439472,1040,<... gettid resumed> ) = 1040
22:49:08.440248,1025,close(23 <unfinished ...>
22:49:08.440594,1040,write(24, "1040", 4 <unfinished ...>
22:49:08.440962,1025,<... close resumed> ) = 0
22:49:08.441246,1040,<... write resumed> ) = 4
22:49:08.442632,1025,futex(0xb6e580c0, FUTEX_WAKE_PRIVATE, 2147483647 <unfinished ...>
22:49:08.442946,1040,prctl(PR_SET_NAME, 0xb846df90, 0, 0, 0 <unfinished ...>
22:49:08.443237,1025,<... futex resumed> ) = 0
22:49:08.443572,1040,<... prctl resumed> ) = 0
22:49:08.443900,1025,pipe( <unfinished ...>
22:49:08.444218,1040,mmap2(NULL, 32768, PROT_READ|PROT_WRITE, MAP_PRIVATE|MAP_ANONYMOUS, -1, 0 <unfinished ...>
22:49:08.444666,1025,<... pipe resumed> [23, 29]) = 0
22:49:08.445039,1040,<... mmap2 resumed> ) = 0xace54000
22:49:08.445348,1025,fcntl64(23, F_SETFL, O_RDONLY|O_NONBLOCK <unfinished ...>
22:49:08.445908,1040,madvise(0xace54000, 32768, 0xc /* MADV_??? */ <unfinished ...>
22:49:08.446301,1025,<... fcntl64 resumed> ) = 0
22:49:08.446692,1040,<... madvise resumed> ) = -1 EINVAL (Invalid argument)
22:49:08.447023,1025,fcntl64(29, F_SETFL, O_RDONLY|O_NONBLOCK <unfinished ...>
22:49:08.447496,1040,gettid() = 1040
22:49:08.456843,1025,<... fcntl64 resumed> ) = 0
22:49:08.457487,1040,getpriority(PRIO_PROCESS, 0 <unfinished ...>
22:49:08.457835,1025,epoll_create(0x8 <unfinished ...>
22:49:08.458087,1040,<... getpriority resumed> ) = 20
22:49:08.458391,1025,<... epoll_create resumed> ) = 30
22:49:08.458819,1040,gettid( <unfinished ...>
22:49:08.459114,1025,epoll_ctl(0x1e, 0x1, 0x17, 0xbec25300 <unfinished ...>
22:49:08.459445,1040,<... gettid resumed> ) = 1040
22:49:08.459822,1025,<... epoll_ctl resumed> ) = 0
22:49:08.460168,1040,gettid( <unfinished ...>
22:49:08.465762,1025,gettid( <unfinished ...>
22:49:08.466048,1040,<... gettid resumed> ) = 1040
22:49:08.467070,1025,<... gettid resumed> ) = 1025
22:49:08.467876,1025,getpid() = 1025
22:49:08.468367,1025,getuid32() = 10050
22:49:08.471371,1025,getpid() = 1025
22:49:08.471943,1025,gettid() = 1025
22:49:08.472659,1025,clock_gettime(CLOCK_MONOTONIC, {137, 246618115}) = 0
22:49:08.473355,1025,ioctl(9, 0xc0186201, 0xbec251f0) = 0
22:49:08.474230,1025,clock_gettime(CLOCK_MONOTONIC, {137, 248130610}) = 0
22:49:08.476019,1025,getpid() = 1025
22:49:08.476602,1025,gettid() = 1025
22:49:08.477216,1025,clock_gettime(CLOCK_MONOTONIC, {137, 251163192}) = 0
22:49:08.478000,1025,ioctl(9, 0xc0186201, 0xbec251f0) = 0
22:49:08.479187,1025,ioctl(9, 0xc0186201 <unfinished ...>
22:49:08.480549,1040,getpid() = 1025
22:49:08.487826,1040,getuid32() = 10050
22:49:08.488616,1040,write(24, "1040", 4) = 4
22:49:08.489188,1040,ioctl(9, 0xc0186201, 0xacf5be28) = 0
22:49:08.489812,1040,mmap2(NULL, 1048576, PROT_READ|PROT_WRITE, MAP_PRIVATE|MAP_ANONYMOUS|MAP_NORESERVE, -1, 0) = 0xacd54000
22:49:08.490332,1040,madvise(0xacd54000, 1048576, 0xc /* MADV_??? */) = -1 EINVAL (Invalid argument)
22:49:08.490947,1040,mprotect(0xacd54000, 4096, PROT_NONE) = 0
22:49:08.491587,1040,clone(child_stack=0xace53f00, flags=CLONE_VM|CLONE_FS|CLONE_FILES|CLONE_SIGHAND|CLONE_THREAD|CLONE_SYSVSEM|0x400000) = 1041
22:49:08.493578,1040,write(24, "1040", 4) = 4
22:49:08.494370,1040,ioctl(9, 0xc0186201 <unfinished ...>
22:49:08.494867,1041,set_tls(0xace53f00, 0xb84626b8, 0xace53ffc, 0x40, 0xace53f00) = 0
22:49:08.496412,1041,setpriority(PRIO_PROCESS, 0, 0) = 0
22:49:08.496941,1041,gettid() = 1041
22:49:08.497408,1041,write(24, "1041", 4) = 4
22:49:08.497999,1041,prctl(PR_SET_NAME, 0xb84658d0, 0, 0, 0) = 0
22:49:08.498719,1041,mmap2(NULL, 32768, PROT_READ|PROT_WRITE, MAP_PRIVATE|MAP_ANONYMOUS, -1, 0) = 0xacd4c000
22:49:08.499234,1041,madvise(0xacd4c000, 32768, 0xc /* MADV_??? */) = -1 EINVAL (Invalid argument)
22:49:08.507861,1041,gettid() = 1041
22:49:08.508636,1041,getpriority(PRIO_PROCESS, 0) = 20
22:49:08.509212,1041,gettid() = 1041
22:49:08.509770,1041,gettid() = 1041
22:49:08.510242,1041,getpid() = 1025
22:49:08.510772,1041,getuid32() = 10050
22:49:08.511255,1041,write(24, "1041", 4) = 4
22:49:08.512096,1041,ioctl(9, 0xc0186201, 0xace53e28) = 0
22:49:08.512648,1041,write(24, "1041", 4) = 4
22:49:08.513166,1041,ioctl(9, 0xc0186201 <unfinished ...>
22:49:08.513688,1040,<... ioctl resumed> , 0xacf5be28) = 0
22:49:08.514008,1040,write(24, "1040", 4) = 4
22:49:08.514767,1040,getpriority(PRIO_PROCESS, 1040) = 20
22:49:08.597947,1025,<... ioctl resumed> , 0xbec251f0) = 0
22:49:08.598324,1025,clock_gettime(CLOCK_MONOTONIC, {137, 382637681}) = 0
22:49:08.610673,1025,mprotect(0xb15b6000, 8192, PROT_READ|PROT_WRITE) = 0
22:49:08.614260,1025,getpid() = 1025
22:49:08.614867,1025,getuid32() = 10050
22:49:08.615744,1025,getpid() = 1025
22:49:08.616232,1025,getuid32() = 10050
22:49:08.616826,1025,epoll_wait(0x1e, 0xbec251f8, 0x10, 0) = 0
22:49:08.627252,1025,clock_gettime(CLOCK_MONOTONIC, {137, 401191129}) = 0
22:49:08.627906,1025,ioctl(9, 0xc0186201, 0xbec25328) = 0
22:49:08.628482,1025,epoll_wait(0x1e, 0xbec251f8, 0x10, 0xffffffff <unfinished ...>
22:49:08.710570,1040,clock_gettime(CLOCK_MONOTONIC, {137, 484654334}) = 0
22:49:08.715662,1040,write(29, "W", 1 <unfinished ...>
22:49:08.716793,1025,<... epoll_wait resumed> ) = 1
22:49:08.717205,1025,read(23, "W", 16) = 1
22:49:08.717961,1025,clock_gettime(CLOCK_MONOTONIC, {137, 491866057}) = 0
22:49:08.720214,1025,open("/sys/kernel/debug/tracing/trace_marker", O_WRONLY) = -1 ENOENT (No such file or directory)
22:49:08.721298,1025,writev(3, [{"\6", 1}, {"Trace\0", 6}, {"error opening trace file: No suc"..., 56}], 3) = 63
22:49:08.723418,1025,getpid() = 1025
22:49:08.724053,1025,getuid32() = 10050
22:49:08.724674,1025,epoll_wait(0x1e, 0xbec251f8, 0x10, 0) = 0
22:49:08.725195,1025,clock_gettime(CLOCK_MONOTONIC, {137, 499090733}) = 0
22:49:08.725827,1025,epoll_wait(0x1e, 0xbec251f8, 0x10, 0xffffffff <unfinished ...>
22:49:08.726295,1040,<... write resumed> ) = 1
22:49:08.726707,1040,clock_gettime(CLOCK_MONOTONIC, {137, 500601673}) = 0
22:49:08.737889,1040,write(29, "W", 1 <unfinished ...>
22:49:08.738308,1025,<... epoll_wait resumed> ) = 1
22:49:08.738701,1025,read(23, "W", 16) = 1
22:49:08.739514,1025,clock_gettime(CLOCK_MONOTONIC, {137, 513437860}) = 0
22:49:08.740592,1025,prctl(PR_SET_NAME, 0xb845e897, 0, 0, 0) = 0
22:49:08.741159,1025,open("/sys/qemu_trace/process_name", O_RDWR) = 31
22:49:08.742142,1025,write(31, "com.boxitsoft.superhockeyglow1\0", 31) = 31
22:49:08.742890,1025,close(31) = 0
22:49:08.746844,1040,<... write resumed> ) = 1
22:49:08.747268,1040,write(24, "1040", 4) = 4
22:49:08.747941,1040,ioctl(9, 0xc0186201, 0xacf5be28) = 0
22:49:08.748502,1040,write(24, "1040", 4) = 4
22:49:08.749062,1040,getpriority(PRIO_PROCESS, 1040) = 20
22:49:08.807867,1025,ioctl(9, 0xc0186201, 0xbec250c8) = 0
22:49:08.808861,1025,ioctl(9, 0xc0186201, 0xbec25108) = 0
22:49:08.809960,1025,ioctl(9, 0xc0186201, 0xbec250c8) = 0
22:49:08.810833,1025,dup(31) = 32
22:49:08.811375,1025,mmap2(NULL, 4096, PROT_READ, MAP_SHARED, 32, 0) = 0xacd4b000
22:49:08.812599,1025,close(31) = 0
22:49:08.813109,1025,dup(32) = 31
22:49:08.815132,1025,getpid() = 1025
22:49:08.815944,1025,gettid() = 1025
22:49:08.817965,1025,clock_gettime(CLOCK_MONOTONIC, {137, 591889671}) = 0
22:49:08.818663,1025,ioctl(9, 0xc0186201, 0xbec251f0) = 0
22:49:08.820290,1025,clock_gettime(CLOCK_MONOTONIC, {137, 594191757}) = 0
22:49:08.822751,1025,getuid32() = 10050
22:49:08.824756,1025,stat64("/system/framework/framework-res.apk", {st_mode=S_IFREG|0644, st_size=8749696, ...}) = 0
22:49:08.826559,1025,access("/vendor/overlay/framework/framework-res.apk", R_OK) = -1 ENOENT (No such file or directory)
22:49:08.839592,1025,stat64("/data/app/com.boxitsoft.superhockeyglow1-1.apk", {st_mode=S_IFREG|0644, st_size=8643445, ...}) = 0
22:49:08.842447,1025,stat64("/system/framework/framework-res.apk", {st_mode=S_IFREG|0644, st_size=8749696, ...}) = 0
22:49:08.844411,1025,stat64("/data/app/com.boxitsoft.superhockeyglow1-1.apk", {st_mode=S_IFREG|0644, st_size=8643445, ...}) = 0
22:49:08.845910,1025,open("/data/app/com.boxitsoft.superhockeyglow1-1.apk", O_RDONLY) = 33
22:49:08.846736,1025,_llseek(33, 0, [8643445], SEEK_END) = 0
22:49:08.859959,1025,mmap2(NULL, 69632, PROT_READ|PROT_WRITE, MAP_PRIVATE|MAP_ANONYMOUS, -1, 0) = 0xacd3a000
22:49:08.860505,1025,madvise(0xacd3a000, 69632, 0xc /* MADV_??? */) = -1 EINVAL (Invalid argument)
22:49:08.861087,1025,_llseek(33, 0, [0], SEEK_SET) = 0
22:49:08.862417,1025,read(33, "PK\3\4", 4) = 4
22:49:08.863129,1025,_llseek(33, 8577888, [8577888], SEEK_SET) = 0
22:49:08.863945,1025,read(33, "¯\217_R\201ÈëÊôë5éW\2327\32¥³X¨jÙ\nÑ¼\210%5§!\231\6"..., 65557) = 65557
22:49:08.864977,1025,munmap(0xacd3a000, 69632) = 0
22:49:08.865662,1025,mmap2(NULL, 4959, PROT_READ, MAP_SHARED, 33, 0x83d) = 0xacd49000
22:49:08.866760,1025,pread(33, "PK\3\4\n\0\0\0\0\0×bî@ÍöçM@\7\0\0@\7\0\0\16\0\1\0", 30, 33693309767516160) = 30
22:49:08.878271,1025,mmap2(NULL, 2896, PROT_READ, MAP_SHARED, 33, 0x77b) = 0xacd48000
22:49:08.879453,1025,gettimeofday({1727304548, 879699}, NULL) = 0
22:49:08.880856,1025,access("/data/data/com.boxitsoft.superhockeyglow1/cache", F_OK) = -1 ENOENT (No such file or directory)
22:49:08.882143,1025,access("/data/data/com.boxitsoft.superhockeyglow1/cache", F_OK) = -1 ENOENT (No such file or directory)
22:49:08.883411,1025,mkdir("/data/data/com.boxitsoft.superhockeyglow1/cache", 0700) = 0
22:49:08.885377,1025,chmod("/data/data/com.boxitsoft.superhockeyglow1/cache", 0771) = 0
22:49:08.886644,1025,getuid32() = 10050
22:49:08.896888,1025,getuid32() = 10050
22:49:08.898332,1025,getpid() = 1025
22:49:08.898946,1025,gettid() = 1025
22:49:08.899456,1025,clock_gettime(CLOCK_MONOTONIC, {137, 673454847}) = 0
22:49:08.900131,1025,ioctl(9, 0xc0186201, 0xbec251f0) = 0
22:49:08.901634,1025,ioctl(9, 0xc0186201, 0xbec251f0) = 0
22:49:08.902165,1025,clock_gettime(CLOCK_MONOTONIC, {137, 676060661}) = 0
22:49:08.904194,1025,access("/data/data/com.boxitsoft.superhockeyglow1/cache/com.android.renderscript.cache", F_OK) = -1 ENOENT (No such file or directory)
22:49:08.905750,1025,mkdir("/data/data/com.boxitsoft.superhockeyglow1/cache/com.android.renderscript.cache", 0700 <unfinished ...>
22:49:08.917725,1040,clock_gettime(CLOCK_MONOTONIC, <unfinished ...>
22:49:08.918038,1025,<... mkdir resumed> ) = 0
22:49:08.919272,1025,getpid() = 1025
22:49:08.919919,1025,gettid() = 1025
22:49:08.920381,1025,clock_gettime(CLOCK_MONOTONIC, {137, 694314941}) = 0
22:49:08.920970,1025,ioctl(9, 0xc0186201, 0xbec251f0) = 0
22:49:08.921865,1025,clock_gettime(CLOCK_MONOTONIC, {137, 695752861}) = 0
22:49:08.923252,1025,getpid() = 1025
22:49:08.923859,1025,gettid() = 1025
22:49:08.924318,1025,clock_gettime(CLOCK_MONOTONIC, {137, 698234643}) = 0
22:49:08.924913,1025,ioctl(9, 0xc0186201, 0xbec251f0) = 0
22:49:08.926098,1025,ioctl(9, 0xc0186201 <unfinished ...>
22:49:08.937369,1040,<... clock_gettime resumed> {137, 700509046}) = 0
22:49:08.937940,1025,<... ioctl resumed> , 0xbec251f0) = 0
22:49:08.938290,1025,clock_gettime(CLOCK_MONOTONIC, {137, 712350534}) = 0
22:49:08.941032,1025,writev(3, [{"\5", 1}, {"DroidBox\0", 9}, {"DroidBox: { \"DexClassLoader\": { "..., 93}], 3) = 103
22:49:08.945242,1025,access("/data/app/com.boxitsoft.superhockeyglow1-1.apk", F_OK) = 0
22:49:08.946212,1025,access("/data/app/com.boxitsoft.superhockeyglow1-1.apk", R_OK) = 0
22:49:08.947081,1025,stat64("/data/app/com.boxitsoft.superhockeyglow1-1.apk", <unfinished ...>
22:49:08.957356,1040,write(24, "1040", 4 <unfinished ...>
22:49:08.957898,1025,<... stat64 resumed> {st_mode=S_IFREG|0644, st_size=8643445, ...}) = 0
22:49:08.958914,1040,<... write resumed> ) = 4
22:49:08.960331,1025,open("/data/app/com.boxitsoft.superhockeyglow1-1.apk", O_RDONLY <unfinished ...>
22:49:08.960921,1040,ioctl(9, 0xc0186201 <unfinished ...>
22:49:08.961253,1025,<... open resumed> ) = 34
22:49:08.961748,1025,fstat64(34, {st_mode=S_IFREG|0644, st_size=8643445, ...}) = 0
22:49:08.962952,1025,fstat64(34, {st_mode=S_IFREG|0644, st_size=8643445, ...}) = 0
22:49:08.964207,1025,_llseek(34, 8643423, [8643423], SEEK_SET) = 0
22:49:08.964964,1025,read(34, "PK\5\6", 4) = 4
22:49:08.965611,1025,fgetxattr(34, "user.taint", 0xbec25484, 4) = -1 ENODATA (No data available)
22:49:08.986335,1025,clock_gettime(CLOCK_MONOTONIC, {137, 760318043}) = 0
22:49:09.018624,1025,getpid() = 1025
22:49:09.019182,1025,readlink("/proc/1025/fd/34", "/data/app/com.boxitsoft.superhockeyglow1-1.apk"..., 120) = 46
22:49:09.028032,1025,read(34, "\0\0\0\0\"\0\"\0-\t\0\0002Ú\203\0\0\0", 18) = 18
22:49:09.028849,1025,fgetxattr(34, "user.taint", 0xbec25484, 4) = -1 ENODATA (No data available)
22:49:09.030362,1025,clock_gettime(CLOCK_MONOTONIC, {137, 804309969}) = 0
22:49:09.031001,1025,getpid() = 1025
22:49:09.031614,1025,readlink("/proc/1025/fd/34", "/data/app/com.boxitsoft.superhockeyglow1-1.apk"..., 120) = 46
22:49:09.032811,1025,fstat64(34, {st_mode=S_IFREG|0644, st_size=8643445, ...}) = 0
22:49:09.034105,1025,_llseek(34, 8641074, [8641074], SEEK_SET) = 0
22:49:09.034814,1025,read(34, "PK\1\2\24\0\24\0\10\0\10\0Úbî@Zëþ\202\205\4\0\0\216\t\0\0\24\0\0\0"..., 2371) = 2371
22:49:09.035715,1025,fgetxattr(34, "user.taint", 0xbec25484, 4) = -1 ENODATA (No data available)
22:49:09.037224,1025,clock_gettime(CLOCK_MONOTONIC, {137, 811122672}) = 0
22:49:09.047073,1025,getpid() = 1025
22:49:09.047886,1025,readlink("/proc/1025/fd/34", "/data/app/com.boxitsoft.superhockeyglow1-1.apk"..., 120) = 46
22:49:09.054077,1025,open("/data/app/com.boxitsoft.superhockeyglow1-1.apk", O_RDONLY) = 35
22:49:09.054933,1025,lseek(35, 0, SEEK_END) = 8643445
22:49:09.055564,1025,mmap2(NULL, 69632, PROT_READ|PROT_WRITE, MAP_PRIVATE|MAP_ANONYMOUS, -1, 0) = 0xacd37000
22:49:09.056297,1025,madvise(0xacd37000, 69632, 0xc /* MADV_??? */) = -1 EINVAL (Invalid argument)
22:49:09.067941,1025,lseek(35, 8577888, SEEK_SET) = 8577888
22:49:09.068554,1025,read(35, "¯\217_R\201ÈëÊôë5éW\2327\32¥³X¨jÙ\nÑ¼\210%5§!\231\6"..., 65557) = 65557
22:49:09.069670,1025,mmap2(NULL, 4959, PROT_READ, MAP_SHARED, 35, 0x83d) = 0xacd35000
22:49:09.070242,1025,munmap(0xacd37000, 69632) = 0
22:49:09.070996,1025,fcntl64(35, F_GETFD) = 0
22:49:09.071628,1025,fcntl64(35, F_SETFD, FD_CLOEXEC) = 0
22:49:09.072103,1025,open("/data/app/com.boxitsoft.superhockeyglow1-1.odex", O_RDONLY) = -1 ENOENT (No such file or directory)
22:49:09.073682,1025,open("/data/dalvik-cache/data@app@com.boxitsoft.superhockeyglow1-1.apk@classes.dex", O_RDWR|O_CREAT, 0644) = -1 EACCES (Permission denied)
22:49:09.074992,1025,open("/data/dalvik-cache/data@app@com.boxitsoft.superhockeyglow1-1.apk@classes.dex", O_RDONLY) = 36
22:49:09.076003,1025,flock(36, LOCK_EX|LOCK_NB) = 0
22:49:09.076814,1025,fstat64(36, {st_mode=S_IFREG|0644, st_size=1123944, ...}) = 0
22:49:09.087989,1025,stat64("/data/dalvik-cache/data@app@com.boxitsoft.superhockeyglow1-1.apk@classes.dex", {st_mode=S_IFREG|0644, st_size=1123944, ...}) = 0
22:49:09.089593,1025,lseek(36, 0, SEEK_SET) = 0
22:49:09.090086,1025,read(36, "dey\n036\0(\0\0\0PÄ\20\0xÄ\20\0Ö\1\0\0PÆ\20\0\30`\0\0"..., 40) = 40
22:49:09.091052,1025,lseek(36, 1098872, SEEK_SET) = 1098872
22:49:09.091597,1025,read(36, "Úbî@/iÒ\206\34\0\0\0\10\0\0\0\34\0\0\0/system/fram"..., 470) = 470
22:49:09.092666,1025,lseek(36, 0, SEEK_SET) = 0
22:49:09.093325,1025,lseek(36, 0, SEEK_CUR) = 0
22:49:09.094165,1025,lseek(36, 0, SEEK_END) = 1123944
22:49:09.094696,1025,lseek(36, 0, SEEK_SET) = 0
22:49:09.095173,1025,mmap2(NULL, 1123944, PROT_READ|PROT_WRITE, MAP_PRIVATE, 36, 0) = 0xacc22000
22:49:09.095844,1025,madvise(0xacc22000, 1123944, 0xc /* MADV_??? */) = -1 EINVAL (Invalid argument)
22:49:09.096356,1025,mprotect(0xacc22000, 1123944, PROT_READ) = 0
22:49:09.108027,1025,open("/dev/ashmem", O_RDWR) = 37
22:49:09.108722,1025,ioctl(37, 0x41007701, 0xbec25254) = 0
22:49:09.109274,1025,ioctl(37, 0x40047703, 0x16000) = 0
22:49:09.109811,1025,mmap2(NULL, 90112, PROT_READ|PROT_WRITE, MAP_PRIVATE, 37, 0) = 0xacc0c000
22:49:09.110872,1025,madvise(0xacc0c000, 90112, 0xc /* MADV_??? */) = -1 EINVAL (Invalid argument)
22:49:09.111452,1025,close(37) = 0
22:49:09.112235,1025,flock(36, LOCK_UN) = 0
22:49:09.112848,1025,close(36) = 0
22:49:09.114206,1025,access("/data/data/com.boxitsoft.superhockeyglow1/lib", F_OK) = 0
22:49:09.115350,1025,access("/data/data/com.boxitsoft.superhockeyglow1/lib", R_OK) = 0
22:49:09.116206,1025,stat64("/data/data/com.boxitsoft.superhockeyglow1/lib", {st_mode=S_IFDIR|0755, st_size=4096, ...}) = 0
22:49:09.127818,1025,access("/vendor/lib", F_OK) = -1 ENOENT (No such file or directory)
22:49:09.128915,1025,access("/system/lib", F_OK) = 0
22:49:09.129677,1025,access("/system/lib", R_OK) = 0
22:49:09.130304,1025,stat64("/system/lib", {st_mode=S_IFDIR|0755, st_size=8192, ...}) = 0
22:49:09.131926,1025,getuid32() = 10050
22:49:09.132775,1025,getpid() = 1025
22:49:09.133264,1025,gettid() = 1025
22:49:09.133790,1025,clock_gettime(CLOCK_MONOTONIC, {137, 907685450}) = 0
22:49:09.134356,1025,ioctl(9, 0xc0186201, 0xbec251f0) = 0
22:49:09.136786,1025,ioctl(9, 0xc0186201, 0xbec251f0) = 0
22:49:09.149101,1025,clock_gettime(CLOCK_MONOTONIC, {137, 922998118}) = 0
22:49:09.153139,1025,gettimeofday({1727304549, 153318}, NULL) = 0
22:49:09.154348,1025,getpid() = 1025
22:49:09.154916,1025,getuid32() = 10050
22:49:09.155773,1025,epoll_wait(0x1e, 0xbec251f8, 0x10, 0) = 0
22:49:09.156312,1025,clock_gettime(CLOCK_MONOTONIC, {137, 930199066}) = 0
22:49:09.156993,1025,stat64("/system/framework/framework-res.apk", {st_mode=S_IFREG|0644, st_size=8749696, ...}) = 0
22:49:09.168002,1025,stat64("/data/app/com.boxitsoft.superhockeyglow1-1.apk", {st_mode=S_IFREG|0644, st_size=8643445, ...}) = 0
22:49:09.174088,1025,mprotect(0xb15b7000, 8192, PROT_READ|PROT_WRITE) = 0
22:49:09.176992,1025,gettimeofday({1727304549, 177268}, NULL) = 0
22:49:09.179954,1025,getuid32() = 10050
22:49:09.180652,1025,stat64("/system/framework/framework-res.apk", {st_mode=S_IFREG|0644, st_size=8749696, ...}) = 0
22:49:09.181995,1025,stat64("/data/app/com.boxitsoft.superhockeyglow1-1.apk", {st_mode=S_IFREG|0644, st_size=8643445, ...}) = 0
22:49:09.189168,1025,access("/data/data/com.boxitsoft.superhockeyglow1/lib/libsuperhockeyglow1.so", F_OK) = 0
22:49:09.190306,1025,stat64("/data/data/com.boxitsoft.superhockeyglow1/lib/libsuperhockeyglow1.so", {st_mode=S_IFREG|0755, st_size=531164, ...}) = 0
22:49:09.192089,1025,access("/data/data/com.boxitsoft.superhockeyglow1/lib/libsuperhockeyglow1.so", R_OK) = 0
22:49:09.193205,1025,writev(3, [{"\3", 1}, {"dalvikvm\0", 9}, {"Trying to load lib /data/data/co"..., 99}], 3) = 109
22:49:09.194451,1025,writev(3, [{"\5", 1}, {"dalvikvm\0", 9}, {"Denying lib /data/data/com.boxit"..., 105}], 3) = 115
22:49:09.197418,1025,writev(3, [{"\3", 1}, {"AndroidRuntime\0", 15}, {"Shutting down VM\n\0", 18}], 3) = 34
22:49:09.200335,1025,writev(3, [{"\5", 1}, {"dalvikvm\0", 9}, {"threadid=1: thread exiting with "..., 70}], 3) = 80
22:49:09.215560,1025,writev(6, [{"\6", 1}, {"AndroidRuntime\0", 15}, {"FATAL EXCEPTION: main\njava.lang."..., 1158}], 3) = 1174
22:49:09.241030,1025,getpid() = 1025
22:49:09.241607,1025,gettid() = 1025
22:49:09.242088,1025,clock_gettime(CLOCK_MONOTONIC, {138, 15979874}) = 0
22:49:09.242702,1025,ioctl(9, 0xc0186201, 0xbec25530) = 0
22:49:09.246295,1025,ioctl(9, 0xc0186201 <unfinished ...>
22:49:09.347119,1041,<... ioctl resumed> , 0xace53e28) = 0
22:49:09.357414,1041,write(24, "1041", 4 <unfinished ...>
22:49:09.357828,1025,<... ioctl resumed> , 0xbec25530) = 0
22:49:09.358202,1041,<... write resumed> ) = 4
22:49:09.358790,1025,clock_gettime(CLOCK_MONOTONIC, <unfinished ...>
22:49:09.359548,1041,getpriority(PRIO_PROCESS, 1041 <unfinished ...>
22:49:09.359854,1025,<... clock_gettime resumed> {138, 133473841}) = 0
22:49:09.360186,1041,<... getpriority resumed> ) = 20
22:49:09.360719,1025,getpid( <unfinished ...>
22:49:09.361468,1041,clock_gettime(CLOCK_MONOTONIC, <unfinished ...>
22:49:09.361807,1025,<... getpid resumed> ) = 1025
22:49:09.362091,1041,<... clock_gettime resumed> {138, 135729276}) = 0
22:49:09.362761,1025,writev(3, [{"\4", 1}, {"Process\0", 8}, {"Sending signal. PID: 1025 SIG: 9"..., 33}], 3 <unfinished ...>
22:49:09.364060,1041,write(24, "1041", 4) = 4
22:49:09.364884,1025,<... writev resumed> ) = 42
22:49:09.365188,1041,ioctl(9, 0xc0186201 <unfinished ...>
22:49:09.365610,1025,kill(1025, SIGKILL <unfinished ...>
22:49:09.378560,1040,+++ killed by SIGKILL +++
22:49:09.380287,1034,+++ killed by SIGKILL +++
22:49:09.380655,1033,+++ killed by SIGKILL +++
22:49:09.380938,1032,+++ killed by SIGKILL +++
22:49:09.381216,1031,+++ killed by SIGKILL +++
22:49:09.381527,1030,+++ killed by SIGKILL +++
22:49:09.381816,1029,+++ killed by SIGKILL +++
22:49:09.386159,1041,+++ killed by SIGKILL +++
22:49:09.387087,1025,+++ killed by SIGKILL +++
22:49:09.387241,59,<... select resumed> ) = ? ERESTARTNOHAND (To be restarted)
22:49:09.387626,59,--- {si_signo=SIGCHLD, si_code=CLD_KILLED, si_pid=1025, si_status=SIGKILL, si_utime=8, si_stime=11} (Child exited) ---
22:49:09.388642,59,wait4(-1, [{WIFSIGNALED(s) && WTERMSIG(s) == SIGKILL}], WNOHANG, NULL) = 1025
22:49:09.389658,59,wait4(-1, 0xbec252dc, WNOHANG, NULL) = 0
22:49:09.390077,59,sigreturn() = ? (mask now [INT FPE KILL TERM CHLD CONT STOP TSTP TTIN TTOU URG VTALRM PROF IO PWR RTMIN])
22:49:09.391543,59,select(24, [9 23], NULL, NULL, NULL) = ? ERESTARTNOHAND (To be restarted)
22:49:30.465455,59,--- {si_signo=SIGCHLD, si_code=CLD_KILLED, si_pid=707, si_status=SIGKILL, si_utime=33, si_stime=16} (Child exited) ---
22:49:30.465854,59,wait4(-1, [{WIFSIGNALED(s) && WTERMSIG(s) == SIGKILL}], WNOHANG, NULL) = 707
22:49:30.466679,59,wait4(-1, 0xbec252dc, WNOHANG, NULL) = 0
22:49:30.471593,59,sigreturn() = ? (mask now [INT FPE KILL TERM CHLD CONT STOP TSTP TTIN TTOU URG VTALRM PROF IO PWR RTMIN])
22:49:30.473878,59,select(24, [9 23], NULL, NULL, NULL