14:27:10.841879,992,futex(0xb890bef0, FUTEX_WAIT_PRIVATE, 0, NULL <unfinished ...>
14:27:10.901802,991,futex(0xb8903bb8, FUTEX_WAIT_PRIVATE, 0, NULL <unfinished ...>
14:27:10.902844,990,futex(0xb8908808, FUTEX_WAIT_PRIVATE, 0, NULL <unfinished ...>
14:27:10.903091,60,select(24, [9 23], NULL, NULL, NULL) = 1 (in [23])
14:27:14.314442,60,ioctl(23, FIONREAD, [197]) = 0
14:27:14.315512,60,recvmsg(23, {msg_name(0)=NULL, msg_iov(1)=[{"9\n--runtime-init\n--setuid=10050\n"..., 4217}], msg_controllen=0, msg_flags=0}, MSG_NOSIGNAL) = 197
14:27:14.317598,60,ioctl(23, FIONREAD, [0]) = 0
14:27:14.319128,60,futex(0xb8908808, FUTEX_WAKE_PRIVATE, 1 <unfinished ...>
14:27:14.319518,990,<... futex resumed> ) = 0
14:27:14.330645,60,<... futex resumed> ) = 1
14:27:14.331035,990,futex(0xb89087f8, FUTEX_WAIT_PRIVATE, 2, NULL) = -1 EAGAIN (Try again)
14:27:14.332645,990,futex(0xb89087f8, FUTEX_WAKE_PRIVATE, 1) = 0
14:27:14.333470,990,futex(0xb687d57c, FUTEX_WAIT_PRIVATE, 2, NULL <unfinished ...>
14:27:14.333707,60,futex(0xb89087f8, FUTEX_WAKE_PRIVATE, 1) = 0
14:27:14.334094,60,futex(0xb687d57c, FUTEX_WAKE_PRIVATE, 1 <unfinished ...>
14:27:14.334337,990,<... futex resumed> ) = 0
14:27:14.334644,990,futex(0xb687d57c, FUTEX_WAKE_PRIVATE, 1) = 0
14:27:14.335034,990,munmap(0xb0ee9000, 32768) = 0
14:27:14.335629,990,sigprocmask(SIG_SETMASK, ~[SEGV], NULL) = 0
14:27:14.338236,990,munmap(0xaf480000, 1048576) = 0
14:27:14.338820,990,exit(0) = ?
14:27:14.341352,60,<... futex resumed> ) = 1
14:27:14.341703,60,futex(0xb8903bb8, FUTEX_WAKE_PRIVATE, 1 <unfinished ...>
14:27:14.342000,991,<... futex resumed> ) = 0
14:27:14.342297,991,futex(0xb8903ba8, FUTEX_WAIT_PRIVATE, 2, NULL <unfinished ...>
14:27:14.342616,60,<... futex resumed> ) = 1
14:27:14.343236,60,futex(0xb8903ba8, FUTEX_WAKE_PRIVATE, 1 <unfinished ...>
14:27:14.343525,991,<... futex resumed> ) = 0
14:27:14.343775,991,futex(0xb8903ba8, FUTEX_WAKE_PRIVATE, 1) = 0
14:27:14.344414,991,futex(0xb687d57c, FUTEX_WAIT_PRIVATE, 2, NULL <unfinished ...>
14:27:14.344661,60,<... futex resumed> ) = 1
14:27:14.344951,60,futex(0xb687d57c, FUTEX_WAKE_PRIVATE, 1 <unfinished ...>
14:27:14.345184,991,<... futex resumed> ) = 0
14:27:14.345468,991,futex(0xb687d57c, FUTEX_WAKE_PRIVATE, 1) = 0
14:27:14.345852,991,munmap(0xaf478000, 32768) = 0
14:27:14.346361,991,sigprocmask(SIG_SETMASK, ~[SEGV], NULL) = 0
14:27:14.347001,991,munmap(0xaf378000, 1048576) = 0
14:27:14.347467,991,exit(0) = ?
14:27:14.347880,60,<... futex resumed> ) = 1
14:27:14.348204,60,futex(0xb890bef0, FUTEX_WAKE_PRIVATE, 1 <unfinished ...>
14:27:14.348481,992,<... futex resumed> ) = 0
14:27:14.348712,992,futex(0xb890bee0, FUTEX_WAIT_PRIVATE, 2, NULL <unfinished ...>
14:27:14.348918,60,<... futex resumed> ) = 1
14:27:14.349145,60,futex(0xb890bee0, FUTEX_WAKE_PRIVATE, 1 <unfinished ...>
14:27:14.349374,992,<... futex resumed> ) = 0
14:27:14.349642,992,futex(0xb890bee0, FUTEX_WAKE_PRIVATE, 1) = 0
14:27:14.350173,992,futex(0xb687d57c, FUTEX_WAIT_PRIVATE, 2, NULL <unfinished ...>
14:27:14.350379,60,<... futex resumed> ) = 1
14:27:14.350672,60,futex(0xb687d57c, FUTEX_WAKE_PRIVATE, 1 <unfinished ...>
14:27:14.350901,992,<... futex resumed> ) = 0
14:27:14.351135,992,futex(0xb687d57c, FUTEX_WAKE_PRIVATE, 1) = 0
14:27:14.362075,992,munmap(0xaf370000, 32768) = 0
14:27:14.362574,992,sigprocmask(SIG_SETMASK, ~[SEGV], NULL) = 0
14:27:14.362990,992,munmap(0xaf270000, 1048576) = 0
14:27:14.364278,992,exit(0) = ?
14:27:14.365944,60,<... futex resumed> ) = 1
14:27:14.368420,60,open("/proc/self/task", O_RDONLY|O_DIRECTORY) = 24
14:27:14.370621,60,getdents64(24, /* 3 entries */, 4200) = 72
14:27:14.371791,60,getdents64(24, /* 0 entries */, 4200) = 0
14:27:14.382098,60,close(24) = 0
14:27:14.382752,60,sigaction(SIGCHLD, {0xb68353dd, [], 0}, NULL, 0) = 0
14:27:14.383603,60,fork( <unfinished ...>
14:27:14.411694,1027,gettid() = 1027
14:27:14.416546,1027,getuid32() = 0
14:27:14.417228,1027,open("/acct/uid/0/tasks", O_RDWR|O_CREAT, 0666) = 24
14:27:14.418184,1027,write(24, "0", 1) = 1
14:27:14.418795,1027,close(24) = 0
14:27:14.419590,1027,prctl(PR_SET_KEEPCAPS, 1 <unfinished ...>
14:27:14.420038,60,<... fork resumed> ) = 1027
14:27:14.421285,60,mmap2(NULL, 32768, PROT_READ|PROT_WRITE, MAP_PRIVATE|MAP_ANONYMOUS, -1, 0) = 0xb0ee9000
14:27:14.422013,60,madvise(0xb0ee9000, 32768, 0xc /* MADV_??? */) = -1 EINVAL (Invalid argument)
14:27:14.422838,60,mmap2(NULL, 1048576, PROT_READ|PROT_WRITE, MAP_PRIVATE|MAP_ANONYMOUS|MAP_NORESERVE, -1, 0) = 0xaf480000
14:27:14.423311,60,madvise(0xaf480000, 1048576, 0xc /* MADV_??? */) = -1 EINVAL (Invalid argument)
14:27:14.423797,60,mprotect(0xaf480000, 4096, PROT_NONE) = 0
14:27:14.424354,60,clone(child_stack=0xaf57ff00, flags=CLONE_VM|CLONE_FS|CLONE_FILES|CLONE_SIGHAND|CLONE_THREAD|CLONE_SYSVSEM|0x400000) = 1028
14:27:14.428991,60,futex(0xb687d580, FUTEX_WAIT_PRIVATE, -324, NULL <unfinished ...>
14:27:14.429513,1028,set_tls(0xaf57ff00, 0xb88c22d0, 0xaf57fffc, 0x40, 0xaf57ff00) = 0
14:27:14.430142,1028,prctl(PR_SET_NAME, 0xaf57fe8c, 0, 0, 0) = 0
14:27:14.430696,1028,gettid() = 1028
14:27:14.431216,1028,futex(0xb687d580, FUTEX_WAKE_PRIVATE, 2147483647 <unfinished ...>
14:27:14.431535,60,<... futex resumed> ) = 0
14:27:14.431770,60,futex(0xb687d57c, FUTEX_WAIT_PRIVATE, 2, NULL <unfinished ...>
14:27:14.432037,1028,<... futex resumed> ) = 1
14:27:14.440669,1028,futex(0xb687d57c, FUTEX_WAKE_PRIVATE, 1) = 1
14:27:14.441102,1028,futex(0xb687d580, FUTEX_WAIT_PRIVATE, -326, NULL <unfinished ...>
14:27:14.441327,1027,<... prctl resumed> ) = 0
14:27:14.441728,1027,setgroups32(3, [1015, 3003, 1028]) = 0
14:27:14.443186,1027,setgid32(10050) = 0
14:27:14.443804,1027,open("/acct/uid/10050/tasks", O_RDWR|O_CREAT, 0666) = 24
14:27:14.444590,1027,write(24, "0", 1) = 1
14:27:14.445149,1027,close(24) = 0
14:27:14.445701,1027,setuid32(10050) = 0
14:27:14.446216,1027,personality(0xffffffff /* PER_??? */) = 8388608
14:27:14.446795,1027,personality(0x840000 /* PER_??? */) = 8388608
14:27:14.447248,1027,capset(0xbeb0a794, 0xbeb0a7a4) = 0
14:27:14.447815,1027,gettid() = 1027
14:27:14.448348,1027,access("/dev/cpuctl/tasks", F_OK) = 0
14:27:14.449058,1027,open("/dev/cpuctl/apps/tasks", O_WRONLY) = 24
14:27:14.449752,1027,open("/dev/cpuctl/apps/bg_non_interactive/tasks", O_WRONLY) = 25
14:27:14.450434,1027,futex(0xb6ed229c, FUTEX_WAKE_PRIVATE, 2147483647) = 0
14:27:14.450859,1027,write(24, "1027", 4) = 4
14:27:14.451315,60,<... futex resumed> ) = 0
14:27:14.451604,60,futex(0xb687d57c, FUTEX_WAKE_PRIVATE, 1) = 0
14:27:14.451978,60,futex(0xb687d580, FUTEX_WAKE_PRIVATE, 2147483647 <unfinished ...>
14:27:14.461060,1028,<... futex resumed> ) = 0
14:27:14.461346,1028,futex(0xb687d57c, FUTEX_WAIT_PRIVATE, 2, NULL <unfinished ...>
14:27:14.461647,1027,gettid( <unfinished ...>
14:27:14.461865,60,<... futex resumed> ) = 1
14:27:14.462113,60,futex(0xb687d57c, FUTEX_WAKE_PRIVATE, 1 <unfinished ...>
14:27:14.462355,1028,<... futex resumed> ) = 0
14:27:14.462662,1028,futex(0xb687d57c, FUTEX_WAKE_PRIVATE, 1) = 0
14:27:14.463110,1028,getpriority(PRIO_PROCESS, 1028) = 20
14:27:14.463639,1028,setpriority(PRIO_PROCESS, 1028, 0) = 0
14:27:14.465517,1028,futex(0xb88e9f28, FUTEX_WAIT_PRIVATE, 2, NULL <unfinished ...>
14:27:14.466573,60,<... futex resumed> ) = 1
14:27:14.466850,60,futex(0xb88e9f28, FUTEX_WAKE_PRIVATE, 1 <unfinished ...>
14:27:14.467128,1028,<... futex resumed> ) = 0
14:27:14.467404,1028,futex(0xb88e9f28, FUTEX_WAKE_PRIVATE, 1) = 0
14:27:14.467990,1028,futex(0xb8908808, FUTEX_WAIT_PRIVATE, 0, NULL <unfinished ...>
14:27:14.468213,60,<... futex resumed> ) = 1
14:27:14.468675,60,mmap2(NULL, 32768, PROT_READ|PROT_WRITE, MAP_PRIVATE|MAP_ANONYMOUS, -1, 0) = 0xaf478000
14:27:14.469137,60,madvise(0xaf478000, 32768, 0xc /* MADV_??? */) = -1 EINVAL (Invalid argument)
14:27:14.469605,60,mmap2(NULL, 1048576, PROT_READ|PROT_WRITE, MAP_PRIVATE|MAP_ANONYMOUS|MAP_NORESERVE, -1, 0) = 0xaf378000
14:27:14.470103,60,madvise(0xaf378000, 1048576, 0xc /* MADV_??? */ <unfinished ...>
14:27:14.481777,1027,<... gettid resumed> ) = 1027
14:27:14.481986,60,<... madvise resumed> ) = -1 EINVAL (Invalid argument)
14:27:14.482241,60,mprotect(0xaf378000, 4096, PROT_NONE) = 0
14:27:14.482719,60,clone(child_stack=0xaf477f00, flags=CLONE_VM|CLONE_FS|CLONE_FILES|CLONE_SIGHAND|CLONE_THREAD|CLONE_SYSVSEM|0x400000) = 1029
14:27:14.484641,60,futex(0xb687d580, FUTEX_WAIT_PRIVATE, -328, NULL <unfinished ...>
14:27:14.487562,1029,set_tls(0xaf477f00, 0xb88d1090, 0xaf477ffc, 0x40, 0xaf477f00) = 0
14:27:14.488115,1029,prctl(PR_SET_NAME, 0xaf477e8c, 0, 0, 0) = 0
14:27:14.488703,1029,gettid() = 1029
14:27:14.489255,1029,futex(0xb687d580, FUTEX_WAKE_PRIVATE, 2147483647 <unfinished ...>
14:27:14.489561,60,<... futex resumed> ) = 0
14:27:14.489800,60,futex(0xb687d57c, FUTEX_WAIT_PRIVATE, 2, NULL <unfinished ...>
14:27:14.490061,1029,<... futex resumed> ) = 1
14:27:14.490313,1029,futex(0xb687d57c, FUTEX_WAKE_PRIVATE, 1 <unfinished ...>
14:27:14.490595,60,<... futex resumed> ) = 0
14:27:14.490832,60,futex(0xb687d57c, FUTEX_WAKE_PRIVATE, 1) = 0
14:27:14.491207,60,futex(0xb687d580, FUTEX_WAKE_PRIVATE, 2147483647 <unfinished ...>
14:27:14.500224,1029,<... futex resumed> ) = 1
14:27:14.500540,1029,futex(0xb687d580, FUTEX_WAIT_PRIVATE, -330, NULL) = -1 EAGAIN (Try again)
14:27:14.500960,1029,futex(0xb687d57c, FUTEX_WAIT_PRIVATE, 2, NULL <unfinished ...>
14:27:14.501169,60,<... futex resumed> ) = 0
14:27:14.501427,60,futex(0xb687d57c, FUTEX_WAKE_PRIVATE, 1 <unfinished ...>
14:27:14.501671,1029,<... futex resumed> ) = 0
14:27:14.501904,1029,futex(0xb687d57c, FUTEX_WAKE_PRIVATE, 1) = 0
14:27:14.502280,1029,getpriority(PRIO_PROCESS, 1029) = 20
14:27:14.502687,1029,setpriority(PRIO_PROCESS, 1029, 0) = 0
14:27:14.503320,1029,sched_yield() = 0
14:27:14.503785,1029,nanosleep({0, 1000000}, <unfinished ...>
14:27:14.504195,60,<... futex resumed> ) = 1
14:27:14.504833,60,mmap2(NULL, 32768, PROT_READ|PROT_WRITE, MAP_PRIVATE|MAP_ANONYMOUS, -1, 0) = 0xaf370000
14:27:14.505277,60,madvise(0xaf370000, 32768, 0xc /* MADV_??? */) = -1 EINVAL (Invalid argument)
14:27:14.505840,60,mmap2(NULL, 1048576, PROT_READ|PROT_WRITE, MAP_PRIVATE|MAP_ANONYMOUS|MAP_NORESERVE, -1, 0) = 0xaf270000
14:27:14.506247,60,madvise(0xaf270000, 1048576, 0xc /* MADV_??? */) = -1 EINVAL (Invalid argument)
14:27:14.506688,60,mprotect(0xaf270000, 4096, PROT_NONE) = 0
14:27:14.507111,60,clone( <unfinished ...>
14:27:14.508745,1029,<... nanosleep resumed> NULL) = 0
14:27:14.510438,1029,futex(0xb8903bb8, FUTEX_WAIT_PRIVATE, 0, NULL <unfinished ...>
14:27:14.510742,60,<... clone resumed> child_stack=0xaf36ff00, flags=CLONE_VM|CLONE_FS|CLONE_FILES|CLONE_SIGHAND|CLONE_THREAD|CLONE_SYSVSEM|0x400000) = 1030
14:27:14.511153,60,futex(0xb687d580, FUTEX_WAIT_PRIVATE, -332, NULL <unfinished ...>
14:27:14.511679,1030,set_tls(0xaf36ff00, 0xb88cef50, 0xaf36fffc, 0x40, 0xaf36ff00) = 0
14:27:14.512210,1030,prctl(PR_SET_NAME, 0xaf36fe8c, 0, 0, 0) = 0
14:27:14.512704,1030,gettid() = 1030
14:27:14.513189,1030,futex(0xb687d580, FUTEX_WAKE_PRIVATE, 2147483647 <unfinished ...>
14:27:14.513510,60,<... futex resumed> ) = 0
14:27:14.513757,60,futex(0xb687d57c, FUTEX_WAIT_PRIVATE, 2, NULL <unfinished ...>
14:27:14.514032,1030,<... futex resumed> ) = 1
14:27:14.514294,1030,futex(0xb687d57c, FUTEX_WAKE_PRIVATE, 1 <unfinished ...>
14:27:14.514585,60,<... futex resumed> ) = 0
14:27:14.514877,60,futex(0xb687d57c, FUTEX_WAKE_PRIVATE, 1) = 0
14:27:14.515253,60,futex(0xb687d580, FUTEX_WAKE_PRIVATE, 2147483647) = 0
14:27:14.515861,60,getpgid(0xe8) = 60
14:27:14.516385,60,setpgid(1027, 60) = 0
14:27:14.517041,60,sendmsg(23, {msg_name(0)=NULL, msg_iov(1)=[{"\0\0\4\3", 4}], msg_controllen=0, msg_flags=0}, MSG_NOSIGNAL) = 4
14:27:14.517999,60,sendmsg(23, {msg_name(0)=NULL, msg_iov(1)=[{"\0", 1}], msg_controllen=0, msg_flags=0}, MSG_NOSIGNAL) = 1
14:27:14.518782,60,select(24, [9 23], NULL, NULL, NULL <unfinished ...>
14:27:14.519249,1030,<... futex resumed> ) = 1
14:27:14.519581,1030,futex(0xb687d580, FUTEX_WAIT_PRIVATE, -334, NULL) = -1 EAGAIN (Try again)
14:27:14.520084,1030,getpriority(PRIO_PROCESS, 1030) = 20
14:27:14.520555,1030,setpriority(PRIO_PROCESS, 1030, 0) = 0
14:27:14.521071,1030,futex(0xb890bef0, FUTEX_WAIT_PRIVATE, 0, NULL <unfinished ...>
14:27:14.541272,1027,writev(3, [{"\3", 1}, {"dalvikvm\0", 9}, {"Not late-enabling CheckJNI (alre"..., 40}], 3) = 50
14:27:14.542510,1027,prctl(PR_SET_DUMPABLE, 1) = 0
14:27:14.542999,1027,setrlimit(RLIMIT_CORE, {rlim_cur=0, rlim_max=RLIM64_INFINITY}) = 0
14:27:14.544162,1027,sigaction(SIGCHLD, {SIG_DFL, , NULL, 0) = 0
14:27:14.555071,1027,clock_gettime(CLOCK_MONOTONIC, {113, 475782296}) = 0
14:27:14.561239,1027,mmap2(NULL, 1048576, PROT_READ|PROT_WRITE, MAP_PRIVATE|MAP_ANONYMOUS|MAP_NORESERVE, -1, 0) = 0xaf480000
14:27:14.570422,1027,madvise(0xaf480000, 1048576, 0xc /* MADV_??? */) = -1 EINVAL (Invalid argument)
14:27:14.571009,1027,mprotect(0xaf480000, 4096, PROT_NONE) = 0
14:27:14.571700,1027,clone(child_stack=0xaf57ff00, flags=CLONE_VM|CLONE_FS|CLONE_FILES|CLONE_SIGHAND|CLONE_THREAD|CLONE_SYSVSEM|0x400000) = 1031
14:27:14.575236,1027,futex(0xb687d580, FUTEX_WAIT_PRIVATE, -324, NULL <unfinished ...>
14:27:14.641672,1031,set_tls(0xaf57ff00, 0xb88c22d0, 0xaf57fffc, 0x40, 0xaf57ff00) = 0
14:27:14.642172,1031,prctl(PR_SET_NAME, 0xaf57feac, 0, 0, 0) = 0
14:27:14.642926,1031,mmap2(NULL, 32768, PROT_READ|PROT_WRITE, MAP_PRIVATE|MAP_ANONYMOUS, -1, 0) = 0xaf478000
14:27:14.643702,1031,madvise(0xaf478000, 32768, 0xc /* MADV_??? */) = -1 EINVAL (Invalid argument)
14:27:14.644271,1031,gettid() = 1031
14:27:14.646122,1031,getpriority(PRIO_PROCESS, 0) = 20
14:27:14.647554,1031,futex(0xb687d580, FUTEX_WAKE_PRIVATE, 2147483647 <unfinished ...>
14:27:14.647926,1027,<... futex resumed> ) = 0
14:27:14.648744,1027,futex(0xb687d57c, FUTEX_WAIT_PRIVATE, 2, NULL <unfinished ...>
14:27:14.649155,1031,<... futex resumed> ) = 1
14:27:14.649493,1031,futex(0xb687d57c, FUTEX_WAKE_PRIVATE, 1 <unfinished ...>
14:27:14.649792,1027,<... futex resumed> ) = 0
14:27:14.650065,1027,futex(0xb687d57c, FUTEX_WAKE_PRIVATE, 1) = 0
14:27:14.650556,1027,clock_gettime(CLOCK_MONOTONIC, {113, 570873724}) = 0
14:27:14.651065,1027,clock_gettime(CLOCK_MONOTONIC, {113, 571380943}) = 0
14:27:14.660776,1027,mmap2(NULL, 1048576, PROT_READ|PROT_WRITE, MAP_PRIVATE|MAP_ANONYMOUS|MAP_NORESERVE, -1, 0 <unfinished ...>
14:27:14.661193,1031,<... futex resumed> ) = 1
14:27:14.661616,1027,<... mmap2 resumed> ) = 0xaf378000
14:27:14.661950,1027,madvise(0xaf378000, 1048576, 0xc /* MADV_??? */) = -1 EINVAL (Invalid argument)
14:27:14.662479,1027,mprotect(0xaf378000, 4096, PROT_NONE) = 0
14:27:14.662991,1027,clone(child_stack=0xaf477f00, flags=CLONE_VM|CLONE_FS|CLONE_FILES|CLONE_SIGHAND|CLONE_THREAD|CLONE_SYSVSEM|0x400000) = 1032
14:27:14.665316,1027,futex(0xb687d580, FUTEX_WAIT_PRIVATE, -326, NULL <unfinished ...>
14:27:14.665825,1031,futex(0xb87d39a8, FUTEX_WAIT_PRIVATE, 0, NULL <unfinished ...>
14:27:14.705373,1032,set_tls(0xaf477f00, 0xb88d1090, 0xaf477ffc, 0x40, 0xaf477f00) = 0
14:27:14.706042,1032,prctl(PR_SET_NAME, 0xaf477eac, 0, 0, 0) = 0
14:27:14.706578,1032,mmap2(NULL, 32768, PROT_READ|PROT_WRITE, MAP_PRIVATE|MAP_ANONYMOUS, -1, 0) = 0xaf370000
14:27:14.707099,1032,madvise(0xaf370000, 32768, 0xc /* MADV_??? */) = -1 EINVAL (Invalid argument)
14:27:14.707593,1032,gettid() = 1032
14:27:14.708488,1032,getpriority(PRIO_PROCESS, 0) = 20
14:27:14.709136,1032,futex(0xb687d580, FUTEX_WAKE_PRIVATE, 2147483647 <unfinished ...>
14:27:14.709500,1027,<... futex resumed> ) = 0
14:27:14.709795,1027,futex(0xb687d57c, FUTEX_WAIT_PRIVATE, 2, NULL <unfinished ...>
14:27:14.710070,1032,<... futex resumed> ) = 1
14:27:14.710343,1032,futex(0xb687d57c, FUTEX_WAKE_PRIVATE, 1 <unfinished ...>
14:27:14.710670,1027,<... futex resumed> ) = 0
14:27:14.710959,1027,futex(0xb687d57c, FUTEX_WAKE_PRIVATE, 1) = 0
14:27:14.711476,1027,clock_gettime(CLOCK_MONOTONIC, {113, 631829654}) = 0
14:27:14.730506,1027,clock_gettime(CLOCK_MONOTONIC, <unfinished ...>
14:27:14.730735,1032,<... futex resumed> ) = 1
14:27:14.732947,1027,<... clock_gettime resumed> {113, 652923249}) = 0
14:27:14.734900,1027,mmap2(NULL, 1048576, PROT_READ|PROT_WRITE, MAP_PRIVATE|MAP_ANONYMOUS|MAP_NORESERVE, -1, 0) = 0xaf270000
14:27:14.735498,1027,madvise(0xaf270000, 1048576, 0xc /* MADV_??? */) = -1 EINVAL (Invalid argument)
14:27:14.736011,1027,mprotect(0xaf270000, 4096, PROT_NONE) = 0
14:27:14.738470,1027,clone( <unfinished ...>
14:27:14.755233,1032,rt_sigtimedwait([QUIT USR1 RT_7 RT_13 RT_14 RT_15 RT_18 RT_19 RT_21 RT_22 RT_23 RT_24 RT_26 RT_27 RT_29 RT_30], NULL, NULL, 8 <unfinished ...>
14:27:14.756844,1027,<... clone resumed> child_stack=0xaf36ff00, flags=CLONE_VM|CLONE_FS|CLONE_FILES|CLONE_SIGHAND|CLONE_THREAD|CLONE_SYSVSEM|0x400000) = 1033
14:27:14.757269,1027,futex(0xb687d580, FUTEX_WAIT_PRIVATE, -328, NULL <unfinished ...>
14:27:14.785867,1033,set_tls(0xaf36ff00, 0xb88b18c0, 0xaf36fffc, 0x40, 0xaf36ff00) = 0
14:27:14.786967,1033,prctl(PR_SET_NAME, 0xaf36feac, 0, 0, 0) = 0
14:27:14.787562,1033,mmap2(NULL, 32768, PROT_READ|PROT_WRITE, MAP_PRIVATE|MAP_ANONYMOUS, -1, 0) = 0xaf268000
14:27:14.788113,1033,madvise(0xaf268000, 32768, 0xc /* MADV_??? */) = -1 EINVAL (Invalid argument)
14:27:14.788680,1033,gettid() = 1033
14:27:14.789589,1033,getpriority(PRIO_PROCESS, 0) = 20
14:27:14.790221,1033,futex(0xb687d580, FUTEX_WAKE_PRIVATE, 2147483647 <unfinished ...>
14:27:14.790852,1027,<... futex resumed> ) = 0
14:27:14.791114,1033,<... futex resumed> ) = 1
14:27:14.791446,1033,futex(0xb88c0e68, FUTEX_WAIT_PRIVATE, 2, NULL <unfinished ...>
14:27:14.810681,1027,futex(0xb88c0e68, FUTEX_WAKE_PRIVATE, 1 <unfinished ...>
14:27:14.822097,1033,<... futex resumed> ) = 0
14:27:14.822481,1033,futex(0xb88c0e6c, FUTEX_WAKE_PRIVATE, 2147483647) = 0
14:27:14.822959,1033,futex(0xb88c0e68, FUTEX_WAKE_PRIVATE, 1) = 0
14:27:14.823449,1033,socket(PF_UNIX, SOCK_STREAM, 0) = 26
14:27:14.824265,1033,pipe([27, 28]) = 0
14:27:14.825063,1033,getpid() = 1027
14:27:14.825678,1033,connect(26, {sa_family=AF_UNIX, path=@"jdwp-control"...}, 15) = 0
14:27:14.827244,1033,getsockopt(26, SOL_SOCKET, SO_PEERCRED, {pid=67, uid=0, gid=0}, [12]) = 0
14:27:14.828119,1033,sendto(26, "0403", 4, 0, NULL, 0) = 4
14:27:14.829198,1033,recvmsg(26, <unfinished ...>
14:27:14.829947,1027,<... futex resumed> ) = 1
14:27:14.830716,1027,futex(0xb88c0e6c, FUTEX_WAIT_PRIVATE, 0, NULL) = -1 EAGAIN (Try again)
14:27:14.831759,1027,clock_gettime(CLOCK_MONOTONIC, {113, 752156264}) = 0
14:27:14.834042,1027,mmap2(NULL, 32768, PROT_READ|PROT_WRITE, MAP_PRIVATE|MAP_ANONYMOUS, -1, 0) = 0xaf260000
14:27:14.834678,1027,madvise(0xaf260000, 32768, 0xc /* MADV_??? */) = -1 EINVAL (Invalid argument)
14:27:14.835240,1027,mmap2(NULL, 1048576, PROT_READ|PROT_WRITE, MAP_PRIVATE|MAP_ANONYMOUS|MAP_NORESERVE, -1, 0) = 0xad2d3000
14:27:14.836509,1027,madvise(0xad2d3000, 1048576, 0xc /* MADV_??? */) = -1 EINVAL (Invalid argument)
14:27:14.837040,1027,mprotect(0xad2d3000, 4096, PROT_NONE) = 0
14:27:14.837680,1027,clone(child_stack=0xad3d2f00, flags=CLONE_VM|CLONE_FS|CLONE_FILES|CLONE_SIGHAND|CLONE_THREAD|CLONE_SYSVSEM|0x400000) = 1034
14:27:14.840608,1027,futex(0xb687d580, FUTEX_WAIT_PRIVATE, -330, NULL <unfinished ...>
14:27:14.841112,1034,set_tls(0xad3d2f00, 0xb88cef50, 0xad3d2ffc, 0x40, 0xad3d2f00) = 0
14:27:14.841948,1034,prctl(PR_SET_NAME, 0xad3d2e8c, 0, 0, 0) = 0
14:27:14.842518,1034,gettid() = 1034
14:27:14.843285,1034,futex(0xb687d580, FUTEX_WAKE_PRIVATE, 2147483647) = 1
14:27:14.843854,1027,<... futex resumed> ) = 0
14:27:14.844191,1027,futex(0xb687d57c, FUTEX_WAIT_PRIVATE, 2, NULL <unfinished ...>
14:27:14.844583,1034,futex(0xb687d57c, FUTEX_WAKE_PRIVATE, 1) = 1
14:27:14.845090,1027,<... futex resumed> ) = 0
14:27:14.845434,1027,futex(0xb687d57c, FUTEX_WAKE_PRIVATE, 1) = 0
14:27:14.846065,1027,futex(0xb687d580, FUTEX_WAKE_PRIVATE, 2147483647) = 0
14:27:14.846959,1027,mmap2(NULL, 32768, PROT_READ|PROT_WRITE, MAP_PRIVATE|MAP_ANONYMOUS, -1, 0) = 0xad2cb000
14:27:14.847524,1027,madvise(0xad2cb000, 32768, 0xc /* MADV_??? */) = -1 EINVAL (Invalid argument)
14:27:14.848080,1027,mmap2(NULL, 1048576, PROT_READ|PROT_WRITE, MAP_PRIVATE|MAP_ANONYMOUS|MAP_NORESERVE, -1, 0) = 0xad1cb000
14:27:14.848609,1027,madvise(0xad1cb000, 1048576, 0xc /* MADV_??? */) = -1 EINVAL (Invalid argument)
14:27:14.849229,1027,mprotect(0xad1cb000, 4096, PROT_NONE) = 0
14:27:14.849780,1027,clone( <unfinished ...>
14:27:14.873095,1034,futex(0xb687d580, FUTEX_WAIT_PRIVATE, -332, NULL <unfinished ...>
14:27:14.894952,1027,<... clone resumed> child_stack=0xad2caf00, flags=CLONE_VM|CLONE_FS|CLONE_FILES|CLONE_SIGHAND|CLONE_THREAD|CLONE_SYSVSEM|0x400000) = 1035
14:27:14.895347,1027,futex(0xb687d580, FUTEX_WAIT_PRIVATE, -334, NULL <unfinished ...>
14:27:14.895740,1034,<... futex resumed> ) = -1 EAGAIN (Try again)
14:27:14.896065,1034,getpriority(PRIO_PROCESS, 1034) = 20
14:27:14.896650,1034,setpriority(PRIO_PROCESS, 1034, 0) = 0
14:27:14.897369,1034,futex(0xb88d27a0, FUTEX_WAIT_PRIVATE, 0, NULL <unfinished ...>
14:27:14.897733,1035,set_tls(0xad2caf00, 0xb88e9c70, 0xad2caffc, 0x40, 0xad2caf00) = 0
14:27:14.898207,1035,prctl(PR_SET_NAME, 0xad2cae8c, 0, 0, 0) = 0
14:27:14.898753,1035,gettid() = 1035
14:27:14.899404,1035,futex(0xb687d580, FUTEX_WAKE_PRIVATE, 2147483647) = 1
14:27:14.900004,1027,<... futex resumed> ) = 0
14:27:14.900302,1027,futex(0xb687d57c, FUTEX_WAIT_PRIVATE, 2, NULL <unfinished ...>
14:27:14.900652,1035,futex(0xb687d57c, FUTEX_WAKE_PRIVATE, 1) = 1
14:27:14.901101,1027,<... futex resumed> ) = 0
14:27:14.901427,1027,futex(0xb687d57c, FUTEX_WAKE_PRIVATE, 1) = 0
14:27:14.901928,1027,futex(0xb687d580, FUTEX_WAKE_PRIVATE, 2147483647) = 0
14:27:14.902982,1027,mmap2(NULL, 32768, PROT_READ|PROT_WRITE, MAP_PRIVATE|MAP_ANONYMOUS, -1, 0 <unfinished ...>
14:27:14.921158,1035,futex(0xb687d580, FUTEX_WAIT_PRIVATE, -336, NULL) = -1 EAGAIN (Try again)
14:27:14.921752,1035,getpriority(PRIO_PROCESS, 1035) = 20
14:27:14.922206,1035,setpriority(PRIO_PROCESS, 1035, 0) = 0
14:27:14.922814,1035,futex(0xb88ed278, FUTEX_WAIT_PRIVATE, 0, NULL <unfinished ...>
14:27:14.923103,1027,<... mmap2 resumed> ) = 0xad1c3000
14:27:14.923423,1027,madvise(0xad1c3000, 32768, 0xc /* MADV_??? */) = -1 EINVAL (Invalid argument)
14:27:14.923943,1027,mmap2(NULL, 1048576, PROT_READ|PROT_WRITE, MAP_PRIVATE|MAP_ANONYMOUS|MAP_NORESERVE, -1, 0) = 0xad0c3000
14:27:14.926320,1027,madvise(0xad0c3000, 1048576, 0xc /* MADV_??? */) = -1 EINVAL (Invalid argument)
14:27:14.927972,1027,mprotect(0xad0c3000, 4096, PROT_NONE) = 0
14:27:14.928632,1027,clone(child_stack=0xad1c2f00, flags=CLONE_VM|CLONE_FS|CLONE_FILES|CLONE_SIGHAND|CLONE_THREAD|CLONE_SYSVSEM|0x400000) = 1036
14:27:14.960517,1027,futex(0xb687d580, FUTEX_WAIT_PRIVATE, -338, NULL <unfinished ...>
14:27:14.960883,1036,set_tls(0xad1c2f00, 0xb8914d70, 0xad1c2ffc, 0x40, 0xad1c2f00) = 0
14:27:14.961509,1036,prctl(PR_SET_NAME, 0xad1c2e8c, 0, 0, 0) = 0
14:27:14.961966,1036,gettid() = 1036
14:27:14.962435,1036,futex(0xb687d580, FUTEX_WAKE_PRIVATE, 2147483647 <unfinished ...>
14:27:14.962779,1027,<... futex resumed> ) = 0
14:27:14.963062,1027,futex(0xb687d57c, FUTEX_WAIT_PRIVATE, 2, NULL <unfinished ...>
14:27:14.963323,1036,<... futex resumed> ) = 1
14:27:14.963627,1036,futex(0xb687d57c, FUTEX_WAKE_PRIVATE, 1 <unfinished ...>
14:27:14.963903,1027,<... futex resumed> ) = 0
14:27:14.964245,1027,futex(0xb687d57c, FUTEX_WAKE_PRIVATE, 1) = 0
14:27:14.964769,1027,futex(0xb687d580, FUTEX_WAKE_PRIVATE, 2147483647) = 0
14:27:14.966684,1027,close(23) = 0
14:27:14.967589,1027,close(9) = 0
14:27:14.969331,1027,open("/dev/binder", O_RDWR) = 9
14:27:14.982044,1036,<... futex resumed> ) = 1
14:27:14.982441,1027,fcntl64(9, F_SETFD, FD_CLOEXEC) = 0
14:27:14.983156,1027,ioctl(9, 0xc0046209, 0xbeb0a638) = 0
14:27:14.983926,1027,ioctl(9, 0x40046205, 0xbeb0a63c) = 0
14:27:14.984512,1027,mmap2(NULL, 1040384, PROT_READ, MAP_PRIVATE|MAP_NORESERVE, 9, 0) = 0xacfc5000
14:27:14.985178,1027,madvise(0xacfc5000, 1040384, 0xc /* MADV_??? */) = -1 EINVAL (Invalid argument)
14:27:14.985787,1027,prctl(PR_SET_NAME, 0xb88d2869, 0, 0, 0) = 0
14:27:14.986385,1027,open("/sys/qemu_trace/process_name", O_RDWR) = 23
14:27:14.987209,1027,write(23, "com.software.application\0", 25) = 25
14:27:14.987955,1027,close(23) = 0
14:27:14.990355,1036,futex(0xb687d580, FUTEX_WAIT_PRIVATE, -340, NULL) = -1 EAGAIN (Try again)
14:27:14.990996,1036,getpriority(PRIO_PROCESS, 1036) = 20
14:27:14.991559,1036,setpriority(PRIO_PROCESS, 1036, 0) = 0
14:27:14.992243,1036,futex(0xb88f35d0, FUTEX_WAIT_PRIVATE, 0, NULL <unfinished ...>
14:27:15.191324,1027,mmap2(NULL, 1048576, PROT_READ|PROT_WRITE, MAP_PRIVATE|MAP_ANONYMOUS|MAP_NORESERVE, -1, 0) = 0xacec5000
14:27:15.212363,1027,madvise(0xacec5000, 1048576, 0xc /* MADV_??? */) = -1 EINVAL (Invalid argument)
14:27:15.212960,1027,mprotect(0xacec5000, 4096, PROT_NONE) = 0
14:27:15.213687,1027,clone(child_stack=0xacfc4f00, flags=CLONE_VM|CLONE_FS|CLONE_FILES|CLONE_SIGHAND|CLONE_THREAD|CLONE_SYSVSEM|0x400000) = 1039
14:27:15.217215,1027,writev(3, [{"\4", 1}, {"dalvikvm\0", 9}, {"Turning on JNI app bug workaroun"..., 63}], 3) = 73
14:27:15.242638,1039,set_tls(0xacfc4f00, 0xb88aba88, 0xacfc4ffc, 0x40, 0xacfc4f00) = 0
14:27:15.243162,1039,setpriority(PRIO_PROCESS, 0, 0) = 0
14:27:15.243886,1039,futex(0xb6ec10b0, FUTEX_WAKE_PRIVATE, 2147483647) = 0
14:27:15.244386,1039,gettid() = 1039
14:27:15.244923,1039,write(24, "1039", 4) = 4
14:27:15.251981,1039,prctl(PR_SET_NAME, 0xb88c1b70, 0, 0, 0) = 0
14:27:15.252572,1039,mmap2(NULL, 32768, PROT_READ|PROT_WRITE, MAP_PRIVATE|MAP_ANONYMOUS, -1, 0) = 0xacebd000
14:27:15.253175,1039,madvise(0xacebd000, 32768, 0xc /* MADV_??? */) = -1 EINVAL (Invalid argument)
14:27:15.253846,1039,gettid() = 1039
14:27:15.254599,1039,getpriority(PRIO_PROCESS, 0) = 20
14:27:15.255169,1039,gettid() = 1039
14:27:15.256126,1039,gettid() = 1039
14:27:15.257332,1039,getpid() = 1027
14:27:15.257820,1039,getuid32() = 10050
14:27:15.258465,1039,write(24, "1039", 4) = 4
14:27:15.259027,1039,ioctl(9, 0xc0186201, 0xacfc4e28) = 0
14:27:15.259694,1039,mmap2(NULL, 1048576, PROT_READ|PROT_WRITE, MAP_PRIVATE|MAP_ANONYMOUS|MAP_NORESERVE, -1, 0) = 0xacdbd000
14:27:15.260222,1039,madvise(0xacdbd000, 1048576, 0xc /* MADV_??? */) = -1 EINVAL (Invalid argument)
14:27:15.270854,1027,prctl(PR_SET_NAME, 0xb88c167a, 0, 0, 0 <unfinished ...>
14:27:15.271215,1039,mprotect(0xacdbd000, 4096, PROT_NONE <unfinished ...>
14:27:15.271563,1027,<... prctl resumed> ) = 0
14:27:15.271822,1039,<... mprotect resumed> ) = 0
14:27:15.272610,1027,open("/sys/qemu_trace/process_name", O_RDWR <unfinished ...>
14:27:15.273152,1039,clone( <unfinished ...>
14:27:15.273582,1027,<... open resumed> ) = 23
14:27:15.275500,1027,write(23, "<pre-initialized>\0", 18 <unfinished ...>
14:27:15.275875,1039,<... clone resumed> child_stack=0xacebcf00, flags=CLONE_VM|CLONE_FS|CLONE_FILES|CLONE_SIGHAND|CLONE_THREAD|CLONE_SYSVSEM|0x400000) = 1041
14:27:15.278807,1027,<... write resumed> ) = 18
14:27:15.279204,1039,write(24, "1039", 4) = 4
14:27:15.292463,1027,close(23 <unfinished ...>
14:27:15.292784,1039,ioctl(9, 0xc0186201 <unfinished ...>
14:27:15.293180,1027,<... close resumed> ) = 0
14:27:15.294729,1027,futex(0xb6ec10c0, FUTEX_WAKE_PRIVATE, 2147483647) = 0
14:27:15.295303,1027,pipe([23, 29]) = 0
14:27:15.296077,1027,fcntl64(23, F_SETFL, O_RDONLY|O_NONBLOCK) = 0
14:27:15.296754,1027,fcntl64(29, F_SETFL, O_RDONLY|O_NONBLOCK) = 0
14:27:15.297349,1027,epoll_create(0x8) = 30
14:27:15.297900,1027,epoll_ctl(0x1e, 0x1, 0x17, 0xbeb0a300) = 0
14:27:15.300278,1041,set_tls(0xacebcf00, 0xb87f1548, 0xacebcffc, 0x40, 0xacebcf00) = 0
14:27:15.300777,1041,setpriority(PRIO_PROCESS, 0, 0) = 0
14:27:15.301429,1041,gettid() = 1041
14:27:15.301921,1041,write(24, "1041", 4) = 4
14:27:15.302668,1041,prctl(PR_SET_NAME, 0xb88b1930, 0, 0, 0) = 0
14:27:15.303318,1041,mmap2(NULL, 32768, PROT_READ|PROT_WRITE, MAP_PRIVATE|MAP_ANONYMOUS, -1, 0) = 0xacdb5000
14:27:15.303904,1041,madvise(0xacdb5000, 32768, 0xc /* MADV_??? */) = -1 EINVAL (Invalid argument)
14:27:15.304784,1041,gettid() = 1041
14:27:15.305427,1041,getpriority(PRIO_PROCESS, 0) = 20
14:27:15.306497,1041,gettid() = 1041
14:27:15.306952,1041,gettid() = 1041
14:27:15.307385,1041,getpid() = 1027
14:27:15.307903,1041,getuid32() = 10050
14:27:15.308473,1041,write(24, "1041", 4) = 4
14:27:15.309187,1041,ioctl(9, 0xc0186201, 0xacebce28) = 0
14:27:15.309825,1041,write(24, "1041", 4) = 4
14:27:15.310359,1041,ioctl(9, 0xc0186201 <unfinished ...>
14:27:15.324170,1027,gettid() = 1027
14:27:15.324901,1027,getpid() = 1027
14:27:15.325556,1027,getuid32() = 10050
14:27:15.328094,1027,getpid() = 1027
14:27:15.328827,1027,gettid() = 1027
14:27:15.329335,1027,clock_gettime(CLOCK_MONOTONIC, {114, 249677804}) = 0
14:27:15.329930,1027,ioctl(9, 0xc0186201, 0xbeb0a1f0) = 0
14:27:15.341992,1027,clock_gettime(CLOCK_MONOTONIC, {114, 262332871}) = 0
14:27:15.343939,1027,getpid() = 1027
14:27:15.344541,1027,gettid() = 1027
14:27:15.345090,1027,clock_gettime(CLOCK_MONOTONIC, {114, 265414829}) = 0
14:27:15.345698,1027,ioctl(9, 0xc0186201, 0xbeb0a1f0) = 0
14:27:15.348162,1027,ioctl(9, 0xc0186201 <unfinished ...>
14:27:15.663211,1039,<... ioctl resumed> , 0xacfc4e28) = 0
14:27:15.666168,1039,write(24, "1039", 4) = 4
14:27:15.672602,1039,getpriority(PRIO_PROCESS, 1039) = 20
14:27:15.741582,1027,<... ioctl resumed> , 0xbeb0a1f0) = 0
14:27:15.742040,1027,clock_gettime(CLOCK_MONOTONIC, {114, 662383339}) = 0
14:27:15.742716,1027,getpid() = 1027
14:27:15.743440,1027,open("/proc/1027/cmdline", O_RDONLY) = 31
14:27:15.744278,1027,fstat64(31, {st_mode=S_IFREG|0444, st_size=0, ...}) = 0
14:27:15.746671,1027,mprotect(0xb6566000, 4096, PROT_READ|PROT_WRITE) = 0
14:27:15.747242,1027,mprotect(0xb6566000, 4096, PROT_READ) = 0
14:27:15.747845,1027,read(31, "<pre-initialized>\0\0\0\0\0\0\0\0\0\0\0\0\0\0\0"..., 1024) = 76
14:27:15.748926,1027,close(31) = 0
14:27:15.749656,1027,ioctl(9, 0xc0186201, 0xbeb09110) = 0
14:27:15.750810,1027,ioctl(9, 0xc0186201, 0xbeb09110) = 0
14:27:15.751486,1027,writev(5, [{"$Ë\0\0", 4}, {"\3\5\2\34\0\0\0android.app.IActivityMana"..., 73}], 2) = 77
14:27:15.762304,1027,mprotect(0xb161f000, 8192, PROT_READ|PROT_WRITE) = 0
14:27:15.766167,1027,getpid() = 1027
14:27:15.766943,1027,getuid32() = 10050
14:27:15.767479,1027,getpid() = 1027
14:27:15.768161,1027,getuid32() = 10050
14:27:15.768955,1027,epoll_wait(0x1e, 0xbeb0a1f8, 0x10, 0) = 0
14:27:15.769696,1027,clock_gettime(CLOCK_MONOTONIC, {114, 690175501}) = 0
14:27:15.770610,1027,ioctl(9, 0xc0186201, 0xbeb0a328) = 0
14:27:15.781684,1027,epoll_wait(0x1e, 0xbeb0a1f8, 0x10, 0xffffffff <unfinished ...>
14:27:15.911157,1039,clock_gettime(CLOCK_MONOTONIC, {114, 838888608}) = 0
14:27:15.919518,1039,write(29, "W", 1 <unfinished ...>
14:27:15.919917,1027,<... epoll_wait resumed> ) = 1
14:27:15.933236,1039,<... write resumed> ) = 1
14:27:15.933676,1027,read(23, "W", 16) = 1
14:27:15.934338,1027,clock_gettime(CLOCK_MONOTONIC, {114, 854738991}) = 0
14:27:15.936680,1027,open("/sys/kernel/debug/tracing/trace_marker", O_WRONLY) = -1 ENOENT (No such file or directory)
14:27:15.937744,1027,writev(3, [{"\6", 1}, {"Trace\0", 6}, {"error opening trace file: No suc"..., 56}], 3) = 63
14:27:15.940142,1027,getpid() = 1027
14:27:15.940843,1027,getuid32() = 10050
14:27:15.941667,1027,epoll_wait(0x1e, 0xbeb0a1f8, 0x10, 0 <unfinished ...>
14:27:15.951284,1039,clock_gettime(CLOCK_MONOTONIC, <unfinished ...>
14:27:15.951741,1027,<... epoll_wait resumed> ) = 0
14:27:15.952264,1027,clock_gettime(CLOCK_MONOTONIC, {114, 872649979}) = 0
14:27:15.955202,1027,epoll_wait(0x1e, 0xbeb0a1f8, 0x10, 0xffffffff <unfinished ...>
14:27:15.955915,1039,<... clock_gettime resumed> {114, 875960709}) = 0
14:27:15.956541,1039,write(29, "W", 1 <unfinished ...>
14:27:15.956997,1027,<... epoll_wait resumed> ) = 1
14:27:15.958468,1027,read(23, "W", 16) = 1
14:27:15.970504,1027,clock_gettime(CLOCK_MONOTONIC, <unfinished ...>
14:27:15.970979,1039,<... write resumed> ) = 1
14:27:15.971413,1027,<... clock_gettime resumed> {114, 891385869}) = 0
14:27:15.972909,1027,prctl(PR_SET_NAME, 0xb87f1d51, 0, 0, 0) = 0
14:27:15.973744,1027,open("/sys/qemu_trace/process_name", O_RDWR) = 31
14:27:15.974620,1027,write(31, "com.software.application\0", 25) = 25
14:27:15.975347,1027,close(31) = 0
14:27:15.981982,1027,ioctl(9, 0xc0186201, 0xbeb0a0c8) = 0
14:27:16.000796,1039,write(24, "1039", 4 <unfinished ...>
14:27:16.001160,1027,ioctl(9, 0xc0186201, 0xbeb0a108) = 0
14:27:16.002368,1027,ioctl(9, 0xc0186201, 0xbeb0a108) = 0
14:27:16.003345,1027,ioctl(9, 0xc0186201, 0xbeb0a0c8) = 0
14:27:16.005239,1027,ioctl(9, 0xc0186201, 0xbeb0a0c8) = 0
14:27:16.005912,1027,dup(31) = 32
14:27:16.006586,1027,mmap2(NULL, 4096, PROT_READ, MAP_SHARED, 32, 0) = 0xacdb4000
14:27:16.007225,1027,close(31) = 0
14:27:16.008094,1027,dup(32) = 31
14:27:16.010105,1027,getpid() = 1027
14:27:16.011024,1027,gettid( <unfinished ...>
14:27:16.020622,1039,<... write resumed> ) = 4
14:27:16.021054,1027,<... gettid resumed> ) = 1027
14:27:16.021523,1039,ioctl(9, 0xc0186201 <unfinished ...>
14:27:16.022058,1027,clock_gettime(CLOCK_MONOTONIC, <unfinished ...>
14:27:16.022542,1039,<... ioctl resumed> , 0xacfc4e28) = 0
14:27:16.023076,1027,<... clock_gettime resumed> {114, 943024418}) = 0
14:27:16.023711,1039,write(24, "1039", 4 <unfinished ...>
14:27:16.024474,1027,ioctl(9, 0xc0186201 <unfinished ...>
14:27:16.024793,1039,<... write resumed> ) = 4
14:27:16.025155,1027,<... ioctl resumed> , 0xbeb0a1f0) = 0
14:27:16.025560,1039,getpriority(PRIO_PROCESS, 1039 <unfinished ...>
14:27:16.026841,1027,ioctl(9, 0xc0186201 <unfinished ...>
14:27:16.027172,1039,<... getpriority resumed> ) = 20
14:27:16.027567,1027,<... ioctl resumed> , 0xbeb0a1f0) = 0
14:27:16.032860,1027,clock_gettime(CLOCK_MONOTONIC, {114, 953301662}) = 0
14:27:16.037652,1027,getuid32() = 10050
14:27:16.040401,1027,stat64("/system/framework/framework-res.apk", {st_mode=S_IFREG|0644, st_size=8749696, ...}) = 0
14:27:16.042090,1027,access("/vendor/overlay/framework/framework-res.apk", R_OK) = -1 ENOENT (No such file or directory)
14:27:16.043339,1027,stat64("/data/app/com.software.application-1.apk", <unfinished ...>
14:27:16.096848,1039,clock_gettime(CLOCK_MONOTONIC, <unfinished ...>
14:27:16.097198,1027,<... stat64 resumed> {st_mode=S_IFREG|0644, st_size=188653, ...}) = 0
14:27:16.098161,1039,<... clock_gettime resumed> {115, 18234999}) = 0
14:27:16.100034,1027,stat64("/system/framework/framework-res.apk", {st_mode=S_IFREG|0644, st_size=8749696, ...}) = 0
14:27:16.101954,1027,stat64("/data/app/com.software.application-1.apk", {st_mode=S_IFREG|0644, st_size=188653, ...}) = 0
14:27:16.103517,1027,open("/data/app/com.software.application-1.apk", O_RDONLY) = 33
14:27:16.104306,1027,_llseek(33, 0, [188653], SEEK_END) = 0
14:27:16.105056,1027,mmap2(NULL, 69632, PROT_READ|PROT_WRITE, MAP_PRIVATE|MAP_ANONYMOUS, -1, 0) = 0xacda3000
14:27:16.105709,1027,madvise(0xacda3000, 69632, 0xc /* MADV_??? */) = -1 EINVAL (Invalid argument)
14:27:16.106308,1027,_llseek(33, 0, [0], SEEK_SET) = 0
14:27:16.106937,1027,read(33, "PK\3\4", 4) = 4
14:27:16.107578,1027,_llseek(33, 123096, [123096], SEEK_SET) = 0
14:27:16.108143,1027,read(33, "N\32<ùL·\16\17\6_Úe³ù\217¾mÝU\205\6ñv\3ñáÐçÍõØ,"..., 65557) = 65557
14:27:16.109268,1027,munmap(0xacda3000, 69632) = 0
14:27:16.109931,1027,mmap2(NULL, 4311, PROT_READ, MAP_SHARED, 33, 0x2d) = 0xacdb2000
14:27:16.110726,1027,pread(33, "PK\3\4\24\0\10\10\10\0îi)A\0\0\0\0\0\0\0\0\0\0\0\0\16\0\0\0", 30, 759792599564288) = 30
14:27:16.133551,1027,mmap2(NULL, 9900, PROT_READ, MAP_SHARED, 33, 0x2b) = 0xacdaf000
14:27:16.134500,1027,brk(0xb891f000) = 0xb891f000
14:27:16.137697,1027,futex(0xb87e80bc, FUTEX_WAIT_PRIVATE, 2, NULL <unfinished ...>
14:27:16.161147,1039,futex(0xb87e80bc, FUTEX_WAKE_PRIVATE, 1 <unfinished ...>
14:27:16.170963,1027,<... futex resumed> ) = 0
14:27:16.171341,1027,futex(0xb87e80bc, FUTEX_WAKE_PRIVATE, 1) = 0
14:27:16.172579,1027,gettimeofday({1740580036, 172802}, NULL) = 0
14:27:16.173923,1027,access("/data/data/com.software.application/cache", F_OK) = -1 ENOENT (No such file or directory)
14:27:16.175339,1027,access("/data/data/com.software.application/cache", F_OK) = -1 ENOENT (No such file or directory)
14:27:16.176923,1027,mkdir("/data/data/com.software.application/cache", 0700) = 0
14:27:16.178356,1027,chmod("/data/data/com.software.application/cache", 0771) = 0
14:27:16.179916,1027,getuid32() = 10050
14:27:16.180535,1027,getuid32() = 10050
14:27:16.181917,1027,getpid( <unfinished ...>
14:27:16.191299,1039,<... futex resumed> ) = 1
14:27:16.191701,1027,<... getpid resumed> ) = 1027
14:27:16.192128,1039,write(24, "1039", 4 <unfinished ...>
14:27:16.192572,1027,gettid( <unfinished ...>
14:27:16.192855,1039,<... write resumed> ) = 4
14:27:16.193330,1027,<... gettid resumed> ) = 1027
14:27:16.193692,1039,ioctl(9, 0xc0186201 <unfinished ...>
14:27:16.194017,1027,clock_gettime(CLOCK_MONOTONIC, {115, 114416011}) = 0
14:27:16.194852,1027,ioctl(9, 0xc0186201, 0xbeb0a1f0) = 0
14:27:16.196586,1027,ioctl(9, 0xc0186201, 0xbeb0a1f0) = 0
14:27:16.197244,1027,clock_gettime(CLOCK_MONOTONIC, {115, 117673056}) = 0
14:27:16.199905,1027,access("/data/data/com.software.application/cache/com.android.renderscript.cache", F_OK) = -1 ENOENT (No such file or directory)
14:27:16.201689,1027,mkdir("/data/data/com.software.application/cache/com.android.renderscript.cache", 0700) = 0
14:27:16.203238,1027,getpid() = 1027
14:27:16.203876,1027,gettid() = 1027
14:27:16.204489,1027,clock_gettime(CLOCK_MONOTONIC, {115, 124825944}) = 0
14:27:16.205077,1027,ioctl(9, 0xc0186201, 0xbeb0a1f0) = 0
14:27:16.206024,1027,clock_gettime(CLOCK_MONOTONIC, {115, 126368776}) = 0
14:27:16.207541,1027,getpid() = 1027
14:27:16.208199,1027,gettid() = 1027
14:27:16.208812,1027,clock_gettime(CLOCK_MONOTONIC, {115, 129234040}) = 0
14:27:16.209592,1027,ioctl(9, 0xc0186201, 0xbeb0a1f0) = 0
14:27:16.220561,1027,ioctl(9, 0xc0186201, 0xbeb0a1f0) = 0
14:27:16.221290,1027,clock_gettime(CLOCK_MONOTONIC, {115, 141680356}) = 0
14:27:16.223769,1027,writev(3, [{"\5", 1}, {"DroidBox\0", 9}, {"DroidBox: { \"DexClassLoader\": { "..., 87}], 3) = 97
14:27:16.227293,1027,access("/data/app/com.software.application-1.apk", F_OK) = 0
14:27:16.228285,1027,access("/data/app/com.software.application-1.apk", R_OK) = 0
14:27:16.229201,1027,stat64("/data/app/com.software.application-1.apk", {st_mode=S_IFREG|0644, st_size=188653, ...}) = 0
14:27:16.234181,1027,open("/data/app/com.software.application-1.apk", O_RDONLY) = 34
14:27:16.235508,1027,fstat64(34, {st_mode=S_IFREG|0644, st_size=188653, ...}) = 0
14:27:16.237123,1027,fstat64(34, {st_mode=S_IFREG|0644, st_size=188653, ...}) = 0
14:27:16.238556,1027,_llseek(34, 188631, [188631], SEEK_SET) = 0
14:27:16.239855,1027,read(34, "PK\5\6", 4) = 4
14:27:16.250074,1027,fgetxattr(34, "user.taint", 0xbeb0a484, 4) = -1 ENODATA (No data available)
14:27:16.252566,1027,clock_gettime(CLOCK_MONOTONIC, {115, 172952061}) = 0
14:27:16.253256,1027,getpid() = 1027
14:27:16.253888,1027,readlink("/proc/1027/fd/34", "/data/app/com.software.application-1.apk"..., 120) = 40
14:27:16.255875,1027,read(34, "\0\0\0\0\"\0\"\0\33\n\0\0¼Ö\2\0\0\0", 18) = 18
14:27:16.256949,1027,fgetxattr(34, "user.taint", 0xbeb0a484, 4) = -1 ENODATA (No data available)
14:27:16.259074,1027,clock_gettime(CLOCK_MONOTONIC, {115, 179482975}) = 0
14:27:16.259792,1027,getpid() = 1027
14:27:16.272658,1027,readlink("/proc/1027/fd/34", "/data/app/com.software.application-1.apk"..., 120) = 40
14:27:16.274256,1027,fstat64(34, {st_mode=S_IFREG|0644, st_size=188653, ...}) = 0
14:27:16.275744,1027,_llseek(34, 186044, [186044], SEEK_SET) = 0
14:27:16.276642,1027,read(34, "PK\1\2\24\0\24\0\10\10\10\0íi)A\215E\223»\35\4\0\0q\n\0\0\24\0\0\0"..., 2609) = 2609
14:27:16.277659,1027,fgetxattr(34, "user.taint", 0xbeb0a484, 4) = -1 ENODATA (No data available)
14:27:16.279784,1027,clock_gettime(CLOCK_MONOTONIC, {115, 210547543}) = 0
14:27:16.290938,1027,getpid() = 1027
14:27:16.291587,1027,readlink("/proc/1027/fd/34", "/data/app/com.software.application-1.apk"..., 120) = 40
14:27:16.298025,1027,open("/data/app/com.software.application-1.apk", O_RDONLY) = 35
14:27:16.298875,1027,lseek(35, 0, SEEK_END) = 188653
14:27:16.299506,1027,mmap2(NULL, 69632, PROT_READ|PROT_WRITE, MAP_PRIVATE|MAP_ANONYMOUS, -1, 0) = 0xacd9e000
14:27:16.300053,1027,madvise(0xacd9e000, 69632, 0xc /* MADV_??? */) = -1 EINVAL (Invalid argument)
14:27:16.312354,1027,lseek(35, 123096, SEEK_SET) = 123096
14:27:16.313318,1027,read(35, "N\32<ùL·\16\17\6_Úe³ù\217¾mÝU\205\6ñv\3ñáÐçÍõØ,"..., 65557) = 65557
14:27:16.314387,1027,mmap2(NULL, 4311, PROT_READ, MAP_SHARED, 35, 0x2d) = 0xacd9c000
14:27:16.314980,1027,munmap(0xacd9e000, 69632) = 0
14:27:16.315708,1027,fcntl64(35, F_GETFD) = 0
14:27:16.316250,1027,fcntl64(35, F_SETFD, FD_CLOEXEC) = 0
14:27:16.316794,1027,open("/data/app/com.software.application-1.odex", O_RDONLY) = -1 ENOENT (No such file or directory)
14:27:16.318268,1027,open("/data/dalvik-cache/data@app@com.software.application-1.apk@classes.dex", O_RDWR|O_CREAT, 0644) = -1 EACCES (Permission denied)
14:27:16.319638,1027,open("/data/dalvik-cache/data@app@com.software.application-1.apk@classes.dex", O_RDONLY) = 36
14:27:16.320728,1027,flock(36, LOCK_EX|LOCK_NB) = 0
14:27:16.331655,1027,fstat64(36, {st_mode=S_IFREG|0644, st_size=50944, ...}) = 0
14:27:16.332851,1027,stat64("/data/dalvik-cache/data@app@com.software.application-1.apk@classes.dex", {st_mode=S_IFREG|0644, st_size=50944, ...}) = 0
14:27:16.334468,1027,lseek(36, 0, SEEK_SET) = 0
14:27:16.335120,1027,read(36, "dey\n036\0(\0\0\0è¾\0\0\20¿\0\0Ö\1\0\0èÀ\0\0\30\6\0\0"..., 40) = 40
14:27:16.336381,1027,lseek(36, 48912, SEEK_SET) = 48912
14:27:16.337150,1027,read(36, "íi)ANßàQ\34\0\0\0\10\0\0\0\34\0\0\0/system/fram"..., 470) = 470
14:27:16.338898,1027,lseek(36, 0, SEEK_SET) = 0
14:27:16.339717,1027,lseek(36, 0, SEEK_CUR) = 0
14:27:16.352269,1027,lseek(36, 0, SEEK_END) = 50944
14:27:16.352967,1027,lseek(36, 0, SEEK_SET) = 0
14:27:16.353665,1027,mmap2(NULL, 50944, PROT_READ|PROT_WRITE, MAP_PRIVATE, 36, 0) = 0xacda2000
14:27:16.354376,1027,madvise(0xacda2000, 50944, 0xc /* MADV_??? */) = -1 EINVAL (Invalid argument)
14:27:16.355039,1027,mprotect(0xacda2000, 50944, PROT_READ) = 0
14:27:16.355725,1027,open("/dev/ashmem", O_RDWR) = 37
14:27:16.356466,1027,ioctl(37, 0x41007701, 0xbeb0a254) = 0
14:27:16.357005,1027,ioctl(37, 0x40047703, 0x2000) = 0
14:27:16.357598,1027,mmap2(NULL, 8192, PROT_READ|PROT_WRITE, MAP_PRIVATE, 37, 0) = 0xacda0000
14:27:16.358203,1027,madvise(0xacda0000, 8192, 0xc /* MADV_??? */) = -1 EINVAL (Invalid argument)
14:27:16.358893,1027,close(37) = 0
14:27:16.359710,1027,flock(36, LOCK_UN) = 0
14:27:16.360362,1027,close(36) = 0
14:27:16.374684,1027,access("/data/data/com.software.application/lib", F_OK) = 0
14:27:16.380690,1027,access("/data/data/com.software.application/lib", R_OK) = 0
14:27:16.381606,1027,stat64("/data/data/com.software.application/lib", {st_mode=S_IFDIR|0755, st_size=4096, ...}) = 0
14:27:16.384032,1027,access("/vendor/lib", F_OK) = -1 ENOENT (No such file or directory)
14:27:16.385250,1027,access("/system/lib", F_OK) = 0
14:27:16.385992,1027,access("/system/lib", R_OK) = 0
14:27:16.386685,1027,stat64("/system/lib", {st_mode=S_IFDIR|0755, st_size=8192, ...}) = 0
14:27:16.388059,1027,getuid32() = 10050
14:27:16.389014,1027,getpid() = 1027
14:27:16.389590,1027,gettid() = 1027
14:27:16.390110,1027,clock_gettime(CLOCK_MONOTONIC, {115, 310451639}) = 0
14:27:16.402372,1027,ioctl(9, 0xc0186201, 0xbeb0a1f0) = 0
14:27:16.418753,1027,ioctl(9, 0xc0186201, 0xbeb0a1f0) = 0
14:27:16.419367,1027,clock_gettime(CLOCK_MONOTONIC, {115, 339865379}) = 0
14:27:16.424183,1027,gettimeofday({1740580036, 424378}, NULL) = 0
14:27:16.425563,1027,getpid() = 1027
14:27:16.426134,1027,getuid32() = 10050
14:27:16.426703,1027,epoll_wait(0x1e, 0xbeb0a1f8, 0x10, 0) = 0
14:27:16.427497,1027,clock_gettime(CLOCK_MONOTONIC, {115, 348119217}) = 0
14:27:16.428741,1027,stat64("/system/framework/framework-res.apk", {st_mode=S_IFREG|0644, st_size=8749696, ...}) = 0
14:27:16.430975,1027,stat64("/data/app/com.software.application-1.apk", {st_mode=S_IFREG|0644, st_size=188653, ...}) = 0
14:27:16.445255,1027,mprotect(0xb1620000, 8192, PROT_READ|PROT_WRITE) = 0
14:27:16.450054,1027,gettimeofday({1740580036, 450262}, NULL) = 0
14:27:16.451132,1027,getuid32() = 10050
14:27:16.470766,1027,stat64("/system/framework/framework-res.apk", {st_mode=S_IFREG|0644, st_size=8749696, ...}) = 0
14:27:16.472693,1027,stat64("/data/app/com.software.application-1.apk", {st_mode=S_IFREG|0644, st_size=188653, ...}) = 0
14:27:16.493170,1027,getpid() = 1027
14:27:16.493918,1027,gettid() = 1027
14:27:16.494597,1027,clock_gettime(CLOCK_MONOTONIC, {115, 415052849}) = 0
14:27:16.495479,1027,ioctl(9, 0xc0186201, 0xbeb0a1f0) = 0
14:27:16.497163,1027,clock_gettime(CLOCK_MONOTONIC, {115, 417521974}) = 0
14:27:16.498141,1027,getpid() = 1027
14:27:16.498744,1027,gettid() = 1027
14:27:16.499256,1027,clock_gettime(CLOCK_MONOTONIC, {115, 419701164}) = 0
14:27:16.499983,1027,ioctl(9, 0xc0186201, 0xbeb0a1f0) = 0
14:27:16.501565,1027,clock_gettime(CLOCK_MONOTONIC, {115, 422030001}) = 0
14:27:16.514834,1027,getpid() = 1027
14:27:16.515601,1027,gettid() = 1027
14:27:16.516396,1027,clock_gettime(CLOCK_MONOTONIC, {115, 436799062}) = 0
14:27:16.517119,1027,ioctl(9, 0xc0186201, 0xbeb0a1f0) = 0
14:27:16.518483,1027,clock_gettime(CLOCK_MONOTONIC, {115, 438841203}) = 0
14:27:16.520272,1027,getpid() = 1027
14:27:16.530815,1027,gettid() = 1027
14:27:16.540893,1027,clock_gettime(CLOCK_MONOTONIC, {115, 461252991}) = 0
14:27:16.541807,1027,ioctl(9, 0xc0186201, 0xbeb0a1f0) = 0
14:27:16.543958,1027,ioctl(9, 0xc0186201, 0xbeb0a1f0) = 0
14:27:16.544747,1027,clock_gettime(CLOCK_MONOTONIC, {115, 465095982}) = 0
14:27:16.570807,1027,pread(18, "PK\3\4\24\0\10\0\10\0\31\r\2208úFVÇ]\2\0\0X\5\0\0\33\0\0\0", 30, 13584255707774976) = 30
14:27:16.571812,1027,mmap2(NULL, 1381, PROT_READ, MAP_SHARED, 18, 0x304) = 0xacd9f000
14:27:16.573271,1027,munmap(0xacd9f000, 1381) = 0
14:27:16.593880,1027,pread(18, "PK\3\4\24\0\10\0\10\0\31\r\220822Ì|Ä\0\0\0\200\1\0\0\32\0\0\0", 30, 13047522234728448) = 30
14:27:16.594868,1027,mmap2(NULL, 2979, PROT_READ, MAP_SHARED, 18, 0x2e5) = 0xacd9f000
14:27:16.596123,1027,munmap(0xacd9f000, 2979) = 0
14:27:16.598868,1027,pread(18, "PK\3\4\n\0\0\0\0\0\31\r\2208ï^ðýÊ\0\0\0Ê\0\0\0*\0\1\0", 30, 1548829631447040) = 30
14:27:16.599814,1027,mmap2(NULL, 442, PROT_READ, MAP_SHARED, 18, 0x58) = 0xacd9f000
14:27:16.610917,1027,sigprocmask(SIG_BLOCK, [], [QUIT USR1 PIPE]) = 0
14:27:16.634044,1027,sigprocmask(SIG_BLOCK, [], [QUIT USR1 PIPE]) = 0
14:27:16.634947,1027,sigprocmask(SIG_BLOCK, [], [QUIT USR1 PIPE]) = 0
14:27:16.636616,1027,sigprocmask(SIG_BLOCK, [], [QUIT USR1 PIPE]) = 0
14:27:16.637958,1027,brk(0xb8927000) = 0xb8927000
14:27:16.715476,1027,munmap(0xacd9f000, 442) = 0
14:27:16.821613,1027,clock_gettime(CLOCK_MONOTONIC, {115, 741960048}) = 0
14:27:16.832908,1027,pread(33, "PK\3\4\24\0\10\10\10\0îi)A\0\0\0\0\0\0\0\0\0\0\0\0\23\0\0\0", 30, 639739673706496) = 30
14:27:16.833891,1027,mmap2(NULL, 2662, PROT_READ, MAP_SHARED, 33, 0x24) = 0xacd9f000
14:27:16.834998,1027,munmap(0xacd9f000, 2662) = 0
14:27:16.872966,1027,pread(33, "PK\3\4\24\0\10\10\10\0îi)A\0\0\0\0\0\0\0\0\0\0\0\0(\0\0\0", 30, 169578193747968) = 30
14:27:16.873855,1027,mmap2(NULL, 2964, PROT_READ, MAP_SHARED, 33, 0x9) = 0xacd9f000
14:27:16.874654,1027,munmap(0xacd9f000, 2964) = 0
14:27:16.876540,1027,pread(33, "PK\3\4\n\0\0\10\0\0îi)Aëq5ÅN\2\0\0N\2\0\0$\0\0\0", 30, 17867063951360) = 30
14:27:16.877303,1027,mmap2(NULL, 720, PROT_READ, MAP_SHARED, 33, 0x1) = 0xacd9f000
14:27:16.878230,1027,sigprocmask(SIG_BLOCK, [], [QUIT USR1 PIPE]) = 0
14:27:16.879046,1027,sigprocmask(SIG_BLOCK, [], [QUIT USR1 PIPE]) = 0
14:27:16.879709,1027,sigprocmask(SIG_BLOCK, [], [QUIT USR1 PIPE]) = 0
14:27:16.880367,1027,sigprocmask(SIG_BLOCK, [], [QUIT USR1 PIPE]) = 0
14:27:16.915034,1027,munmap(0xacd9f000, 720) = 0
14:27:16.916737,1027,pread(33, "PK\3\4\n\0\0\10\0\0îi)AÝ§F¡B\2\0\0B\2\0\0\34\0\0\0", 30, 15135464751104) = 30
14:27:16.917693,1027,mmap2(NULL, 4160, PROT_READ, MAP_SHARED, 33, 0) = 0xacd9e000
14:27:16.918737,1027,sigprocmask(SIG_BLOCK, [], [QUIT USR1 PIPE]) = 0
14:27:16.919396,1027,sigprocmask(SIG_BLOCK, [], [QUIT USR1 PIPE]) = 0
14:27:16.920649,1027,sigprocmask(SIG_BLOCK, [], [QUIT USR1 PIPE]) = 0
14:27:16.921294,1027,sigprocmask(SIG_BLOCK, [], [QUIT USR1 PIPE]) = 0
14:27:16.925047,1027,munmap(0xacd9e000, 4160) = 0
14:27:16.925823,1027,clock_gettime(CLOCK_MONOTONIC, {115, 846151827}) = 0
