14:04:41.940525,1010,futex(0xb7f87f28, FUTEX_WAIT_PRIVATE, 0, NULL <unfinished ...>
14:04:41.950647,1006,futex(0xb7f7fbf0, FUTEX_WAIT_PRIVATE, 0, NULL <unfinished ...>
14:04:41.951038,1005,futex(0xb7f84840, FUTEX_WAIT_PRIVATE, 0, NULL <unfinished ...>
14:04:41.971218,60,select(24, [9 23], NULL, NULL, NULL) = ? ERESTARTNOHAND (To be restarted)
14:04:43.999871,60,--- {si_signo=SIGCHLD, si_code=CLD_KILLED, si_pid=573, si_status=SIGKILL, si_utime=9, si_stime=11} (Child exited) ---
14:04:44.001015,60,wait4(-1, [{WIFSIGNALED(s) && WTERMSIG(s) == SIGKILL}], WNOHANG, NULL) = 573
14:04:44.002368,60,wait4(-1, 0xbefae2dc, WNOHANG, NULL) = 0
14:04:44.002887,60,sigreturn() = ? (mask now [INT FPE KILL ALRM TERM STOP TSTP XCPU VTALRM PROF IO PWR RTMIN])
14:04:44.031133,60,select(24, [9 23], NULL, NULL, NULL) = 1 (in [23])
14:04:45.269154,60,ioctl(23, FIONREAD, [160]) = 0
14:04:45.270604,60,recvmsg(23, {msg_name(0)=NULL, msg_iov(1)=[{"7\n--runtime-init\n--setuid=10050\n"..., 4217}], msg_controllen=0, msg_flags=0}, MSG_NOSIGNAL) = 160
14:04:45.290853,60,ioctl(23, FIONREAD, [0]) = 0
14:04:45.292583,60,futex(0xb7f84840, FUTEX_WAKE_PRIVATE, 1 <unfinished ...>
14:04:45.292920,1005,<... futex resumed> ) = 0
14:04:45.293362,1005,futex(0xb7f84830, FUTEX_WAIT_PRIVATE, 2, NULL <unfinished ...>
14:04:45.293628,60,<... futex resumed> ) = 1
14:04:45.293951,60,futex(0xb7f84830, FUTEX_WAKE_PRIVATE, 1 <unfinished ...>
14:04:45.294308,1005,<... futex resumed> ) = 0
14:04:45.294636,1005,futex(0xb7f84830, FUTEX_WAKE_PRIVATE, 1) = 0
14:04:45.295688,1005,futex(0xb68e657c, FUTEX_WAIT_PRIVATE, 2, NULL <unfinished ...>
14:04:45.296062,60,<... futex resumed> ) = 1
14:04:45.308176,60,futex(0xb68e657c, FUTEX_WAKE_PRIVATE, 1 <unfinished ...>
14:04:45.308466,1005,<... futex resumed> ) = 0
14:04:45.308746,1005,futex(0xb68e657c, FUTEX_WAKE_PRIVATE, 1) = 0
14:04:45.309218,1005,munmap(0xb0f52000, 32768) = 0
14:04:45.310419,1005,sigprocmask(SIG_SETMASK, ~[SEGV], NULL) = 0
14:04:45.311600,1005,munmap(0xaf4e9000, 1048576) = 0
14:04:45.327399,1005,exit(0) = ?
14:04:45.332675,60,<... futex resumed> ) = 1
14:04:45.333240,60,futex(0xb7f7fbf0, FUTEX_WAKE_PRIVATE, 1 <unfinished ...>
14:04:45.333584,1006,<... futex resumed> ) = 0
14:04:45.333942,1006,futex(0xb7f7fbe0, FUTEX_WAIT_PRIVATE, 2, NULL <unfinished ...>
14:04:45.334485,60,<... futex resumed> ) = 1
14:04:45.334903,60,futex(0xb7f7fbe0, FUTEX_WAKE_PRIVATE, 1 <unfinished ...>
14:04:45.335499,1006,<... futex resumed> ) = 0
14:04:45.335975,1006,futex(0xb7f7fbe0, FUTEX_WAKE_PRIVATE, 1) = 0
14:04:45.337430,1006,futex(0xb68e657c, FUTEX_WAIT_PRIVATE, 2, NULL <unfinished ...>
14:04:45.337837,60,<... futex resumed> ) = 1
14:04:45.338446,60,futex(0xb68e657c, FUTEX_WAKE_PRIVATE, 1 <unfinished ...>
14:04:45.338877,1006,<... futex resumed> ) = 0
14:04:45.339340,1006,futex(0xb68e657c, FUTEX_WAKE_PRIVATE, 1) = 0
14:04:45.340037,1006,munmap(0xaf4e1000, 32768) = 0
14:04:45.340747,1006,sigprocmask(SIG_SETMASK, ~[SEGV], NULL) = 0
14:04:45.341604,1006,munmap(0xaf3e1000, 1048576) = 0
14:04:45.342440,1006,exit(0) = ?
14:04:45.343518,60,<... futex resumed> ) = 1
14:04:45.343927,60,futex(0xb7f87f28, FUTEX_WAKE_PRIVATE, 1 <unfinished ...>
14:04:45.344455,1010,<... futex resumed> ) = 0
14:04:45.344840,1010,futex(0xb7f87f18, FUTEX_WAIT_PRIVATE, 2, NULL <unfinished ...>
14:04:45.345506,60,<... futex resumed> ) = 1
14:04:45.345946,60,futex(0xb7f87f18, FUTEX_WAKE_PRIVATE, 1) = 1
14:04:45.346700,60,futex(0xb7e51da0, FUTEX_WAIT_PRIVATE, -144, NULL <unfinished ...>
14:04:45.349932,1010,<... futex resumed> ) = 0
14:04:45.351593,1010,futex(0xb7f87f18, FUTEX_WAKE_PRIVATE, 1) = 0
14:04:45.353344,1010,futex(0xb7e51da0, FUTEX_WAKE_PRIVATE, 1) = 1
14:04:45.366302,1010,munmap(0xaf3d9000, 32768) = 0
14:04:45.367291,1010,sigprocmask(SIG_SETMASK, ~[SEGV], NULL) = 0
14:04:45.368129,1010,munmap(0xaf2d9000, 1048576) = 0
14:04:45.369259,1010,exit(0) = ?
14:04:45.372203,60,<... futex resumed> ) = 0
14:04:45.374758,60,open("/proc/self/task", O_RDONLY|O_DIRECTORY) = 24
14:04:45.376689,60,getdents64(24, /* 3 entries */, 4200) = 72
14:04:45.379120,60,getdents64(24, /* 0 entries */, 4200) = 0
14:04:45.380172,60,close(24) = 0
14:04:45.383243,60,sigaction(SIGCHLD, {0xb689e3dd, [], 0}, NULL, 0) = 0
14:04:45.387498,60,fork() = 1037
14:04:45.423476,60,mmap2(NULL, 32768, PROT_READ|PROT_WRITE, MAP_PRIVATE|MAP_ANONYMOUS, -1, 0) = 0xb0f52000
14:04:45.439112,1037,gettid( <unfinished ...>
14:04:45.439752,60,madvise(0xb0f52000, 32768, 0xc /* MADV_??? */ <unfinished ...>
14:04:45.441889,1037,<... gettid resumed> ) = 1037
14:04:45.442326,60,<... madvise resumed> ) = -1 EINVAL (Invalid argument)
14:04:45.443756,1037,getuid32( <unfinished ...>
14:04:45.444158,60,mmap2(NULL, 1048576, PROT_READ|PROT_WRITE, MAP_PRIVATE|MAP_ANONYMOUS|MAP_NORESERVE, -1, 0 <unfinished ...>
14:04:45.444858,1037,<... getuid32 resumed> ) = 0
14:04:45.445770,1037,open("/acct/uid/0/tasks", O_RDWR|O_CREAT, 0666) = 24
14:04:45.447903,1037,write(24, "0", 1) = 1
14:04:45.449704,1037,close(24) = 0
14:04:45.451105,1037,prctl(PR_SET_KEEPCAPS, 1) = 0
14:04:45.452358,1037,setgroups32(3, [3003, 1015, 1028]) = 0
14:04:45.453754,1037,setgid32(10050) = 0
14:04:45.466724,1037,open("/acct/uid/10050/tasks", O_RDWR|O_CREAT, 0666) = 24
14:04:45.468120,1037,write(24, "0", 1) = 1
14:04:45.468975,1037,close(24) = 0
14:04:45.470076,1037,setuid32(10050) = 0
14:04:45.471673,1037,personality(0xffffffff /* PER_??? */) = 8388608
14:04:45.472668,1037,personality(0x840000 /* PER_??? */) = 8388608
14:04:45.482120,1037,capset(0xbefae794, 0xbefae7a4) = 0
14:04:45.488015,1037,gettid() = 1037
14:04:45.488957,1037,access("/dev/cpuctl/tasks", F_OK) = 0
14:04:45.489927,1037,open("/dev/cpuctl/apps/tasks", O_WRONLY) = 24
14:04:45.490913,1037,open("/dev/cpuctl/apps/bg_non_interactive/tasks", O_WRONLY) = 25
14:04:45.491919,1037,futex(0xb6f3b29c, FUTEX_WAKE_PRIVATE, 2147483647) = 0
14:04:45.492543,1037,write(24, "1037", 4) = 4
14:04:45.493198,60,<... mmap2 resumed> ) = 0xaf4e9000
14:04:45.493573,60,madvise(0xaf4e9000, 1048576, 0xc /* MADV_??? */) = -1 EINVAL (Invalid argument)
14:04:45.494239,60,mprotect(0xaf4e9000, 4096, PROT_NONE) = 0
14:04:45.495034,60,clone(child_stack=0xaf5e8f00, flags=CLONE_VM|CLONE_FS|CLONE_FILES|CLONE_SIGHAND|CLONE_THREAD|CLONE_SYSVSEM|0x400000) = 1038
14:04:45.496792,60,futex(0xb68e6580, FUTEX_WAIT_PRIVATE, -324, NULL <unfinished ...>
14:04:45.497669,1038,set_tls(0xaf5e8f00, 0xb7f3ec00, 0xaf5e8ffc, 0x40, 0xaf5e8f00) = 0
14:04:45.498842,1038,prctl(PR_SET_NAME, 0xaf5e8e8c, 0, 0, 0) = 0
14:04:45.499749,1038,gettid() = 1038
14:04:45.501343,1038,futex(0xb68e6580, FUTEX_WAKE_PRIVATE, 2147483647 <unfinished ...>
14:04:45.501826,60,<... futex resumed> ) = 0
14:04:45.502234,60,futex(0xb68e657c, FUTEX_WAIT_PRIVATE, 2, NULL <unfinished ...>
14:04:45.502690,1038,<... futex resumed> ) = 1
14:04:45.503127,1038,futex(0xb68e657c, FUTEX_WAKE_PRIVATE, 1 <unfinished ...>
14:04:45.503547,60,<... futex resumed> ) = 0
14:04:45.503963,60,futex(0xb68e657c, FUTEX_WAKE_PRIVATE, 1) = 0
14:04:45.504615,60,futex(0xb68e6580, FUTEX_WAKE_PRIVATE, 2147483647) = 0
14:04:45.506283,1038,<... futex resumed> ) = 1
14:04:45.506842,1038,futex(0xb68e6580, FUTEX_WAIT_PRIVATE, -326, NULL) = -1 EAGAIN (Try again)
14:04:45.507908,1038,getpriority(PRIO_PROCESS, 1038) = 20
14:04:45.508923,1038,setpriority(PRIO_PROCESS, 1038, 0) = 0
14:04:45.509841,1038,futex(0xb7f84840, FUTEX_WAIT_PRIVATE, 0, NULL <unfinished ...>
14:04:45.511004,60,mmap2(NULL, 32768, PROT_READ|PROT_WRITE, MAP_PRIVATE|MAP_ANONYMOUS, -1, 0) = 0xaf4e1000
14:04:45.514262,60,madvise(0xaf4e1000, 32768, 0xc /* MADV_??? */) = -1 EINVAL (Invalid argument)
14:04:45.515289,60,mmap2(NULL, 1048576, PROT_READ|PROT_WRITE, MAP_PRIVATE|MAP_ANONYMOUS|MAP_NORESERVE, -1, 0) = 0xaf3e1000
14:04:45.516329,60,madvise(0xaf3e1000, 1048576, 0xc /* MADV_??? */) = -1 EINVAL (Invalid argument)
14:04:45.517908,60,mprotect(0xaf3e1000, 4096, PROT_NONE) = 0
14:04:45.519497,60,clone( <unfinished ...>
14:04:45.536107,1039,futex(0xaf4e0f00, FUTEX_WAIT_PRIVATE, 2, NULL <unfinished ...>
14:04:45.536521,1037,gettid( <unfinished ...>
14:04:45.536834,60,<... clone resumed> child_stack=0xaf4e0f00, flags=CLONE_VM|CLONE_FS|CLONE_FILES|CLONE_SIGHAND|CLONE_THREAD|CLONE_SYSVSEM|0x400000) = 1039
14:04:45.537302,60,futex(0xaf4e0f00, FUTEX_WAKE_PRIVATE, 1 <unfinished ...>
14:04:45.537756,1039,<... futex resumed> ) = 0
14:04:45.538272,1039,set_tls(0xaf4e0f00, 0xb7e6d548, 0xaf4e0ffc, 0x40, 0xaf4e0f00) = 0
14:04:45.538996,1039,prctl(PR_SET_NAME, 0xaf4e0e8c, 0, 0, 0) = 0
14:04:45.540544,1039,gettid() = 1039
14:04:45.541303,1039,futex(0xb68e6580, FUTEX_WAKE_PRIVATE, 2147483647) = 0
14:04:45.541878,1039,futex(0xb68e6580, FUTEX_WAIT_PRIVATE, -330, NULL <unfinished ...>
14:04:45.542256,60,<... futex resumed> ) = 1
14:04:45.542603,60,futex(0xb68e6580, FUTEX_WAKE_PRIVATE, 2147483647 <unfinished ...>
14:04:45.542968,1039,<... futex resumed> ) = 0
14:04:45.543369,1039,futex(0xb68e657c, FUTEX_WAIT_PRIVATE, 2, NULL <unfinished ...>
14:04:45.543740,60,<... futex resumed> ) = 1
14:04:45.544153,60,futex(0xb68e657c, FUTEX_WAKE_PRIVATE, 1 <unfinished ...>
14:04:45.544488,1039,<... futex resumed> ) = 0
14:04:45.544871,1039,futex(0xb68e657c, FUTEX_WAKE_PRIVATE, 1) = 0
14:04:45.546262,1039,getpriority(PRIO_PROCESS, 1039) = 20
14:04:45.553831,1039,setpriority(PRIO_PROCESS, 1039, 0) = 0
14:04:45.554651,1039,sched_yield() = 0
14:04:45.555150,1039,nanosleep({0, 1000000}, <unfinished ...>
14:04:45.555601,1037,<... gettid resumed> ) = 1037
14:04:45.555798,60,<... futex resumed> ) = 1
14:04:45.556281,60,mmap2(NULL, 32768, PROT_READ|PROT_WRITE, MAP_PRIVATE|MAP_ANONYMOUS, -1, 0) = 0xaf3d9000
14:04:45.556745,60,madvise(0xaf3d9000, 32768, 0xc /* MADV_??? */) = -1 EINVAL (Invalid argument)
14:04:45.557277,60,mmap2(NULL, 1048576, PROT_READ|PROT_WRITE, MAP_PRIVATE|MAP_ANONYMOUS|MAP_NORESERVE, -1, 0) = 0xaf2d9000
14:04:45.557757,60,madvise(0xaf2d9000, 1048576, 0xc /* MADV_??? */) = -1 EINVAL (Invalid argument)
14:04:45.558188,60,mprotect(0xaf2d9000, 4096, PROT_NONE) = 0
14:04:45.558666,60,clone( <unfinished ...>
14:04:45.563060,1039,<... nanosleep resumed> NULL) = 0
14:04:45.563505,1039,futex(0xb7f7fbf0, FUTEX_WAIT_PRIVATE, 0, NULL <unfinished ...>
14:04:45.563753,60,<... clone resumed> child_stack=0xaf3d8f00, flags=CLONE_VM|CLONE_FS|CLONE_FILES|CLONE_SIGHAND|CLONE_THREAD|CLONE_SYSVSEM|0x400000) = 1040
14:04:45.564086,60,futex(0xb68e6580, FUTEX_WAIT_PRIVATE, -332, NULL <unfinished ...>
14:04:45.564525,1040,set_tls(0xaf3d8f00, 0xb7e68028, 0xaf3d8ffc, 0x40, 0xaf3d8f00) = 0
14:04:45.566069,1040,prctl(PR_SET_NAME, 0xaf3d8e8c, 0, 0, 0) = 0
14:04:45.566698,1040,gettid() = 1040
14:04:45.567297,1040,futex(0xb68e6580, FUTEX_WAKE_PRIVATE, 2147483647 <unfinished ...>
14:04:45.567602,60,<... futex resumed> ) = 0
14:04:45.567870,60,futex(0xb68e657c, FUTEX_WAIT_PRIVATE, 2, NULL <unfinished ...>
14:04:45.568206,1040,<... futex resumed> ) = 1
14:04:45.568486,1040,futex(0xb68e657c, FUTEX_WAKE_PRIVATE, 1 <unfinished ...>
14:04:45.568752,60,<... futex resumed> ) = 0
14:04:45.569014,60,futex(0xb68e657c, FUTEX_WAKE_PRIVATE, 1) = 0
14:04:45.569466,60,futex(0xb68e6580, FUTEX_WAKE_PRIVATE, 2147483647) = 0
14:04:45.570111,60,getpgid(0xea) = 60
14:04:45.570601,60,setpgid(1037, 60) = 0
14:04:45.571213,60,sendmsg(23, {msg_name(0)=NULL, msg_iov(1)=[{"\0\0\4\r", 4}], msg_controllen=0, msg_flags=0}, MSG_NOSIGNAL) = 4
14:04:45.572227,60,sendmsg(23, {msg_name(0)=NULL, msg_iov(1)=[{"\0", 1}], msg_controllen=0, msg_flags=0}, MSG_NOSIGNAL) = 1
14:04:45.573015,60,select(24, [9 23], NULL, NULL, NULL <unfinished ...>
14:04:45.573422,1040,<... futex resumed> ) = 1
14:04:45.573711,1040,futex(0xb68e6580, FUTEX_WAIT_PRIVATE, -334, NULL) = -1 EAGAIN (Try again)
14:04:45.576634,1040,getpriority(PRIO_PROCESS, 1040) = 20
14:04:45.584322,1040,setpriority(PRIO_PROCESS, 1040, 0) = 0
14:04:45.587905,1040,futex(0xb7f87f28, FUTEX_WAIT_PRIVATE, 0, NULL <unfinished ...>
14:04:45.590778,1037,prctl(PR_SET_DUMPABLE, 1) = 0
14:04:45.604866,1037,setrlimit(RLIMIT_CORE, {rlim_cur=0, rlim_max=RLIM64_INFINITY}) = 0
14:04:45.605743,1037,sigaction(SIGCHLD, {SIG_DFL, , NULL, 0) = 0
14:04:45.606361,1037,clock_gettime(CLOCK_MONOTONIC, {126, 234227244}) = 0
14:04:45.607751,1037,mmap2(NULL, 1048576, PROT_READ|PROT_WRITE, MAP_PRIVATE|MAP_ANONYMOUS|MAP_NORESERVE, -1, 0) = 0xaf4e9000
14:04:45.608445,1037,madvise(0xaf4e9000, 1048576, 0xc /* MADV_??? */) = -1 EINVAL (Invalid argument)
14:04:45.609035,1037,mprotect(0xaf4e9000, 4096, PROT_NONE) = 0
14:04:45.609667,1037,clone(child_stack=0xaf5e8f00, flags=CLONE_VM|CLONE_FS|CLONE_FILES|CLONE_SIGHAND|CLONE_THREAD|CLONE_SYSVSEM|0x400000) = 1041
14:04:45.611875,1037,futex(0xb68e6580, FUTEX_WAIT_PRIVATE, -324, NULL <unfinished ...>
14:04:45.653682,1041,set_tls(0xaf5e8f00, 0xb7f3ec00, 0xaf5e8ffc, 0x40, 0xaf5e8f00) = 0
14:04:45.654242,1041,prctl(PR_SET_NAME, 0xaf5e8eac, 0, 0, 0) = 0
14:04:45.654958,1041,mmap2(NULL, 32768, PROT_READ|PROT_WRITE, MAP_PRIVATE|MAP_ANONYMOUS, -1, 0) = 0xaf4e1000
14:04:45.655473,1041,madvise(0xaf4e1000, 32768, 0xc /* MADV_??? */) = -1 EINVAL (Invalid argument)
14:04:45.656077,1041,gettid() = 1041
14:04:45.657909,1041,getpriority(PRIO_PROCESS, 0) = 20
14:04:45.659438,1041,futex(0xb68e6580, FUTEX_WAKE_PRIVATE, 2147483647 <unfinished ...>
14:04:45.659862,1037,<... futex resumed> ) = 0
14:04:45.660201,1037,futex(0xb68e657c, FUTEX_WAIT_PRIVATE, 2, NULL <unfinished ...>
14:04:45.660540,1041,<... futex resumed> ) = 1
14:04:45.660979,1041,futex(0xb68e657c, FUTEX_WAKE_PRIVATE, 1 <unfinished ...>
14:04:45.661305,1037,<... futex resumed> ) = 0
14:04:45.661632,1037,futex(0xb68e657c, FUTEX_WAKE_PRIVATE, 1) = 0
14:04:45.662145,1037,clock_gettime(CLOCK_MONOTONIC, {126, 289942344}) = 0
14:04:45.662682,1037,clock_gettime(CLOCK_MONOTONIC, {126, 290476279}) = 0
14:04:45.663483,1037,mmap2(NULL, 1048576, PROT_READ|PROT_WRITE, MAP_PRIVATE|MAP_ANONYMOUS|MAP_NORESERVE, -1, 0) = 0xaf3e1000
14:04:45.678271,1037,madvise(0xaf3e1000, 1048576, 0xc /* MADV_??? */ <unfinished ...>
14:04:45.678537,1041,<... futex resumed> ) = 1
14:04:45.678871,1037,<... madvise resumed> ) = -1 EINVAL (Invalid argument)
14:04:45.679222,1037,mprotect(0xaf3e1000, 4096, PROT_NONE) = 0
14:04:45.679770,1037,clone(child_stack=0xaf4e0f00, flags=CLONE_VM|CLONE_FS|CLONE_FILES|CLONE_SIGHAND|CLONE_THREAD|CLONE_SYSVSEM|0x400000) = 1042
14:04:45.684650,1037,futex(0xb68e6580, FUTEX_WAIT_PRIVATE, -326, NULL <unfinished ...>
14:04:45.685013,1041,futex(0xb7e4f9a8, FUTEX_WAIT_PRIVATE, 0, NULL <unfinished ...>
14:04:45.695353,1042,set_tls(0xaf4e0f00, 0xb7e6d548, 0xaf4e0ffc, 0x40, 0xaf4e0f00) = 0
14:04:45.695901,1042,prctl(PR_SET_NAME, 0xaf4e0eac, 0, 0, 0) = 0
14:04:45.696447,1042,mmap2(NULL, 32768, PROT_READ|PROT_WRITE, MAP_PRIVATE|MAP_ANONYMOUS, -1, 0) = 0xaf3d9000
14:04:45.697007,1042,madvise(0xaf3d9000, 32768, 0xc /* MADV_??? */) = -1 EINVAL (Invalid argument)
14:04:45.697530,1042,gettid() = 1042
14:04:45.698346,1042,getpriority(PRIO_PROCESS, 0) = 20
14:04:45.698924,1042,futex(0xb68e6580, FUTEX_WAKE_PRIVATE, 2147483647 <unfinished ...>
14:04:45.699276,1037,<... futex resumed> ) = 0
14:04:45.699566,1037,futex(0xb68e657c, FUTEX_WAIT_PRIVATE, 2, NULL <unfinished ...>
14:04:45.699842,1042,<... futex resumed> ) = 1
14:04:45.700195,1042,futex(0xb68e657c, FUTEX_WAKE_PRIVATE, 1 <unfinished ...>
14:04:45.700482,1037,<... futex resumed> ) = 0
14:04:45.700774,1037,futex(0xb68e657c, FUTEX_WAKE_PRIVATE, 1) = 0
14:04:45.701293,1037,clock_gettime(CLOCK_MONOTONIC, {126, 329091744}) = 0
14:04:45.701831,1037,clock_gettime(CLOCK_MONOTONIC, {126, 329627327}) = 0
14:04:45.702857,1037,mmap2(NULL, 1048576, PROT_READ|PROT_WRITE, MAP_PRIVATE|MAP_ANONYMOUS|MAP_NORESERVE, -1, 0) = 0xaf2d9000
14:04:45.703427,1037,madvise(0xaf2d9000, 1048576, 0xc /* MADV_??? */) = -1 EINVAL (Invalid argument)
14:04:45.703916,1037,mprotect(0xaf2d9000, 4096, PROT_NONE) = 0
14:04:45.704552,1037,clone( <unfinished ...>
14:04:45.723427,1042,<... futex resumed> ) = 1
14:04:45.724133,1037,<... clone resumed> child_stack=0xaf3d8f00, flags=CLONE_VM|CLONE_FS|CLONE_FILES|CLONE_SIGHAND|CLONE_THREAD|CLONE_SYSVSEM|0x400000) = 1043
14:04:45.724777,1037,futex(0xb68e6580, FUTEX_WAIT_PRIVATE, -328, NULL <unfinished ...>
14:04:45.725363,1042,rt_sigtimedwait([QUIT USR1 RT_7 RT_13 RT_16 RT_18 RT_20 RT_21 RT_22 RT_23 RT_24 RT_26 RT_27 RT_29 RT_30], NULL, NULL, 8 <unfinished ...>
14:04:45.726475,1043,set_tls(0xaf3d8f00, 0xb7e68028, 0xaf3d8ffc, 0x40, 0xaf3d8f00) = 0
14:04:45.727286,1043,prctl(PR_SET_NAME, 0xaf3d8eac, 0, 0, 0) = 0
14:04:45.728181,1043,mmap2(NULL, 32768, PROT_READ|PROT_WRITE, MAP_PRIVATE|MAP_ANONYMOUS, -1, 0) = 0xaf2d1000
14:04:45.729039,1043,madvise(0xaf2d1000, 32768, 0xc /* MADV_??? */) = -1 EINVAL (Invalid argument)
14:04:45.729776,1043,gettid() = 1043
14:04:45.730931,1043,getpriority(PRIO_PROCESS, 0) = 20
14:04:45.731899,1043,futex(0xb68e6580, FUTEX_WAKE_PRIVATE, 2147483647 <unfinished ...>
14:04:45.732416,1037,<... futex resumed> ) = 0
14:04:45.732889,1037,futex(0xb68e657c, FUTEX_WAIT_PRIVATE, 2, NULL <unfinished ...>
14:04:45.733338,1043,<... futex resumed> ) = 1
14:04:45.733757,1043,futex(0xb68e657c, FUTEX_WAKE_PRIVATE, 1 <unfinished ...>
14:04:45.734212,1037,<... futex resumed> ) = 0
14:04:45.748914,1043,<... futex resumed> ) = 1
14:04:45.749426,1037,futex(0xb68e657c, FUTEX_WAKE_PRIVATE, 1) = 0
14:04:45.750395,1037,futex(0xb7f4288c, FUTEX_WAIT_PRIVATE, 0, NULL <unfinished ...>
14:04:45.750930,1043,futex(0xb7f4288c, FUTEX_WAKE_PRIVATE, 2147483647 <unfinished ...>
14:04:45.751275,1037,<... futex resumed> ) = 0
14:04:45.751571,1037,futex(0xb7f42888, FUTEX_WAIT_PRIVATE, 2, NULL <unfinished ...>
14:04:45.751847,1043,<... futex resumed> ) = 1
14:04:45.752176,1043,futex(0xb7f42888, FUTEX_WAKE_PRIVATE, 1 <unfinished ...>
14:04:45.752459,1037,<... futex resumed> ) = 0
14:04:45.763248,1037,futex(0xb7f42888, FUTEX_WAKE_PRIVATE, 1 <unfinished ...>
14:04:45.763618,1043,<... futex resumed> ) = 1
14:04:45.763934,1037,<... futex resumed> ) = 0
14:04:45.764369,1043,socket(PF_UNIX, SOCK_STREAM, 0 <unfinished ...>
14:04:45.764776,1037,clock_gettime(CLOCK_MONOTONIC, <unfinished ...>
14:04:45.765152,1043,<... socket resumed> ) = 26
14:04:45.765426,1037,<... clock_gettime resumed> {126, 392963520}) = 0
14:04:45.765861,1043,pipe( <unfinished ...>
14:04:45.767464,1037,mmap2(NULL, 32768, PROT_READ|PROT_WRITE, MAP_PRIVATE|MAP_ANONYMOUS, -1, 0 <unfinished ...>
14:04:45.767804,1043,<... pipe resumed> [27, 28]) = 0
14:04:45.768232,1037,<... mmap2 resumed> ) = 0xaf2c9000
14:04:45.768524,1043,getpid( <unfinished ...>
14:04:45.768812,1037,madvise(0xaf2c9000, 32768, 0xc /* MADV_??? */ <unfinished ...>
14:04:45.769124,1043,<... getpid resumed> ) = 1037
14:04:45.769390,1037,<... madvise resumed> ) = -1 EINVAL (Invalid argument)
14:04:45.769789,1043,connect(26, {sa_family=AF_UNIX, path=@"jdwp-control"...}, 15 <unfinished ...>
14:04:45.770908,1037,mmap2(NULL, 1048576, PROT_READ|PROT_WRITE, MAP_PRIVATE|MAP_ANONYMOUS|MAP_NORESERVE, -1, 0) = 0xad33c000
14:04:45.772606,1043,<... connect resumed> ) = 0
14:04:45.774155,1037,madvise(0xad33c000, 1048576, 0xc /* MADV_??? */ <unfinished ...>
14:04:45.786602,1043,getsockopt(26, SOL_SOCKET, SO_PEERCRED, <unfinished ...>
14:04:45.786990,1037,<... madvise resumed> ) = -1 EINVAL (Invalid argument)
14:04:45.793798,1043,<... getsockopt resumed> {pid=67, uid=0, gid=0}, [12]) = 0
14:04:45.794375,1037,mprotect(0xad33c000, 4096, PROT_NONE <unfinished ...>
14:04:45.794723,1043,sendto(26, "040d", 4, 0, NULL, 0 <unfinished ...>
14:04:45.795147,1037,<... mprotect resumed> ) = 0
14:04:45.796124,1037,clone( <unfinished ...>
14:04:45.796401,1043,<... sendto resumed> ) = 4
14:04:45.798334,1043,recvmsg(26, <unfinished ...>
14:04:45.798617,1037,<... clone resumed> child_stack=0xad43bf00, flags=CLONE_VM|CLONE_FS|CLONE_FILES|CLONE_SIGHAND|CLONE_THREAD|CLONE_SYSVSEM|0x400000) = 1044
14:04:45.799135,1037,futex(0xb68e6580, FUTEX_WAIT_PRIVATE, -330, NULL <unfinished ...>
14:04:45.826629,1044,set_tls(0xad43bf00, 0xb7f4ad50, 0xad43bffc, 0x40, 0xad43bf00) = 0
14:04:45.827529,1044,prctl(PR_SET_NAME, 0xad43be8c, 0, 0, 0) = 0
14:04:45.828010,1044,gettid() = 1044
14:04:45.828709,1044,futex(0xb68e6580, FUTEX_WAKE_PRIVATE, 2147483647 <unfinished ...>
14:04:45.829010,1037,<... futex resumed> ) = 0
14:04:45.829301,1037,futex(0xb68e657c, FUTEX_WAIT_PRIVATE, 2, NULL <unfinished ...>
14:04:45.829567,1044,<... futex resumed> ) = 1
14:04:45.829839,1044,futex(0xb68e657c, FUTEX_WAKE_PRIVATE, 1 <unfinished ...>
14:04:45.830186,1037,<... futex resumed> ) = 0
14:04:45.830509,1037,futex(0xb68e657c, FUTEX_WAKE_PRIVATE, 1) = 0
14:04:45.830971,1037,futex(0xb68e6580, FUTEX_WAKE_PRIVATE, 2147483647) = 0
14:04:45.831848,1037,mmap2(NULL, 32768, PROT_READ|PROT_WRITE, MAP_PRIVATE|MAP_ANONYMOUS, -1, 0) = 0xad334000
14:04:45.832408,1037,madvise(0xad334000, 32768, 0xc /* MADV_??? */) = -1 EINVAL (Invalid argument)
14:04:45.832894,1037,mmap2(NULL, 1048576, PROT_READ|PROT_WRITE, MAP_PRIVATE|MAP_ANONYMOUS|MAP_NORESERVE, -1, 0) = 0xad234000
14:04:45.833435,1037,madvise(0xad234000, 1048576, 0xc /* MADV_??? */) = -1 EINVAL (Invalid argument)
14:04:45.833905,1037,mprotect(0xad234000, 4096, PROT_NONE) = 0
14:04:45.834434,1037,clone(child_stack=0xad333f00, flags=CLONE_VM|CLONE_FS|CLONE_FILES|CLONE_SIGHAND|CLONE_THREAD|CLONE_SYSVSEM|0x400000) = 1045
14:04:45.836496,1037,futex(0xb68e6580, FUTEX_WAIT_PRIVATE, -334, NULL <unfinished ...>
14:04:45.836783,1044,<... futex resumed> ) = 1
14:04:45.837109,1044,futex(0xb68e6580, FUTEX_WAIT_PRIVATE, -332, NULL) = -1 EAGAIN (Try again)
14:04:45.838422,1044,getpriority(PRIO_PROCESS, 1044) = 20
14:04:45.838903,1044,setpriority(PRIO_PROCESS, 1044, 0) = 0
14:04:45.839543,1044,futex(0xb7f4e7d8, FUTEX_WAIT_PRIVATE, 0, NULL <unfinished ...>
14:04:45.839976,1045,set_tls(0xad333f00, 0xb7f65ca8, 0xad333ffc, 0x40, 0xad333f00) = 0
14:04:45.840465,1045,prctl(PR_SET_NAME, 0xad333e8c, 0, 0, 0) = 0
14:04:45.840985,1045,gettid() = 1045
14:04:45.841464,1045,futex(0xb68e6580, FUTEX_WAKE_PRIVATE, 2147483647 <unfinished ...>
14:04:45.841768,1037,<... futex resumed> ) = 0
14:04:45.842067,1037,futex(0xb68e657c, FUTEX_WAIT_PRIVATE, 2, NULL <unfinished ...>
14:04:45.842342,1045,<... futex resumed> ) = 1
14:04:45.842622,1045,futex(0xb68e657c, FUTEX_WAKE_PRIVATE, 1 <unfinished ...>
14:04:45.842904,1037,<... futex resumed> ) = 0
14:04:45.843203,1037,futex(0xb68e657c, FUTEX_WAKE_PRIVATE, 1) = 0
14:04:45.843681,1037,futex(0xb68e6580, FUTEX_WAKE_PRIVATE, 2147483647) = 0
14:04:45.844601,1037,mmap2(NULL, 32768, PROT_READ|PROT_WRITE, MAP_PRIVATE|MAP_ANONYMOUS, -1, 0) = 0xad22c000
14:04:45.845137,1037,madvise(0xad22c000, 32768, 0xc /* MADV_??? */) = -1 EINVAL (Invalid argument)
14:04:45.845641,1037,mmap2(NULL, 1048576, PROT_READ|PROT_WRITE, MAP_PRIVATE|MAP_ANONYMOUS|MAP_NORESERVE, -1, 0) = 0xad12c000
14:04:45.846162,1037,madvise(0xad12c000, 1048576, 0xc /* MADV_??? */) = -1 EINVAL (Invalid argument)
14:04:45.846654,1037,mprotect(0xad12c000, 4096, PROT_NONE) = 0
14:04:45.847192,1037,clone(child_stack=0xad22bf00, flags=CLONE_VM|CLONE_FS|CLONE_FILES|CLONE_SIGHAND|CLONE_THREAD|CLONE_SYSVSEM|0x400000) = 1046
14:04:45.848008,1037,futex(0xb68e6580, FUTEX_WAIT_PRIVATE, -338, NULL <unfinished ...>
14:04:45.848299,1045,<... futex resumed> ) = 1
14:04:45.848582,1045,futex(0xb68e6580, FUTEX_WAIT_PRIVATE, -336, NULL) = -1 EAGAIN (Try again)
14:04:45.849138,1045,getpriority(PRIO_PROCESS, 1045) = 20
14:04:45.849607,1045,setpriority(PRIO_PROCESS, 1045, 0) = 0
14:04:45.873420,1045,futex(0xb7f692b0, FUTEX_WAIT_PRIVATE, 0, NULL <unfinished ...>
14:04:45.873775,1046,set_tls(0xad22bf00, 0xb7f90da8, 0xad22bffc, 0x40, 0xad22bf00) = 0
14:04:45.874299,1046,prctl(PR_SET_NAME, 0xad22be8c, 0, 0, 0) = 0
14:04:45.874751,1046,gettid() = 1046
14:04:45.875322,1046,futex(0xb68e6580, FUTEX_WAKE_PRIVATE, 2147483647 <unfinished ...>
14:04:45.875609,1037,<... futex resumed> ) = 0
14:04:45.875881,1037,futex(0xb68e657c, FUTEX_WAIT_PRIVATE, 2, NULL <unfinished ...>
14:04:45.876211,1046,<... futex resumed> ) = 1
14:04:45.876472,1046,futex(0xb68e657c, FUTEX_WAKE_PRIVATE, 1 <unfinished ...>
14:04:45.876761,1037,<... futex resumed> ) = 0
14:04:45.877080,1037,futex(0xb68e657c, FUTEX_WAKE_PRIVATE, 1) = 0
14:04:45.877608,1037,futex(0xb68e6580, FUTEX_WAKE_PRIVATE, 2147483647) = 0
14:04:45.879547,1037,close(23) = 0
14:04:45.880430,1037,close(9) = 0
14:04:45.882070,1037,open("/dev/binder", O_RDWR) = 9
14:04:45.882823,1037,fcntl64(9, F_SETFD, FD_CLOEXEC) = 0
14:04:45.883452,1037,ioctl(9, 0xc0046209, 0xbefae638) = 0
14:04:45.883984,1037,ioctl(9, 0x40046205, 0xbefae63c) = 0
14:04:45.884519,1037,mmap2(NULL, 1040384, PROT_READ, MAP_PRIVATE|MAP_NORESERVE, 9, 0) = 0xad02e000
14:04:45.885133,1037,madvise(0xad02e000, 1040384, 0xc /* MADV_??? */) = -1 EINVAL (Invalid argument)
14:04:45.885629,1037,prctl(PR_SET_NAME, 0xb7f4e8a0, 0, 0, 0) = 0
14:04:45.886199,1037,open("/sys/qemu_trace/process_name", O_RDWR) = 23
14:04:45.899181,1046,<... futex resumed> ) = 1
14:04:45.899449,1037,write(23, "com.gamelio.DrawSlasher\0", 24 <unfinished ...>
14:04:45.900454,1046,futex(0xb68e6580, FUTEX_WAIT_PRIVATE, -340, NULL <unfinished ...>
14:04:45.900740,1037,<... write resumed> ) = 24
14:04:45.901146,1046,<... futex resumed> ) = -1 EAGAIN (Try again)
14:04:45.901427,1037,close(23 <unfinished ...>
14:04:45.901698,1046,getpriority(PRIO_PROCESS, 1046 <unfinished ...>
14:04:45.902073,1037,<... close resumed> ) = 0
14:04:45.914094,1046,<... getpriority resumed> ) = 20
14:04:45.915179,1046,setpriority(PRIO_PROCESS, 1046, 0) = 0
14:04:45.915794,1046,futex(0xb7f6f608, FUTEX_WAIT_PRIVATE, 0, NULL <unfinished ...>
14:04:46.077158,1037,mmap2(NULL, 1048576, PROT_READ|PROT_WRITE, MAP_PRIVATE|MAP_ANONYMOUS|MAP_NORESERVE, -1, 0) = 0xacf2e000
14:04:46.077791,1037,madvise(0xacf2e000, 1048576, 0xc /* MADV_??? */) = -1 EINVAL (Invalid argument)
14:04:46.078376,1037,mprotect(0xacf2e000, 4096, PROT_NONE) = 0
14:04:46.078957,1037,clone(child_stack=0xad02df00, flags=CLONE_VM|CLONE_FS|CLONE_FILES|CLONE_SIGHAND|CLONE_THREAD|CLONE_SYSVSEM|0x400000) = 1049
14:04:46.083422,1037,writev(3, [{"\4", 1}, {"dalvikvm\0", 9}, {"Turning on JNI app bug workaroun"..., 63}], 3) = 73
14:04:46.087044,1037,prctl(PR_SET_NAME, 0xb7f4a78a, 0, 0, 0) = 0
14:04:46.087760,1037,open("/sys/qemu_trace/process_name", O_RDWR) = 23
14:04:46.089269,1037,write(23, "<pre-initialized>\0", 18) = 18
14:04:46.089979,1037,close(23) = 0
14:04:46.092638,1037,futex(0xb6f2a0c0, FUTEX_WAKE_PRIVATE, 2147483647) = 0
14:04:46.147699,1037,pipe([23, 29]) = 0
14:04:46.148380,1037,fcntl64(23, F_SETFL, O_RDONLY|O_NONBLOCK) = 0
14:04:46.148910,1037,fcntl64(29, F_SETFL, O_RDONLY|O_NONBLOCK) = 0
14:04:46.149433,1037,epoll_create(0x8) = 30
14:04:46.150074,1037,epoll_ctl(0x1e, 0x1, 0x17, 0xbefae300) = 0
14:04:46.165426,1049,set_tls(0xad02df00, 0xb7f27ac0, 0xad02dffc, 0x40, 0xad02df00) = 0
14:04:46.166018,1049,setpriority(PRIO_PROCESS, 0, 0) = 0
14:04:46.166633,1049,futex(0xb6f2a0b0, FUTEX_WAKE_PRIVATE, 2147483647) = 0
14:04:46.167159,1049,gettid() = 1049
14:04:46.167617,1049,write(24, "1049", 4) = 4
14:04:46.168397,1049,prctl(PR_SET_NAME, 0xb7f223e0, 0, 0, 0) = 0
14:04:46.168912,1049,mmap2(NULL, 32768, PROT_READ|PROT_WRITE, MAP_PRIVATE|MAP_ANONYMOUS, -1, 0) = 0xacf26000
14:04:46.169459,1049,madvise(0xacf26000, 32768, 0xc /* MADV_??? */) = -1 EINVAL (Invalid argument)
14:04:46.170112,1049,gettid() = 1049
14:04:46.171099,1049,getpriority(PRIO_PROCESS, 0) = 20
14:04:46.172006,1049,gettid() = 1049
14:04:46.172747,1049,gettid() = 1049
14:04:46.173356,1049,getpid() = 1037
14:04:46.173840,1049,getuid32() = 10050
14:04:46.174524,1049,write(24, "1049", 4) = 4
14:04:46.175279,1049,ioctl(9, 0xc0186201, 0xad02de28) = 0
14:04:46.176106,1049,mmap2(NULL, 1048576, PROT_READ|PROT_WRITE, MAP_PRIVATE|MAP_ANONYMOUS|MAP_NORESERVE, -1, 0) = 0xace26000
14:04:46.176616,1049,madvise(0xace26000, 1048576, 0xc /* MADV_??? */) = -1 EINVAL (Invalid argument)
14:04:46.177141,1049,mprotect(0xace26000, 4096, PROT_NONE) = 0
14:04:46.185160,1049,clone(child_stack=0xacf25f00, flags=CLONE_VM|CLONE_FS|CLONE_FILES|CLONE_SIGHAND|CLONE_THREAD|CLONE_SYSVSEM|0x400000) = 1050
14:04:46.190960,1049,write(24, "1049", 4) = 4
14:04:46.191754,1049,ioctl(9, 0xc0186201 <unfinished ...>
14:04:46.229951,1050,set_tls(0xacf25f00, 0xb7e6a518, 0xacf25ffc, 0x40, 0xacf25f00) = 0
14:04:46.230619,1050,setpriority(PRIO_PROCESS, 0, 0) = 0
14:04:46.231131,1050,gettid() = 1050
14:04:46.231587,1050,write(24, "1050", 4) = 4
14:04:46.232191,1050,prctl(PR_SET_NAME, 0xb7f3cf28, 0, 0, 0) = 0
14:04:46.232846,1050,mmap2(NULL, 32768, PROT_READ|PROT_WRITE, MAP_PRIVATE|MAP_ANONYMOUS, -1, 0 <unfinished ...>
14:04:46.246417,1037,gettid( <unfinished ...>
14:04:46.246806,1050,<... mmap2 resumed> ) = 0xace1e000
14:04:46.247147,1050,madvise(0xace1e000, 32768, 0xc /* MADV_??? */) = -1 EINVAL (Invalid argument)
14:04:46.247685,1050,gettid() = 1050
14:04:46.248445,1050,getpriority(PRIO_PROCESS, 0) = 20
14:04:46.249021,1050,gettid() = 1050
14:04:46.249585,1050,gettid() = 1050
14:04:46.250084,1050,getpid() = 1037
14:04:46.250638,1050,getuid32() = 10050
14:04:46.251233,1050,write(24, "1050", 4) = 4
14:04:46.251778,1050,ioctl(9, 0xc0186201, 0xacf25e28) = 0
14:04:46.265791,1050,write(24, "1050", 4) = 4
14:04:46.266366,1050,ioctl(9, 0xc0186201 <unfinished ...>
14:04:46.266669,1037,<... gettid resumed> ) = 1037
14:04:46.266970,1037,getpid() = 1037
14:04:46.267454,1037,getuid32() = 10050
14:04:46.269955,1037,getpid() = 1037
14:04:46.270632,1037,gettid() = 1037
14:04:46.271404,1037,clock_gettime(CLOCK_MONOTONIC, {126, 899263376}) = 0
14:04:46.272179,1037,ioctl(9, 0xc0186201, 0xbefae1f0) = 0
14:04:46.285328,1037,clock_gettime(CLOCK_MONOTONIC, {126, 913171171}) = 0
14:04:46.287703,1037,getpid() = 1037
14:04:46.288446,1037,gettid() = 1037
14:04:46.289439,1037,clock_gettime(CLOCK_MONOTONIC, {126, 917294455}) = 0
14:04:46.290243,1037,ioctl(9, 0xc0186201, 0xbefae1f0) = 0
14:04:46.293334,1037,ioctl(9, 0xc0186201 <unfinished ...>
14:04:46.392284,1049,<... ioctl resumed> , 0xad02de28) = 0
14:04:46.413591,1049,write(24, "1049", 4) = 4
14:04:46.415638,1049,getpriority(PRIO_PROCESS, 1049) = 20
14:04:46.458992,1049,clock_gettime(CLOCK_MONOTONIC, {127, 86875000}) = 0
14:04:46.459754,1049,clock_gettime(CLOCK_MONOTONIC, {127, 87548249}) = 0
14:04:46.460401,1049,write(24, "1049", 4) = 4
14:04:46.460921,1049,ioctl(9, 0xc0186201 <unfinished ...>
14:04:46.497737,1050,<... ioctl resumed> , 0xacf25e28) = 0
14:04:46.507442,1050,write(24, "1050", 4) = 4
14:04:46.525408,1050,getpriority(PRIO_PROCESS, 1050) = 20
14:04:46.535695,1050,clock_gettime(CLOCK_MONOTONIC, {127, 163537973}) = 0
14:04:46.536724,1050,write(24, "1050", 4) = 4
14:04:46.537636,1050,ioctl(9, 0xc0186201 <unfinished ...>
14:04:46.910435,1049,<... ioctl resumed> , 0xad02de28) = 0
14:04:46.910908,1049,write(24, "1049", 4) = 4
14:04:46.911672,1049,getpriority(PRIO_PROCESS, 1049) = 20
14:04:46.964858,1037,<... ioctl resumed> , 0xbefae1f0) = 0
14:04:46.974402,1037,clock_gettime(CLOCK_MONOTONIC, {127, 602394895}) = 0
14:04:46.975383,1037,getpid() = 1037
14:04:46.976247,1037,open("/proc/1037/cmdline", O_RDONLY) = 31
14:04:46.977090,1037,fstat64(31, {st_mode=S_IFREG|0444, st_size=0, ...}) = 0
14:04:46.978728,1037,mprotect(0xb65cf000, 4096, PROT_READ|PROT_WRITE) = 0
14:04:46.999856,1037,mprotect(0xb65cf000, 4096, PROT_READ) = 0
14:04:47.000578,1037,read(31, "<pre-initialized>\0\0\0\0\0\0\0\0\0\0\0\0\0\0\0"..., 1024) = 76
14:04:47.002151,1037,close(31) = 0
14:04:47.014678,1037,ioctl(9, 0xc0186201, 0xbefad110) = 0
14:04:47.015787,1037,ioctl(9, 0xc0186201 <unfinished ...>
14:04:47.024367,1049,clock_gettime(CLOCK_MONOTONIC, {127, 652361119}) = 0
14:04:47.025750,1049,write(24, "1049", 4) = 4
14:04:47.026594,1049,ioctl(9, 0xc0186201 <unfinished ...>
14:04:47.050361,1037,<... ioctl resumed> , 0xbefad110) = 0
14:04:47.050778,1037,writev(5, [{"$Ë\0\0", 4}, {"\3\5\2\34\0\0\0android.app.IActivityMana"..., 73}], 2) = 77
14:04:47.073526,1037,mprotect(0xb1688000, 8192, PROT_READ|PROT_WRITE) = 0
14:04:47.077390,1037,getpid() = 1037
14:04:47.077987,1037,getuid32() = 10050
14:04:47.078625,1037,getpid() = 1037
14:04:47.079177,1037,getuid32() = 10050
14:04:47.079701,1037,epoll_wait(0x1e, 0xbefae1f8, 0x10, 0) = 0
14:04:47.080855,1037,clock_gettime(CLOCK_MONOTONIC, {127, 708727597}) = 0
14:04:47.121896,1037,open("/sys/kernel/debug/tracing/trace_marker", O_WRONLY) = -1 ENOENT (No such file or directory)
14:04:47.123152,1037,writev(3, [{"\6", 1}, {"Trace\0", 6}, {"error opening trace file: No suc"..., 56}], 3) = 63
14:04:47.147133,1037,getpid() = 1037
14:04:47.147676,1037,getuid32() = 10050
14:04:47.148352,1037,epoll_wait(0x1e, 0xbefae1f8, 0x10, 0) = 0
14:04:47.148866,1037,clock_gettime(CLOCK_MONOTONIC, {127, 776695240}) = 0
14:04:47.150886,1037,prctl(PR_SET_NAME, 0xb7f65f68, 0, 0, 0) = 0
14:04:47.151555,1037,open("/sys/qemu_trace/process_name", O_RDWR) = 31
14:04:47.152308,1037,write(31, "com.gamelio.DrawSlasher\0", 24) = 24
14:04:47.165024,1037,close(31) = 0
14:04:47.169665,1037,ioctl(9, 0xc0186201, 0xbefae0c8) = 0
14:04:47.222318,1037,ioctl(9, 0xc0186201, 0xbefae0c8) = 0
14:04:47.260238,1037,ioctl(9, 0xc0186201, 0xbefae108) = 0
14:04:47.263920,1037,ioctl(9, 0xc0186201, 0xbefae108) = 0
14:04:47.264854,1037,ioctl(9, 0xc0186201, 0xbefae0c8) = 0
14:04:47.265768,1037,ioctl(9, 0xc0186201, 0xbefae0c8) = 0
14:04:47.266400,1037,dup(31) = 32
14:04:47.267079,1037,mmap2(NULL, 4096, PROT_READ, MAP_SHARED, 32, 0) = 0xace1d000
14:04:47.267632,1037,close(31) = 0
14:04:47.268188,1037,dup(32) = 31
14:04:47.269623,1037,getpid() = 1037
14:04:47.270639,1037,gettid() = 1037
14:04:47.271379,1037,clock_gettime(CLOCK_MONOTONIC, {127, 899181346}) = 0
14:04:47.271949,1037,ioctl(9, 0xc0186201, 0xbefae1f0) = 0
14:04:47.285359,1037,ioctl(9, 0xc0186201, 0xbefae1f0) = 0
14:04:47.286030,1037,clock_gettime(CLOCK_MONOTONIC, {127, 913867929}) = 0
14:04:47.288917,1037,getuid32() = 10050
14:04:47.291289,1037,stat64("/system/framework/framework-res.apk", {st_mode=S_IFREG|0644, st_size=8749696, ...}) = 0
14:04:47.292718,1037,access("/vendor/overlay/framework/framework-res.apk", R_OK) = -1 ENOENT (No such file or directory)
14:04:47.306235,1037,stat64("/data/app/com.gamelio.DrawSlasher-1.apk", {st_mode=S_IFREG|0644, st_size=6403915, ...}) = 0
14:04:47.309301,1037,stat64("/system/framework/framework-res.apk", {st_mode=S_IFREG|0644, st_size=8749696, ...}) = 0
14:04:47.310922,1037,stat64("/data/app/com.gamelio.DrawSlasher-1.apk", {st_mode=S_IFREG|0644, st_size=6403915, ...}) = 0
14:04:47.313152,1037,open("/data/app/com.gamelio.DrawSlasher-1.apk", O_RDONLY) = 33
14:04:47.329318,1037,_llseek(33, 0, [6403915], SEEK_END) = 0
14:04:47.336645,1037,mmap2(NULL, 69632, PROT_READ|PROT_WRITE, MAP_PRIVATE|MAP_ANONYMOUS, -1, 0) = 0xace0c000
14:04:47.337663,1037,madvise(0xace0c000, 69632, 0xc /* MADV_??? */) = -1 EINVAL (Invalid argument)
14:04:47.338544,1037,_llseek(33, 0, [0], SEEK_SET) = 0
14:04:47.339375,1037,read(33, "PK\3\4", 4) = 4
14:04:47.340286,1037,_llseek(33, 6338358, [6338358], SEEK_SET) = 0
14:04:47.341459,1037,read(33, "\21D\0103ni²æ18\16FGB{#°Bâ´6Ù83\16Ø\234\5Ù\2318î"..., 65557) = 65557
14:04:47.354457,1037,munmap(0xace0c000, 69632) = 0
14:04:47.355202,1037,mmap2(NULL, 1845, PROT_READ, MAP_SHARED, 33, 0x61b) = 0xace1c000
14:04:47.355866,1037,pread(33, "PK\3\4\24\0\10\10\10\0j\27}?\0\0\0\0\0\0\0\0\0\0\0\0\16\0\0\0", 30, 27500989128900608) = 30
14:04:47.357468,1037,mmap2(NULL, 1253, PROT_READ, MAP_SHARED, 33, 0x61b) = 0xace1b000
14:04:47.359401,1037,gettimeofday({1730988287, 359605}, NULL) = 0
14:04:47.360625,1037,access("/data/data/com.gamelio.DrawSlasher/cache", F_OK) = -1 ENOENT (No such file or directory)
14:04:47.361880,1037,access("/data/data/com.gamelio.DrawSlasher/cache", F_OK) = -1 ENOENT (No such file or directory)
14:04:47.363552,1037,mkdir("/data/data/com.gamelio.DrawSlasher/cache", 0700) = 0
14:04:47.373818,1037,chmod("/data/data/com.gamelio.DrawSlasher/cache", 0771) = 0
14:04:47.375292,1037,getuid32() = 10050
14:04:47.375815,1037,getuid32() = 10050
14:04:47.377131,1037,getpid() = 1037
14:04:47.378114,1037,gettid() = 1037
14:04:47.378655,1037,clock_gettime(CLOCK_MONOTONIC, {128, 6455914}) = 0
14:04:47.379481,1037,ioctl(9, 0xc0186201, 0xbefae1f0) = 0
14:04:47.380784,1037,ioctl(9, 0xc0186201, 0xbefae1f0) = 0
14:04:47.381523,1037,clock_gettime(CLOCK_MONOTONIC, {128, 9373347}) = 0
14:04:47.393986,1037,access("/data/data/com.gamelio.DrawSlasher/cache/com.android.renderscript.cache", F_OK) = -1 ENOENT (No such file or directory)
14:04:47.395270,1037,mkdir("/data/data/com.gamelio.DrawSlasher/cache/com.android.renderscript.cache", 0700) = 0
14:04:47.396831,1037,getpid() = 1037
14:04:47.397431,1037,gettid() = 1037
14:04:47.397983,1037,clock_gettime(CLOCK_MONOTONIC, {128, 25869459}) = 0
14:04:47.398769,1037,ioctl(9, 0xc0186201, 0xbefae1f0) = 0
14:04:47.399585,1037,clock_gettime(CLOCK_MONOTONIC, {128, 27385752}) = 0
14:04:47.400973,1037,getpid() = 1037
14:04:47.401801,1037,gettid() = 1037
14:04:47.402561,1037,clock_gettime(CLOCK_MONOTONIC, {128, 30433743}) = 0
14:04:47.403433,1037,ioctl(9, 0xc0186201, 0xbefae1f0) = 0
14:04:47.405103,1037,clock_gettime(CLOCK_MONOTONIC, {128, 32910953}) = 0
14:04:47.431443,1037,writev(3, [{"\5", 1}, {"DroidBox\0", 9}, {"DroidBox: { \"DexClassLoader\": { "..., 86}], 3) = 96
14:04:47.434219,1037,access("/data/app/com.gamelio.DrawSlasher-1.apk", F_OK) = 0
14:04:47.434985,1037,access("/data/app/com.gamelio.DrawSlasher-1.apk", R_OK) = 0
14:04:47.436275,1037,stat64("/data/app/com.gamelio.DrawSlasher-1.apk", {st_mode=S_IFREG|0644, st_size=6403915, ...}) = 0
14:04:47.468027,1037,open("/data/app/com.gamelio.DrawSlasher-1.apk", O_RDONLY) = 34
14:04:47.468993,1037,fstat64(34, {st_mode=S_IFREG|0644, st_size=6403915, ...}) = 0
14:04:47.470950,1037,fstat64(34, {st_mode=S_IFREG|0644, st_size=6403915, ...}) = 0
14:04:47.472131,1037,_llseek(34, 6403893, [6403893], SEEK_SET) = 0
14:04:47.473172,1037,read(34, "PK\5\6", 4) = 4
14:04:47.473723,1037,fgetxattr(34, "user.taint", 0xbefae484, 4) = -1 ENODATA (No data available)
14:04:47.475461,1037,clock_gettime(CLOCK_MONOTONIC, {128, 103329785}) = 0
14:04:47.476116,1037,getpid() = 1037
14:04:47.476631,1037,readlink("/proc/1037/fd/34", "/data/app/com.gamelio.DrawSlasher-1.apk"..., 120) = 39
14:04:47.478535,1037,read(34, "\0\0\0\0\t\0\t\0@\2\0\0õ´a\0\0\0", 18) = 18
14:04:47.479280,1037,fgetxattr(34, "user.taint", 0xbefae484, 4) = -1 ENODATA (No data available)
14:04:47.480753,1037,clock_gettime(CLOCK_MONOTONIC, {128, 108691821}) = 0
14:04:47.481454,1037,getpid() = 1037
14:04:47.481934,1037,readlink("/proc/1037/fd/34", "/data/app/com.gamelio.DrawSlasher-1.apk"..., 120) = 39
14:04:47.483265,1037,fstat64(34, {st_mode=S_IFREG|0644, st_size=6403915, ...}) = 0
14:04:47.485452,1037,_llseek(34, 6403317, [6403317], SEEK_SET) = 0
14:04:47.486637,1037,read(34, "PK\1\2\24\0\24\0\10\10\10\0007T]8ëJü\t<\1\0\0ã\1\0\0\24\0\4\0"..., 598) = 598
14:04:47.487914,1037,fgetxattr(34, "user.taint", 0xbefae484, 4) = -1 ENODATA (No data available)
14:04:47.490169,1037,clock_gettime(CLOCK_MONOTONIC, {128, 118069703}) = 0
14:04:47.491417,1037,getpid() = 1037
14:04:47.492057,1037,readlink("/proc/1037/fd/34", "/data/app/com.gamelio.DrawSlasher-1.apk"..., 120) = 39
14:04:47.494494,1037,open("/data/app/com.gamelio.DrawSlasher-1.apk", O_RDONLY) = 35
14:04:47.495314,1037,lseek(35, 0, SEEK_END) = 6403915
14:04:47.495880,1037,mmap2(NULL, 69632, PROT_READ|PROT_WRITE, MAP_PRIVATE|MAP_ANONYMOUS, -1, 0) = 0xace0a000
14:04:47.496476,1037,madvise(0xace0a000, 69632, 0xc /* MADV_??? */) = -1 EINVAL (Invalid argument)
14:04:47.497117,1037,lseek(35, 6338358, SEEK_SET) = 6338358
14:04:47.497607,1037,read(35, "\21D\0103ni²æ18\16FGB{#°Bâ´6Ù83\16Ø\234\5Ù\2318î"..., 65557) = 65557
14:04:47.498699,1037,mmap2(NULL, 1845, PROT_READ, MAP_SHARED, 35, 0x61b) = 0xace09000
14:04:47.499258,1037,munmap(0xace0a000, 69632) = 0
14:04:47.499996,1037,fcntl64(35, F_GETFD) = 0
14:04:47.500681,1037,fcntl64(35, F_SETFD, FD_CLOEXEC) = 0
14:04:47.501206,1037,open("/data/app/com.gamelio.DrawSlasher-1.odex", O_RDONLY) = -1 ENOENT (No such file or directory)
14:04:47.502837,1037,open("/data/dalvik-cache/data@app@com.gamelio.DrawSlasher-1.apk@classes.dex", O_RDWR|O_CREAT, 0644) = -1 EACCES (Permission denied)
14:04:47.523483,1037,open("/data/dalvik-cache/data@app@com.gamelio.DrawSlasher-1.apk@classes.dex", O_RDONLY) = 36
14:04:47.538507,1037,flock(36, LOCK_EX|LOCK_NB) = 0
14:04:47.549413,1037,fstat64(36, {st_mode=S_IFREG|0644, st_size=12872, ...}) = 0
14:04:47.552726,1037,stat64("/data/dalvik-cache/data@app@com.gamelio.DrawSlasher-1.apk@classes.dex", {st_mode=S_IFREG|0644, st_size=12872, ...}) = 0
14:04:47.563807,1037,lseek(36, 0, SEEK_SET) = 0
14:04:47.564344,1037,read(36, "dey\n036\0(\0\0\0°.\0\0Ø.\0\0Ö\1\0\0°0\0\0\230\1\0\0"..., 40) = 40
14:04:47.565550,1037,lseek(36, 11992, SEEK_SET) = 11992
14:04:47.566369,1037,read(36, "j\27}?;cµ«\34\0\0\0\10\0\0\0\34\0\0\0/system/fram"..., 470) = 470
14:04:47.567505,1037,lseek(36, 0, SEEK_SET) = 0
14:04:47.567969,1037,lseek(36, 0, SEEK_CUR) = 0
14:04:47.568562,1037,lseek(36, 0, SEEK_END) = 12872
14:04:47.569253,1037,lseek(36, 0, SEEK_SET) = 0
14:04:47.569900,1037,mmap2(NULL, 12872, PROT_READ|PROT_WRITE, MAP_PRIVATE, 36, 0) = 0xace17000
14:04:47.570464,1037,madvise(0xace17000, 12872, 0xc /* MADV_??? */) = -1 EINVAL (Invalid argument)
14:04:47.570929,1037,mprotect(0xace17000, 12872, PROT_READ) = 0
14:04:47.571523,1037,open("/dev/ashmem", O_RDWR) = 37
14:04:47.572156,1037,ioctl(37, 0x41007701, 0xbefae254) = 0
14:04:47.572627,1037,ioctl(37, 0x40047703, 0x1000) = 0
14:04:47.587262,1037,mmap2(NULL, 4096, PROT_READ|PROT_WRITE, MAP_PRIVATE, 37, 0) = 0xace16000
14:04:47.587885,1037,madvise(0xace16000, 4096, 0xc /* MADV_??? */) = -1 EINVAL (Invalid argument)
14:04:47.588413,1037,close(37) = 0
14:04:47.589193,1037,flock(36, LOCK_UN) = 0
14:04:47.589731,1037,close(36) = 0
14:04:47.591081,1037,access("/data/data/com.gamelio.DrawSlasher/lib", F_OK) = 0
14:04:47.591848,1037,access("/data/data/com.gamelio.DrawSlasher/lib", R_OK) = 0
14:04:47.592613,1037,stat64("/data/data/com.gamelio.DrawSlasher/lib", {st_mode=S_IFDIR|0755, st_size=4096, ...}) = 0
14:04:47.612448,1037,access("/vendor/lib", F_OK) = -1 ENOENT (No such file or directory)
14:04:47.613401,1037,access("/system/lib", F_OK) = 0
14:04:47.614112,1037,access("/system/lib", R_OK) = 0
14:04:47.641342,1037,stat64("/system/lib", {st_mode=S_IFDIR|0755, st_size=8192, ...}) = 0
14:04:47.642854,1037,getuid32() = 10050
14:04:47.643724,1037,getpid() = 1037
14:04:47.644258,1037,gettid() = 1037
14:04:47.644711,1037,clock_gettime(CLOCK_MONOTONIC, {128, 272501363}) = 0
14:04:47.645301,1037,ioctl(9, 0xc0186201, 0xbefae1f0) = 0
14:04:47.649458,1037,clock_gettime(CLOCK_MONOTONIC, {128, 277263058}) = 0
14:04:47.652759,1037,gettimeofday({1730988287, 652928}, NULL) = 0
14:04:47.653827,1037,getpid() = 1037
14:04:47.654331,1037,getuid32() = 10050
14:04:47.664880,1037,epoll_wait(0x1e, 0xbefae1f8, 0x10, 0) = 0
14:04:47.665503,1037,clock_gettime(CLOCK_MONOTONIC, {128, 293295871}) = 0
14:04:47.666581,1037,getpid() = 1037
14:04:47.667087,1037,gettid() = 1037
14:04:47.667542,1037,clock_gettime(CLOCK_MONOTONIC, {128, 295331129}) = 0
14:04:47.668108,1037,ioctl(9, 0xc0186201, 0xbefae1f0) = 0
14:04:47.669435,1037,ioctl(9, 0xc0186201, 0xbefae1f0) = 0
14:04:47.670099,1037,clock_gettime(CLOCK_MONOTONIC, {128, 297892421}) = 0
14:04:47.671570,1037,getpid() = 1037
14:04:47.672075,1037,getuid32() = 10050
14:04:47.672564,1037,epoll_wait(0x1e, 0xbefae1f8, 0x10, 0) = 0
14:04:47.673083,1037,clock_gettime(CLOCK_MONOTONIC, {128, 300873055}) = 0
14:04:47.673688,1037,stat64("/system/framework/framework-res.apk", {st_mode=S_IFREG|0644, st_size=8749696, ...}) = 0
14:04:47.674907,1037,stat64("/data/app/com.gamelio.DrawSlasher-1.apk", {st_mode=S_IFREG|0644, st_size=6403915, ...}) = 0
14:04:47.680349,1037,writev(3, [{"\5", 1}, {"dalvikvm\0", 9}, {"VFY: <init> returning without ca"..., 54}], 3) = 64
14:04:47.695416,1037,writev(3, [{"\5", 1}, {"dalvikvm\0", 9}, {"VFY: rejecting opcode 0x0e at 0"..., 38}], 3) = 48
14:04:47.700141,1037,writev(3, [{"\5", 1}, {"dalvikvm\0", 9}, {"VFY: rejected Lcom/Claw/Android"..., 58}], 3) = 68
14:04:47.701842,1037,writev(3, [{"\5", 1}, {"dalvikvm\0", 9}, {"Verifier rejected class Lcom/Cla"..., 56}], 3) = 66
14:04:47.704271,1037,writev(3, [{"\5", 1}, {"dalvikvm\0", 9}, {"Class init failed in newInstance"..., 72}], 3) = 82
14:04:47.723641,1037,writev(3, [{"\3", 1}, {"AndroidRuntime\0", 15}, {"Shutting down VM\n\0", 18}], 3) = 34
14:04:47.726618,1037,writev(3, [{"\5", 1}, {"dalvikvm\0", 9}, {"threadid=1: thread exiting with "..., 70}], 3) = 80
14:04:47.757615,1037,writev(6, [{"\6", 1}, {"AndroidRuntime\0", 15}, {"FATAL EXCEPTION: main\njava.lang."..., 1015}], 3) = 1031
14:04:47.762668,1037,getpid() = 1037
14:04:47.763237,1037,gettid() = 1037
14:04:47.763720,1037,clock_gettime(CLOCK_MONOTONIC, {128, 391519591}) = 0
14:04:47.779934,1037,ioctl(9, 0xc0186201, 0xbefae530) = 0
14:04:47.783539,1037,ioctl(9, 0xc0186201 <unfinished ...>
14:04:47.878090,1050,<... ioctl resumed> , 0xacf25e28) = 0
14:04:47.878506,1050,write(24, "1050", 4) = 4
14:04:47.879272,1050,getpriority(PRIO_PROCESS, 1050) = 20
14:04:47.881500,1050,clock_gettime(CLOCK_MONOTONIC, {128, 509314674}) = 0
14:04:47.882214,1050,write(24, "1050", 4) = 4
14:04:47.882857,1050,ioctl(9, 0xc0186201 <unfinished ...>
14:04:47.910824,1049,<... ioctl resumed> , 0xad02de28) = 0
14:04:47.918767,1049,write(24, "1049", 4) = 4
14:04:47.924563,1049,getpriority(PRIO_PROCESS, 1049) = 20
14:04:47.932317,1049,clock_gettime(CLOCK_MONOTONIC, {128, 560256689}) = 0
14:04:47.933532,1049,write(24, "1049", 4) = 4
14:04:47.934360,1049,ioctl(9, 0xc0186201 <unfinished ...>
14:04:48.090161,1037,<... ioctl resumed> , 0xbefae530) = 0
14:04:48.090791,1037,clock_gettime(CLOCK_MONOTONIC, {128, 718673677}) = 0
14:04:48.091833,1037,getpid() = 1037
14:04:48.092621,1037,writev(3, [{"\4", 1}, {"Process\0", 8}, {"Sending signal. PID: 1037 SIG: 9"..., 33}], 3) = 42
14:04:48.104303,1037,kill(1037, SIGKILL <unfinished ...>
14:04:48.107048,1041,+++ killed by SIGKILL +++
14:04:48.109601,1042,+++ killed by SIGKILL +++
14:04:48.110171,1043,+++ killed by SIGKILL +++
14:04:48.110743,1044,+++ killed by SIGKILL +++
14:04:48.111581,1045,+++ killed by SIGKILL +++
14:04:48.112222,1046,+++ killed by SIGKILL +++
14:04:48.113076,1049,+++ killed by SIGKILL +++
14:04:48.131356,1050,+++ killed by SIGKILL +++
14:04:48.131831,1037,+++ killed by SIGKILL +++
14:04:48.132598,60,<... select resumed> ) = ? ERESTARTNOHAND (To be restarted)
14:04:48.133959,60,--- {si_signo=SIGCHLD, si_code=CLD_KILLED, si_pid=1037, si_status=SIGKILL, si_utime=7, si_stime=13} (Child exited) ---
14:04:48.134480,60,wait4(-1, [{WIFSIGNALED(s) && WTERMSIG(s) == SIGKILL}], WNOHANG, NULL) = 1037
14:04:48.135327,60,wait4(-1, 0xbefae2dc, WNOHANG, NULL) = 0
14:04:48.135786,60,sigreturn() = ? (mask now [INT FPE KILL ALRM TERM STOP TSTP XCPU VTALRM PROF IO PWR RTMIN])
14:04:48.137236,60,select(24, [9 23], NULL, NULL, NULL) = ? ERESTARTNOHAND (To be restarted)
14:05:12.509450,60,--- {si_signo=SIGCHLD, si_code=CLD_KILLED, si_pid=711, si_status=SIGKILL, si_utime=26, si_stime=17} (Child exited) ---
14:05:12.509825,60,wait4(-1, [{WIFSIGNALED(s) && WTERMSIG(s) == SIGKILL}], WNOHANG, NULL) = 711
14:05:12.510445,60,wait4(-1, 0xbefae2dc, WNOHANG, NULL) = 0
14:05:12.510913,60,sigreturn() = ? (mask now [INT FPE KILL ALRM TERM STOP TSTP XCPU VTALRM PROF IO PWR RTMIN])
14:05:12.511781,60,select(24, [9 23], NULL, NULL, NULL