17:45:19.365916,1016,futex(0xb83b0ed0, FUTEX_WAIT_PRIVATE, 0, NULL <unfinished ...>
17:45:19.374805,1015,futex(0xb83a8b98, FUTEX_WAIT_PRIVATE, 0, NULL <unfinished ...>
17:45:19.375142,1014,futex(0xb83ad7e8, FUTEX_WAIT_PRIVATE, 0, NULL <unfinished ...>
17:45:19.375495,60,select(24, [9 23], NULL, NULL, NULL) = 1 (in [23])
17:45:22.596607,60,ioctl(23, FIONREAD, [153]) = 0
17:45:22.598209,60,recvmsg(23, {msg_name(0)=NULL, msg_iov(1)=[{"7\n--runtime-init\n--setuid=10050\n"..., 4217}], msg_controllen=0, msg_flags=0}, MSG_NOSIGNAL) = 153
17:45:22.611341,60,ioctl(23, FIONREAD, [0]) = 0
17:45:22.613214,60,futex(0xb83ad7e8, FUTEX_WAKE_PRIVATE, 1 <unfinished ...>
17:45:22.613977,1014,<... futex resumed> ) = 0
17:45:22.614380,1014,futex(0xb83ad7d8, FUTEX_WAIT_PRIVATE, 2, NULL <unfinished ...>
17:45:22.614611,60,<... futex resumed> ) = 1
17:45:22.614860,60,futex(0xb83ad7d8, FUTEX_WAKE_PRIVATE, 1 <unfinished ...>
17:45:22.615140,1014,<... futex resumed> ) = 0
17:45:22.615388,1014,futex(0xb83ad7d8, FUTEX_WAKE_PRIVATE, 1) = 0
17:45:22.616100,1014,futex(0xb68b457c, FUTEX_WAIT_PRIVATE, 2, NULL <unfinished ...>
17:45:22.616323,60,<... futex resumed> ) = 1
17:45:22.616572,60,futex(0xb68b457c, FUTEX_WAKE_PRIVATE, 1 <unfinished ...>
17:45:22.616816,1014,<... futex resumed> ) = 0
17:45:22.617071,1014,futex(0xb68b457c, FUTEX_WAKE_PRIVATE, 1) = 0
17:45:22.617534,1014,munmap(0xb0f20000, 32768) = 0
17:45:22.618107,1014,sigprocmask(SIG_SETMASK, ~[SEGV], NULL) = 0
17:45:22.634857,1014,munmap(0xaf4b7000, 1048576) = 0
17:45:22.635420,1014,exit(0) = ?
17:45:22.649821,60,<... futex resumed> ) = 1
17:45:22.650187,60,futex(0xb83a8b98, FUTEX_WAKE_PRIVATE, 1 <unfinished ...>
17:45:22.650450,1015,<... futex resumed> ) = 0
17:45:22.650735,1015,futex(0xb83a8b88, FUTEX_WAIT_PRIVATE, 2, NULL <unfinished ...>
17:45:22.650956,60,<... futex resumed> ) = 1
17:45:22.651200,60,futex(0xb83a8b88, FUTEX_WAKE_PRIVATE, 1 <unfinished ...>
17:45:22.651441,1015,<... futex resumed> ) = 0
17:45:22.651686,1015,futex(0xb83a8b88, FUTEX_WAKE_PRIVATE, 1) = 0
17:45:22.652674,1015,futex(0xb68b457c, FUTEX_WAIT_PRIVATE, 2, NULL <unfinished ...>
17:45:22.652950,60,<... futex resumed> ) = 1
17:45:22.653236,60,futex(0xb68b457c, FUTEX_WAKE_PRIVATE, 1 <unfinished ...>
17:45:22.653586,1015,<... futex resumed> ) = 0
17:45:22.653880,1015,futex(0xb68b457c, FUTEX_WAKE_PRIVATE, 1) = 0
17:45:22.654407,1015,munmap(0xaf4af000, 32768) = 0
17:45:22.654884,1015,sigprocmask(SIG_SETMASK, ~[SEGV], NULL) = 0
17:45:22.655585,1015,munmap(0xaf3af000, 1048576) = 0
17:45:22.656032,1015,exit(0) = ?
17:45:22.657482,60,<... futex resumed> ) = 1
17:45:22.657794,60,futex(0xb83b0ed0, FUTEX_WAKE_PRIVATE, 1 <unfinished ...>
17:45:22.658045,1016,<... futex resumed> ) = 0
17:45:22.658293,1016,futex(0xb83b0ec0, FUTEX_WAIT_PRIVATE, 2, NULL <unfinished ...>
17:45:22.658511,60,<... futex resumed> ) = 1
17:45:22.658753,60,futex(0xb83b0ec0, FUTEX_WAKE_PRIVATE, 1 <unfinished ...>
17:45:22.658994,1016,<... futex resumed> ) = 0
17:45:22.659239,1016,futex(0xb83b0ec0, FUTEX_WAKE_PRIVATE, 1) = 0
17:45:22.659768,1016,futex(0xb68b457c, FUTEX_WAIT_PRIVATE, 2, NULL <unfinished ...>
17:45:22.659985,60,<... futex resumed> ) = 1
17:45:22.660228,60,futex(0xb68b457c, FUTEX_WAKE_PRIVATE, 1 <unfinished ...>
17:45:22.660469,1016,<... futex resumed> ) = 0
17:45:22.660719,1016,futex(0xb68b457c, FUTEX_WAKE_PRIVATE, 1) = 0
17:45:22.661111,1016,munmap(0xaf3a7000, 32768) = 0
17:45:22.661596,1016,sigprocmask(SIG_SETMASK, ~[SEGV], NULL) = 0
17:45:22.683348,1016,munmap(0xaf2a7000, 1048576) = 0
17:45:22.684850,1016,exit(0) = ?
17:45:22.688288,60,<... futex resumed> ) = 1
17:45:22.688787,60,open("/proc/self/task", O_RDONLY|O_DIRECTORY) = 24
17:45:22.699397,60,getdents64(24, /* 3 entries */, 4200) = 72
17:45:22.700841,60,getdents64(24, /* 0 entries */, 4200) = 0
17:45:22.701314,60,close(24) = 0
17:45:22.701909,60,sigaction(SIGCHLD, {0xb686c3dd, [], 0}, NULL, 0) = 0
17:45:22.702632,60,fork( <unfinished ...>
17:45:22.722482,1049,gettid() = 1049
17:45:22.723076,1049,getuid32() = 0
17:45:22.723732,1049,open("/acct/uid/0/tasks", O_RDWR|O_CREAT, 0666) = 24
17:45:22.724916,1049,write(24, "0", 1) = 1
17:45:22.725531,1049,close(24) = 0
17:45:22.726283,1049,prctl(PR_SET_KEEPCAPS, 1) = 0
17:45:22.727129,1049,setgroups32(2, [3003, 1028]) = 0
17:45:22.728121,1049,setgid32(10050) = 0
17:45:22.728710,1049,open("/acct/uid/10050/tasks", O_RDWR|O_CREAT, 0666) = 24
17:45:22.729364,1049,write(24, "0", 1) = 1
17:45:22.729827,1049,close(24) = 0
17:45:22.730259,1049,setuid32(10050) = 0
17:45:22.730757,1049,personality(0xffffffff /* PER_??? */) = 8388608
17:45:22.739461,1049,personality(0x840000 /* PER_??? */) = 8388608
17:45:22.739912,1049,capset(0xbeab4794, 0xbeab47a4) = 0
17:45:22.740739,1049,gettid() = 1049
17:45:22.741207,1049,access("/dev/cpuctl/tasks", F_OK) = 0
17:45:22.741917,1049,open("/dev/cpuctl/apps/tasks", O_WRONLY) = 24
17:45:22.742545,1049,open("/dev/cpuctl/apps/bg_non_interactive/tasks", O_WRONLY) = 25
17:45:22.743172,1049,futex(0xb6f0929c, FUTEX_WAKE_PRIVATE, 2147483647) = 0
17:45:22.743571,1049,write(24, "1049", 4) = 4
17:45:22.744016,60,<... fork resumed> ) = 1049
17:45:22.745257,60,mmap2(NULL, 32768, PROT_READ|PROT_WRITE, MAP_PRIVATE|MAP_ANONYMOUS, -1, 0) = 0xb0f20000
17:45:22.746147,60,madvise(0xb0f20000, 32768, 0xc /* MADV_??? */) = -1 EINVAL (Invalid argument)
17:45:22.746951,60,mmap2(NULL, 1048576, PROT_READ|PROT_WRITE, MAP_PRIVATE|MAP_ANONYMOUS|MAP_NORESERVE, -1, 0) = 0xaf4b7000
17:45:22.747375,60,madvise(0xaf4b7000, 1048576, 0xc /* MADV_??? */) = -1 EINVAL (Invalid argument)
17:45:22.747760,60,mprotect(0xaf4b7000, 4096, PROT_NONE) = 0
17:45:22.748311,60,clone( <unfinished ...>
17:45:22.750005,1050,futex(0xaf5b6f00, FUTEX_WAIT_PRIVATE, 2, NULL <unfinished ...>
17:45:22.750231,60,<... clone resumed> child_stack=0xaf5b6f00, flags=CLONE_VM|CLONE_FS|CLONE_FILES|CLONE_SIGHAND|CLONE_THREAD|CLONE_SYSVSEM|0x400000) = 1050
17:45:22.750554,60,futex(0xaf5b6f00, FUTEX_WAKE_PRIVATE, 1 <unfinished ...>
17:45:22.750792,1050,<... futex resumed> ) = 0
17:45:22.751142,1050,set_tls(0xaf5b6f00, 0xb8296548, 0xaf5b6ffc, 0x40, 0xaf5b6f00) = 0
17:45:22.751754,1050,prctl(PR_SET_NAME, 0xaf5b6e8c, 0, 0, 0) = 0
17:45:22.752293,1050,gettid() = 1050
17:45:22.753029,1050,futex(0xb68b4580, FUTEX_WAKE_PRIVATE, 2147483647) = 0
17:45:22.753538,1050,futex(0xb68b4580, FUTEX_WAIT_PRIVATE, -326, NULL <unfinished ...>
17:45:22.753754,60,<... futex resumed> ) = 1
17:45:22.753996,60,futex(0xb68b4580, FUTEX_WAKE_PRIVATE, 2147483647 <unfinished ...>
17:45:22.754290,1050,<... futex resumed> ) = 0
17:45:22.754526,1050,futex(0xb68b457c, FUTEX_WAIT_PRIVATE, 2, NULL <unfinished ...>
17:45:22.754734,60,<... futex resumed> ) = 1
17:45:22.754966,60,futex(0xb68b457c, FUTEX_WAKE_PRIVATE, 1 <unfinished ...>
17:45:22.755196,1050,<... futex resumed> ) = 0
17:45:22.755429,1050,futex(0xb68b457c, FUTEX_WAKE_PRIVATE, 1) = 0
17:45:22.755922,1050,getpriority(PRIO_PROCESS, 1050) = 20
17:45:22.756361,1050,setpriority(PRIO_PROCESS, 1050, 0) = 0
17:45:22.756860,1050,sched_yield() = 0
17:45:22.757247,1050,nanosleep({0, 1000000}, <unfinished ...>
17:45:22.757677,60,<... futex resumed> ) = 1
17:45:22.758137,60,mmap2(NULL, 32768, PROT_READ|PROT_WRITE, MAP_PRIVATE|MAP_ANONYMOUS, -1, 0) = 0xaf4af000
17:45:22.758555,60,madvise(0xaf4af000, 32768, 0xc /* MADV_??? */) = -1 EINVAL (Invalid argument)
17:45:22.759003,60,mmap2(NULL, 1048576, PROT_READ|PROT_WRITE, MAP_PRIVATE|MAP_ANONYMOUS|MAP_NORESERVE, -1, 0) = 0xaf3af000
17:45:22.759410,60,madvise(0xaf3af000, 1048576, 0xc /* MADV_??? */) = -1 EINVAL (Invalid argument)
17:45:22.759793,60,mprotect(0xaf3af000, 4096, PROT_NONE) = 0
17:45:22.760222,60,clone(child_stack=0xaf4aef00, flags=CLONE_VM|CLONE_FS|CLONE_FILES|CLONE_SIGHAND|CLONE_THREAD|CLONE_SYSVSEM|0x400000) = 1051
17:45:22.760984,60,futex(0xb68b4580, FUTEX_WAIT_PRIVATE, -328, NULL <unfinished ...>
17:45:22.761424,1051,set_tls(0xaf4aef00, 0xb8367ba8, 0xaf4aeffc, 0x40, 0xaf4aef00) = 0
17:45:22.761969,1051,prctl(PR_SET_NAME, 0xaf4aee8c, 0, 0, 0) = 0
17:45:22.762398,1051,gettid() = 1051
17:45:22.762873,1051,futex(0xb68b4580, FUTEX_WAKE_PRIVATE, 2147483647) = 1
17:45:22.771443,1051,futex(0xb68b4580, FUTEX_WAIT_PRIVATE, -330, NULL <unfinished ...>
17:45:22.771666,1050,<... nanosleep resumed> NULL) = 0
17:45:22.772061,1050,futex(0xb83ad7e8, FUTEX_WAIT_PRIVATE, 0, NULL <unfinished ...>
17:45:22.772274,60,<... futex resumed> ) = 0
17:45:22.772516,60,futex(0xb68b4580, FUTEX_WAKE_PRIVATE, 2147483647 <unfinished ...>
17:45:22.772765,1051,<... futex resumed> ) = 0
17:45:22.772998,1051,futex(0xb68b457c, FUTEX_WAIT_PRIVATE, 2, NULL <unfinished ...>
17:45:22.773206,60,<... futex resumed> ) = 1
17:45:22.773498,60,futex(0xb68b457c, FUTEX_WAKE_PRIVATE, 1 <unfinished ...>
17:45:22.773729,1051,<... futex resumed> ) = 0
17:45:22.774865,1051,futex(0xb68b457c, FUTEX_WAKE_PRIVATE, 1) = 0
17:45:22.775306,1051,getpriority(PRIO_PROCESS, 1051) = 20
17:45:22.775685,1051,setpriority(PRIO_PROCESS, 1051, 0) = 0
17:45:22.776137,1051,sched_yield() = 0
17:45:22.776515,1051,nanosleep({0, 1000000}, <unfinished ...>
17:45:22.776802,60,<... futex resumed> ) = 1
17:45:22.777219,60,mmap2(NULL, 32768, PROT_READ|PROT_WRITE, MAP_PRIVATE|MAP_ANONYMOUS, -1, 0) = 0xaf3a7000
17:45:22.777791,60,madvise(0xaf3a7000, 32768, 0xc /* MADV_??? */) = -1 EINVAL (Invalid argument)
17:45:22.778508,1051,<... nanosleep resumed> NULL) = 0
17:45:22.778888,1051,futex(0xb83a8b98, FUTEX_WAIT_PRIVATE, 0, NULL <unfinished ...>
17:45:22.789574,60,mmap2(NULL, 1048576, PROT_READ|PROT_WRITE, MAP_PRIVATE|MAP_ANONYMOUS|MAP_NORESERVE, -1, 0 <unfinished ...>
17:45:22.789958,1049,gettid( <unfinished ...>
17:45:22.790174,60,<... mmap2 resumed> ) = 0xaf2a7000
17:45:22.790419,60,madvise(0xaf2a7000, 1048576, 0xc /* MADV_??? */) = -1 EINVAL (Invalid argument)
17:45:22.790814,60,mprotect(0xaf2a7000, 4096, PROT_NONE) = 0
17:45:22.791271,60,clone(child_stack=0xaf3a6f00, flags=CLONE_VM|CLONE_FS|CLONE_FILES|CLONE_SIGHAND|CLONE_THREAD|CLONE_SYSVSEM|0x400000) = 1052
17:45:22.795066,60,futex(0xb68b4580, FUTEX_WAIT_PRIVATE, -332, NULL <unfinished ...>
17:45:22.796440,1052,set_tls(0xaf3a6f00, 0xb8291068, 0xaf3a6ffc, 0x40, 0xaf3a6f00) = 0
17:45:22.796963,1052,prctl(PR_SET_NAME, 0xaf3a6e8c, 0, 0, 0) = 0
17:45:22.797466,1052,gettid() = 1052
17:45:22.797968,1052,futex(0xb68b4580, FUTEX_WAKE_PRIVATE, 2147483647 <unfinished ...>
17:45:22.798238,60,<... futex resumed> ) = 0
17:45:22.798478,60,futex(0xb68b457c, FUTEX_WAIT_PRIVATE, 2, NULL <unfinished ...>
17:45:22.817830,1052,<... futex resumed> ) = 1
17:45:22.818099,1052,futex(0xb68b457c, FUTEX_WAKE_PRIVATE, 1) = 1
17:45:22.818506,1052,futex(0xb68b4580, FUTEX_WAIT_PRIVATE, -334, NULL <unfinished ...>
17:45:22.818747,1049,<... gettid resumed> ) = 1049
17:45:22.818942,60,<... futex resumed> ) = 0
17:45:22.819187,60,futex(0xb68b457c, FUTEX_WAKE_PRIVATE, 1) = 0
17:45:22.819569,60,futex(0xb68b4580, FUTEX_WAKE_PRIVATE, 2147483647 <unfinished ...>
17:45:22.819817,1052,<... futex resumed> ) = 0
17:45:22.820052,1052,futex(0xb68b457c, FUTEX_WAIT_PRIVATE, 2, NULL <unfinished ...>
17:45:22.820262,60,<... futex resumed> ) = 1
17:45:22.820495,60,futex(0xb68b457c, FUTEX_WAKE_PRIVATE, 1 <unfinished ...>
17:45:22.820726,1052,<... futex resumed> ) = 0
17:45:22.820960,1052,futex(0xb68b457c, FUTEX_WAKE_PRIVATE, 1) = 0
17:45:22.821349,1052,getpriority(PRIO_PROCESS, 1052) = 20
17:45:22.821724,1052,setpriority(PRIO_PROCESS, 1052, 0) = 0
17:45:22.822182,1052,futex(0xb8277450, FUTEX_WAIT_PRIVATE, 2, NULL <unfinished ...>
17:45:22.822395,60,<... futex resumed> ) = 1
17:45:22.823277,1049,prctl(PR_SET_DUMPABLE, 1) = 0
17:45:22.824058,1049,setrlimit(RLIMIT_CORE, {rlim_cur=0, rlim_max=RLIM64_INFINITY}) = 0
17:45:22.824946,1049,sigaction(SIGCHLD, {SIG_DFL, , NULL, 0) = 0
17:45:22.827550,1049,clock_gettime(CLOCK_MONOTONIC, {122, 439450955}) = 0
17:45:22.828725,1049,mmap2(NULL, 1048576, PROT_READ|PROT_WRITE, MAP_PRIVATE|MAP_ANONYMOUS|MAP_NORESERVE, -1, 0) = 0xaf4b7000
17:45:22.829241,1049,madvise(0xaf4b7000, 1048576, 0xc /* MADV_??? */) = -1 EINVAL (Invalid argument)
17:45:22.829771,1049,mprotect(0xaf4b7000, 4096, PROT_NONE) = 0
17:45:22.830261,1049,clone( <unfinished ...>
17:45:22.831979,60,futex(0xb8277450, FUTEX_WAKE_PRIVATE, 1 <unfinished ...>
17:45:22.833596,1049,<... clone resumed> child_stack=0xaf5b6f00, flags=CLONE_VM|CLONE_FS|CLONE_FILES|CLONE_SIGHAND|CLONE_THREAD|CLONE_SYSVSEM|0x400000) = 1053
17:45:22.833952,1049,futex(0xb68b4580, FUTEX_WAIT_PRIVATE, -324, NULL <unfinished ...>
17:45:22.846706,1052,<... futex resumed> ) = 0
17:45:22.847041,1052,futex(0xb8277450, FUTEX_WAKE_PRIVATE, 1) = 0
17:45:22.847490,1052,futex(0xb83b0ed0, FUTEX_WAIT_PRIVATE, 0, NULL <unfinished ...>
17:45:22.848357,60,<... futex resumed> ) = 1
17:45:22.848792,60,getpgid(0xe6) = 60
17:45:22.849459,60,setpgid(1049, 60) = 0
17:45:22.850016,60,sendmsg(23, {msg_name(0)=NULL, msg_iov(1)=[{"\0\0\4\31", 4}], msg_controllen=0, msg_flags=0}, MSG_NOSIGNAL) = 4
17:45:22.850888,60,sendmsg(23, {msg_name(0)=NULL, msg_iov(1)=[{"\0", 1}], msg_controllen=0, msg_flags=0}, MSG_NOSIGNAL) = 1
17:45:22.851665,60,select(24, [9 23], NULL, NULL, NULL <unfinished ...>
17:45:22.877333,1053,set_tls(0xaf5b6f00, 0xb8296548, 0xaf5b6ffc, 0x40, 0xaf5b6f00) = 0
17:45:22.877841,1053,prctl(PR_SET_NAME, 0xaf5b6eac, 0, 0, 0) = 0
17:45:22.878485,1053,mmap2(NULL, 32768, PROT_READ|PROT_WRITE, MAP_PRIVATE|MAP_ANONYMOUS, -1, 0) = 0xaf4af000
17:45:22.878988,1053,madvise(0xaf4af000, 32768, 0xc /* MADV_??? */) = -1 EINVAL (Invalid argument)
17:45:22.879476,1053,gettid() = 1053
17:45:22.881011,1053,getpriority(PRIO_PROCESS, 0) = 20
17:45:22.882257,1053,futex(0xb68b4580, FUTEX_WAKE_PRIVATE, 2147483647 <unfinished ...>
17:45:22.882543,1049,<... futex resumed> ) = 0
17:45:22.882994,1049,futex(0xb68b457c, FUTEX_WAIT_PRIVATE, 2, NULL <unfinished ...>
17:45:22.883380,1053,<... futex resumed> ) = 1
17:45:22.883850,1053,futex(0xb68b457c, FUTEX_WAKE_PRIVATE, 1 <unfinished ...>
17:45:22.884189,1049,<... futex resumed> ) = 0
17:45:22.884455,1049,futex(0xb68b457c, FUTEX_WAKE_PRIVATE, 1) = 0
17:45:22.884885,1049,clock_gettime(CLOCK_MONOTONIC, {122, 496715825}) = 0
17:45:22.885459,1049,clock_gettime(CLOCK_MONOTONIC, {122, 497289657}) = 0
17:45:22.886147,1049,mmap2(NULL, 1048576, PROT_READ|PROT_WRITE, MAP_PRIVATE|MAP_ANONYMOUS|MAP_NORESERVE, -1, 0 <unfinished ...>
17:45:22.888937,1053,<... futex resumed> ) = 1
17:45:22.889188,1049,<... mmap2 resumed> ) = 0xaf3af000
17:45:22.889545,1049,madvise(0xaf3af000, 1048576, 0xc /* MADV_??? */) = -1 EINVAL (Invalid argument)
17:45:22.890074,1049,mprotect(0xaf3af000, 4096, PROT_NONE) = 0
17:45:22.890608,1049,clone(child_stack=0xaf4aef00, flags=CLONE_VM|CLONE_FS|CLONE_FILES|CLONE_SIGHAND|CLONE_THREAD|CLONE_SYSVSEM|0x400000) = 1054
17:45:22.892524,1049,futex(0xb68b4580, FUTEX_WAIT_PRIVATE, -326, NULL <unfinished ...>
17:45:22.892830,1053,futex(0xb82789a8, FUTEX_WAIT_PRIVATE, 0, NULL <unfinished ...>
17:45:22.953582,1054,set_tls(0xaf4aef00, 0xb8367ba8, 0xaf4aeffc, 0x40, 0xaf4aef00) = 0
17:45:22.954082,1054,prctl(PR_SET_NAME, 0xaf4aeeac, 0, 0, 0) = 0
17:45:22.954544,1054,mmap2(NULL, 32768, PROT_READ|PROT_WRITE, MAP_PRIVATE|MAP_ANONYMOUS, -1, 0) = 0xaf3a7000
17:45:22.955015,1054,madvise(0xaf3a7000, 32768, 0xc /* MADV_??? */) = -1 EINVAL (Invalid argument)
17:45:22.955457,1054,gettid() = 1054
17:45:22.956216,1054,getpriority(PRIO_PROCESS, 0) = 20
17:45:22.956760,1054,futex(0xb68b4580, FUTEX_WAKE_PRIVATE, 2147483647 <unfinished ...>
17:45:22.957044,1049,<... futex resumed> ) = 0
17:45:22.957386,1049,futex(0xb68b457c, FUTEX_WAIT_PRIVATE, 2, NULL <unfinished ...>
17:45:22.957643,1054,<... futex resumed> ) = 1
17:45:22.957904,1054,futex(0xb68b457c, FUTEX_WAKE_PRIVATE, 1 <unfinished ...>
17:45:22.958163,1049,<... futex resumed> ) = 0
17:45:22.958428,1049,futex(0xb68b457c, FUTEX_WAKE_PRIVATE, 1) = 0
17:45:22.958862,1049,clock_gettime(CLOCK_MONOTONIC, {122, 570694318}) = 0
17:45:22.970355,1054,<... futex resumed> ) = 1
17:45:22.970716,1049,clock_gettime(CLOCK_MONOTONIC, {122, 582551706}) = 0
17:45:22.971683,1049,mmap2(NULL, 1048576, PROT_READ|PROT_WRITE, MAP_PRIVATE|MAP_ANONYMOUS|MAP_NORESERVE, -1, 0) = 0xaf2a7000
17:45:22.972208,1049,madvise(0xaf2a7000, 1048576, 0xc /* MADV_??? */) = -1 EINVAL (Invalid argument)
17:45:22.972659,1049,mprotect(0xaf2a7000, 4096, PROT_NONE) = 0
17:45:22.973180,1049,clone(child_stack=0xaf3a6f00, flags=CLONE_VM|CLONE_FS|CLONE_FILES|CLONE_SIGHAND|CLONE_THREAD|CLONE_SYSVSEM|0x400000) = 1055
17:45:22.976050,1049,futex(0xb68b4580, FUTEX_WAIT_PRIVATE, -328, NULL <unfinished ...>
17:45:22.981487,1054,rt_sigtimedwait([QUIT USR1 RT_7 RT_14 RT_15 RT_16 RT_17 RT_18 RT_20 RT_21 RT_22 RT_23 RT_24 RT_26 RT_27 RT_29 RT_30], NULL, NULL, 8 <unfinished ...>
17:45:23.004669,1055,set_tls(0xaf3a6f00, 0xb8291068, 0xaf3a6ffc, 0x40, 0xaf3a6f00) = 0
17:45:23.005187,1055,prctl(PR_SET_NAME, 0xaf3a6eac, 0, 0, 0) = 0
17:45:23.005748,1055,mmap2(NULL, 32768, PROT_READ|PROT_WRITE, MAP_PRIVATE|MAP_ANONYMOUS, -1, 0) = 0xaf29f000
17:45:23.006340,1055,madvise(0xaf29f000, 32768, 0xc /* MADV_??? */) = -1 EINVAL (Invalid argument)
17:45:23.006780,1055,gettid() = 1055
17:45:23.007391,1055,getpriority(PRIO_PROCESS, 0) = 20
17:45:23.007915,1055,futex(0xb68b4580, FUTEX_WAKE_PRIVATE, 2147483647 <unfinished ...>
17:45:23.008199,1049,<... futex resumed> ) = 0
17:45:23.008467,1049,futex(0xb68b457c, FUTEX_WAIT_PRIVATE, 2, NULL <unfinished ...>
17:45:23.008719,1055,<... futex resumed> ) = 1
17:45:23.008977,1055,futex(0xb68b457c, FUTEX_WAKE_PRIVATE, 1 <unfinished ...>
17:45:23.009234,1049,<... futex resumed> ) = 0
17:45:23.009540,1049,futex(0xb68b457c, FUTEX_WAKE_PRIVATE, 1) = 0
17:45:23.009977,1049,futex(0xb836b834, FUTEX_WAIT_PRIVATE, 0, NULL <unfinished ...>
17:45:23.010226,1055,<... futex resumed> ) = 1
17:45:23.010487,1055,futex(0xb836b834, FUTEX_WAKE_PRIVATE, 2147483647 <unfinished ...>
17:45:23.010760,1049,<... futex resumed> ) = 0
17:45:23.011024,1049,futex(0xb836b830, FUTEX_WAIT_PRIVATE, 2, NULL <unfinished ...>
17:45:23.037088,1055,<... futex resumed> ) = 1
17:45:23.039197,1055,futex(0xb836b830, FUTEX_WAKE_PRIVATE, 1) = 1
17:45:23.057478,1049,<... futex resumed> ) = 0
17:45:23.057810,1055,socket(PF_UNIX, SOCK_STREAM, 0 <unfinished ...>
17:45:23.062765,1049,futex(0xb836b830, FUTEX_WAKE_PRIVATE, 1 <unfinished ...>
17:45:23.063063,1055,<... socket resumed> ) = 26
17:45:23.068657,1055,pipe( <unfinished ...>
17:45:23.068909,1049,<... futex resumed> ) = 0
17:45:23.069190,1055,<... pipe resumed> [27, 28]) = 0
17:45:23.069744,1049,clock_gettime(CLOCK_MONOTONIC, <unfinished ...>
17:45:23.070012,1055,getpid( <unfinished ...>
17:45:23.070253,1049,<... clock_gettime resumed> {122, 681840996}) = 0
17:45:23.071312,1055,<... getpid resumed> ) = 1049
17:45:23.073793,1049,mmap2(NULL, 32768, PROT_READ|PROT_WRITE, MAP_PRIVATE|MAP_ANONYMOUS, -1, 0 <unfinished ...>
17:45:23.074623,1055,connect(26, {sa_family=AF_UNIX, path=@"jdwp-control"...}, 15 <unfinished ...>
17:45:23.076005,1049,<... mmap2 resumed> ) = 0xaf297000
17:45:23.078141,1049,madvise(0xaf297000, 32768, 0xc /* MADV_??? */ <unfinished ...>
17:45:23.089871,1055,<... connect resumed> ) = 0
17:45:23.101725,1055,getsockopt(26, SOL_SOCKET, SO_PEERCRED, <unfinished ...>
17:45:23.102077,1049,<... madvise resumed> ) = -1 EINVAL (Invalid argument)
17:45:23.108859,1055,<... getsockopt resumed> {pid=68, uid=0, gid=0}, [12]) = 0
17:45:23.109688,1049,mmap2(NULL, 1048576, PROT_READ|PROT_WRITE, MAP_PRIVATE|MAP_ANONYMOUS|MAP_NORESERVE, -1, 0 <unfinished ...>
17:45:23.110011,1055,sendto(26, "0419", 4, 0, NULL, 0 <unfinished ...>
17:45:23.110413,1049,<... mmap2 resumed> ) = 0xad30a000
17:45:23.111115,1049,madvise(0xad30a000, 1048576, 0xc /* MADV_??? */ <unfinished ...>
17:45:23.111372,1055,<... sendto resumed> ) = 4
17:45:23.111614,1049,<... madvise resumed> ) = -1 EINVAL (Invalid argument)
17:45:23.111880,1055,recvmsg(26, <unfinished ...>
17:45:23.112164,1049,mprotect(0xad30a000, 4096, PROT_NONE) = 0
17:45:23.112739,1049,clone(child_stack=0xad409f00, flags=CLONE_VM|CLONE_FS|CLONE_FILES|CLONE_SIGHAND|CLONE_THREAD|CLONE_SYSVSEM|0x400000) = 1058
17:45:23.114782,1049,futex(0xb68b4580, FUTEX_WAIT_PRIVATE, -330, NULL <unfinished ...>
17:45:23.115981,1058,set_tls(0xad409f00, 0xb8373cf8, 0xad409ffc, 0x40, 0xad409f00) = 0
17:45:23.116693,1058,prctl(PR_SET_NAME, 0xad409e8c, 0, 0, 0) = 0
17:45:23.117142,1058,gettid() = 1058
17:45:23.117803,1058,futex(0xb68b4580, FUTEX_WAKE_PRIVATE, 2147483647 <unfinished ...>
17:45:23.118088,1049,<... futex resumed> ) = 0
17:45:23.118359,1049,futex(0xb68b457c, FUTEX_WAIT_PRIVATE, 2, NULL <unfinished ...>
17:45:23.118613,1058,<... futex resumed> ) = 1
17:45:23.118872,1058,futex(0xb68b457c, FUTEX_WAKE_PRIVATE, 1 <unfinished ...>
17:45:23.119133,1049,<... futex resumed> ) = 0
17:45:23.119405,1049,futex(0xb68b457c, FUTEX_WAKE_PRIVATE, 1) = 0
17:45:23.119845,1049,futex(0xb68b4580, FUTEX_WAKE_PRIVATE, 2147483647) = 0
17:45:23.120644,1049,mmap2(NULL, 32768, PROT_READ|PROT_WRITE, MAP_PRIVATE|MAP_ANONYMOUS, -1, 0) = 0xad302000
17:45:23.121131,1049,madvise(0xad302000, 32768, 0xc /* MADV_??? */) = -1 EINVAL (Invalid argument)
17:45:23.121638,1049,mmap2(NULL, 1048576, PROT_READ|PROT_WRITE, MAP_PRIVATE|MAP_ANONYMOUS|MAP_NORESERVE, -1, 0) = 0xad202000
17:45:23.122111,1049,madvise(0xad202000, 1048576, 0xc /* MADV_??? */) = -1 EINVAL (Invalid argument)
17:45:23.122562,1049,mprotect(0xad202000, 4096, PROT_NONE) = 0
17:45:23.123058,1049,clone(child_stack=0xad301f00, flags=CLONE_VM|CLONE_FS|CLONE_FILES|CLONE_SIGHAND|CLONE_THREAD|CLONE_SYSVSEM|0x400000) = 1059
17:45:23.123861,1049,futex(0xb68b4580, FUTEX_WAIT_PRIVATE, -334, NULL <unfinished ...>
17:45:23.124123,1058,<... futex resumed> ) = 1
17:45:23.124385,1058,futex(0xb68b4580, FUTEX_WAIT_PRIVATE, -332, NULL) = -1 EAGAIN (Try again)
17:45:23.124829,1058,getpriority(PRIO_PROCESS, 1058) = 20
17:45:23.125284,1058,setpriority(PRIO_PROCESS, 1058, 0) = 0
17:45:23.125919,1058,futex(0xb8377780, FUTEX_WAIT_PRIVATE, 0, NULL <unfinished ...>
17:45:23.126317,1059,set_tls(0xad301f00, 0xb838ec50, 0xad301ffc, 0x40, 0xad301f00) = 0
17:45:23.126760,1059,prctl(PR_SET_NAME, 0xad301e8c, 0, 0, 0) = 0
17:45:23.127200,1059,gettid() = 1059
17:45:23.127735,1059,futex(0xb68b4580, FUTEX_WAKE_PRIVATE, 2147483647 <unfinished ...>
17:45:23.128018,1049,<... futex resumed> ) = 0
17:45:23.128289,1049,futex(0xb68b457c, FUTEX_WAIT_PRIVATE, 2, NULL <unfinished ...>
17:45:23.128543,1059,<... futex resumed> ) = 1
17:45:23.128803,1059,futex(0xb68b457c, FUTEX_WAKE_PRIVATE, 1 <unfinished ...>
17:45:23.129065,1049,<... futex resumed> ) = 0
17:45:23.129377,1049,futex(0xb68b457c, FUTEX_WAKE_PRIVATE, 1) = 0
17:45:23.129823,1049,futex(0xb68b4580, FUTEX_WAKE_PRIVATE, 2147483647 <unfinished ...>
17:45:23.141869,1059,<... futex resumed> ) = 1
17:45:23.144591,1059,futex(0xb68b4580, FUTEX_WAIT_PRIVATE, -336, NULL <unfinished ...>
17:45:23.144795,1049,<... futex resumed> ) = 0
17:45:23.158493,1059,<... futex resumed> ) = -1 EAGAIN (Try again)
17:45:23.158760,1049,mmap2(NULL, 32768, PROT_READ|PROT_WRITE, MAP_PRIVATE|MAP_ANONYMOUS, -1, 0 <unfinished ...>
17:45:23.169529,1059,getpriority(PRIO_PROCESS, 1059) = 20
17:45:23.176391,1049,<... mmap2 resumed> ) = 0xad1fa000
17:45:23.179225,1059,setpriority(PRIO_PROCESS, 1059, 0 <unfinished ...>
17:45:23.179470,1049,madvise(0xad1fa000, 32768, 0xc /* MADV_??? */ <unfinished ...>
17:45:23.179794,1059,<... setpriority resumed> ) = 0
17:45:23.180091,1049,<... madvise resumed> ) = -1 EINVAL (Invalid argument)
17:45:23.180488,1059,futex(0xb8392258, FUTEX_WAIT_PRIVATE, 0, NULL <unfinished ...>
17:45:23.180808,1049,mmap2(NULL, 1048576, PROT_READ|PROT_WRITE, MAP_PRIVATE|MAP_ANONYMOUS|MAP_NORESERVE, -1, 0) = 0xad0fa000
17:45:23.181528,1049,madvise(0xad0fa000, 1048576, 0xc /* MADV_??? */) = -1 EINVAL (Invalid argument)
17:45:23.182074,1049,mprotect(0xad0fa000, 4096, PROT_NONE) = 0
17:45:23.182807,1049,clone(child_stack=0xad1f9f00, flags=CLONE_VM|CLONE_FS|CLONE_FILES|CLONE_SIGHAND|CLONE_THREAD|CLONE_SYSVSEM|0x400000) = 1060
17:45:23.184582,1049,futex(0xb68b4580, FUTEX_WAIT_PRIVATE, -338, NULL <unfinished ...>
17:45:23.224061,1060,set_tls(0xad1f9f00, 0xb83b9d50, 0xad1f9ffc, 0x40, 0xad1f9f00) = 0
17:45:23.224945,1060,prctl(PR_SET_NAME, 0xad1f9e8c, 0, 0, 0) = 0
17:45:23.225644,1060,gettid() = 1060
17:45:23.226281,1060,futex(0xb68b4580, FUTEX_WAKE_PRIVATE, 2147483647 <unfinished ...>
17:45:23.226576,1049,<... futex resumed> ) = 0
17:45:23.226853,1049,futex(0xb68b457c, FUTEX_WAIT_PRIVATE, 2, NULL <unfinished ...>
17:45:23.227115,1060,<... futex resumed> ) = 1
17:45:23.227383,1060,futex(0xb68b457c, FUTEX_WAKE_PRIVATE, 1 <unfinished ...>
17:45:23.227649,1049,<... futex resumed> ) = 0
17:45:23.227927,1049,futex(0xb68b457c, FUTEX_WAKE_PRIVATE, 1) = 0
17:45:23.228377,1049,futex(0xb68b4580, FUTEX_WAKE_PRIVATE, 2147483647) = 0
17:45:23.230138,1049,close(23) = 0
17:45:23.250915,1049,close(9 <unfinished ...>
17:45:23.251141,1060,<... futex resumed> ) = 1
17:45:23.251554,1049,<... close resumed> ) = 0
17:45:23.251841,1060,futex(0xb68b4580, FUTEX_WAIT_PRIVATE, -340, NULL) = -1 EAGAIN (Try again)
17:45:23.257811,1049,open("/dev/binder", O_RDWR <unfinished ...>
17:45:23.258246,1060,getpriority(PRIO_PROCESS, 1060 <unfinished ...>
17:45:23.261976,1049,<... open resumed> ) = 9
17:45:23.262258,1060,<... getpriority resumed> ) = 20
17:45:23.264111,1049,fcntl64(9, F_SETFD, FD_CLOEXEC <unfinished ...>
17:45:23.264531,1060,setpriority(PRIO_PROCESS, 1060, 0 <unfinished ...>
17:45:23.265684,1049,<... fcntl64 resumed> ) = 0
17:45:23.265976,1060,<... setpriority resumed> ) = 0
17:45:23.266840,1049,ioctl(9, 0xc0046209 <unfinished ...>
17:45:23.267252,1060,futex(0xb83985b0, FUTEX_WAIT_PRIVATE, 0, NULL <unfinished ...>
17:45:23.267631,1049,<... ioctl resumed> , 0xbeab4638) = 0
17:45:23.269017,1049,ioctl(9, 0x40046205, 0xbeab463c) = 0
17:45:23.280460,1049,mmap2(NULL, 1040384, PROT_READ, MAP_PRIVATE|MAP_NORESERVE, 9, 0) = 0xacffc000
17:45:23.282970,1049,madvise(0xacffc000, 1040384, 0xc /* MADV_??? */) = -1 EINVAL (Invalid argument)
17:45:23.284011,1049,prctl(PR_SET_NAME, 0xb8377846, 0, 0, 0) = 0
17:45:23.284979,1049,open("/sys/qemu_trace/process_name", O_RDWR) = 23
17:45:23.286502,1049,write(23, "com.hyperkani.hyppely\0", 22) = 22
17:45:23.287558,1049,close(23) = 0
17:45:23.370445,1049,mmap2(NULL, 1048576, PROT_READ|PROT_WRITE, MAP_PRIVATE|MAP_ANONYMOUS|MAP_NORESERVE, -1, 0) = 0xacefc000
17:45:23.371018,1049,madvise(0xacefc000, 1048576, 0xc /* MADV_??? */) = -1 EINVAL (Invalid argument)
17:45:23.371490,1049,mprotect(0xacefc000, 4096, PROT_NONE) = 0
17:45:23.371998,1049,clone(child_stack=0xacffbf00, flags=CLONE_VM|CLONE_FS|CLONE_FILES|CLONE_SIGHAND|CLONE_THREAD|CLONE_SYSVSEM|0x400000) = 1063
17:45:23.374837,1049,writev(3, [{"\4", 1}, {"dalvikvm\0", 9}, {"Turning on JNI app bug workaroun"..., 63}], 3) = 73
17:45:23.378537,1049,prctl(PR_SET_NAME, 0xb838162a, 0, 0, 0) = 0
17:45:23.401341,1049,open("/sys/qemu_trace/process_name", O_RDWR) = 23
17:45:23.403065,1063,set_tls(0xacffbf00, 0xb8350a68, 0xacffbffc, 0x40, 0xacffbf00 <unfinished ...>
17:45:23.403365,1049,write(23, "<pre-initialized>\0", 18 <unfinished ...>
17:45:23.403729,1063,<... open resumed> ) = 0
17:45:23.404005,1049,<... write resumed> ) = 18
17:45:23.404289,1063,setpriority(PRIO_PROCESS, 0, 0 <unfinished ...>
17:45:23.404687,1049,close(23 <unfinished ...>
17:45:23.404962,1063,<... setpriority resumed> ) = 0
17:45:23.405234,1049,<... close resumed> ) = 0
17:45:23.405727,1063,futex(0xb6ef80b0, FUTEX_WAKE_PRIVATE, 2147483647 <unfinished ...>
17:45:23.406809,1049,futex(0xb6ef80c0, FUTEX_WAKE_PRIVATE, 2147483647 <unfinished ...>
17:45:23.407088,1063,<... futex resumed> ) = 0
17:45:23.407347,1049,<... futex resumed> ) = 0
17:45:23.407624,1063,gettid( <unfinished ...>
17:45:23.407922,1049,pipe( <unfinished ...>
17:45:23.408167,1063,<... gettid resumed> ) = 1063
17:45:23.408457,1049,<... pipe resumed> [23, 29]) = 0
17:45:23.408794,1063,write(24, "1063", 4 <unfinished ...>
17:45:23.409131,1049,fcntl64(23, F_SETFL, O_RDONLY|O_NONBLOCK <unfinished ...>
17:45:23.409467,1063,<... write resumed> ) = 4
17:45:23.409755,1049,<... fcntl64 resumed> ) = 0
17:45:23.410079,1063,prctl(PR_SET_NAME, 0xb8373f60, 0, 0, 0 <unfinished ...>
17:45:23.410367,1049,fcntl64(29, F_SETFL, O_RDONLY|O_NONBLOCK <unfinished ...>
17:45:23.410635,1063,<... prctl resumed> ) = 0
17:45:23.410900,1049,<... fcntl64 resumed> ) = 0
17:45:23.411204,1063,mmap2(NULL, 32768, PROT_READ|PROT_WRITE, MAP_PRIVATE|MAP_ANONYMOUS, -1, 0 <unfinished ...>
17:45:23.411504,1049,epoll_create(0x8 <unfinished ...>
17:45:23.411771,1063,<... mmap2 resumed> ) = 0xacef4000
17:45:23.412067,1049,<... epoll_create resumed> ) = 30
17:45:23.412343,1063,madvise(0xacef4000, 32768, 0xc /* MADV_??? */ <unfinished ...>
17:45:23.412634,1049,epoll_ctl(0x1e, 0x1, 0x17, 0xbeab4300 <unfinished ...>
17:45:23.412886,1063,<... madvise resumed> ) = -1 EINVAL (Invalid argument)
17:45:23.426626,1049,<... epoll_ctl resumed> ) = 0
17:45:23.426938,1063,gettid( <unfinished ...>
17:45:23.431519,1049,gettid( <unfinished ...>
17:45:23.431782,1063,<... gettid resumed> ) = 1063
17:45:23.432044,1049,<... gettid resumed> ) = 1049
17:45:23.433065,1049,getpid() = 1049
17:45:23.433599,1049,getuid32() = 10050
17:45:23.434062,1049,futex(0xb6f7b698, FUTEX_WAIT_PRIVATE, 2, NULL <unfinished ...>
17:45:23.459970,1063,futex(0xb6f7b698, FUTEX_WAKE_PRIVATE, 1 <unfinished ...>
17:45:23.469751,1049,<... futex resumed> ) = 0
17:45:23.470060,1049,futex(0xb6f7b698, FUTEX_WAKE_PRIVATE, 1) = 0
17:45:23.472441,1049,getpid() = 1049
17:45:23.472928,1049,gettid() = 1049
17:45:23.473435,1049,clock_gettime(CLOCK_MONOTONIC, {123, 85274077}) = 0
17:45:23.473995,1049,ioctl(9, 0xc0186201, 0xbeab41f0) = 0
17:45:23.474781,1049,clock_gettime(CLOCK_MONOTONIC, {123, 86619729}) = 0
17:45:23.476242,1049,getpid() = 1049
17:45:23.476717,1049,gettid() = 1049
17:45:23.477180,1049,clock_gettime(CLOCK_MONOTONIC, {123, 89061569}) = 0
17:45:23.477757,1049,ioctl(9, 0xc0186201, 0xbeab41f0) = 0
17:45:23.480600,1049,ioctl(9, 0xc0186201 <unfinished ...>
17:45:23.491653,1063,<... futex resumed> ) = 1
17:45:23.492483,1063,getpriority(PRIO_PROCESS, 0) = 20
17:45:23.493297,1063,gettid() = 1063
17:45:23.494045,1063,gettid() = 1063
17:45:23.494691,1063,getpid() = 1049
17:45:23.495167,1063,getuid32() = 10050
17:45:23.495772,1063,write(24, "1063", 4) = 4
17:45:23.496393,1063,ioctl(9, 0xc0186201, 0xacffbe28) = 0
17:45:23.496997,1063,mmap2(NULL, 1048576, PROT_READ|PROT_WRITE, MAP_PRIVATE|MAP_ANONYMOUS|MAP_NORESERVE, -1, 0) = 0xacdf4000
17:45:23.497561,1063,madvise(0xacdf4000, 1048576, 0xc /* MADV_??? */) = -1 EINVAL (Invalid argument)
17:45:23.498032,1063,mprotect(0xacdf4000, 4096, PROT_NONE) = 0
17:45:23.510763,1063,clone(child_stack=0xacef3f00, flags=CLONE_VM|CLONE_FS|CLONE_FILES|CLONE_SIGHAND|CLONE_THREAD|CLONE_SYSVSEM|0x400000) = 1064
17:45:23.512762,1063,write(24, "1063", 4) = 4
17:45:23.513436,1063,ioctl(9, 0xc0186201, 0xacffbe28) = 0
17:45:23.515593,1063,write(24, "1063", 4) = 4
17:45:23.516257,1063,getpriority(PRIO_PROCESS, 1063) = 20
17:45:23.530602,1063,clock_gettime(CLOCK_MONOTONIC, {123, 142453314}) = 0
17:45:23.539094,1063,clock_gettime(CLOCK_MONOTONIC, {123, 150951673}) = 0
17:45:23.539755,1063,write(24, "1063", 4) = 4
17:45:23.540313,1063,ioctl(9, 0xc0186201 <unfinished ...>
17:45:23.540762,1064,set_tls(0xacef3f00, 0xb83686d0, 0xacef3ffc, 0x40, 0xacef3f00) = 0
17:45:23.541206,1064,setpriority(PRIO_PROCESS, 0, 0) = 0
17:45:23.541706,1064,gettid() = 1064
17:45:23.542141,1064,write(24, "1064", 4) = 4
17:45:23.542916,1064,prctl(PR_SET_NAME, 0xb83694c8, 0, 0, 0) = 0
17:45:23.543545,1064,mmap2(NULL, 32768, PROT_READ|PROT_WRITE, MAP_PRIVATE|MAP_ANONYMOUS, -1, 0) = 0xacdec000
17:45:23.544064,1064,madvise(0xacdec000, 32768, 0xc /* MADV_??? */) = -1 EINVAL (Invalid argument)
17:45:23.544518,1064,gettid() = 1064
17:45:23.545111,1064,getpriority(PRIO_PROCESS, 0) = 20
17:45:23.545707,1064,gettid() = 1064
17:45:23.546288,1064,gettid() = 1064
17:45:23.546786,1064,getpid() = 1049
17:45:23.547252,1064,getuid32() = 10050
17:45:23.547700,1064,write(24, "1064", 4) = 4
17:45:23.548205,1064,ioctl(9, 0xc0186201, 0xacef3e28) = 0
17:45:23.548674,1064,write(24, "1064", 4) = 4
17:45:23.549172,1064,ioctl(9, 0xc0186201 <unfinished ...>
17:45:23.552357,1063,<... ioctl resumed> , 0xacffbe28) = 0
17:45:23.552745,1063,write(24, "1063", 4) = 4
17:45:23.553425,1063,getpriority(PRIO_PROCESS, 1063) = 20
17:45:23.578029,1063,clock_gettime(CLOCK_MONOTONIC, {123, 190005705}) = 0
17:45:23.579090,1063,write(24, "1063", 4) = 4
17:45:23.580017,1063,ioctl(9, 0xc0186201 <unfinished ...>
17:45:23.709761,1049,<... ioctl resumed> , 0xbeab41f0) = 0
17:45:23.710134,1049,clock_gettime(CLOCK_MONOTONIC, {123, 321981343}) = 0
17:45:23.711660,1049,mprotect(0xb1656000, 8192, PROT_READ|PROT_WRITE) = 0
17:45:23.714515,1049,getpid() = 1049
17:45:23.714997,1049,getuid32() = 10050
17:45:23.719890,1049,getpid() = 1049
17:45:23.720548,1049,getuid32() = 10050
17:45:23.721050,1049,epoll_wait(0x1e, 0xbeab41f8, 0x10, 0) = 0
17:45:23.721585,1049,clock_gettime(CLOCK_MONOTONIC, {123, 333425301}) = 0
17:45:23.723866,1049,open("/sys/kernel/debug/tracing/trace_marker", O_WRONLY) = -1 ENOENT (No such file or directory)
17:45:23.730086,1049,writev(3, [{"\6", 1}, {"Trace\0", 6}, {"error opening trace file: No suc"..., 56}], 3) = 63
17:45:23.732045,1049,getpid() = 1049
17:45:23.732650,1049,getuid32() = 10050
17:45:23.733353,1049,epoll_wait(0x1e, 0xbeab41f8, 0x10, 0) = 0
17:45:23.733849,1049,clock_gettime(CLOCK_MONOTONIC, {123, 345689849}) = 0
17:45:23.735028,1049,prctl(PR_SET_NAME, 0xb8353e1e, 0, 0, 0) = 0
17:45:23.735566,1049,open("/sys/qemu_trace/process_name", O_RDWR) = 31
17:45:23.736316,1049,write(31, "com.hyperkani.hyppely\0", 22) = 22
17:45:23.736931,1049,close(31) = 0
17:45:23.740442,1049,ioctl(9, 0xc0186201, 0xbeab40c8) = 0
17:45:23.741394,1049,ioctl(9, 0xc0186201, 0xbeab4108) = 0
17:45:23.742164,1049,ioctl(9, 0xc0186201, 0xbeab4108) = 0
17:45:23.750639,1049,ioctl(9, 0xc0186201, 0xbeab40c8) = 0
17:45:23.751399,1049,ioctl(9, 0xc0186201, 0xbeab40c8) = 0
17:45:23.751897,1049,dup(31) = 32
17:45:23.752417,1049,mmap2(NULL, 4096, PROT_READ, MAP_SHARED, 32, 0) = 0xacdeb000
17:45:23.752935,1049,close(31) = 0
17:45:23.753455,1049,dup(32) = 31
17:45:23.754637,1049,getpid() = 1049
17:45:23.755112,1049,gettid() = 1049
17:45:23.755575,1049,clock_gettime(CLOCK_MONOTONIC, {123, 367447858}) = 0
17:45:23.756148,1049,ioctl(9, 0xc0186201, 0xbeab41f0) = 0
17:45:23.757197,1049,ioctl(9, 0xc0186201, 0xbeab41f0) = 0
17:45:23.757740,1049,clock_gettime(CLOCK_MONOTONIC, {123, 369579865}) = 0
17:45:23.834043,1049,getuid32() = 10050
17:45:23.835612,1049,stat64("/system/framework/framework-res.apk", {st_mode=S_IFREG|0644, st_size=8749696, ...}) = 0
17:45:23.837202,1049,access("/vendor/overlay/framework/framework-res.apk", R_OK) = -1 ENOENT (No such file or directory)
17:45:23.838202,1049,stat64("/data/app/com.hyperkani.hyppely-1.apk", {st_mode=S_IFREG|0644, st_size=3511067, ...}) = 0
17:45:23.861078,1049,stat64("/system/framework/framework-res.apk", {st_mode=S_IFREG|0644, st_size=8749696, ...}) = 0
17:45:23.862465,1049,stat64("/data/app/com.hyperkani.hyppely-1.apk", {st_mode=S_IFREG|0644, st_size=3511067, ...}) = 0
17:45:23.900353,1049,open("/data/app/com.hyperkani.hyppely-1.apk", O_RDONLY) = 33
17:45:23.901243,1049,_llseek(33, 0, [3511067], SEEK_END) = 0
17:45:23.901963,1049,mmap2(NULL, 69632, PROT_READ|PROT_WRITE, MAP_PRIVATE|MAP_ANONYMOUS, -1, 0) = 0xacdda000
17:45:23.902475,1049,madvise(0xacdda000, 69632, 0xc /* MADV_??? */) = -1 EINVAL (Invalid argument)
17:45:23.903025,1049,_llseek(33, 0, [0], SEEK_SET) = 0
17:45:23.903548,1049,read(33, "PK\3\4", 4) = 4
17:45:23.904362,1049,_llseek(33, 3445510, [3445510], SEEK_SET) = 0
17:45:23.904892,1049,read(33, "°ÇjY\226ÍáÈ³«ýw \231Î\216\v\225Ýxc3\230s\235Þ´\35WZ®9"..., 65557) = 65557
17:45:23.906569,1049,munmap(0xacdda000, 69632) = 0
17:45:23.907139,1049,mmap2(NULL, 37637, PROT_READ, MAP_SHARED, 33, 0x350) = 0xacde1000
17:45:23.908638,1049,pread(33, "PK\3\4\n\0\0\0\0\0¢´b?\7·Q\233\204å\0\0\204å\0\0\16\0\1\0", 30, 7443225568608256) = 30
17:45:23.909599,1049,mmap2(NULL, 59204, PROT_READ, MAP_SHARED, 33, 0x1a7) = 0xacdd2000
17:45:23.939827,1049,gettimeofday({1723225523, 940049}, NULL) = 0
17:45:23.940916,1049,access("/data/data/com.hyperkani.hyppely/cache", F_OK) = -1 ENOENT (No such file or directory)
17:45:23.942080,1049,access("/data/data/com.hyperkani.hyppely/cache", F_OK) = -1 ENOENT (No such file or directory)
17:45:23.943286,1049,mkdir("/data/data/com.hyperkani.hyppely/cache", 0700) = 0
17:45:23.944625,1049,chmod("/data/data/com.hyperkani.hyppely/cache", 0771) = 0
17:45:23.945709,1049,getuid32() = 10050
17:45:23.946206,1049,getuid32() = 10050
17:45:23.950292,1049,getpid() = 1049
17:45:23.950788,1049,gettid() = 1049
17:45:23.951254,1049,clock_gettime(CLOCK_MONOTONIC, {123, 563094264}) = 0
17:45:23.951800,1049,ioctl(9, 0xc0186201, 0xbeab41f0) = 0
17:45:23.952974,1049,ioctl(9, 0xc0186201, 0xbeab41f0) = 0
17:45:23.953656,1049,clock_gettime(CLOCK_MONOTONIC, {123, 565512589}) = 0
17:45:23.955479,1049,access("/data/data/com.hyperkani.hyppely/cache/com.android.renderscript.cache", F_OK) = -1 ENOENT (No such file or directory)
17:45:23.956612,1049,mkdir("/data/data/com.hyperkani.hyppely/cache/com.android.renderscript.cache", 0700) = 0
17:45:23.958031,1049,getpid() = 1049
17:45:23.958506,1049,gettid() = 1049
17:45:23.958969,1049,clock_gettime(CLOCK_MONOTONIC, {123, 570808618}) = 0
17:45:23.959507,1049,ioctl(9, 0xc0186201, 0xbeab41f0) = 0
17:45:23.970037,1049,clock_gettime(CLOCK_MONOTONIC, {123, 581905069}) = 0
17:45:23.971510,1049,getpid() = 1049
17:45:23.971996,1049,gettid() = 1049
17:45:23.972461,1049,clock_gettime(CLOCK_MONOTONIC, {123, 584301059}) = 0
17:45:23.973002,1049,ioctl(9, 0xc0186201, 0xbeab41f0) = 0
17:45:23.974148,1049,ioctl(9, 0xc0186201, 0xbeab41f0) = 0
17:45:23.974652,1049,clock_gettime(CLOCK_MONOTONIC, {123, 586493076}) = 0
17:45:23.976718,1049,writev(3, [{"\5", 1}, {"DroidBox\0", 9}, {"DroidBox: { \"DexClassLoader\": { "..., 84}], 3) = 94
17:45:23.979602,1049,access("/data/app/com.hyperkani.hyppely-1.apk", F_OK) = 0
17:45:23.980483,1049,access("/data/app/com.hyperkani.hyppely-1.apk", R_OK) = 0
17:45:23.981242,1049,stat64("/data/app/com.hyperkani.hyppely-1.apk", {st_mode=S_IFREG|0644, st_size=3511067, ...}) = 0
17:45:23.985339,1049,open("/data/app/com.hyperkani.hyppely-1.apk", O_RDONLY) = 34
17:45:23.986207,1049,fstat64(34, {st_mode=S_IFREG|0644, st_size=3511067, ...}) = 0
17:45:23.987309,1049,fstat64(34, {st_mode=S_IFREG|0644, st_size=3511067, ...}) = 0
17:45:23.988427,1049,_llseek(34, 3511045, [3511045], SEEK_SET) = 0
17:45:23.989105,1049,read(34, "PK\5\6", 4) = 4
17:45:23.989700,1049,fgetxattr(34, "user.taint", 0xbeab4484, 4) = -1 ENODATA (No data available)
17:45:23.991417,1049,clock_gettime(CLOCK_MONOTONIC, {123, 603262646}) = 0
17:45:23.991968,1049,getpid() = 1049
17:45:23.998511,1049,readlink("/proc/1049/fd/34", "/data/app/com.hyperkani.hyppely-1.apk"..., 120) = 37
17:45:24.000000,1049,read(34, "\0\0\0\0\232\1\232\0013\203\0\0Ò\0175\0\0\0", 18) = 18
17:45:24.000657,1049,fgetxattr(34, "user.taint", 0xbeab4484, 4) = -1 ENODATA (No data available)
17:45:24.002045,1049,clock_gettime(CLOCK_MONOTONIC, {123, 613887982}) = 0
17:45:24.002589,1049,getpid() = 1049
17:45:24.003075,1049,readlink("/proc/1049/fd/34", "/data/app/com.hyperkani.hyppely-1.apk"..., 120) = 37
17:45:24.004115,1049,fstat64(34, {st_mode=S_IFREG|0644, st_size=3511067, ...}) = 0
17:45:24.005276,1049,_llseek(34, 3477458, [3477458], SEEK_SET) = 0
17:45:24.006301,1049,read(34, "PK\1\2\n\0\n\0\0\0\0\0è}¼>t¿,ô\204\223\0\0\204\223\0\0\35\0\4\0"..., 4096) = 4096
17:45:24.007017,1049,fgetxattr(34, "user.taint", 0xbeab4484, 4) = -1 ENODATA (No data available)
17:45:24.008681,1049,clock_gettime(CLOCK_MONOTONIC, {123, 620548977}) = 0
17:45:24.009255,1049,getpid() = 1049
17:45:24.009770,1049,readlink("/proc/1049/fd/34", "/data/app/com.hyperkani.hyppely-1.apk"..., 120) = 37
17:45:24.023018,1049,_llseek(34, 3481554, [3481554], SEEK_SET) = 0
17:45:24.023656,1049,read(34, "\0\0\0\0\0\0\0\0\216Á\25\0assets/data/platform"..., 4096) = 4096
17:45:24.024363,1049,fgetxattr(34, "user.taint", 0xbeab4484, 4) = -1 ENODATA (No data available)
17:45:24.025746,1049,clock_gettime(CLOCK_MONOTONIC, {123, 637588969}) = 0
17:45:24.026288,1049,getpid() = 1049
17:45:24.026774,1049,readlink("/proc/1049/fd/34", "/data/app/com.hyperkani.hyppely-1.apk"..., 120) = 37
17:45:24.035098,1049,_llseek(34, 3485650, [3485650], SEEK_SET) = 0
17:45:24.035738,1049,read(34, "\0\0\223\1\0\0/\0\0\0\0\0\0\0\0\0\0\0\0\0Ö\27\30\0res/draw"..., 4096) = 4096
17:45:24.036455,1049,fgetxattr(34, "user.taint", 0xbeab4484, 4) = -1 ENODATA (No data available)
17:45:24.038112,1049,clock_gettime(CLOCK_MONOTONIC, {123, 649959041}) = 0
17:45:24.038660,1049,getpid() = 1049
17:45:24.039145,1049,readlink("/proc/1049/fd/34", "/data/app/com.hyperkani.hyppely-1.apk"..., 120) = 37
17:45:24.046759,1049,_llseek(34, 3489746, [3489746], SEEK_SET) = 0
17:45:24.047381,1049,read(34, "\0\0\0\0¢´b?ØÆlE\224\0\0\0\224\0\0\0\"\0\0\0\0\0\0\0\0\0\0\0"..., 4096) = 4096
17:45:24.048095,1049,fgetxattr(34, "user.taint", 0xbeab4484, 4) = -1 ENODATA (No data available)
17:45:24.069909,1049,clock_gettime(CLOCK_MONOTONIC, {123, 687749758}) = 0
17:45:24.076622,1049,getpid() = 1049
17:45:24.077165,1049,readlink("/proc/1049/fd/34", "/data/app/com.hyperkani.hyppely-1.apk"..., 120) = 37
17:45:24.120417,1049,_llseek(34, 3493842, [3493842], SEEK_SET) = 0
17:45:24.121091,1049,read(34, "rawable/ppy_rect.xmlPK\1\2\n\0\n\0\0\0\0\0"..., 4096) = 4096
17:45:24.121839,1049,fgetxattr(34, "user.taint", 0xbeab4484, 4) = -1 ENODATA (No data available)
17:45:24.123504,1049,clock_gettime(CLOCK_MONOTONIC, {123, 735413243}) = 0
17:45:24.124139,1049,getpid() = 1049
17:45:24.124628,1049,readlink("/proc/1049/fd/34", "/data/app/com.hyperkani.hyppely-1.apk"..., 120) = 37
17:45:24.133511,1049,_llseek(34, 3497938, [3497938], SEEK_SET) = 0
17:45:24.134149,1049,read(34, "\0\0DW\33\0classes.dexPK\1\2\24\0\24\0\10\0\10\0ª´b"..., 4096) = 4096
17:45:24.134879,1049,fgetxattr(34, "user.taint", 0xbeab4484, 4) = -1 ENODATA (No data available)
17:45:24.136285,1049,clock_gettime(CLOCK_MONOTONIC, {123, 748129325}) = 0
17:45:24.136828,1049,getpid() = 1049
17:45:24.137347,1049,readlink("/proc/1049/fd/34", "/data/app/com.hyperkani.hyppely-1.apk"..., 120) = 37
17:45:24.144578,1049,_llseek(34, 3502034, [3502034], SEEK_SET) = 0
17:45:24.145189,1049,read(34, "\0\10\0\10\0ª´b?lK\27\221+\2\0\0&\2\0\0002\0\0\0\0\0\0\0\0\0\0"..., 4096) = 4096
17:45:24.145910,1049,fgetxattr(34, "user.taint", 0xbeab4484, 4) = -1 ENODATA (No data available)
17:45:24.148189,1049,clock_gettime(CLOCK_MONOTONIC, {123, 760046923}) = 0
17:45:24.148747,1049,getpid() = 1049
17:45:24.149237,1049,readlink("/proc/1049/fd/34", "/data/app/com.hyperkani.hyppely-1.apk"..., 120) = 37
17:45:24.171703,1049,mprotect(0xb3dfe000, 331776, PROT_READ|PROT_WRITE) = 0
17:45:24.172247,1049,mprotect(0xb3e4f000, 41213952, PROT_NONE) = 0
17:45:24.175035,1049,_llseek(34, 3506130, [3506130], SEEK_SET) = 0
17:45:24.175654,1049,read(34, "_143/btn_addfriends.pngPK\1\2\24\0\24\0\10"..., 4096) = 4096
17:45:24.176357,1049,fgetxattr(34, "user.taint", 0xbeab4484, 4) = -1 ENODATA (No data available)
17:45:24.177906,1049,clock_gettime(CLOCK_MONOTONIC, {123, 789751477}) = 0
17:45:24.178810,1049,getpid() = 1049
17:45:24.179346,1049,readlink("/proc/1049/fd/34", "/data/app/com.hyperkani.hyppely-1.apk"..., 120) = 37
17:45:24.202903,1049,_llseek(34, 3510226, [3510226], SEEK_SET) = 0
17:45:24.203581,1049,read(34, "/ppy12.jsPK\1\2\24\0\24\0\10\0\10\0ª´b?f?þZ\21\5\0"..., 841) = 841
17:45:24.204283,1049,fgetxattr(34, "user.taint", 0xbeab4484, 4) = -1 ENODATA (No data available)
17:45:24.205663,1049,clock_gettime(CLOCK_MONOTONIC, {123, 817507820}) = 0
17:45:24.206233,1049,getpid() = 1049
17:45:24.206723,1049,readlink("/proc/1049/fd/34", "/data/app/com.hyperkani.hyppely-1.apk"..., 120) = 37
17:45:24.210550,1049,open("/data/app/com.hyperkani.hyppely-1.apk", O_RDONLY) = 35
17:45:24.211344,1049,lseek(35, 0, SEEK_END) = 3511067
17:45:24.211891,1049,mmap2(NULL, 69632, PROT_READ|PROT_WRITE, MAP_PRIVATE|MAP_ANONYMOUS, -1, 0) = 0xacdc1000
17:45:24.212400,1049,madvise(0xacdc1000, 69632, 0xc /* MADV_??? */) = -1 EINVAL (Invalid argument)
17:45:24.212948,1049,lseek(35, 3445510, SEEK_SET) = 3445510
17:45:24.213485,1049,read(35, "°ÇjY\226ÍáÈ³«ýw \231Î\216\v\225Ýxc3\230s\235Þ´\35WZ®9"..., 65557) = 65557
17:45:24.214587,1049,mmap2(NULL, 37637, PROT_READ, MAP_SHARED, 35, 0x350) = 0xacdb7000
17:45:24.215228,1049,munmap(0xacdc1000, 69632) = 0
17:45:24.216384,1049,fcntl64(35, F_GETFD) = 0
17:45:24.216983,1049,fcntl64(35, F_SETFD, FD_CLOEXEC) = 0
17:45:24.217524,1049,open("/data/app/com.hyperkani.hyppely-1.odex", O_RDONLY) = -1 ENOENT (No such file or directory)
17:45:24.219034,1049,open("/data/dalvik-cache/data@app@com.hyperkani.hyppely-1.apk@classes.dex", O_RDWR|O_CREAT, 0644) = -1 EACCES (Permission denied)
17:45:24.219965,1049,open("/data/dalvik-cache/data@app@com.hyperkani.hyppely-1.apk@classes.dex", O_RDONLY) = 36
17:45:24.220838,1049,flock(36, LOCK_EX|LOCK_NB) = 0
17:45:24.221661,1049,fstat64(36, {st_mode=S_IFREG|0644, st_size=2401320, ...}) = 0
17:45:24.222664,1049,stat64("/data/dalvik-cache/data@app@com.hyperkani.hyppely-1.apk@classes.dex", {st_mode=S_IFREG|0644, st_size=2401320, ...}) = 0
17:45:24.224032,1049,lseek(36, 0, SEEK_SET) = 0
17:45:24.224498,1049,read(36, "dey\n036\0(\0\0\0\fâ#\0008â#\0Ö\1\0\0\20ä#\0\30À\0\0"..., 40) = 40
17:45:24.225193,1049,lseek(36, 2351672, SEEK_SET) = 2351672
17:45:24.225726,1049,read(36, "ª´b?û\206i_\34\0\0\0\10\0\0\0\34\0\0\0/system/fram"..., 470) = 470
17:45:24.226742,1049,lseek(36, 0, SEEK_SET) = 0
17:45:24.227213,1049,lseek(36, 0, SEEK_CUR) = 0
17:45:24.227674,1049,lseek(36, 0, SEEK_END) = 2401320
17:45:24.228144,1049,lseek(36, 0, SEEK_SET) = 0
17:45:24.228602,1049,mmap2(NULL, 2401320, PROT_READ|PROT_WRITE, MAP_PRIVATE, 36, 0) = 0xacb6c000
17:45:24.229116,1049,madvise(0xacb6c000, 2401320, 0xc /* MADV_??? */) = -1 EINVAL (Invalid argument)
17:45:24.229630,1049,mprotect(0xacb6c000, 2401320, PROT_READ) = 0
17:45:24.230264,1049,open("/dev/ashmem", O_RDWR) = 37
17:45:24.230845,1049,ioctl(37, 0x41007701, 0xbeab4254) = 0
17:45:24.231321,1049,ioctl(37, 0x40047703, 0x30000) = 0
17:45:24.231787,1049,mmap2(NULL, 196608, PROT_READ|PROT_WRITE, MAP_PRIVATE, 37, 0) = 0xacb3c000
17:45:24.232339,1049,madvise(0xacb3c000, 196608, 0xc /* MADV_??? */) = -1 EINVAL (Invalid argument)
17:45:24.232809,1049,close(37) = 0
17:45:24.233530,1049,flock(36, LOCK_UN) = 0
17:45:24.234096,1049,close(36) = 0
17:45:24.236209,1049,access("/data/data/com.hyperkani.hyppely/lib", F_OK) = 0
17:45:24.236993,1049,access("/data/data/com.hyperkani.hyppely/lib", R_OK) = 0
17:45:24.237842,1049,stat64("/data/data/com.hyperkani.hyppely/lib", {st_mode=S_IFDIR|0755, st_size=4096, ...}) = 0
17:45:24.273761,1049,access("/vendor/lib", F_OK) = -1 ENOENT (No such file or directory)
17:45:24.274765,1049,access("/system/lib", F_OK) = 0
17:45:24.275381,1049,access("/system/lib", R_OK) = 0
17:45:24.275976,1049,stat64("/system/lib", {st_mode=S_IFDIR|0755, st_size=8192, ...}) = 0
17:45:24.277171,1049,getuid32() = 10050
17:45:24.277970,1049,getpid() = 1049
17:45:24.278453,1049,gettid() = 1049
17:45:24.278912,1049,clock_gettime(CLOCK_MONOTONIC, {123, 890751543}) = 0
17:45:24.279451,1049,ioctl(9, 0xc0186201, 0xbeab41f0) = 0
17:45:24.282822,1049,ioctl(9, 0xc0186201, 0xbeab41f0) = 0
17:45:24.283327,1049,clock_gettime(CLOCK_MONOTONIC, {123, 895166200}) = 0
17:45:24.323085,1049,gettimeofday({1723225524, 324178}, NULL) = 0
17:45:24.325898,1049,writev(3, [{"\4", 1}, {"ActivityThread\0", 15}, {"Pub com.hyperkani.hyppely.ppy_ca"..., 80}], 3) = 96
17:45:24.334052,1049,getuid32() = 10050
17:45:24.353906,1049,getpid() = 1049
17:45:24.354429,1049,gettid() = 1049
17:45:24.354894,1049,clock_gettime(CLOCK_MONOTONIC, {123, 966733823}) = 0
17:45:24.355438,1049,ioctl(9, 0xc0186201, 0xbeab41f0) = 0
17:45:24.359342,1049,clock_gettime(CLOCK_MONOTONIC, {123, 971187398}) = 0
17:45:24.360015,1049,clock_gettime(CLOCK_MONOTONIC, {123, 971856244}) = 0
17:45:24.360636,1049,getpid() = 1049
17:45:24.361098,1049,getuid32() = 10050
17:45:24.361629,1049,epoll_wait(0x1e, 0xbeab41f8, 0x10, 0) = 0
17:45:24.362117,1049,clock_gettime(CLOCK_MONOTONIC, {124, 39376907}) = 0
17:45:24.429018,1049,stat64("/system/framework/framework-res.apk", {st_mode=S_IFREG|0644, st_size=8749696, ...}) = 0
17:45:24.431045,1049,stat64("/data/app/com.hyperkani.hyppely-1.apk", {st_mode=S_IFREG|0644, st_size=3511067, ...}) = 0
17:45:24.434163,1049,mprotect(0xb1657000, 8192, PROT_READ|PROT_WRITE) = 0
17:45:24.459573,1049,mprotect(0xb1658000, 8192, PROT_READ|PROT_WRITE) = 0
17:45:24.465763,1049,access("/data/data/com.hyperkani.hyppely/lib/libgdx.so", F_OK) = 0
17:45:24.466607,1049,stat64("/data/data/com.hyperkani.hyppely/lib/libgdx.so", {st_mode=S_IFREG|0755, st_size=416968, ...}) = 0
17:45:24.467916,1049,access("/data/data/com.hyperkani.hyppely/lib/libgdx.so", R_OK) = 0
17:45:24.468796,1049,writev(3, [{"\3", 1}, {"dalvikvm\0", 9}, {"Trying to load lib /data/data/co"..., 77}], 3) = 87
17:45:24.469923,1049,writev(3, [{"\5", 1}, {"dalvikvm\0", 9}, {"Denying lib /data/data/com.hyper"..., 83}], 3) = 93
17:45:24.471124,1049,writev(3, [{"\5", 1}, {"dalvikvm\0", 9}, {"Exception Ljava/lang/Unsatisfied"..., 124}], 3) = 134
17:45:24.474566,1049,writev(3, [{"\5", 1}, {"dalvikvm\0", 9}, {"Class init failed in newInstance"..., 72}], 3) = 82
17:45:24.476693,1049,writev(3, [{"\3", 1}, {"AndroidRuntime\0", 15}, {"Shutting down VM\n\0", 18}], 3) = 34
17:45:24.478047,1049,writev(3, [{"\5", 1}, {"dalvikvm\0", 9}, {"threadid=1: thread exiting with "..., 70}], 3) = 80
17:45:24.489285,1049,mprotect(0xb3dfe000, 397312, PROT_READ|PROT_WRITE) = 0
17:45:24.489986,1049,mprotect(0xb3e5f000, 41148416, PROT_NONE) = 0
17:45:24.497650,1049,writev(6, [{"\6", 1}, {"AndroidRuntime\0", 15}, {"FATAL EXCEPTION: main\njava.lang."..., 1344}], 3) = 1360
17:45:24.505183,1049,getpid() = 1049
17:45:24.505715,1049,gettid() = 1049
17:45:24.511145,1049,clock_gettime(CLOCK_MONOTONIC, {124, 123108666}) = 0
17:45:24.511864,1049,ioctl(9, 0xc0186201, 0xbeab4530) = 0
17:45:24.515045,1049,ioctl(9, 0xc0186201 <unfinished ...>
17:45:24.572320,1064,<... ioctl resumed> , 0xacef3e28) = 0
17:45:24.574291,1064,write(24, "1064", 4) = 4
17:45:24.576546,1049,<... ioctl resumed> , 0xbeab4530) = 0
17:45:24.577170,1049,clock_gettime(CLOCK_MONOTONIC, <unfinished ...>
17:45:24.577525,1064,getpriority(PRIO_PROCESS, 1064 <unfinished ...>
17:45:24.577789,1049,<... clock_gettime resumed> {124, 189370751}) = 0
17:45:24.578164,1064,<... getpriority resumed> ) = 20
17:45:24.580900,1064,clock_gettime(CLOCK_MONOTONIC, {124, 192774863}) = 0
17:45:24.582373,1064,write(24, "1064", 4) = 4
17:45:24.583255,1064,ioctl(9, 0xc0186201 <unfinished ...>
17:45:24.583970,1049,getpid() = 1049
17:45:24.584612,1049,writev(3, [{"\4", 1}, {"Process\0", 8}, {"Sending signal. PID: 1049 SIG: 9"..., 33}], 3) = 42
17:45:24.585833,1049,kill(1049, SIGKILL <unfinished ...>
17:45:24.587816,1053,+++ killed by SIGKILL +++
17:45:24.589762,1054,+++ killed by SIGKILL +++
17:45:24.590107,1055,+++ killed by SIGKILL +++
17:45:24.590424,1058,+++ killed by SIGKILL +++
17:45:24.590736,1059,+++ killed by SIGKILL +++
17:45:24.591052,1060,+++ killed by SIGKILL +++
17:45:24.591372,1063,+++ killed by SIGKILL +++
17:45:24.591675,1064,+++ killed by SIGKILL +++
17:45:24.642402,1049,+++ killed by SIGKILL +++
17:45:24.642758,60,<... select resumed> ) = ? ERESTARTNOHAND (To be restarted)
17:45:24.643080,60,--- {si_signo=SIGCHLD, si_code=CLD_KILLED, si_pid=1049, si_status=SIGKILL, si_utime=16, si_stime=11} (Child exited) ---
17:45:24.644051,60,wait4(-1, [{WIFSIGNALED(s) && WTERMSIG(s) == SIGKILL}], WNOHANG, NULL) = 1049
17:45:24.644898,60,wait4(-1, 0xbeab42dc, WNOHANG, NULL) = 0
17:45:24.645380,60,sigreturn() = ? (mask now [INT FPE KILL TERM CHLD TSTP XCPU VTALRM PROF IO PWR RTMIN])
17:45:24.646522,60,select(24, [9 23], NULL, NULL, NULL) = ? ERESTARTNOHAND (To be restarted)
17:45:44.840860,60,--- {si_signo=SIGCHLD, si_code=CLD_KILLED, si_pid=684, si_status=SIGKILL, si_utime=28, si_stime=19} (Child exited) ---
17:45:44.841363,60,wait4(-1, [{WIFSIGNALED(s) && WTERMSIG(s) == SIGKILL}], WNOHANG, NULL) = 684
17:45:44.842444,60,wait4(-1, 0xbeab42dc, WNOHANG, NULL) = 0
17:45:44.843109,60,sigreturn() = ? (mask now [INT FPE KILL TERM CHLD TSTP XCPU VTALRM PROF IO PWR RTMIN])
17:45:44.844319,60,select(24, [9 23], NULL, NULL, NULL