19:32:24.241851,1017,futex(0xb7672f10, FUTEX_WAIT_PRIVATE, 0, NULL <unfinished ...>
19:32:24.253583,1015,futex(0xb766f828, FUTEX_WAIT_PRIVATE, 0, NULL <unfinished ...>
19:32:24.254310,1014,futex(0xb766abd8, FUTEX_WAIT_PRIVATE, 0, NULL <unfinished ...>
19:32:24.254668,62,select(24, [9 23], NULL, NULL, NULL) = 1 (in [23])
19:32:27.743567,62,ioctl(23, FIONREAD, [153]) = 0
19:32:27.755002,62,recvmsg(23, {msg_name(0)=NULL, msg_iov(1)=[{"7\n--runtime-init\n--setuid=10050\n"..., 4217}], msg_controllen=0, msg_flags=0}, MSG_NOSIGNAL) = 153
19:32:27.757170,62,ioctl(23, FIONREAD, [0]) = 0
19:32:27.758613,62,futex(0xb766abd8, FUTEX_WAKE_PRIVATE, 1 <unfinished ...>
19:32:27.758899,1014,<... futex resumed> ) = 0
19:32:27.759283,1014,futex(0xb766abc8, FUTEX_WAIT_PRIVATE, 2, NULL <unfinished ...>
19:32:27.759563,62,<... futex resumed> ) = 1
19:32:27.759904,62,futex(0xb766abc8, FUTEX_WAKE_PRIVATE, 1 <unfinished ...>
19:32:27.760177,1014,<... futex resumed> ) = 0
19:32:27.760510,1014,futex(0xb766abc8, FUTEX_WAKE_PRIVATE, 1) = 0
19:32:27.761603,1014,futex(0xb681257c, FUTEX_WAIT_PRIVATE, 2, NULL <unfinished ...>
19:32:27.761841,62,<... futex resumed> ) = 1
19:32:27.762146,62,futex(0xb681257c, FUTEX_WAKE_PRIVATE, 1 <unfinished ...>
19:32:27.762581,1014,<... futex resumed> ) = 0
19:32:27.762838,1014,futex(0xb681257c, FUTEX_WAKE_PRIVATE, 1) = 0
19:32:27.763275,1014,munmap(0xb0e7e000, 32768) = 0
19:32:27.763919,1014,sigprocmask(SIG_SETMASK, ~[SEGV], NULL) = 0
19:32:27.764919,1014,munmap(0xaf415000, 1048576) = 0
19:32:27.778933,1014,exit(0) = ?
19:32:27.783273,62,<... futex resumed> ) = 1
19:32:27.784409,62,futex(0xb766f828, FUTEX_WAKE_PRIVATE, 1 <unfinished ...>
19:32:27.784675,1015,<... futex resumed> ) = 0
19:32:27.784930,1015,futex(0xb766f818, FUTEX_WAIT_PRIVATE, 2, NULL <unfinished ...>
19:32:27.785270,62,<... futex resumed> ) = 1
19:32:27.785530,62,futex(0xb766f818, FUTEX_WAKE_PRIVATE, 1) = 1
19:32:27.786027,62,futex(0xb753cda0, FUTEX_WAIT_PRIVATE, -142, NULL <unfinished ...>
19:32:27.795061,1015,<... futex resumed> ) = 0
19:32:27.795457,1015,futex(0xb766f818, FUTEX_WAKE_PRIVATE, 1) = 0
19:32:27.796057,1015,futex(0xb753cda0, FUTEX_WAKE_PRIVATE, 1 <unfinished ...>
19:32:27.796357,62,<... futex resumed> ) = 0
19:32:27.796647,62,futex(0xb753cd90, FUTEX_WAIT_PRIVATE, 2, NULL <unfinished ...>
19:32:27.796902,1015,<... futex resumed> ) = 1
19:32:27.797167,1015,futex(0xb753cd90, FUTEX_WAKE_PRIVATE, 1 <unfinished ...>
19:32:27.797487,62,<... futex resumed> ) = 0
19:32:27.797747,62,futex(0xb753cd90, FUTEX_WAKE_PRIVATE, 1) = 0
19:32:27.798167,62,futex(0xb7616428, FUTEX_WAIT_PRIVATE, 2, NULL <unfinished ...>
19:32:27.798525,1015,<... futex resumed> ) = 1
19:32:27.798791,1015,futex(0xb7616428, FUTEX_WAKE_PRIVATE, 1 <unfinished ...>
19:32:27.799042,62,<... futex resumed> ) = 0
19:32:27.799334,62,futex(0xb7616428, FUTEX_WAKE_PRIVATE, 1) = 0
19:32:27.799873,62,futex(0xb7672f10, FUTEX_WAKE_PRIVATE, 1 <unfinished ...>
19:32:27.800146,1017,<... futex resumed> ) = 0
19:32:27.801049,62,<... futex resumed> ) = 1
19:32:27.801413,1017,futex(0xb7672f00, FUTEX_WAIT_PRIVATE, 2, NULL <unfinished ...>
19:32:27.801920,62,futex(0xb7672f00, FUTEX_WAKE_PRIVATE, 1 <unfinished ...>
19:32:27.802210,1017,<... futex resumed> ) = -1 EAGAIN (Try again)
19:32:27.802619,62,<... futex resumed> ) = 0
19:32:27.803041,1017,futex(0xb7672f00, FUTEX_WAKE_PRIVATE, 1 <unfinished ...>
19:32:27.803261,62,futex(0xb753cda0, FUTEX_WAIT_PRIVATE, -144, NULL <unfinished ...>
19:32:27.803575,1017,<... futex resumed> ) = 0
19:32:27.804017,1017,futex(0xb753cda0, FUTEX_WAKE_PRIVATE, 1) = 1
19:32:27.804492,62,<... futex resumed> ) = 0
19:32:27.804944,1017,munmap(0xaf305000, 32768) = 0
19:32:27.805847,1017,sigprocmask(SIG_SETMASK, ~[SEGV], NULL) = 0
19:32:27.806283,1017,munmap(0xaf205000, 1048576) = 0
19:32:27.806828,1017,exit(0) = ?
19:32:27.808493,1015,<... futex resumed> ) = 1
19:32:27.808786,1015,munmap(0xaf40d000, 32768) = 0
19:32:27.809231,1015,sigprocmask(SIG_SETMASK, ~[SEGV], NULL) = 0
19:32:27.809737,1015,munmap(0xaf30d000, 1048576) = 0
19:32:27.810181,1015,exit(0) = ?
19:32:27.810685,62,open("/proc/self/task", O_RDONLY|O_DIRECTORY) = 24
19:32:27.811702,62,getdents64(24, /* 3 entries */, 4200) = 72
19:32:27.812782,62,getdents64(24, /* 0 entries */, 4200) = 0
19:32:27.813204,62,close(24) = 0
19:32:27.813801,62,sigaction(SIGCHLD, {0xb67ca3dd, [], 0}, NULL, 0) = 0
19:32:27.816920,62,fork() = 1049
19:32:27.828782,62,mmap2(NULL, 32768, PROT_READ|PROT_WRITE, MAP_PRIVATE|MAP_ANONYMOUS, -1, 0) = 0xb0e7e000
19:32:27.829650,62,madvise(0xb0e7e000, 32768, 0xc /* MADV_??? */) = -1 EINVAL (Invalid argument)
19:32:27.830420,62,mmap2(NULL, 1048576, PROT_READ|PROT_WRITE, MAP_PRIVATE|MAP_ANONYMOUS|MAP_NORESERVE, -1, 0) = 0xaf415000
19:32:27.831232,62,madvise(0xaf415000, 1048576, 0xc /* MADV_??? */) = -1 EINVAL (Invalid argument)
19:32:27.831706,62,mprotect(0xaf415000, 4096, PROT_NONE) = 0
19:32:27.832295,62,clone(child_stack=0xaf514f00, flags=CLONE_VM|CLONE_FS|CLONE_FILES|CLONE_SIGHAND|CLONE_THREAD|CLONE_SYSVSEM|0x400000) = 1050
19:32:27.833279,62,futex(0xb6812580, FUTEX_WAIT_PRIVATE, -324, NULL <unfinished ...>
19:32:27.833883,1050,set_tls(0xaf514f00, 0xb7629100, 0xaf514ffc, 0x40, 0xaf514f00) = 0
19:32:27.852357,1050,prctl(PR_SET_NAME, 0xaf514e8c, 0, 0, 0) = 0
19:32:27.852959,1050,gettid() = 1050
19:32:27.853614,1050,futex(0xb6812580, FUTEX_WAKE_PRIVATE, 2147483647) = 1
19:32:27.854085,1050,futex(0xb6812580, FUTEX_WAIT_PRIVATE, -326, NULL <unfinished ...>
19:32:27.854580,1049,gettid() = 1049
19:32:27.855084,62,<... futex resumed> ) = 0
19:32:27.855379,62,futex(0xb6812580, FUTEX_WAKE_PRIVATE, 2147483647 <unfinished ...>
19:32:27.855721,1050,<... futex resumed> ) = 0
19:32:27.855978,1050,futex(0xb681257c, FUTEX_WAIT_PRIVATE, 2, NULL <unfinished ...>
19:32:27.856204,62,<... futex resumed> ) = 1
19:32:27.856496,62,futex(0xb681257c, FUTEX_WAKE_PRIVATE, 1 <unfinished ...>
19:32:27.856746,1050,<... futex resumed> ) = 0
19:32:27.857002,1050,futex(0xb681257c, FUTEX_WAKE_PRIVATE, 1) = 0
19:32:27.857496,1050,getpriority(PRIO_PROCESS, 1050) = 20
19:32:27.857952,1050,setpriority(PRIO_PROCESS, 1050, 0) = 0
19:32:27.858514,1050,sched_yield() = 0
19:32:27.858926,1050,nanosleep({0, 1000000}, <unfinished ...>
19:32:27.859377,62,<... futex resumed> ) = 1
19:32:27.859849,62,mmap2(NULL, 32768, PROT_READ|PROT_WRITE, MAP_PRIVATE|MAP_ANONYMOUS, -1, 0) = 0xaf40d000
19:32:27.860300,62,madvise(0xaf40d000, 32768, 0xc /* MADV_??? */) = -1 EINVAL (Invalid argument)
19:32:27.860808,62,mmap2(NULL, 1048576, PROT_READ|PROT_WRITE, MAP_PRIVATE|MAP_ANONYMOUS|MAP_NORESERVE, -1, 0) = 0xaf30d000
19:32:27.861250,62,madvise(0xaf30d000, 1048576, 0xc /* MADV_??? */) = -1 EINVAL (Invalid argument)
19:32:27.861741,62,mprotect(0xaf30d000, 4096, PROT_NONE) = 0
19:32:27.862201,62,clone( <unfinished ...>
19:32:27.862687,1050,<... nanosleep resumed> NULL) = 0
19:32:27.863083,1050,futex(0xb766abd8, FUTEX_WAIT_PRIVATE, 0, NULL <unfinished ...>
19:32:27.865111,62,<... clone resumed> child_stack=0xaf40cf00, flags=CLONE_VM|CLONE_FS|CLONE_FILES|CLONE_SIGHAND|CLONE_THREAD|CLONE_SYSVSEM|0x400000) = 1051
19:32:27.865830,62,futex(0xb6812580, FUTEX_WAIT_PRIVATE, -328, NULL <unfinished ...>
19:32:27.866248,1051,set_tls(0xaf40cf00, 0xb7636bb8, 0xaf40cffc, 0x40, 0xaf40cf00) = 0
19:32:27.866945,1051,prctl(PR_SET_NAME, 0xaf40ce8c, 0, 0, 0) = 0
19:32:27.867501,1051,gettid() = 1051
19:32:27.868011,1051,futex(0xb6812580, FUTEX_WAKE_PRIVATE, 2147483647 <unfinished ...>
19:32:27.868286,62,<... futex resumed> ) = 0
19:32:27.868615,62,futex(0xb681257c, FUTEX_WAIT_PRIVATE, 2, NULL <unfinished ...>
19:32:27.868898,1051,<... futex resumed> ) = 1
19:32:27.869173,1051,futex(0xb681257c, FUTEX_WAKE_PRIVATE, 1 <unfinished ...>
19:32:27.869505,62,<... futex resumed> ) = 0
19:32:27.869766,62,futex(0xb681257c, FUTEX_WAKE_PRIVATE, 1) = 0
19:32:27.870175,62,futex(0xb6812580, FUTEX_WAKE_PRIVATE, 2147483647) = 0
19:32:27.870868,62,mmap2(NULL, 32768, PROT_READ|PROT_WRITE, MAP_PRIVATE|MAP_ANONYMOUS, -1, 0) = 0xaf305000
19:32:27.871344,62,madvise(0xaf305000, 32768, 0xc /* MADV_??? */) = -1 EINVAL (Invalid argument)
19:32:27.871803,62,mmap2(NULL, 1048576, PROT_READ|PROT_WRITE, MAP_PRIVATE|MAP_ANONYMOUS|MAP_NORESERVE, -1, 0) = 0xaf205000
19:32:27.872458,62,madvise(0xaf205000, 1048576, 0xc /* MADV_??? */) = -1 EINVAL (Invalid argument)
19:32:27.872863,62,mprotect(0xaf205000, 4096, PROT_NONE) = 0
19:32:27.873343,62,clone(child_stack=0xaf304f00, flags=CLONE_VM|CLONE_FS|CLONE_FILES|CLONE_SIGHAND|CLONE_THREAD|CLONE_SYSVSEM|0x400000) = 1052
19:32:27.874160,62,futex(0xb6812580, FUTEX_WAIT_PRIVATE, -332, NULL <unfinished ...>
19:32:27.874638,1051,<... futex resumed> ) = 1
19:32:27.874952,1051,futex(0xb6812580, FUTEX_WAIT_PRIVATE, -330, NULL) = -1 EAGAIN (Try again)
19:32:27.875597,1051,getpriority(PRIO_PROCESS, 1051) = 20
19:32:27.876030,1051,setpriority(PRIO_PROCESS, 1051, 0) = 0
19:32:27.876641,1051,futex(0xb766f828, FUTEX_WAIT_PRIVATE, 0, NULL <unfinished ...>
19:32:27.876967,1049,getuid32() = 0
19:32:27.877726,1049,open("/acct/uid/0/tasks", O_RDWR|O_CREAT, 0666) = 24
19:32:27.878611,1049,write(24, "0", 1) = 1
19:32:27.879273,1049,close(24) = 0
19:32:27.880006,1049,prctl(PR_SET_KEEPCAPS, 1) = 0
19:32:27.880558,1049,setgroups32(3, [3003, 1015, 1028]) = 0
19:32:27.881284,1049,setgid32(10050) = 0
19:32:27.882238,1049,open("/acct/uid/10050/tasks", O_RDWR|O_CREAT, 0666) = 24
19:32:27.883064,1049,write(24, "0", 1) = 1
19:32:27.883660,1049,close(24) = 0
19:32:27.884140,1049,setuid32(10050) = 0
19:32:27.885022,1049,personality(0xffffffff /* PER_??? */) = 8388608
19:32:27.885562,1049,personality(0x840000 /* PER_??? */) = 8388608
19:32:27.904611,1049,capset(0xbed88794, 0xbed887a4) = 0
19:32:27.905237,1049,gettid() = 1049
19:32:27.905800,1049,access("/dev/cpuctl/tasks", F_OK) = 0
19:32:27.906501,1049,open("/dev/cpuctl/apps/tasks", O_WRONLY) = 24
19:32:27.907294,1049,open("/dev/cpuctl/apps/bg_non_interactive/tasks", O_WRONLY) = 25
19:32:27.908064,1049,futex(0xb6e6729c, FUTEX_WAKE_PRIVATE, 2147483647) = 0
19:32:27.908555,1049,write(24, "1049", 4) = 4
19:32:27.909198,1052,set_tls(0xaf304f00, 0xb7558548, 0xaf304ffc, 0x40, 0xaf304f00) = 0
19:32:27.909716,1052,prctl(PR_SET_NAME, 0xaf304e8c, 0, 0, 0) = 0
19:32:27.910223,1052,gettid() = 1052
19:32:27.910815,1052,futex(0xb6812580, FUTEX_WAKE_PRIVATE, 2147483647 <unfinished ...>
19:32:27.911105,62,<... futex resumed> ) = 0
19:32:27.911409,62,futex(0xb681257c, FUTEX_WAIT_PRIVATE, 2, NULL <unfinished ...>
19:32:27.911839,1052,<... futex resumed> ) = 1
19:32:27.912137,1052,futex(0xb681257c, FUTEX_WAKE_PRIVATE, 1 <unfinished ...>
19:32:27.912448,62,<... futex resumed> ) = 0
19:32:27.912857,62,futex(0xb681257c, FUTEX_WAKE_PRIVATE, 1) = 0
19:32:27.913345,62,futex(0xb6812580, FUTEX_WAKE_PRIVATE, 2147483647) = 0
19:32:27.913947,62,getpgid(0xe1) = 62
19:32:27.926498,62,setpgid(1049, 62 <unfinished ...>
19:32:27.926923,1052,<... futex resumed> ) = 1
19:32:27.927204,1052,futex(0xb6812580, FUTEX_WAIT_PRIVATE, -334, NULL) = -1 EAGAIN (Try again)
19:32:27.927673,1052,getpriority(PRIO_PROCESS, 1052) = 20
19:32:27.928114,1052,setpriority(PRIO_PROCESS, 1052, 0) = 0
19:32:27.928660,1052,futex(0xb7672f10, FUTEX_WAIT_PRIVATE, 0, NULL <unfinished ...>
19:32:27.928936,1049,gettid( <unfinished ...>
19:32:27.929136,62,<... setpgid resumed> ) = 0
19:32:27.929523,62,sendmsg(23, {msg_name(0)=NULL, msg_iov(1)=[{"\0\0\4\31", 4}], msg_controllen=0, msg_flags=0}, MSG_NOSIGNAL) = 4
19:32:27.930574,62,sendmsg(23, {msg_name(0)=NULL, msg_iov(1)=[{"\0", 1}], msg_controllen=0, msg_flags=0}, MSG_NOSIGNAL) = 1
19:32:27.931431,62,select(24, [9 23], NULL, NULL, NULL <unfinished ...>
19:32:27.931807,1049,<... gettid resumed> ) = 1049
19:32:27.932989,1049,prctl(PR_SET_DUMPABLE, 1) = 0
19:32:27.933744,1049,setrlimit(RLIMIT_CORE, {rlim_cur=0, rlim_max=RLIM64_INFINITY}) = 0
19:32:27.934479,1049,sigaction(SIGCHLD, {SIG_DFL, , NULL, 0) = 0
19:32:27.945148,1049,clock_gettime(CLOCK_MONOTONIC, {109, 841065295}) = 0
19:32:27.946504,1049,mmap2(NULL, 1048576, PROT_READ|PROT_WRITE, MAP_PRIVATE|MAP_ANONYMOUS|MAP_NORESERVE, -1, 0) = 0xaf415000
19:32:27.947024,1049,madvise(0xaf415000, 1048576, 0xc /* MADV_??? */) = -1 EINVAL (Invalid argument)
19:32:27.947608,1049,mprotect(0xaf415000, 4096, PROT_NONE) = 0
19:32:27.948110,1049,clone(child_stack=0xaf514f00, flags=CLONE_VM|CLONE_FS|CLONE_FILES|CLONE_SIGHAND|CLONE_THREAD|CLONE_SYSVSEM|0x400000) = 1053
19:32:27.950108,1049,futex(0xb6812580, FUTEX_WAIT_PRIVATE, -324, NULL <unfinished ...>
19:32:27.960423,1053,set_tls(0xaf514f00, 0xb7629100, 0xaf514ffc, 0x40, 0xaf514f00) = 0
19:32:27.960917,1053,prctl(PR_SET_NAME, 0xaf514eac, 0, 0, 0) = 0
19:32:27.961794,1053,mmap2(NULL, 32768, PROT_READ|PROT_WRITE, MAP_PRIVATE|MAP_ANONYMOUS, -1, 0) = 0xaf40d000
19:32:27.962332,1053,madvise(0xaf40d000, 32768, 0xc /* MADV_??? */) = -1 EINVAL (Invalid argument)
19:32:27.963209,1053,gettid() = 1053
19:32:27.964806,1053,getpriority(PRIO_PROCESS, 0) = 20
19:32:27.966549,1053,futex(0xb6812580, FUTEX_WAKE_PRIVATE, 2147483647 <unfinished ...>
19:32:27.966859,1049,<... futex resumed> ) = 0
19:32:27.967151,1049,futex(0xb681257c, FUTEX_WAIT_PRIVATE, 2, NULL <unfinished ...>
19:32:27.967863,1053,<... futex resumed> ) = 1
19:32:27.968269,1053,futex(0xb681257c, FUTEX_WAKE_PRIVATE, 1 <unfinished ...>
19:32:27.968676,1049,<... futex resumed> ) = 0
19:32:27.968999,1049,futex(0xb681257c, FUTEX_WAKE_PRIVATE, 1) = 0
19:32:27.969591,1049,clock_gettime(CLOCK_MONOTONIC, {109, 865414885}) = 0
19:32:27.970158,1049,clock_gettime(CLOCK_MONOTONIC, {109, 866115802}) = 0
19:32:27.970963,1049,mmap2(NULL, 1048576, PROT_READ|PROT_WRITE, MAP_PRIVATE|MAP_ANONYMOUS|MAP_NORESERVE, -1, 0) = 0xaf30d000
19:32:27.971544,1049,madvise(0xaf30d000, 1048576, 0xc /* MADV_??? */) = -1 EINVAL (Invalid argument)
19:32:27.972024,1049,mprotect(0xaf30d000, 4096, PROT_NONE) = 0
19:32:27.972602,1049,clone(child_stack=0xaf40cf00, flags=CLONE_VM|CLONE_FS|CLONE_FILES|CLONE_SIGHAND|CLONE_THREAD|CLONE_SYSVSEM|0x400000) = 1054
19:32:27.974612,1049,futex(0xb6812580, FUTEX_WAIT_PRIVATE, -326, NULL <unfinished ...>
19:32:27.984893,1053,<... futex resumed> ) = 1
19:32:27.985426,1053,futex(0xb753a9a8, FUTEX_WAIT_PRIVATE, 0, NULL <unfinished ...>
19:32:27.985734,1054,set_tls(0xaf40cf00, 0xb7636bb8, 0xaf40cffc, 0x40, 0xaf40cf00) = 0
19:32:27.986400,1054,prctl(PR_SET_NAME, 0xaf40ceac, 0, 0, 0) = 0
19:32:27.986926,1054,mmap2(NULL, 32768, PROT_READ|PROT_WRITE, MAP_PRIVATE|MAP_ANONYMOUS, -1, 0) = 0xaf305000
19:32:27.987489,1054,madvise(0xaf305000, 32768, 0xc /* MADV_??? */) = -1 EINVAL (Invalid argument)
19:32:27.987963,1054,gettid() = 1054
19:32:27.988770,1054,getpriority(PRIO_PROCESS, 0) = 20
19:32:27.989366,1054,futex(0xb6812580, FUTEX_WAKE_PRIVATE, 2147483647 <unfinished ...>
19:32:27.989746,1049,<... futex resumed> ) = 0
19:32:27.990035,1049,futex(0xb681257c, FUTEX_WAIT_PRIVATE, 2, NULL <unfinished ...>
19:32:27.990337,1054,<... futex resumed> ) = 1
19:32:27.990649,1054,futex(0xb681257c, FUTEX_WAKE_PRIVATE, 1 <unfinished ...>
19:32:27.990929,1049,<... futex resumed> ) = 0
19:32:27.991217,1049,futex(0xb681257c, FUTEX_WAKE_PRIVATE, 1) = 0
19:32:27.991730,1049,clock_gettime(CLOCK_MONOTONIC, {109, 887524865}) = 0
19:32:27.992359,1049,clock_gettime(CLOCK_MONOTONIC, {109, 888160493}) = 0
19:32:27.993265,1049,mmap2(NULL, 1048576, PROT_READ|PROT_WRITE, MAP_PRIVATE|MAP_ANONYMOUS|MAP_NORESERVE, -1, 0) = 0xaf205000
19:32:27.993835,1049,madvise(0xaf205000, 1048576, 0xc /* MADV_??? */) = -1 EINVAL (Invalid argument)
19:32:27.994568,1049,mprotect(0xaf205000, 4096, PROT_NONE) = 0
19:32:27.995073,1049,clone(child_stack=0xaf304f00, flags=CLONE_VM|CLONE_FS|CLONE_FILES|CLONE_SIGHAND|CLONE_THREAD|CLONE_SYSVSEM|0x400000) = 1055
19:32:27.997820,1049,futex(0xb6812580, FUTEX_WAIT_PRIVATE, -328, NULL <unfinished ...>
19:32:27.998122,1054,<... futex resumed> ) = 1
19:32:27.998533,1054,rt_sigtimedwait([QUIT USR1 RT_7 RT_15 RT_16 RT_20 RT_21 RT_22 RT_23 RT_24 RT_26 RT_27 RT_29 RT_30], NULL, NULL, 8 <unfinished ...>
19:32:28.011597,1055,set_tls(0xaf304f00, 0xb7558548, 0xaf304ffc, 0x40, 0xaf304f00) = 0
19:32:28.012135,1055,prctl(PR_SET_NAME, 0xaf304eac, 0, 0, 0) = 0
19:32:28.012748,1055,mmap2(NULL, 32768, PROT_READ|PROT_WRITE, MAP_PRIVATE|MAP_ANONYMOUS, -1, 0) = 0xaf1fd000
19:32:28.013225,1055,madvise(0xaf1fd000, 32768, 0xc /* MADV_??? */) = -1 EINVAL (Invalid argument)
19:32:28.013737,1055,gettid() = 1055
19:32:28.014465,1055,getpriority(PRIO_PROCESS, 0) = 20
19:32:28.015006,1055,futex(0xb6812580, FUTEX_WAKE_PRIVATE, 2147483647 <unfinished ...>
19:32:28.015505,1049,<... futex resumed> ) = 0
19:32:28.015787,1049,futex(0xb681257c, FUTEX_WAIT_PRIVATE, 2, NULL <unfinished ...>
19:32:28.016050,1055,<... futex resumed> ) = 1
19:32:28.016363,1055,futex(0xb681257c, FUTEX_WAKE_PRIVATE, 1 <unfinished ...>
19:32:28.016657,1049,<... futex resumed> ) = 0
19:32:28.016988,1049,futex(0xb681257c, FUTEX_WAKE_PRIVATE, 1) = 0
19:32:28.017498,1049,futex(0xb762d874, FUTEX_WAIT_PRIVATE, 0, NULL <unfinished ...>
19:32:28.017758,1055,<... futex resumed> ) = 1
19:32:28.018032,1055,futex(0xb762d874, FUTEX_WAKE_PRIVATE, 2147483647 <unfinished ...>
19:32:28.018406,1049,<... futex resumed> ) = 0
19:32:28.018682,1049,futex(0xb762d870, FUTEX_WAIT_PRIVATE, 2, NULL <unfinished ...>
19:32:28.018941,1055,<... futex resumed> ) = 1
19:32:28.019270,1055,futex(0xb762d870, FUTEX_WAKE_PRIVATE, 1 <unfinished ...>
19:32:28.019597,1049,<... futex resumed> ) = 0
19:32:28.019926,1049,futex(0xb762d870, FUTEX_WAKE_PRIVATE, 1) = 0
19:32:28.020474,1049,clock_gettime(CLOCK_MONOTONIC, {109, 916261141}) = 0
19:32:28.022176,1049,mmap2(NULL, 32768, PROT_READ|PROT_WRITE, MAP_PRIVATE|MAP_ANONYMOUS, -1, 0) = 0xaf1f5000
19:32:28.022872,1049,madvise(0xaf1f5000, 32768, 0xc /* MADV_??? */) = -1 EINVAL (Invalid argument)
19:32:28.023627,1049,mmap2(NULL, 1048576, PROT_READ|PROT_WRITE, MAP_PRIVATE|MAP_ANONYMOUS|MAP_NORESERVE, -1, 0) = 0xad268000
19:32:28.024275,1049,madvise(0xad268000, 1048576, 0xc /* MADV_??? */) = -1 EINVAL (Invalid argument)
19:32:28.024795,1049,mprotect(0xad268000, 4096, PROT_NONE) = 0
19:32:28.025423,1049,clone(child_stack=0xad367f00, flags=CLONE_VM|CLONE_FS|CLONE_FILES|CLONE_SIGHAND|CLONE_THREAD|CLONE_SYSVSEM|0x400000) = 1056
19:32:28.026869,1049,futex(0xb6812580, FUTEX_WAIT_PRIVATE, -330, NULL <unfinished ...>
19:32:28.027171,1055,<... futex resumed> ) = 1
19:32:28.027521,1055,socket(PF_UNIX, SOCK_STREAM, 0) = 26
19:32:28.028249,1055,pipe([27, 28]) = 0
19:32:28.028926,1055,getpid() = 1049
19:32:28.029510,1055,connect(26, {sa_family=AF_UNIX, path=@"jdwp-control"...}, 15) = 0
19:32:28.031696,1055,getsockopt(26, SOL_SOCKET, SO_PEERCRED, {pid=69, uid=0, gid=0}, [12]) = 0
19:32:28.032492,1055,sendto(26, "0419", 4, 0, NULL, 0) = 4
19:32:28.035059,1055,recvmsg(26, <unfinished ...>
19:32:28.035636,1056,set_tls(0xad367f00, 0xb7558d38, 0xad367ffc, 0x40, 0xad367f00) = 0
19:32:28.036451,1056,prctl(PR_SET_NAME, 0xad367e8c, 0, 0, 0) = 0
19:32:28.036951,1056,gettid() = 1056
19:32:28.037707,1056,futex(0xb6812580, FUTEX_WAKE_PRIVATE, 2147483647 <unfinished ...>
19:32:28.038023,1049,<... futex resumed> ) = 0
19:32:28.038347,1049,futex(0xb681257c, FUTEX_WAIT_PRIVATE, 2, NULL <unfinished ...>
19:32:28.038668,1056,<... futex resumed> ) = 1
19:32:28.038957,1056,futex(0xb681257c, FUTEX_WAKE_PRIVATE, 1 <unfinished ...>
19:32:28.039245,1049,<... futex resumed> ) = 0
19:32:28.039582,1049,futex(0xb681257c, FUTEX_WAKE_PRIVATE, 1) = 0
19:32:28.040065,1049,futex(0xb6812580, FUTEX_WAKE_PRIVATE, 2147483647) = 0
19:32:28.040939,1049,mmap2(NULL, 32768, PROT_READ|PROT_WRITE, MAP_PRIVATE|MAP_ANONYMOUS, -1, 0) = 0xad260000
19:32:28.041918,1049,madvise(0xad260000, 32768, 0xc /* MADV_??? */) = -1 EINVAL (Invalid argument)
19:32:28.042462,1049,mmap2(NULL, 1048576, PROT_READ|PROT_WRITE, MAP_PRIVATE|MAP_ANONYMOUS|MAP_NORESERVE, -1, 0) = 0xad160000
19:32:28.043157,1049,madvise(0xad160000, 1048576, 0xc /* MADV_??? */) = -1 EINVAL (Invalid argument)
19:32:28.043724,1049,mprotect(0xad160000, 4096, PROT_NONE) = 0
19:32:28.044264,1049,clone(child_stack=0xad25ff00, flags=CLONE_VM|CLONE_FS|CLONE_FILES|CLONE_SIGHAND|CLONE_THREAD|CLONE_SYSVSEM|0x400000) = 1057
19:32:28.046206,1049,futex(0xb6812580, FUTEX_WAIT_PRIVATE, -334, NULL <unfinished ...>
19:32:28.046773,1056,<... futex resumed> ) = 1
19:32:28.047056,1056,futex(0xb6812580, FUTEX_WAIT_PRIVATE, -332, NULL) = -1 EAGAIN (Try again)
19:32:28.047588,1056,getpriority(PRIO_PROCESS, 1056) = 20
19:32:28.048044,1056,setpriority(PRIO_PROCESS, 1056, 0) = 0
19:32:28.048749,1056,futex(0xb76397c0, FUTEX_WAIT_PRIVATE, 0, NULL <unfinished ...>
19:32:28.069950,1057,set_tls(0xad25ff00, 0xb7650c90, 0xad25fffc, 0x40, 0xad25ff00) = 0
19:32:28.070529,1057,prctl(PR_SET_NAME, 0xad25fe8c, 0, 0, 0) = 0
19:32:28.071019,1057,gettid() = 1057
19:32:28.071722,1057,futex(0xb6812580, FUTEX_WAKE_PRIVATE, 2147483647 <unfinished ...>
19:32:28.072032,1049,<... futex resumed> ) = 0
19:32:28.072354,1049,futex(0xb681257c, FUTEX_WAIT_PRIVATE, 2, NULL <unfinished ...>
19:32:28.072644,1057,<... futex resumed> ) = 1
19:32:28.072929,1057,futex(0xb681257c, FUTEX_WAKE_PRIVATE, 1 <unfinished ...>
19:32:28.073213,1049,<... futex resumed> ) = 0
19:32:28.073550,1049,futex(0xb681257c, FUTEX_WAKE_PRIVATE, 1) = 0
19:32:28.074031,1049,futex(0xb6812580, FUTEX_WAKE_PRIVATE, 2147483647) = 0
19:32:28.074987,1049,mmap2(NULL, 32768, PROT_READ|PROT_WRITE, MAP_PRIVATE|MAP_ANONYMOUS, -1, 0) = 0xad158000
19:32:28.075560,1049,madvise(0xad158000, 32768, 0xc /* MADV_??? */) = -1 EINVAL (Invalid argument)
19:32:28.076066,1049,mmap2(NULL, 1048576, PROT_READ|PROT_WRITE, MAP_PRIVATE|MAP_ANONYMOUS|MAP_NORESERVE, -1, 0) = 0xad058000
19:32:28.076619,1049,madvise(0xad058000, 1048576, 0xc /* MADV_??? */) = -1 EINVAL (Invalid argument)
19:32:28.077112,1049,mprotect(0xad058000, 4096, PROT_NONE) = 0
19:32:28.077696,1049,clone(child_stack=0xad157f00, flags=CLONE_VM|CLONE_FS|CLONE_FILES|CLONE_SIGHAND|CLONE_THREAD|CLONE_SYSVSEM|0x400000) = 1058
19:32:28.080868,1049,futex(0xb6812580, FUTEX_WAIT_PRIVATE, -338, NULL <unfinished ...>
19:32:28.081246,1057,<... futex resumed> ) = 1
19:32:28.081623,1057,futex(0xb6812580, FUTEX_WAIT_PRIVATE, -336, NULL) = -1 EAGAIN (Try again)
19:32:28.082119,1057,getpriority(PRIO_PROCESS, 1057) = 20
19:32:28.082641,1057,setpriority(PRIO_PROCESS, 1057, 0) = 0
19:32:28.083420,1057,futex(0xb7654298, FUTEX_WAIT_PRIVATE, 0, NULL <unfinished ...>
19:32:28.083842,1058,set_tls(0xad157f00, 0xb767bd90, 0xad157ffc, 0x40, 0xad157f00) = 0
19:32:28.084439,1058,prctl(PR_SET_NAME, 0xad157e8c, 0, 0, 0) = 0
19:32:28.098738,1058,gettid() = 1058
19:32:28.124231,1058,futex(0xb6812580, FUTEX_WAKE_PRIVATE, 2147483647 <unfinished ...>
19:32:28.124620,1049,<... futex resumed> ) = 0
19:32:28.124923,1049,futex(0xb681257c, FUTEX_WAIT_PRIVATE, 2, NULL <unfinished ...>
19:32:28.125204,1058,<... futex resumed> ) = 1
19:32:28.125553,1058,futex(0xb681257c, FUTEX_WAKE_PRIVATE, 1 <unfinished ...>
19:32:28.125844,1049,<... futex resumed> ) = 0
19:32:28.126146,1049,futex(0xb681257c, FUTEX_WAKE_PRIVATE, 1 <unfinished ...>
19:32:28.135007,1058,<... futex resumed> ) = 1
19:32:28.146199,1049,<... futex resumed> ) = 0
19:32:28.148074,1049,futex(0xb6812580, FUTEX_WAKE_PRIVATE, 2147483647) = 0
19:32:28.151222,1049,close(23) = 0
19:32:28.152187,1049,close(9) = 0
19:32:28.154128,1049,open("/dev/binder", O_RDWR) = 9
19:32:28.155040,1049,fcntl64(9, F_SETFD, FD_CLOEXEC <unfinished ...>
19:32:28.165764,1058,futex(0xb6812580, FUTEX_WAIT_PRIVATE, -340, NULL <unfinished ...>
19:32:28.166144,1049,<... fcntl64 resumed> ) = 0
19:32:28.167905,1058,<... futex resumed> ) = -1 EAGAIN (Try again)
19:32:28.168219,1049,ioctl(9, 0xc0046209 <unfinished ...>
19:32:28.168747,1058,getpriority(PRIO_PROCESS, 1058 <unfinished ...>
19:32:28.169031,1049,<... ioctl resumed> , 0xbed88638) = 0
19:32:28.169330,1058,<... getpriority resumed> ) = 20
19:32:28.169705,1049,ioctl(9, 0x40046205 <unfinished ...>
19:32:28.169994,1058,setpriority(PRIO_PROCESS, 1058, 0 <unfinished ...>
19:32:28.170277,1049,<... ioctl resumed> , 0xbed8863c) = 0
19:32:28.170724,1058,<... setpriority resumed> ) = 0
19:32:28.171084,1049,mmap2(NULL, 1040384, PROT_READ, MAP_PRIVATE|MAP_NORESERVE, 9, 0 <unfinished ...>
19:32:28.171562,1058,futex(0xb765a5f0, FUTEX_WAIT_PRIVATE, 0, NULL <unfinished ...>
19:32:28.171971,1049,<... mmap2 resumed> ) = 0xacf5a000
19:32:28.172341,1049,madvise(0xacf5a000, 1040384, 0xc /* MADV_??? */) = -1 EINVAL (Invalid argument)
19:32:28.172932,1049,prctl(PR_SET_NAME, 0xb7627b59, 0, 0, 0) = 0
19:32:28.173519,1049,open("/sys/qemu_trace/process_name", O_RDWR) = 23
19:32:28.174409,1049,write(23, "com.hddevs.omlwp\0", 17) = 17
19:32:28.175062,1049,close(23) = 0
19:32:28.334239,1049,mmap2(NULL, 1048576, PROT_READ|PROT_WRITE, MAP_PRIVATE|MAP_ANONYMOUS|MAP_NORESERVE, -1, 0) = 0xace5a000
19:32:28.334909,1049,madvise(0xace5a000, 1048576, 0xc /* MADV_??? */) = -1 EINVAL (Invalid argument)
19:32:28.335462,1049,mprotect(0xace5a000, 4096, PROT_NONE) = 0
19:32:28.336017,1049,clone(child_stack=0xacf59f00, flags=CLONE_VM|CLONE_FS|CLONE_FILES|CLONE_SIGHAND|CLONE_THREAD|CLONE_SYSVSEM|0x400000) = 1063
19:32:28.339254,1049,writev(3, [{"\4", 1}, {"dalvikvm\0", 9}, {"Turning on JNI app bug workaroun"..., 63}], 3) = 73
19:32:28.342711,1049,prctl(PR_SET_NAME, 0xb7617b2a, 0, 0, 0) = 0
19:32:28.343248,1049,open("/sys/qemu_trace/process_name", O_RDWR) = 23
19:32:28.344098,1049,write(23, "<pre-initialized>\0", 18) = 18
19:32:28.344781,1049,close(23) = 0
19:32:28.346166,1049,futex(0xb6e560c0, FUTEX_WAKE_PRIVATE, 2147483647) = 0
19:32:28.346830,1049,pipe([23, 29]) = 0
19:32:28.347427,1049,fcntl64(23, F_SETFL, O_RDONLY|O_NONBLOCK) = 0
19:32:28.347989,1049,fcntl64(29, F_SETFL, O_RDONLY|O_NONBLOCK) = 0
19:32:28.348495,1049,epoll_create(0x8) = 30
19:32:28.349019,1049,epoll_ctl(0x1e, 0x1, 0x17, 0xbed88300) = 0
19:32:28.353904,1049,gettid() = 1049
19:32:28.354479,1049,getpid() = 1049
19:32:28.354976,1049,getuid32() = 10050
19:32:28.357275,1049,getpid() = 1049
19:32:28.357820,1049,gettid() = 1049
19:32:28.358341,1049,clock_gettime(CLOCK_MONOTONIC, {110, 254156695}) = 0
19:32:28.358950,1049,ioctl(9, 0xc0186201, 0xbed881f0) = 0
19:32:28.359815,1049,clock_gettime(CLOCK_MONOTONIC, {110, 255619323}) = 0
19:32:28.361431,1049,getpid() = 1049
19:32:28.361939,1049,gettid() = 1049
19:32:28.362473,1049,clock_gettime(CLOCK_MONOTONIC, {110, 258275691}) = 0
19:32:28.363049,1049,ioctl(9, 0xc0186201, 0xbed881f0) = 0
19:32:28.405878,1049,clock_gettime(CLOCK_MONOTONIC, {110, 301699717}) = 0
19:32:28.468551,1063,set_tls(0xacf59f00, 0xb7612aa8, 0xacf59ffc, 0x40, 0xacf59f00) = 0
19:32:28.472740,1063,setpriority(PRIO_PROCESS, 0, 0) = 0
19:32:28.473327,1063,futex(0xb6e560b0, FUTEX_WAKE_PRIVATE, 2147483647) = 0
19:32:28.473883,1063,gettid() = 1063
19:32:28.474383,1063,write(24, "1063", 4) = 4
19:32:28.501200,1063,prctl(PR_SET_NAME, 0xb7616520, 0, 0, 0) = 0
19:32:28.505752,1063,mmap2(NULL, 32768, PROT_READ|PROT_WRITE, MAP_PRIVATE|MAP_ANONYMOUS, -1, 0) = 0xace52000
19:32:28.506263,1063,madvise(0xace52000, 32768, 0xc /* MADV_??? */) = -1 EINVAL (Invalid argument)
19:32:28.506849,1063,gettid() = 1063
19:32:28.507606,1063,getpriority(PRIO_PROCESS, 0) = 20
19:32:28.508618,1063,gettid() = 1063
19:32:28.509465,1063,gettid() = 1063
19:32:28.509976,1063,getpid() = 1049
19:32:28.510474,1063,getuid32() = 10050
19:32:28.511066,1063,write(24, "1063", 4) = 4
19:32:28.511659,1063,ioctl(9, 0xc0186201, 0xacf59e28) = 0
19:32:28.512200,1063,mmap2(NULL, 1048576, PROT_READ|PROT_WRITE, MAP_PRIVATE|MAP_ANONYMOUS|MAP_NORESERVE, -1, 0) = 0xacd52000
19:32:28.512743,1063,madvise(0xacd52000, 1048576, 0xc /* MADV_??? */) = -1 EINVAL (Invalid argument)
19:32:28.513206,1063,mprotect(0xacd52000, 4096, PROT_NONE) = 0
19:32:28.513752,1063,clone(child_stack=0xace51f00, flags=CLONE_VM|CLONE_FS|CLONE_FILES|CLONE_SIGHAND|CLONE_THREAD|CLONE_SYSVSEM|0x400000) = 1064
19:32:28.515771,1063,write(24, "1063", 4) = 4
19:32:28.516404,1063,getpriority(PRIO_PROCESS, 1063) = 20
19:32:28.525649,1063,clock_gettime(CLOCK_MONOTONIC, {110, 421475071}) = 0
19:32:28.539201,1063,clock_gettime(CLOCK_MONOTONIC, {110, 435077153}) = 0
19:32:28.539936,1063,write(24, "1063", 4) = 4
19:32:28.540854,1063,ioctl(9, 0xc0186201, 0xacf59e28) = 0
19:32:28.541433,1063,write(24, "1063", 4) = 4
19:32:28.542440,1063,getpriority(PRIO_PROCESS, 1063) = 20
19:32:28.545644,1064,set_tls(0xace51f00, 0xb75f71c0, 0xace51ffc, 0x40, 0xace51f00) = 0
19:32:28.546207,1064,futex(0xb6ed9698, FUTEX_WAIT_PRIVATE, 2, NULL <unfinished ...>
19:32:28.616180,1063,futex(0xb6ed9698, FUTEX_WAKE_PRIVATE, 1 <unfinished ...>
19:32:28.616536,1064,<... futex resumed> ) = 0
19:32:28.616823,1064,futex(0xb6ed9698, FUTEX_WAKE_PRIVATE, 1) = 0
19:32:28.625996,1063,<... futex resumed> ) = 1
19:32:28.626241,1049,mprotect(0xb15b4000, 8192, PROT_READ|PROT_WRITE <unfinished ...>
19:32:28.645042,1064,setpriority(PRIO_PROCESS, 0, 0 <unfinished ...>
19:32:28.651568,1063,clock_gettime(CLOCK_MONOTONIC, <unfinished ...>
19:32:28.654682,1064,<... setpriority resumed> ) = 0
19:32:28.654954,1063,<... clock_gettime resumed> {110, 550495934}) = 0
19:32:28.657193,1064,gettid( <unfinished ...>
19:32:28.657825,1063,write(24, "1063", 4 <unfinished ...>
19:32:28.658226,1064,<... gettid resumed> ) = 1064
19:32:28.658801,1063,<... write resumed> ) = 4
19:32:28.659589,1064,write(24, "1064", 4 <unfinished ...>
19:32:28.659987,1063,ioctl(9, 0xc0186201 <unfinished ...>
19:32:28.660500,1064,<... write resumed> ) = 4
19:32:28.662064,1064,prctl(PR_SET_NAME, 0xb7627e90, 0, 0, 0) = 0
19:32:28.663087,1064,mmap2(NULL, 32768, PROT_READ|PROT_WRITE, MAP_PRIVATE|MAP_ANONYMOUS, -1, 0) = 0xacd4a000
19:32:28.663652,1064,madvise(0xacd4a000, 32768, 0xc /* MADV_??? */) = -1 EINVAL (Invalid argument)
19:32:28.664124,1064,gettid() = 1064
19:32:28.664785,1064,getpriority(PRIO_PROCESS, 0) = 20
19:32:28.665422,1064,gettid() = 1064
19:32:28.665887,1064,gettid() = 1064
19:32:28.666383,1064,getpid() = 1049
19:32:28.675121,1064,getuid32() = 10050
19:32:28.675685,1064,write(24, "1064", 4) = 4
19:32:28.676248,1064,ioctl(9, 0xc0186201, 0xace51e28) = 0
19:32:28.677245,1064,write(24, "1064", 4) = 4
19:32:28.677933,1064,ioctl(9, 0xc0186201 <unfinished ...>
19:32:28.711748,1049,<... mprotect resumed> ) = 0
19:32:28.714572,1049,getpid() = 1049
19:32:28.715089,1049,getuid32() = 10050
19:32:28.715649,1049,getpid() = 1049
19:32:28.716146,1049,getuid32() = 10050
19:32:28.716741,1049,epoll_wait(0x1e, 0xbed881f8, 0x10, 0) = 0
19:32:28.717265,1049,clock_gettime(CLOCK_MONOTONIC, {110, 613106202}) = 0
19:32:28.719098,1049,open("/sys/kernel/debug/tracing/trace_marker", O_WRONLY) = -1 ENOENT (No such file or directory)
19:32:28.720104,1049,writev(3, [{"\6", 1}, {"Trace\0", 6}, {"error opening trace file: No suc"..., 56}], 3) = 63
19:32:28.722139,1049,getpid() = 1049
19:32:28.722689,1049,getuid32() = 10050
19:32:28.723272,1049,epoll_wait(0x1e, 0xbed881f8, 0x10, 0) = 0
19:32:28.723917,1049,clock_gettime(CLOCK_MONOTONIC, {110, 619720373}) = 0
19:32:28.724886,1049,prctl(PR_SET_NAME, 0xb761a381, 0, 0, 0) = 0
19:32:28.725491,1049,open("/sys/qemu_trace/process_name", O_RDWR) = 31
19:32:28.726255,1049,write(31, "com.hddevs.omlwp\0", 17) = 17
19:32:28.726943,1049,close(31) = 0
19:32:28.730955,1049,ioctl(9, 0xc0186201, 0xbed880c8) = 0
19:32:28.731982,1049,ioctl(9, 0xc0186201, 0xbed88108) = 0
19:32:28.733028,1049,ioctl(9, 0xc0186201, 0xbed880c8) = 0
19:32:28.733902,1049,dup(31) = 32
19:32:28.734500,1049,mmap2(NULL, 4096, PROT_READ, MAP_SHARED, 32, 0) = 0xacd49000
19:32:28.735068,1049,close(31) = 0
19:32:28.735617,1049,dup(32) = 31
19:32:28.846810,1049,getpid() = 1049
19:32:28.847399,1049,gettid() = 1049
19:32:28.847880,1049,clock_gettime(CLOCK_MONOTONIC, {110, 743676789}) = 0
19:32:28.848483,1049,ioctl(9, 0xc0186201, 0xbed881f0) = 0
19:32:28.863477,1049,clock_gettime(CLOCK_MONOTONIC, {110, 759329368}) = 0
19:32:28.877556,1049,getuid32() = 10050
19:32:28.879461,1049,stat64("/system/framework/framework-res.apk", {st_mode=S_IFREG|0644, st_size=8749696, ...}) = 0
19:32:28.881179,1049,access("/vendor/overlay/framework/framework-res.apk", R_OK) = -1 ENOENT (No such file or directory)
19:32:28.882220,1049,stat64("/data/app/com.hddevs.omlwp-1.apk", {st_mode=S_IFREG|0644, st_size=1970008, ...}) = 0
19:32:28.884412,1049,stat64("/system/framework/framework-res.apk", {st_mode=S_IFREG|0644, st_size=8749696, ...}) = 0
19:32:28.885930,1049,stat64("/data/app/com.hddevs.omlwp-1.apk", {st_mode=S_IFREG|0644, st_size=1970008, ...}) = 0
19:32:28.907721,1049,open("/data/app/com.hddevs.omlwp-1.apk", O_RDONLY) = 33
19:32:28.908611,1049,_llseek(33, 0, [1970008], SEEK_END) = 0
19:32:28.909507,1049,mmap2(NULL, 69632, PROT_READ|PROT_WRITE, MAP_PRIVATE|MAP_ANONYMOUS, -1, 0) = 0xacd38000
19:32:28.910124,1049,madvise(0xacd38000, 69632, 0xc /* MADV_??? */) = -1 EINVAL (Invalid argument)
19:32:28.910845,1049,_llseek(33, 0, [0], SEEK_SET) = 0
19:32:28.911526,1049,read(33, "PK\3\4", 4) = 4
19:32:28.912196,1049,_llseek(33, 1904451, [1904451], SEEK_SET) = 0
19:32:28.912882,1049,read(33, "ÞH\211k\n\25u\204 \235!\35]¢£PQ\21787\231´\224ø¼ 1*\223æ\210"..., 65557) = 65557
19:32:28.914022,1049,munmap(0xacd38000, 69632) = 0
19:32:28.926115,1049,mmap2(NULL, 3906, PROT_READ, MAP_SHARED, 33, 0x1e0) = 0xacd48000
19:32:28.926937,1049,pread(33, "PK\3\4\n\0\0\10\0\0Ô¡Ø@míKÇ´\25\0\0´\25\0\0\16\0\3\0", 30, 15930033700864) = 30
19:32:28.928182,1049,mmap2(NULL, 9312, PROT_READ, MAP_SHARED, 33, 0) = 0xacd45000
19:32:28.929478,1049,gettimeofday({1726083148, 929708}, NULL) = 0
19:32:28.930733,1049,access("/data/data/com.hddevs.omlwp/cache", F_OK) = -1 ENOENT (No such file or directory)
19:32:28.931984,1049,access("/data/data/com.hddevs.omlwp/cache", F_OK) = -1 ENOENT (No such file or directory)
19:32:28.933398,1049,mkdir("/data/data/com.hddevs.omlwp/cache", 0700) = 0
19:32:28.935178,1049,chmod("/data/data/com.hddevs.omlwp/cache", 0771) = 0
19:32:28.947769,1049,getuid32() = 10050
19:32:28.948318,1049,getuid32() = 10050
19:32:28.949640,1049,getpid() = 1049
19:32:28.950132,1049,gettid() = 1049
19:32:28.950887,1049,clock_gettime(CLOCK_MONOTONIC, {110, 846685788}) = 0
19:32:28.951526,1049,ioctl(9, 0xc0186201, 0xbed881f0) = 0
19:32:28.952775,1049,ioctl(9, 0xc0186201, 0xbed881f0) = 0
19:32:28.953320,1049,clock_gettime(CLOCK_MONOTONIC, {110, 849145245}) = 0
19:32:28.955313,1049,access("/data/data/com.hddevs.omlwp/cache/com.android.renderscript.cache", F_OK) = -1 ENOENT (No such file or directory)
19:32:28.974812,1049,mkdir("/data/data/com.hddevs.omlwp/cache/com.android.renderscript.cache", 0700) = 0
19:32:28.976448,1049,getpid() = 1049
19:32:28.976936,1049,gettid() = 1049
19:32:28.977514,1049,clock_gettime(CLOCK_MONOTONIC, {110, 873310654}) = 0
19:32:28.978129,1049,ioctl(9, 0xc0186201, 0xbed881f0) = 0
19:32:28.978922,1049,clock_gettime(CLOCK_MONOTONIC, {110, 874840375}) = 0
19:32:28.980463,1049,getpid() = 1049
19:32:28.980954,1049,gettid() = 1049
19:32:28.981532,1049,clock_gettime(CLOCK_MONOTONIC, {110, 877328115}) = 0
19:32:28.982246,1049,ioctl(9, 0xc0186201, 0xbed881f0) = 0
19:32:28.983874,1049,clock_gettime(CLOCK_MONOTONIC, {110, 879676087}) = 0
19:32:28.995053,1049,writev(3, [{"\5", 1}, {"DroidBox\0", 9}, {"DroidBox: { \"DexClassLoader\": { "..., 79}], 3) = 89
19:32:28.998233,1049,access("/data/app/com.hddevs.omlwp-1.apk", F_OK) = 0
19:32:28.999122,1049,access("/data/app/com.hddevs.omlwp-1.apk", R_OK) = 0
19:32:28.999969,1049,stat64("/data/app/com.hddevs.omlwp-1.apk", {st_mode=S_IFREG|0644, st_size=1970008, ...}) = 0
19:32:29.002027,1049,open("/data/app/com.hddevs.omlwp-1.apk", O_RDONLY) = 34
19:32:29.002921,1049,fstat64(34, {st_mode=S_IFREG|0644, st_size=1970008, ...}) = 0
19:32:29.004172,1049,fstat64(34, {st_mode=S_IFREG|0644, st_size=1970008, ...}) = 0
19:32:29.005487,1049,_llseek(34, 1969986, [1969986], SEEK_SET) = 0
19:32:29.008443,1049,read(34, "PK\5\6", 4) = 4
19:32:29.009017,1049,fgetxattr(34, "user.taint", 0xbed88484, 4) = -1 ENODATA (No data available)
19:32:29.010694,1049,clock_gettime(CLOCK_MONOTONIC, {110, 906495663}) = 0
19:32:29.011265,1049,getpid() = 1049
19:32:29.011809,1049,readlink("/proc/1049/fd/34", "/data/app/com.hddevs.omlwp-1.apk", 120) = 32
19:32:29.013181,1049,read(34, "\0\0\0\0$\0$\0å\t\0\0]\5\36\0\0\0", 18) = 18
19:32:29.013889,1049,fgetxattr(34, "user.taint", 0xbed88484, 4) = -1 ENODATA (No data available)
19:32:29.015260,1049,clock_gettime(CLOCK_MONOTONIC, {110, 911100826}) = 0
19:32:29.015863,1049,getpid() = 1049
19:32:29.016400,1049,readlink("/proc/1049/fd/34", "/data/app/com.hddevs.omlwp-1.apk", 120) = 32
19:32:29.017438,1049,fstat64(34, {st_mode=S_IFREG|0644, st_size=1970008, ...}) = 0
19:32:29.020135,1049,_llseek(34, 1967453, [1967453], SEEK_SET) = 0
19:32:29.022021,1049,read(34, "PK\1\2\24\0\24\0\10\10\10\0×¡Ø@1º\237ªI\2\0\0\200\6\0\0\23\0\4\0"..., 2555) = 2555
19:32:29.022869,1049,fgetxattr(34, "user.taint", 0xbed88484, 4) = -1 ENODATA (No data available)
19:32:29.038457,1049,clock_gettime(CLOCK_MONOTONIC, {110, 934297121}) = 0
19:32:29.039084,1049,getpid() = 1049
19:32:29.039668,1049,readlink("/proc/1049/fd/34", "/data/app/com.hddevs.omlwp-1.apk", 120) = 32
19:32:29.046625,1049,open("/data/app/com.hddevs.omlwp-1.apk", O_RDONLY) = 35
19:32:29.047451,1049,lseek(35, 0, SEEK_END) = 1970008
19:32:29.048032,1049,mmap2(NULL, 69632, PROT_READ|PROT_WRITE, MAP_PRIVATE|MAP_ANONYMOUS, -1, 0) = 0xacd34000
19:32:29.048593,1049,madvise(0xacd34000, 69632, 0xc /* MADV_??? */) = -1 EINVAL (Invalid argument)
19:32:29.049152,1049,lseek(35, 1904451, SEEK_SET) = 1904451
19:32:29.049696,1049,read(35, "ÞH\211k\n\25u\204 \235!\35]¢£PQ\21787\231´\224ø¼ 1*\223æ\210"..., 65557) = 65557
19:32:29.050724,1049,mmap2(NULL, 3906, PROT_READ, MAP_SHARED, 35, 0x1e0) = 0xacd33000
19:32:29.051241,1049,munmap(0xacd34000, 69632) = 0
19:32:29.051872,1049,fcntl64(35, F_GETFD) = 0
19:32:29.052426,1049,fcntl64(35, F_SETFD, FD_CLOEXEC) = 0
19:32:29.052914,1049,open("/data/app/com.hddevs.omlwp-1.odex", O_RDONLY) = -1 ENOENT (No such file or directory)
19:32:29.054172,1049,open("/data/dalvik-cache/data@app@com.hddevs.omlwp-1.apk@classes.dex", O_RDWR|O_CREAT, 0644) = -1 EACCES (Permission denied)
19:32:29.055182,1049,open("/data/dalvik-cache/data@app@com.hddevs.omlwp-1.apk@classes.dex", O_RDONLY) = 36
19:32:29.056106,1049,flock(36, LOCK_EX|LOCK_NB) = 0
19:32:29.056926,1049,fstat64(36, {st_mode=S_IFREG|0644, st_size=969072, ...}) = 0
19:32:29.058015,1049,stat64("/data/dalvik-cache/data@app@com.hddevs.omlwp-1.apk@classes.dex", {st_mode=S_IFREG|0644, st_size=969072, ...}) = 0
19:32:29.059560,1049,lseek(36, 0, SEEK_SET) = 0
19:32:29.060040,1049,read(36, "dey\n036\0(\0\0\0Tg\16\0\200g\16\0Ö\1\0\0Xi\16\0\30`\0\0"..., 40) = 40
19:32:29.060803,1049,lseek(36, 944000, SEEK_SET) = 944000
19:32:29.061327,1049,read(36, "×¡Ø@vW\37$\34\0\0\0\10\0\0\0\34\0\0\0/system/fram"..., 470) = 470
19:32:29.062422,1049,lseek(36, 0, SEEK_SET) = 0
19:32:29.066369,1049,lseek(36, 0, SEEK_CUR) = 0
19:32:29.066949,1049,lseek(36, 0, SEEK_END) = 969072
19:32:29.067543,1049,lseek(36, 0, SEEK_SET) = 0
19:32:29.068020,1049,mmap2(NULL, 969072, PROT_READ|PROT_WRITE, MAP_PRIVATE, 36, 0) = 0xacc46000
19:32:29.068627,1049,madvise(0xacc46000, 969072, 0xc /* MADV_??? */) = -1 EINVAL (Invalid argument)
19:32:29.069139,1049,mprotect(0xacc46000, 969072, PROT_READ) = 0
19:32:29.069835,1049,open("/dev/ashmem", O_RDWR) = 37
19:32:29.070661,1049,ioctl(37, 0x41007701, 0xbed88254) = 0
19:32:29.071172,1049,ioctl(37, 0x40047703, 0x12000) = 0
19:32:29.071735,1049,mmap2(NULL, 73728, PROT_READ|PROT_WRITE, MAP_PRIVATE, 37, 0) = 0xacc34000
19:32:29.072399,1049,madvise(0xacc34000, 73728, 0xc /* MADV_??? */) = -1 EINVAL (Invalid argument)
19:32:29.072937,1049,close(37) = 0
19:32:29.073905,1049,flock(36, LOCK_UN) = 0
19:32:29.074653,1049,close(36) = 0
19:32:29.076023,1049,access("/data/data/com.hddevs.omlwp/lib", F_OK) = 0
19:32:29.076865,1049,access("/data/data/com.hddevs.omlwp/lib", R_OK) = 0
19:32:29.077650,1049,stat64("/data/data/com.hddevs.omlwp/lib", {st_mode=S_IFDIR|0755, st_size=4096, ...}) = 0
19:32:29.089899,1049,access("/vendor/lib", F_OK) = -1 ENOENT (No such file or directory)
19:32:29.090946,1049,access("/system/lib", F_OK) = 0
19:32:29.091682,1049,access("/system/lib", R_OK) = 0
19:32:29.092342,1049,stat64("/system/lib", {st_mode=S_IFDIR|0755, st_size=8192, ...}) = 0
19:32:29.093694,1049,getuid32() = 10050
19:32:29.105831,1049,getpid() = 1049
19:32:29.106433,1049,gettid() = 1049
19:32:29.106967,1049,clock_gettime(CLOCK_MONOTONIC, {111, 2771809}) = 0
19:32:29.107608,1049,ioctl(9, 0xc0186201, 0xbed881f0) = 0
19:32:29.112070,1049,ioctl(9, 0xc0186201, 0xbed881f0) = 0
19:32:29.113740,1049,clock_gettime(CLOCK_MONOTONIC, {111, 9541490}) = 0
19:32:29.128877,1049,gettimeofday({1726083149, 129119}, NULL) = 0
19:32:29.130249,1049,getpid() = 1049
19:32:29.130828,1049,getuid32() = 10050
19:32:29.131428,1049,epoll_wait(0x1e, 0xbed881f8, 0x10, 0) = 0
19:32:29.131963,1049,clock_gettime(CLOCK_MONOTONIC, {111, 27768312}) = 0
19:32:29.132691,1049,stat64("/system/framework/framework-res.apk", {st_mode=S_IFREG|0644, st_size=8749696, ...}) = 0
19:32:29.145624,1049,stat64("/data/app/com.hddevs.omlwp-1.apk", {st_mode=S_IFREG|0644, st_size=1970008, ...}) = 0
19:32:29.151784,1049,gettimeofday({1726083149, 151969}, NULL) = 0
19:32:29.152813,1049,getuid32() = 10050
19:32:29.153463,1049,stat64("/system/framework/framework-res.apk", {st_mode=S_IFREG|0644, st_size=8749696, ...}) = 0
19:32:29.154893,1049,stat64("/data/app/com.hddevs.omlwp-1.apk", {st_mode=S_IFREG|0644, st_size=1970008, ...}) = 0
19:32:29.175402,1049,getpid() = 1049
19:32:29.175988,1049,gettid() = 1049
19:32:29.176558,1049,clock_gettime(CLOCK_MONOTONIC, {111, 72373259}) = 0
19:32:29.177178,1049,ioctl(9, 0xc0186201, 0xbed881f0) = 0
19:32:29.178367,1049,ioctl(9, 0xc0186201, 0xbed881f0) = 0
19:32:29.178937,1049,clock_gettime(CLOCK_MONOTONIC, {111, 74752141}) = 0
19:32:29.179803,1049,getpid() = 1049
19:32:29.180339,1049,gettid() = 1049
19:32:29.180865,1049,clock_gettime(CLOCK_MONOTONIC, {111, 76687222}) = 0
19:32:29.181498,1049,ioctl(9, 0xc0186201, 0xbed881f0) = 0
19:32:29.183224,1049,ioctl(9, 0xc0186201, 0xbed881f0) = 0
19:32:29.187398,1049,clock_gettime(CLOCK_MONOTONIC, {111, 83201510}) = 0
19:32:29.190450,1049,getpid() = 1049
19:32:29.191142,1049,gettid() = 1049
19:32:29.191698,1049,clock_gettime(CLOCK_MONOTONIC, {111, 87504840}) = 0
19:32:29.192315,1049,ioctl(9, 0xc0186201, 0xbed881f0) = 0
19:32:29.193210,1049,clock_gettime(CLOCK_MONOTONIC, {111, 89071668}) = 0
19:32:29.194605,1049,getpid() = 1049
19:32:29.205676,1049,gettid() = 1049
19:32:29.206208,1049,clock_gettime(CLOCK_MONOTONIC, {111, 102070461}) = 0
19:32:29.206852,1049,ioctl(9, 0xc0186201, 0xbed881f0) = 0
19:32:29.208929,1049,ioctl(9, 0xc0186201, 0xbed881f0) = 0
19:32:29.210458,1049,clock_gettime(CLOCK_MONOTONIC, {111, 106294650}) = 0
19:32:29.214241,1049,pread(18, "PK\3\4\24\0\10\0\10\0\31\r\2208¿Ìm\4»\1\0\0 \3\0\0\34\0\0\0", 30, 13579900610936832) = 30
19:32:29.231987,1049,mmap2(NULL, 4302, PROT_READ, MAP_SHARED, 18, 0x303) = 0xb0e84000
19:32:29.233476,1049,munmap(0xb0e84000, 4302) = 0
19:32:29.254880,1049,pread(33, "PK\3\4\24\0\10\10\10\0×¡Ø@1º\237ªI\2\0\0\200\6\0\0\23\0\4\0", 30, 0) = 30
19:32:29.255790,1049,mmap2(NULL, 638, PROT_READ, MAP_SHARED, 33, 0) = 0xb0e85000
19:32:29.256967,1049,munmap(0xb0e85000, 638) = 0
19:32:29.260925,1049,pread(33, "PK\3\4\n\0\0\10\0\0Å\230Ø@¨\6b\"ó\17\1\0ó\17\1\0\31\0\0\0", 30, 3970615660773376) = 30
19:32:29.261844,1049,mmap2(NULL, 72555, PROT_READ, MAP_SHARED, 33, 0xe1) = 0xacc22000
19:32:29.263537,1049,sigprocmask(SIG_BLOCK, [], [QUIT USR1 PIPE]) = 0
19:32:29.277161,1049,clock_gettime(CLOCK_MONOTONIC, {111, 173053097}) = 0
19:32:29.277917,1049,getpriority(PRIO_PROCESS, 0) = 20
19:32:29.278564,1049,madvise(0xb237b000, 3107101, MADV_NORMAL) = 0
19:32:29.327381,1049,madvise(0xb337b000, 786432, MADV_DONTNEED) = 0
19:32:29.328027,1049,madvise(0xb237b000, 16777216, MADV_DONTNEED) = 0
19:32:29.328647,1049,futex(0xb681258c, FUTEX_WAKE_PRIVATE, 2147483647) = 0
19:32:29.329170,1049,clock_gettime(CLOCK_MONOTONIC, {111, 225010508}) = 0
19:32:29.329861,1049,futex(0xb76397c0, FUTEX_WAKE_PRIVATE, 1 <unfinished ...>
19:32:29.330157,1056,<... futex resumed> ) = 0
19:32:29.330494,1056,futex(0xb76397b0, FUTEX_WAIT_PRIVATE, 2, NULL <unfinished ...>
19:32:29.330793,1049,<... futex resumed> ) = 1
19:32:29.331094,1049,futex(0xb76397b0, FUTEX_WAKE_PRIVATE, 1 <unfinished ...>
19:32:29.331420,1056,<... futex resumed> ) = 0
19:32:29.331715,1056,futex(0xb76397b0, FUTEX_WAKE_PRIVATE, 1) = 0
19:32:29.332199,1056,futex(0xb7541718, FUTEX_WAIT_PRIVATE, 2, NULL <unfinished ...>
19:32:29.332533,1049,<... futex resumed> ) = 1
19:32:29.332836,1049,futex(0xb7541718, FUTEX_WAKE_PRIVATE, 1 <unfinished ...>
19:32:29.333123,1056,<... futex resumed> ) = 0
19:32:29.333463,1056,futex(0xb7541718, FUTEX_WAKE_PRIVATE, 1) = 0
19:32:29.333964,1056,futex(0xb7654298, FUTEX_WAKE_PRIVATE, 1) = 1
19:32:29.334457,1057,<... futex resumed> ) = 0
19:32:29.334809,1056,futex(0xb76397c0, FUTEX_WAIT_PRIVATE, -2, NULL <unfinished ...>
19:32:29.335125,1057,clock_gettime(CLOCK_MONOTONIC, {111, 230985535}) = 0
19:32:29.335743,1057,futex(0xb765a5f0, FUTEX_WAKE_PRIVATE, 1) = 1
19:32:29.336197,1058,<... futex resumed> ) = 0
19:32:29.336623,1057,gettid( <unfinished ...>
19:32:29.336928,1058,clock_gettime(CLOCK_MONOTONIC, <unfinished ...>
19:32:29.337191,1057,<... gettid resumed> ) = 1057
19:32:29.337497,1058,<... clock_gettime resumed> {111, 233036949}) = 0
19:32:29.337875,1057,getpid( <unfinished ...>
19:32:29.338177,1058,clock_gettime(CLOCK_MONOTONIC, <unfinished ...>
19:32:29.338478,1057,<... getpid resumed> ) = 1049
19:32:29.338745,1058,<... clock_gettime resumed> {111, 234284966}) = 0
19:32:29.339114,1057,getuid32( <unfinished ...>
19:32:29.339443,1058,clock_gettime(CLOCK_MONOTONIC, <unfinished ...>
19:32:29.339704,1057,<... getuid32 resumed> ) = 10050
19:32:29.339973,1058,<... clock_gettime resumed> {111, 235513740}) = 0
19:32:29.340467,1057,ioctl(9, 0xc0186201 <unfinished ...>
19:32:29.340767,1058,futex(0xb765a5f0, FUTEX_WAIT_PRIVATE, -2, {9, 996771226} <unfinished ...>
19:32:29.341138,1057,<... ioctl resumed> , 0xad25fa58) = 0
19:32:29.341543,1057,clock_gettime(CLOCK_MONOTONIC, {111, 237345300}) = 0
19:32:29.342171,1057,clock_gettime(CLOCK_MONOTONIC, {111, 238010289}) = 0
19:32:29.342807,1057,clock_gettime(CLOCK_MONOTONIC, {111, 238608579}) = 0
19:32:29.343448,1057,clock_gettime(CLOCK_MONOTONIC, {111, 239249301}) = 0
19:32:29.344041,1057,clock_gettime(CLOCK_MONOTONIC, {111, 239843307}) = 0
19:32:29.344673,1057,clock_gettime(CLOCK_MONOTONIC, {111, 240475290}) = 0
19:32:29.345304,1057,clock_gettime(CLOCK_MONOTONIC, {111, 241120188}) = 0
19:32:29.345912,1057,clock_gettime(CLOCK_MONOTONIC, {111, 241714584}) = 0
19:32:29.346556,1057,clock_gettime(CLOCK_MONOTONIC, {111, 242357930}) = 0
19:32:29.347151,1057,clock_gettime(CLOCK_MONOTONIC, {111, 242990964}) = 0
19:32:29.347790,1057,futex(0xb7654298, FUTEX_WAIT_PRIVATE, -2, NULL <unfinished ...>
19:32:29.348086,1049,<... futex resumed> ) = 1
19:32:29.348439,1049,clock_gettime(CLOCK_MONOTONIC, {111, 244238720}) = 0
19:32:29.349085,1049,writev(3, [{"\3", 1}, {"dalvikvm\0", 9}, {"GC_FOR_ALLOC freed 65K, 4% free "..., 69}], 3) = 79
19:32:29.350231,1049,mprotect(0xb3d5c000, 1839104, PROT_READ|PROT_WRITE) = 0
19:32:29.350854,1049,mprotect(0xb3f1d000, 39706624, PROT_NONE) = 0
19:32:29.360861,1049,futex(0xb753a9a8, FUTEX_WAKE_PRIVATE, 1 <unfinished ...>
19:32:29.361160,1053,<... futex resumed> ) = 0
19:32:29.361504,1053,futex(0xb68125f4, FUTEX_WAIT_PRIVATE, 2, NULL <unfinished ...>
19:32:29.361800,1049,<... futex resumed> ) = 1
19:32:29.362144,1049,writev(3, [{"\4", 1}, {"dalvikvm-heap\0", 14}, {"Grow heap (frag case) to 9.912MB"..., 61}], 3) = 76
19:32:29.363318,1049,futex(0xb68125f4, FUTEX_WAKE_PRIVATE, 1 <unfinished ...>
19:32:29.363655,1053,<... futex resumed> ) = 0
19:32:29.363961,1053,clock_gettime(CLOCK_MONOTONIC, {111, 259762291}) = 0
19:32:29.364575,1053,clock_gettime(CLOCK_MONOTONIC, {111, 260376755}) = 0
19:32:29.365138,1053,clock_gettime(CLOCK_MONOTONIC, {111, 260977216}) = 0
19:32:29.365738,1053,nanosleep({0, 10000000}, <unfinished ...>
19:32:29.366099,1049,<... futex resumed> ) = 1
19:32:29.366458,1049,futex(0xb681258c, FUTEX_WAIT_PRIVATE, -436, NULL <unfinished ...>
19:32:29.394250,1053,<... nanosleep resumed> 0xaf514d88) = 0
19:32:29.405049,1053,madvise(0xb237b000, 3464856, MADV_NORMAL) = 0
19:32:29.411423,1053,futex(0xb68125f4, FUTEX_WAKE_PRIVATE, 1) = 0
19:32:29.412017,1053,futex(0xb681258c, FUTEX_WAKE_PRIVATE, 2147483647) = 1
19:32:29.412622,1053,clock_gettime(CLOCK_MONOTONIC, {111, 308428865}) = 0
19:32:29.417179,1049,<... futex resumed> ) = 0
19:32:29.453110,1053,clock_gettime(CLOCK_MONOTONIC, {111, 349026648}) = 0
19:32:29.467899,1053,futex(0xb681258c, FUTEX_WAKE_PRIVATE, 2147483647) = 0
19:32:29.468513,1053,clock_gettime(CLOCK_MONOTONIC, {111, 364313354}) = 0
19:32:29.469224,1053,madvise(0xb343b000, 786432, MADV_DONTNEED) = 0
19:32:29.469992,1053,madvise(0xb237b000, 16777216, MADV_DONTNEED) = 0
19:32:29.470577,1053,futex(0xb68125f8, FUTEX_WAKE_PRIVATE, 2147483647) = 0
19:32:29.471067,1053,clock_gettime(CLOCK_MONOTONIC, {111, 366861050}) = 0
19:32:29.471743,1053,writev(3, [{"\3", 1}, {"dalvikvm\0", 9}, {"GC_CONCURRENT freed 2K, 3% free "..., 77}], 3) = 87
19:32:29.472906,1053,clock_gettime(CLOCK_MONOTONIC, {111, 368704414}) = 0
19:32:29.473492,1053,clock_gettime(CLOCK_MONOTONIC, {111, 369287122}) = 0
19:32:29.474029,1053,futex(0xb753a9a8, FUTEX_WAIT_PRIVATE, -2, {4, 999417292} <unfinished ...>
19:32:29.499794,1049,munmap(0xacc22000, 72555) = 0
19:32:29.503198,1049,pread(18, "PK\3\4\24\0\10\0\10\0\31\r\2208\202³Ï[l\1\0\0à\4\0\0\34\0\0\0", 30, 12723621571067904) = 30
19:32:29.504067,1049,mmap2(NULL, 1463, PROT_READ, MAP_SHARED, 18, 0x2d3) = 0xb0e85000
19:32:29.504938,1049,munmap(0xb0e85000, 1463) = 0
19:32:29.506546,1049,pread(18, "PK\3\4\n\0\0\0\0\0\31\r\2208Þ\t\25U¹\2\0\0¹\2\0\0*\0\3\0", 30, 1821482745331712) = 30
19:32:29.507374,1049,mmap2(NULL, 2981, PROT_READ, MAP_SHARED, 18, 0x67) = 0xb0e85000
19:32:29.508364,1049,sigprocmask(SIG_BLOCK, [], [QUIT USR1 PIPE]) = 0
19:32:29.509129,1049,sigprocmask(SIG_BLOCK, [], [QUIT USR1 PIPE]) = 0
19:32:29.527579,1049,sigprocmask(SIG_BLOCK, [], [QUIT USR1 PIPE]) = 0
19:32:29.528555,1049,sigprocmask(SIG_BLOCK, [], [QUIT USR1 PIPE]) = 0
19:32:29.529406,1049,brk(0xb7685000) = 0xb7685000
19:32:29.533012,1049,munmap(0xb0e85000, 2981) = 0
19:32:29.534070,1049,pread(18, "PK\3\4\n\0\0\0\0\0\31\r\2208ÈÂ\26w\235\2\0\0\235\2\0\0002\0\3\0", 30, 1824798460084224) = 30
19:32:29.535210,1049,mmap2(NULL, 3733, PROT_READ, MAP_SHARED, 18, 0x67) = 0xb0e85000
19:32:29.536160,1049,sigprocmask(SIG_BLOCK, [], [QUIT USR1 PIPE]) = 0
19:32:29.536787,1049,sigprocmask(SIG_BLOCK, [], [QUIT USR1 PIPE]) = 0
19:32:29.537393,1049,sigprocmask(SIG_BLOCK, [], [QUIT USR1 PIPE]) = 0
19:32:29.538076,1049,sigprocmask(SIG_BLOCK, [], [QUIT USR1 PIPE]) = 0
19:32:29.541731,1049,munmap(0xb0e85000, 3733) = 0
19:32:29.542777,1049,pread(18, "PK\3\4\n\0\0\0\0\0\31\r\2208SO\237\204Ì\2\0\0Ì\2\0\0+\0\2\0", 30, 1836875908120576) = 30
19:32:29.543580,1049,mmap2(NULL, 2488, PROT_READ, MAP_SHARED, 18, 0x68) = 0xb0e85000
19:32:29.544448,1049,sigprocmask(SIG_BLOCK, [], [QUIT USR1 PIPE]) = 0
19:32:29.545036,1049,sigprocmask(SIG_BLOCK, [], [QUIT USR1 PIPE]) = 0
19:32:29.545644,1049,sigprocmask(SIG_BLOCK, [], [QUIT USR1 PIPE]) = 0
19:32:29.546250,1049,sigprocmask(SIG_BLOCK, [], [QUIT USR1 PIPE]) = 0
19:32:29.549416,1049,munmap(0xb0e85000, 2488) = 0
19:32:29.550428,1049,pread(18, "PK\3\4\n\0\0\0\0\0\31\r\2208\16\21¬õ\17\2\0\0\17\2\0\0,\0\3\0", 30, 1847381398126592) = 30
19:32:29.551190,1049,mmap2(NULL, 651, PROT_READ, MAP_SHARED, 18, 0x69) = 0xb0e85000
19:32:29.552045,1049,sigprocmask(SIG_BLOCK, [], [QUIT USR1 PIPE]) = 0
19:32:29.552665,1049,sigprocmask(SIG_BLOCK, [], [QUIT USR1 PIPE]) = 0
19:32:29.553261,1049,sigprocmask(SIG_BLOCK, [], [QUIT USR1 PIPE]) = 0
19:32:29.553901,1049,sigprocmask(SIG_BLOCK, [], [QUIT USR1 PIPE]) = 0
19:32:29.636518,1049,munmap(0xb0e85000, 651) = 0
19:32:29.638486,1049,pread(18, "PK\3\4\n\0\0\0\0\0\31\r\22082½Î\22ä\2\0\0ä\2\0\0:\0\3\0", 30, 1828028275490816) = 30
19:32:29.639521,1049,mmap2(NULL, 4564, PROT_READ, MAP_SHARED, 18, 0x67) = 0xb0e84000
19:32:29.640476,1049,sigprocmask(SIG_BLOCK, [], [QUIT USR1 PIPE]) = 0
19:32:29.641074,1049,sigprocmask(SIG_BLOCK, [], [QUIT USR1 PIPE]) = 0
19:32:29.641698,1049,sigprocmask(SIG_BLOCK, [], [QUIT USR1 PIPE]) = 0
19:32:29.642614,1049,sigprocmask(SIG_BLOCK, [], [QUIT USR1 PIPE]) = 0
19:32:29.646321,1049,munmap(0xb0e84000, 4564) = 0
19:32:29.647320,1049,clock_gettime(CLOCK_MONOTONIC, {111, 543136711}) = 0
19:32:29.648663,1049,clock_gettime(CLOCK_MONOTONIC, {111, 544465917}) = 0
19:32:29.653070,1049,clock_gettime(CLOCK_MONOTONIC, {111, 548877766}) = 0
19:32:29.653810,1049,clock_gettime(CLOCK_MONOTONIC, {111, 549608717}) = 0
19:32:29.656089,1049,clock_gettime(CLOCK_MONOTONIC, {111, 551889784}) = 0
19:32:29.656809,1049,clock_gettime(CLOCK_MONOTONIC, {111, 552607837}) = 0
19:32:29.659715,1049,writev(5, [{"Fu\0\0", 4}, {"\2\"\0\0\0com.hddevs.omlwp.WallpaperA"..., 40}], 2) = 44
19:32:29.665887,1049,mprotect(0xb15b5000, 8192, PROT_READ|PROT_WRITE) = 0
19:32:29.668551,1049,getpid() = 1049
19:32:29.669076,1049,gettid() = 1049
19:32:29.669651,1049,clock_gettime(CLOCK_MONOTONIC, {111, 565454677}) = 0
19:32:29.670240,1049,ioctl(9, 0xc0186201, 0xbed881f0) = 0
19:32:29.671046,1049,clock_gettime(CLOCK_MONOTONIC, {111, 566849762}) = 0
19:32:29.672783,1049,getpid() = 1049
19:32:29.673321,1049,gettid() = 1049
19:32:29.673834,1049,clock_gettime(CLOCK_MONOTONIC, {111, 569636194}) = 0
19:32:29.674454,1049,ioctl(9, 0xc0186201, 0xbed881f0) = 0
19:32:29.676368,1049,ioctl(9, 0xc0186201, 0xbed881f0) = 0
19:32:29.676916,1049,clock_gettime(CLOCK_MONOTONIC, {111, 572721490}) = 0
19:32:29.678100,1049,getpid() = 1049
19:32:29.678648,1049,gettid() = 1049
19:32:29.679146,1049,clock_gettime(CLOCK_MONOTONIC, {111, 574986736}) = 0
19:32:29.679764,1049,ioctl(9, 0xc0186201, 0xbed881f0) = 0
19:32:29.683594,1049,ioctl(9, 0xc0186201, 0xbed881f0) = 0
19:32:29.684173,1049,clock_gettime(CLOCK_MONOTONIC, {111, 580031204}) = 0
19:32:29.761111,1049,mprotect(0xb15b6000, 8192, PROT_READ|PROT_WRITE) = 0
19:32:29.762129,1049,ioctl(9, 0xc0186201, 0xbed88150) = 0
19:32:29.763607,1049,ioctl(9, 0xc0186201, 0xbed88158) = 0
19:32:29.764484,1049,dup(36) = 37
19:32:29.764970,1049,setsockopt(37, SOL_SOCKET, SO_SNDBUF, [4096], 4) = 0
19:32:29.765655,1049,setsockopt(37, SOL_SOCKET, SO_RCVBUF, [4096], 4) = 0
19:32:29.766188,1049,fcntl64(37, F_SETFL, O_RDONLY|O_NONBLOCK) = 0
19:32:29.766737,1049,close(36) = 0
19:32:29.767287,1049,epoll_ctl(0x1e, 0x1, 0x25, 0xbed882a8) = 0
19:32:29.768775,1049,getpid() = 1049
19:32:29.769297,1049,gettid() = 1049
19:32:29.769839,1049,clock_gettime(CLOCK_MONOTONIC, {111, 665636724}) = 0
19:32:29.770440,1049,ioctl(9, 0xc0186201, 0xbed881f0) = 0
19:32:29.771146,1049,clock_gettime(CLOCK_MONOTONIC, {111, 666982376}) = 0
19:32:29.772205,1049,getpid() = 1049
19:32:29.772733,1049,gettid() = 1049
19:32:29.773212,1049,clock_gettime(CLOCK_MONOTONIC, {111, 669047517}) = 0
19:32:29.773806,1049,ioctl(9, 0xc0186201, 0xbed881f0) = 0
19:32:29.814968,1049,clock_gettime(CLOCK_MONOTONIC, {111, 710792536}) = 0
19:32:29.816290,1049,clock_gettime(CLOCK_MONOTONIC, {111, 712166346}) = 0
19:32:29.817000,1049,clock_gettime(CLOCK_MONOTONIC, {111, 712808114}) = 0
19:32:29.817830,1049,recvfrom(37, 0xbed879a8, 24, 64, 0, 0) = -1 EAGAIN (Try again)
19:32:29.818693,1049,ioctl(9, 0xc0186201, 0xbed88178) = 0
19:32:29.819520,1049,clock_gettime(CLOCK_MONOTONIC, {111, 715334553}) = 0
19:32:29.821638,1049,getpid() = 1049
19:32:29.822130,1049,gettid() = 1049
19:32:29.823041,1049,clock_gettime(CLOCK_MONOTONIC, {111, 718867019}) = 0
19:32:29.823687,1049,ioctl(9, 0xc0186201, 0xbed881f0) = 0
19:32:29.826212,1049,ioctl(9, 0xc0186201, 0xbed881f0) = 0
19:32:29.863923,1049,clock_gettime(CLOCK_MONOTONIC, {111, 759750936}) = 0
19:32:29.864924,1049,dup(36) = 38
19:32:29.865511,1049,fcntl64(38, F_SETFL, O_RDONLY|O_NONBLOCK) = 0
19:32:29.866091,1049,close(36) = 0
19:32:29.867080,1049,epoll_ctl(0x1e, 0x1, 0x26, 0xbed88288) = 0
19:32:29.868037,1049,getpid() = 1049
19:32:29.868583,1049,getuid32() = 10050
19:32:29.869116,1049,epoll_wait(0x1e, 0xbed881f8, 0x10, 0) = 1
19:32:29.869678,1049,recvfrom(37, "nysv\0\0\0\0\206\230U\3\32\0\0\0[\3\0\0\2242Í¸", 24, MSG_DONTWAIT, NULL, NULL) = 24
19:32:29.870505,1049,recvfrom(37, 0xbed87828, 24, 64, 0, 0) = -1 EAGAIN (Try again)
19:32:29.871085,1049,clock_gettime(CLOCK_MONOTONIC, {111, 766888376}) = 0
19:32:29.871756,1049,clock_gettime(CLOCK_MONOTONIC, {111, 767559444}) = 0
19:32:29.872374,1049,clock_gettime(CLOCK_MONOTONIC, {111, 768178434}) = 0
19:32:29.872976,1049,clock_gettime(CLOCK_MONOTONIC, {111, 768780033}) = 0
19:32:29.873608,1049,recvfrom(38, 0xb76538e8, 1240, 64, 0, 0) = -1 EAGAIN (Try again)
19:32:29.874171,1049,clock_gettime(CLOCK_MONOTONIC, {111, 769979371}) = 0
19:32:29.874769,1049,clock_gettime(CLOCK_MONOTONIC, {111, 770570784}) = 0
19:32:29.875395,1049,write(29, "W", 1) = 1
19:32:29.880166,1049,brk(0xb7689000) = 0xb7689000
19:32:29.886788,1049,getpid() = 1049
19:32:29.887316,1049,gettid() = 1049
19:32:29.887817,1049,clock_gettime(CLOCK_MONOTONIC, {111, 783621159}) = 0
19:32:29.888443,1049,ioctl(9, 0xc0186201, 0xbed881f0) = 0
19:32:29.890830,1049,ioctl(9, 0xc0186201 <unfinished ...>
19:32:29.922803,1063,<... ioctl resumed> , 0xacf59e28) = 0
19:32:29.925790,1063,write(24, "1063", 4) = 4
19:32:29.932249,1063,getpriority(PRIO_PROCESS, 1063) = 20
19:32:29.934451,1063,clock_gettime(CLOCK_MONOTONIC, {111, 834926686}) = 0
19:32:29.939725,1049,<... ioctl resumed> , 0xbed881f0) = 0
19:32:29.941135,1063,write(24, "1063", 4 <unfinished ...>
19:32:29.941577,1049,clock_gettime(CLOCK_MONOTONIC, <unfinished ...>
19:32:29.944224,1063,<... write resumed> ) = 4
19:32:29.944571,1049,<... clock_gettime resumed> {111, 840099599}) = 0
19:32:29.945005,1063,ioctl(9, 0xc0186201, 0xacf59e28) = 0
19:32:29.946818,1063,write(24, "1063", 4) = 4
19:32:29.947648,1063,getpriority(PRIO_PROCESS, 1063) = 20
19:32:29.948515,1063,clock_gettime(CLOCK_MONOTONIC, {111, 844314504}) = 0
19:32:29.949191,1063,write(24, "1063", 4) = 4
19:32:29.949806,1063,ioctl(9, 0xc0186201 <unfinished ...>
19:32:29.969770,1049,ioctl(9, 0xc0186201, 0xbed88100) = 0
19:32:29.972687,1049,clock_gettime(CLOCK_MONOTONIC, {111, 868539476}) = 0
19:32:29.973415,1049,clock_gettime(CLOCK_MONOTONIC, {111, 869214618}) = 0
19:32:29.974063,1049,recvfrom(37, 0xbed879a8, 24, 64, 0, 0) = -1 EAGAIN (Try again)
19:32:29.975450,1049,ioctl(9, 0xc0186201, 0xbed88178) = 0
19:32:29.976436,1049,clock_gettime(CLOCK_MONOTONIC, {111, 872235934}) = 0
19:32:29.977241,1049,getpid() = 1049
19:32:29.977781,1049,getuid32() = 10050
19:32:29.978378,1049,epoll_wait(0x1e, 0xbed881f8, 0x10, 0) = 2
19:32:29.978881,1049,read(23, "W", 16) = 1
19:32:29.979516,1049,recvfrom(38, "\2\0\0\0\31\0\0\0\7\0\0\0\0\0\0\0\200\16:¯\31\0\0\0\0\0\0\0\2\20\0\0"..., 1240, MSG_DONTWAIT, NULL, NULL) = 160
19:32:29.983014,1049,getpid() = 1049
19:32:29.984112,1049,gettid() = 1049
19:32:29.996958,1049,clock_gettime(CLOCK_MONOTONIC, {111, 892921465}) = 0
19:32:29.997728,1049,ioctl(9, 0xc0186201, 0xbed87b60) = 0
19:32:29.999297,1049,ioctl(9, 0xc0186201, 0xbed87b60) = 0
19:32:30.000085,1049,clock_gettime(CLOCK_MONOTONIC, {111, 895878794}) = 0
19:32:30.002770,1049,sendto(38, "\3\0\0\0\0\0\0\0\7\0\0\0\0zØ¾", 16, MSG_DONTWAIT|MSG_NOSIGNAL, NULL, 0) = 16
19:32:30.016808,1049,recvfrom(38, "\2\0\0\0\31\0\0\0\10\0\0\0\0\0\0\0À£¥\t\32\0\0\0\0\0\0\0\2\20\0\0"..., 1240, MSG_DONTWAIT, NULL, NULL) = 160
19:32:30.019052,1049,sendto(38, "\3\0\0\0\0\0\0\0\10\0\0\0\0zØ¾", 16, MSG_DONTWAIT|MSG_NOSIGNAL, NULL, 0) = 16
19:32:30.023683,1049,recvfrom(38, "\1\0\0\0\0\0\0\0\t\0\0\0\0\0\0\0@ÁÑ\r\32\0\0\0ÿÿÿÿ\1\1\0\0"..., 1240, MSG_DONTWAIT, NULL, NULL) = 64
19:32:30.025226,1049,mprotect(0xb15b7000, 8192, PROT_READ|PROT_WRITE) = 0
19:32:30.026449,1049,getpid() = 1049
19:32:30.026937,1049,gettid() = 1049
19:32:30.027451,1049,clock_gettime(CLOCK_MONOTONIC, {111, 930975769}) = 0
19:32:30.035821,1049,ioctl(9, 0xc0186201, 0xbed87b60) = 0
19:32:30.036683,1049,clock_gettime(CLOCK_MONOTONIC, {111, 932480945}) = 0
19:32:30.038632,1049,mprotect(0xb15b8000, 8192, PROT_READ|PROT_WRITE) = 0
19:32:30.039951,1049,getpid() = 1049
19:32:30.040499,1049,gettid() = 1049
19:32:30.040976,1049,clock_gettime(CLOCK_MONOTONIC, {111, 936770742}) = 0
19:32:30.041717,1049,ioctl(9, 0xc0186201, 0xbed87b60) = 0
19:32:30.042640,1049,ioctl(9, 0xc0186201, 0xbed87b60) = 0
19:32:30.044449,1049,clock_gettime(CLOCK_MONOTONIC, {111, 940250919}) = 0
19:32:30.045215,1049,getpid() = 1049
19:32:30.065554,1049,gettid() = 1049
19:32:30.066102,1049,clock_gettime(CLOCK_MONOTONIC, {111, 962023080}) = 0
19:32:30.066807,1049,ioctl(9, 0xc0186201, 0xbed87b60) = 0
19:32:30.067465,1049,ioctl(9, 0xc0186201, 0xbed87b60) = 0
19:32:30.070563,1049,clock_gettime(CLOCK_MONOTONIC, {111, 966427951}) = 0
19:32:30.071764,1049,getpid() = 1049
19:32:30.072250,1049,gettid() = 1049
19:32:30.073138,1049,clock_gettime(CLOCK_MONOTONIC, {111, 968999076}) = 0
19:32:30.073805,1049,ioctl(9, 0xc0186201, 0xbed87b60) = 0
19:32:30.075035,1049,ioctl(9, 0xc0186201, 0xbed87b60) = 0
19:32:30.081655,1049,clock_gettime(CLOCK_MONOTONIC, {111, 977462785}) = 0
19:32:30.084924,1049,clock_gettime(CLOCK_MONOTONIC, {111, 980734271}) = 0
19:32:30.088239,1049,sendto(38, "\3\0\0\0\0\0\0\0\t\0\0\0\1zØ¾", 16, MSG_DONTWAIT|MSG_NOSIGNAL, NULL, 0) = 16
19:32:30.097958,1049,recvfrom(38, "\1\0\0\0\0\0\0\0\n\0\0\0\0\0\0\0\0£¶\16\32\0\0\0ÿÿÿÿ\1\1\0\0"..., 1240, MSG_DONTWAIT, NULL, NULL) = 64
19:32:30.099027,1049,clock_gettime(CLOCK_MONOTONIC, {111, 994834375}) = 0
19:32:30.099865,1049,writev(5, [{"QÃ\0\0", 4}, {"\0", 1}, {"\0\0\0\0", 4}], 3) = 9
19:32:30.108816,1049,pread(18, "PK\3\4\24\0\10\0\10\0\31\r\2208j\7ò5/\1\0\0,\2\0\0$\0\0\0", 30, 13072583368900608) = 30
19:32:30.109669,1049,mmap2(NULL, 739, PROT_READ, MAP_SHARED, 18, 0x2e7) = 0xb0e85000
19:32:30.110463,1049,munmap(0xb0e85000, 739) = 0
19:32:30.113482,1049,mprotect(0xb15b9000, 8192, PROT_READ|PROT_WRITE) = 0
19:32:30.117657,1049,brk(0xb768d000) = 0xb768d000
19:32:30.120515,1049,clock_gettime(CLOCK_MONOTONIC, {112, 16327663}) = 0
19:32:30.121531,1049,pread(18, "PK\3\4\n\0\0\0\0\0\31\r\2208\212\22F\30\204\0\0\0\204\0\0\0/\0\1\0", 30, 3187698957287424) = 30
19:32:30.122373,1049,mmap2(NULL, 1028, PROT_READ, MAP_SHARED, 18, 0xb5) = 0xb0e85000
19:32:30.123327,1049,sigprocmask(SIG_BLOCK, [], [QUIT USR1 PIPE]) = 0
19:32:30.123996,1049,sigprocmask(SIG_BLOCK, [], [QUIT USR1 PIPE]) = 0
19:32:30.124632,1049,sigprocmask(SIG_BLOCK, [], [QUIT USR1 PIPE]) = 0
19:32:30.125304,1049,sigprocmask(SIG_BLOCK, [], [QUIT USR1 PIPE]) = 0
19:32:30.127540,1049,munmap(0xb0e85000, 1028) = 0
19:32:30.128390,1049,pread(18, "PK\3\4\n\0\0\0\0\0\31\r\2208\212\22F\30\204\0\0\0\204\0\0\0-\0\3\0", 30, 3196512230178816) = 30
19:32:30.129186,1049,mmap2(NULL, 3080, PROT_READ, MAP_SHARED, 18, 0xb5) = 0xb0e85000
19:32:30.130122,1049,sigprocmask(SIG_BLOCK, [], [QUIT USR1 PIPE]) = 0
19:32:30.130772,1049,sigprocmask(SIG_BLOCK, [], [QUIT USR1 PIPE]) = 0
19:32:30.131435,1049,sigprocmask(SIG_BLOCK, [], [QUIT USR1 PIPE]) = 0
19:32:30.132065,1049,sigprocmask(SIG_BLOCK, [], [QUIT USR1 PIPE]) = 0
19:32:30.134147,1049,munmap(0xb0e85000, 3080) = 0
19:32:30.136615,1049,getpid() = 1049
19:32:30.137133,1049,gettid() = 1049
19:32:30.137674,1049,clock_gettime(CLOCK_MONOTONIC, {112, 33476930}) = 0
19:32:30.138283,1049,ioctl(9, 0xc0186201, 0xbed87b60) = 0
19:32:30.142736,1049,clock_gettime(CLOCK_MONOTONIC, {112, 38544659}) = 0
19:32:30.146300,1049,getpid() = 1049
19:32:30.146858,1049,gettid() = 1049
19:32:30.147396,1049,clock_gettime(CLOCK_MONOTONIC, {112, 43198961}) = 0
19:32:30.147975,1049,ioctl(9, 0xc0186201, 0xbed87b60) = 0
19:32:30.149622,1049,clock_gettime(CLOCK_MONOTONIC, {112, 45429125}) = 0
19:32:30.151393,1049,getpid() = 1049
19:32:30.151921,1049,gettid() = 1049
19:32:30.152426,1049,clock_gettime(CLOCK_MONOTONIC, {112, 48228328}) = 0
19:32:30.153004,1049,ioctl(9, 0xc0186201, 0xbed87b60) = 0
19:32:30.153748,1049,clock_gettime(CLOCK_MONOTONIC, {112, 49552157}) = 0
19:32:30.154897,1049,getpid() = 1049
19:32:30.155414,1049,gettid() = 1049
19:32:30.155914,1049,clock_gettime(CLOCK_MONOTONIC, {112, 51716368}) = 0
19:32:30.156497,1049,ioctl(9, 0xc0186201, 0xbed87b60) = 0
19:32:30.163309,1049,clock_gettime(CLOCK_MONOTONIC, {112, 59140330}) = 0
19:32:30.163920,1049,getpid() = 1049
19:32:30.164510,1049,open("/proc/1049/cmdline", O_RDONLY) = 36
19:32:30.165253,1049,fstat64(36, {st_mode=S_IFREG|0444, st_size=0, ...}) = 0
19:32:30.166443,1049,mprotect(0xb64fb000, 4096, PROT_READ|PROT_WRITE) = 0
19:32:30.166999,1049,mprotect(0xb64fb000, 4096, PROT_READ) = 0
19:32:30.167519,1049,read(36, "com.hddevs.omlwp\0\0\0\0\0\0\0\0\0\0\0\0\0\0\0\0"..., 1024) = 76
19:32:30.168277,1049,close(36) = 0
19:32:30.168804,1049,ioctl(9, 0xc0186201, 0xbed86a80) = 0
19:32:30.169853,1049,writev(5, [{"$Ë\0\0", 4}, {"\3\5\2\33\0\0\0android.media.IAudioServi"..., 71}], 2) = 75
19:32:30.170821,1049,sendto(38, "\3\0\0\0x\236S·\n\0\0\0\1\221ð³", 16, MSG_DONTWAIT|MSG_NOSIGNAL, NULL, 0) = 16
19:32:30.256165,1049,recvfrom(38, "\2\0\0\0\32\0\0\0\v\0\0\0\0\0\0\0@\207\20\23\32\0\0\0\0\0\0\0\2\20\0\0"..., 1240, MSG_DONTWAIT, NULL, NULL) = 160
19:32:30.259253,1049,sendto(38, "\3\0\0\0x\236S·\v\0\0\0\1\221ð³", 16, MSG_DONTWAIT|MSG_NOSIGNAL, NULL, 0) = 16
19:32:30.260381,1049,recvfrom(38, "\2\0\0\0\32\0\0\0\f\0\0\0\0\0\0\0\0\v@\30\32\0\0\0\0\0\0\0\2\20\0\0"..., 1240, MSG_DONTWAIT, NULL, NULL) = 160
19:32:30.262645,1049,clock_gettime(CLOCK_MONOTONIC, {112, 158448952}) = 0
19:32:30.263944,1049,clock_gettime(CLOCK_MONOTONIC, {112, 159745246}) = 0
19:32:30.264750,1049,sendto(38, "\3\0\0\0x\236S·\f\0\0\0\1\221ð³", 16, MSG_DONTWAIT|MSG_NOSIGNAL, NULL, 0) = 16
19:32:30.276360,1049,recvfrom(38, "\2\0\0\0\32\0\0\0\r\0\0\0\0\0\0\0\200¡Ø\30\32\0\0\0\0\0\0\0\4\0\1\0"..., 1240, MSG_DONTWAIT, NULL, NULL) = 160
19:32:30.277408,1049,recvfrom(38, "\2\0\0\0\32\0\0\0\16\0\0\0\0\0\0\0Àì$\31\32\0\0\0\0\0\0\0\4\0\1\0"..., 1240, MSG_DONTWAIT, NULL, NULL) = 160
19:32:30.278402,1049,recvfrom(38, "\2\0\0\0\32\0\0\0\17\0\0\0\0\0\0\0@\2257\32\32\0\0\0\0\0\0\0\4\0\1\0"..., 1240, MSG_DONTWAIT, NULL, NULL) = 160
19:32:30.279247,1049,recvfrom(38, "\2\0\0\0\32\0\0\0\20\0\0\0\0\0\0\0@Ë¥\33\32\0\0\0\0\0\0\0\4\0\1\0"..., 1240, MSG_DONTWAIT, NULL, NULL) = 160
19:32:30.280072,1049,recvfrom(38, "\2\0\0\0\32\0\0\0\21\0\0\0\0\0\0\0\0\222Ó\33\32\0\0\0\0\0\0\0\4\0\1\0"..., 1240, MSG_DONTWAIT, NULL, NULL) = 160
19:32:30.281489,1049,recvfrom(38, "\2\0\0\0\32\0\0\0\22\0\0\0\0\0\0\0ÀX\1\34\32\0\0\0\0\0\0\0\4\0\1\0"..., 1240, MSG_DONTWAIT, NULL, NULL) = 160
19:32:30.282653,1049,recvfrom(38, "\2\0\0\0\32\0\0\0\23\0\0\0\0\0\0\0@\nQ\35\32\0\0\0\0\0\0\0\4\0\1\0"..., 1240, MSG_DONTWAIT, NULL, NULL) = 160
19:32:30.283514,1049,recvfrom(38, "\2\0\0\0\32\0\0\0\24\0\0\0\0\0\0\0\0Ñ~\35\32\0\0\0\0\0\0\0\4\0\1\0"..., 1240, MSG_DONTWAIT, NULL, NULL) = 160
19:32:30.284325,1049,recvfrom(38, "\2\0\0\0\32\0\0\0\25\0\0\0\0\0\0\0\200U\235\35\32\0\0\0\0\0\0\0\4\0\1\0"..., 1240, MSG_DONTWAIT, NULL, NULL) = 160
19:32:30.285139,1049,brk(0xb7691000) = 0xb7691000
19:32:30.285908,1049,recvfrom(38, 0xb76538e8, 1240, 64, 0, 0) = -1 EAGAIN (Try again)
19:32:30.287761,1049,clock_gettime(CLOCK_MONOTONIC, {112, 183987381}) = 0
19:32:30.292159,1049,getpid() = 1049
19:32:30.292857,1049,getuid32() = 10050
19:32:30.293493,1049,epoll_wait(0x1e, 0xbed881f8, 0x10, 0) = 2
19:32:30.294093,1049,recvfrom(38, "\2\0\0\0\32\0\0\0\26\0\0\0\0\0\0\0@\34Ë\35\32\0\0\0\0\0\0\0\4\0\1\0"..., 1240, MSG_DONTWAIT, NULL, NULL) = 160
19:32:30.294997,1049,recvfrom(38, 0xb76538e8, 1240, 64, 0, 0) = -1 EAGAIN (Try again)
19:32:30.305436,1049,recvfrom(37, "nysv\0\0\0\0\fÂB\f\32\0\0\0`\3\0\0\2242Í¸", 24, MSG_DONTWAIT, NULL, NULL) = 24
19:32:30.306410,1049,recvfrom(37, 0xbed87828, 24, 64, 0, 0) = -1 EAGAIN (Try again)
19:32:30.307048,1049,clock_gettime(CLOCK_MONOTONIC, {112, 202845321}) = 0
19:32:30.307766,1049,clock_gettime(CLOCK_MONOTONIC, {112, 203562846}) = 0
19:32:30.308855,1049,clock_gettime(CLOCK_MONOTONIC, {112, 204660524}) = 0
19:32:30.309748,1049,clock_gettime(CLOCK_MONOTONIC, {112, 205553087}) = 0
19:32:30.310648,1049,clock_gettime(CLOCK_MONOTONIC, {112, 206453828}) = 0
19:32:30.311471,1049,clock_gettime(CLOCK_MONOTONIC, {112, 207286057}) = 0
19:32:30.313720,1049,getpid() = 1049
19:32:30.314488,1049,gettid() = 1049
19:32:30.418837,1049,clock_gettime(CLOCK_MONOTONIC, {112, 316191067}) = 0
19:32:30.421548,1049,ioctl(9, 0xc0186201, 0xbed881f0) = 0
19:32:30.424508,1049,ioctl(9, 0xc0186201 <unfinished ...>
19:32:30.523863,1064,<... ioctl resumed> , 0xace51e28) = 0
19:32:30.524193,1049,<... ioctl resumed> , 0xbed881f0) = 0
19:32:30.525913,1064,write(24, "1064", 4 <unfinished ...>
19:32:30.526359,1049,clock_gettime(CLOCK_MONOTONIC, <unfinished ...>
19:32:30.529168,1064,<... write resumed> ) = 4
19:32:30.529515,1049,<... clock_gettime resumed> {112, 425040028}) = 0
19:32:30.532211,1064,getpriority(PRIO_PROCESS, 1064 <unfinished ...>
19:32:30.533045,1049,getpid( <unfinished ...>
19:32:30.534182,1064,<... getpriority resumed> ) = 20
19:32:30.534473,1049,<... getpid resumed> ) = 1049
19:32:30.534755,1063,<... ioctl resumed> , 0xacf59e28) = 0
19:32:30.535299,1064,clock_gettime(CLOCK_MONOTONIC, <unfinished ...>
19:32:30.535608,1049,getuid32( <unfinished ...>
19:32:30.535951,1063,mmap2(NULL, 1048576, PROT_READ|PROT_WRITE, MAP_PRIVATE|MAP_ANONYMOUS|MAP_NORESERVE, -1, 0 <unfinished ...>
19:32:30.536246,1064,<... clock_gettime resumed> {112, 431783539}) = 0
19:32:30.536605,1049,<... getuid32 resumed> ) = 10050
19:32:30.536916,1063,<... mmap2 resumed> ) = 0xacb34000
19:32:30.537315,1064,write(24, "1064", 4 <unfinished ...>
19:32:30.537731,1049,epoll_wait(0x1e, 0xbed881f8, 0x10, 0 <unfinished ...>
19:32:30.538034,1063,madvise(0xacb34000, 1048576, 0xc /* MADV_??? */ <unfinished ...>
19:32:30.538334,1064,<... write resumed> ) = 4
19:32:30.538618,1049,<... epoll_wait resumed> ) = 0
19:32:30.538881,1063,<... madvise resumed> ) = -1 EINVAL (Invalid argument)
19:32:30.539179,1064,ioctl(9, 0xc0186201 <unfinished ...>
19:32:30.539512,1049,clock_gettime(CLOCK_MONOTONIC, <unfinished ...>
19:32:30.539805,1063,mprotect(0xacb34000, 4096, PROT_NONE <unfinished ...>
19:32:30.540098,1064,<... ioctl resumed> , 0xace51e28) = 0
19:32:30.541439,1063,<... mprotect resumed> ) = 0
19:32:30.541748,1064,write(24, "1064", 4 <unfinished ...>
19:32:30.542179,1063,clone( <unfinished ...>
19:32:30.542472,1064,<... write resumed> ) = 4
19:32:30.544416,1064,getpriority(PRIO_PROCESS, 1064 <unfinished ...>
19:32:30.544701,1063,<... clone resumed> child_stack=0xacc33f00, flags=CLONE_VM|CLONE_FS|CLONE_FILES|CLONE_SIGHAND|CLONE_THREAD|CLONE_SYSVSEM|0x400000) = 1066
19:32:30.544983,1064,<... getpriority resumed> ) = 20
19:32:30.555547,1063,write(24, "1063", 4 <unfinished ...>
19:32:30.555878,1064,clock_gettime(CLOCK_MONOTONIC, <unfinished ...>
19:32:30.556174,1063,<... write resumed> ) = 4
19:32:30.556493,1064,<... clock_gettime resumed> {112, 452034758}) = 0
19:32:30.556874,1063,getpriority(PRIO_PROCESS, 1063 <unfinished ...>
19:32:30.557197,1064,sched_yield( <unfinished ...>
19:32:30.557506,1063,<... getpriority resumed> ) = 20
19:32:30.558550,1063,clock_gettime(CLOCK_MONOTONIC, {112, 454354338}) = 0
19:32:30.559119,1063,sched_yield( <unfinished ...>
19:32:30.559439,1064,<... sched_yield resumed> ) = 0
19:32:30.559783,1064,nanosleep({0, 1000000}, <unfinished ...>
19:32:30.560136,1063,<... sched_yield resumed> ) = 0
19:32:30.560477,1063,nanosleep({0, 1000000}, <unfinished ...>
19:32:30.561009,1066,set_tls(0xacc33f00, 0xb7678e68, 0xacc33ffc, 0x40, 0xacc33f00 <unfinished ...>
19:32:30.561482,1064,<... syscall_162 resumed> ) = 0
19:32:30.561932,1064,nanosleep({0, 2000000}, <unfinished ...>
19:32:30.562280,1063,<... nanosleep resumed> NULL) = 0
19:32:30.562645,1063,nanosleep({0, 2000000}, <unfinished ...>
19:32:30.563080,1066,<... open resumed> ) = 0
19:32:30.563442,1066,setpriority(PRIO_PROCESS, 0, 0) = 0
19:32:30.563937,1066,gettid() = 1066
19:32:30.564467,1066,write(24, "1066", 4) = 4
19:32:30.565037,1066,prctl(PR_SET_NAME, 0xb7614f18, 0, 0, 0) = 0
19:32:30.565613,1066,mmap2(NULL, 32768, PROT_READ|PROT_WRITE, MAP_PRIVATE|MAP_ANONYMOUS, -1, 0) = 0xb0e7e000
19:32:30.566173,1066,madvise(0xb0e7e000, 32768, 0xc /* MADV_??? */) = -1 EINVAL (Invalid argument)
19:32:30.566719,1066,gettid() = 1066
19:32:30.567370,1066,getpriority(PRIO_PROCESS, 0) = 20
19:32:30.567938,1066,gettid() = 1066
19:32:30.568476,1066,gettid() = 1066
19:32:30.568967,1066,getpid() = 1049
19:32:30.569490,1066,getuid32() = 10050
19:32:30.569990,1066,write(24, "1066", 4) = 4
19:32:30.570599,1066,ioctl(9, 0xc0186201, 0xacc33e28) = 0
19:32:30.571163,1066,mmap2(NULL, 1048576, PROT_READ|PROT_WRITE, MAP_PRIVATE|MAP_ANONYMOUS|MAP_NORESERVE, -1, 0) = 0xaca34000
19:32:30.571746,1066,madvise(0xaca34000, 1048576, 0xc /* MADV_??? */) = -1 EINVAL (Invalid argument)
19:32:30.572272,1066,mprotect(0xaca34000, 4096, PROT_NONE) = 0
19:32:30.572844,1066,clone(child_stack=0xacb33f00, flags=CLONE_VM|CLONE_FS|CLONE_FILES|CLONE_SIGHAND|CLONE_THREAD|CLONE_SYSVSEM|0x400000) = 1067
19:32:30.575007,1066,write(24, "1066", 4) = 4
19:32:30.575639,1066,ioctl(9, 0xc0186201 <unfinished ...>
19:32:30.576101,1067,set_tls(0xacb33f00, 0xb7614fe8, 0xacb33ffc, 0x40, 0xacb33f00) = 0
19:32:30.576627,1067,setpriority(PRIO_PROCESS, 0, 0) = 0
19:32:30.577106,1067,gettid() = 1067
19:32:30.577620,1067,write(24, "1067", 4) = 4
19:32:30.578167,1067,prctl(PR_SET_NAME, 0xb7679458, 0, 0, 0) = 0
19:32:30.578724,1067,mmap2(NULL, 32768, PROT_READ|PROT_WRITE, MAP_PRIVATE|MAP_ANONYMOUS, -1, 0) = 0xacd3d000
19:32:30.579315,1067,madvise(0xacd3d000, 32768, 0xc /* MADV_??? */) = -1 EINVAL (Invalid argument)
19:32:30.579843,1067,gettid() = 1067
19:32:30.580465,1067,getpriority(PRIO_PROCESS, 0) = 20
19:32:30.581033,1067,gettid() = 1067
19:32:30.581559,1067,gettid() = 1067
19:32:30.582037,1067,getpid() = 1049
19:32:30.582547,1067,getuid32() = 10050
19:32:30.583033,1067,write(24, "1067", 4) = 4
19:32:30.583623,1067,ioctl(9, 0xc0186201, 0xacb33e28) = 0
19:32:30.584129,1067,write(24, "1067", 4) = 4
19:32:30.584717,1067,ioctl(9, 0xc0186201 <unfinished ...>
19:32:30.585028,1049,<... clock_gettime resumed> {112, 480553478}) = 0
19:32:30.585500,1049,clock_gettime(CLOCK_MONOTONIC, {112, 481306948}) = 0
19:32:30.586664,1049,writev(3, [{"\4", 1}, {"Choreographer\0", 14}, {"Skipped 157 frames! The applica"..., 84}], 3) = 99
19:32:30.587887,1049,clock_gettime(CLOCK_MONOTONIC, {112, 483696658}) = 0
19:32:30.588561,1049,recvfrom(38, 0xb76538e8, 1240, 64, 0, 0) = -1 EAGAIN (Try again)
19:32:30.590540,1049,clock_gettime(CLOCK_MONOTONIC, {112, 486351500}) = 0
19:32:30.591559,1049,clock_gettime(CLOCK_MONOTONIC, {112, 487368389}) = 0
19:32:30.592281,1049,clock_gettime(CLOCK_MONOTONIC, {112, 488102790}) = 0
19:32:30.592942,1049,clock_gettime(CLOCK_MONOTONIC, {112, 488749239}) = 0
19:32:30.593811,1049,sendto(38, "\3\0\0\0ßI|¶\r\0\0\0\1ÀÕ³", 16, MSG_DONTWAIT|MSG_NOSIGNAL, NULL, 0) = 16
19:32:30.594829,1049,sendto(38, "\3\0\0\0ßI|¶\16\0\0\0\1ÀÕ³", 16, MSG_DONTWAIT|MSG_NOSIGNAL, NULL, 0) = 16
19:32:30.595758,1049,sendto(38, "\3\0\0\0ßI|¶\17\0\0\0\1ÀÕ³", 16, MSG_DONTWAIT|MSG_NOSIGNAL, NULL, 0) = 16
19:32:30.596675,1049,sendto(38, "\3\0\0\0ßI|¶\20\0\0\0\1ÀÕ³", 16, MSG_DONTWAIT|MSG_NOSIGNAL, NULL, 0) = 16
19:32:30.597587,1049,sendto(38, "\3\0\0\0ßI|¶\21\0\0\0\1ÀÕ³", 16, MSG_DONTWAIT|MSG_NOSIGNAL, NULL, 0) = 16
19:32:30.598502,1049,sendto(38, "\3\0\0\0ßI|¶\22\0\0\0\1ÀÕ³", 16, MSG_DONTWAIT|MSG_NOSIGNAL, NULL, 0) = 16
19:32:30.599445,1049,sendto(38, "\3\0\0\0ßI|¶\23\0\0\0\1ÀÕ³", 16, MSG_DONTWAIT|MSG_NOSIGNAL, NULL, 0) = 16
19:32:30.600358,1049,sendto(38, "\3\0\0\0ßI|¶\24\0\0\0\1ÀÕ³", 16, MSG_DONTWAIT|MSG_NOSIGNAL, NULL, 0) = 16
19:32:30.601272,1049,sendto(38, "\3\0\0\0ßI|¶\25\0\0\0\1ÀÕ³", 16, MSG_DONTWAIT|MSG_NOSIGNAL, NULL, 0) = 16
19:32:30.602186,1049,sendto(38, "\3\0\0\0½N}¶\26\0\0\0\1\"\201¶", 16, MSG_DONTWAIT|MSG_NOSIGNAL, NULL, 0) = 16
19:32:30.606662,1049,clock_gettime(CLOCK_MONOTONIC, {112, 502481492}) = 0
19:32:30.607342,1049,recvfrom(38, "\1\0\0\0\0\0\0\0\27\0\0\0\0\0\0\0\0þ¯\36\32\0\0\0ÿÿÿÿ\1\1\0\0"..., 1240, MSG_DONTWAIT, NULL, NULL) = 64
19:32:30.608220,1049,recvfrom(38, 0xb76538e8, 1240, 64, 0, 0) = -1 EAGAIN (Try again)
19:32:30.608799,1049,clock_gettime(CLOCK_MONOTONIC, {112, 504604499}) = 0
19:32:30.609410,1049,clock_gettime(CLOCK_MONOTONIC, {112, 505215193}) = 0
19:32:30.610037,1049,write(29, "W", 1) = 1
19:32:30.611984,1049,clock_gettime(CLOCK_MONOTONIC, {112, 507794933}) = 0
19:32:30.612765,1049,ioctl(9, 0xc0186201, 0xbed87f18) = 0
19:32:30.613767,1049,ioctl(9, 0xc0186201, 0xbed87f10) = 0
19:32:30.614859,1049,ioctl(9, 0xc0186201, 0xbed87f18) = 0
19:32:30.615998,1049,access("/vendor/lib/hw/gralloc.goldfish.so", R_OK) = -1 ENOENT (No such file or directory)
19:32:30.616846,1049,access("/system/lib/hw/gralloc.goldfish.so", R_OK) = 0
19:32:30.618040,1049,stat64("/system/lib/hw/gralloc.goldfish.so", {st_mode=S_IFREG|0644, st_size=13700, ...}) = 0
19:32:30.619409,1049,open("/system/lib/hw/gralloc.goldfish.so", O_RDONLY) = 39
19:32:30.620202,1049,lseek(39, 0, SEEK_SET) = 0
19:32:30.620726,1049,read(39, "\177ELF\1\1\1\0\0\0\0\0\0\0\0\0\3\0(\0\1\0\0\0\0\0\0\0004\0\0\0"..., 4096) = 4096
19:32:30.621529,1049,lseek(39, -8, SEEK_END) = 13692
19:32:30.622050,1049,read(39, "\1\0\0\0\0\0\0\0", 8) = 8
19:32:30.622831,1049,mmap2(NULL, 20480, PROT_NONE, MAP_PRIVATE|MAP_ANONYMOUS, -1, 0) = 0xacd38000
19:32:30.623443,1049,madvise(0xacd38000, 20480, 0xc /* MADV_??? */) = -1 EINVAL (Invalid argument)
19:32:30.623974,1049,mmap2(0xacd38000, 9485, PROT_READ|PROT_EXEC, MAP_PRIVATE|MAP_FIXED, 39, 0) = 0xacd38000
19:32:30.624583,1049,madvise(0xacd38000, 9485, 0xc /* MADV_??? */) = -1 EINVAL (Invalid argument)
19:32:30.625103,1049,mprotect(0xacd38000, 12288, PROT_READ|PROT_WRITE|PROT_EXEC) = 0
19:32:30.625650,1049,mmap2(0xacd3b000, 4276, PROT_READ|PROT_WRITE, MAP_PRIVATE|MAP_FIXED, 39, 0x2) = 0xacd3b000
19:32:30.626215,1049,madvise(0xacd3b000, 4276, 0xc /* MADV_??? */) = -1 EINVAL (Invalid argument)
19:32:30.626832,1049,close(39) = 0
19:32:30.627462,1049,stat64("/vendor/lib/libOpenglSystemCommon.so", 0xbed84c38) = -1 ENOENT (No such file or directory)
19:32:30.628275,1049,stat64("/system/lib/libOpenglSystemCommon.so", {st_mode=S_IFREG|0644, st_size=9436, ...}) = 0
19:32:30.629622,1049,open("/system/lib/libOpenglSystemCommon.so", O_RDONLY) = 39
19:32:30.630404,1049,lseek(39, 0, SEEK_SET) = 0
19:32:30.630915,1049,read(39, "\177ELF\1\1\1\0\0\0\0\0\0\0\0\0\3\0(\0\1\0\0\0\0\0\0\0004\0\0\0"..., 4096) = 4096
19:32:30.631675,1049,lseek(39, -8, SEEK_END) = 9428
19:32:30.632191,1049,read(39, "\1\0\0\0\0\0\0\0", 8) = 8
19:32:30.632784,1049,mmap2(NULL, 16384, PROT_NONE, MAP_PRIVATE|MAP_ANONYMOUS, -1, 0) = 0xacd34000
19:32:30.633376,1049,madvise(0xacd34000, 16384, 0xc /* MADV_??? */) = -1 EINVAL (Invalid argument)
19:32:30.633931,1049,mmap2(0xacd34000, 5923, PROT_READ|PROT_EXEC, MAP_PRIVATE|MAP_FIXED, 39, 0) = 0xacd34000
19:32:30.634508,1049,madvise(0xacd34000, 5923, 0xc /* MADV_??? */) = -1 EINVAL (Invalid argument)
19:32:30.635025,1049,mprotect(0xacd34000, 8192, PROT_READ|PROT_WRITE|PROT_EXEC) = 0
19:32:30.635593,1049,mmap2(0xacd36000, 4096, PROT_READ|PROT_WRITE, MAP_PRIVATE|MAP_FIXED, 39, 0x1) = 0xacd36000
19:32:30.636163,1049,madvise(0xacd36000, 4096, 0xc /* MADV_??? */) = -1 EINVAL (Invalid argument)
19:32:30.636683,1049,mmap2(0xacd37000, 32, PROT_READ|PROT_WRITE, MAP_PRIVATE|MAP_FIXED|MAP_ANONYMOUS, -1, 0) = 0xacd37000
19:32:30.637234,1049,madvise(0xacd37000, 32, 0xc /* MADV_??? */) = -1 EINVAL (Invalid argument)
19:32:30.637816,1049,close(39) = 0
19:32:30.638385,1049,stat64("/vendor/lib/lib_renderControl_enc.so", 0xbed84ba0) = -1 ENOENT (No such file or directory)
19:32:30.639175,1049,stat64("/system/lib/lib_renderControl_enc.so", {st_mode=S_IFREG|0644, st_size=13532, ...}) = 0
19:32:30.640521,1049,open("/system/lib/lib_renderControl_enc.so", O_RDONLY) = 39
19:32:30.641300,1049,lseek(39, 0, SEEK_SET) = 0
19:32:30.641810,1049,read(39, "\177ELF\1\1\1\0\0\0\0\0\0\0\0\0\3\0(\0\1\0\0\0\0\0\0\0004\0\0\0"..., 4096) = 4096
19:32:30.642570,1049,lseek(39, -8, SEEK_END) = 13524
19:32:30.643087,1049,read(39, "\1\0\0\0\0\0\0\0", 8) = 8
19:32:30.643677,1049,mmap2(NULL, 20480, PROT_NONE, MAP_PRIVATE|MAP_ANONYMOUS, -1, 0) = 0xaca2f000
19:32:30.644268,1049,madvise(0xaca2f000, 20480, 0xc /* MADV_??? */) = -1 EINVAL (Invalid argument)
19:32:30.644787,1049,mmap2(0xaca2f000, 11197, PROT_READ|PROT_EXEC, MAP_PRIVATE|MAP_FIXED, 39, 0) = 0xaca2f000
19:32:30.645370,1049,madvise(0xaca2f000, 11197, 0xc /* MADV_??? */) = -1 EINVAL (Invalid argument)
19:32:30.645890,1049,mprotect(0xaca2f000, 12288, PROT_READ|PROT_WRITE|PROT_EXEC) = 0
19:32:30.646426,1049,mmap2(0xaca32000, 4096, PROT_READ|PROT_WRITE, MAP_PRIVATE|MAP_FIXED, 39, 0x2) = 0xaca32000
19:32:30.647005,1049,madvise(0xaca32000, 4096, 0xc /* MADV_??? */) = -1 EINVAL (Invalid argument)
19:32:30.647526,1049,mmap2(0xaca33000, 32, PROT_READ|PROT_WRITE, MAP_PRIVATE|MAP_FIXED|MAP_ANONYMOUS, -1, 0) = 0xaca33000
19:32:30.648084,1049,madvise(0xaca33000, 32, 0xc /* MADV_??? */) = -1 EINVAL (Invalid argument)
19:32:30.648633,1049,close(39) = 0
19:32:30.649811,1049,mprotect(0xaca2f000, 12288, PROT_READ|PROT_EXEC) = 0
19:32:30.650358,1049,mprotect(0xaca32000, 4096, PROT_READ) = 0
19:32:30.650984,1049,stat64("/vendor/lib/libGLESv2_enc.so", 0xbed84ba0) = -1 ENOENT (No such file or directory)
19:32:30.651737,1049,stat64("/system/lib/libGLESv2_enc.so", {st_mode=S_IFREG|0644, st_size=95444, ...}) = 0
19:32:30.653037,1049,open("/system/lib/libGLESv2_enc.so", O_RDONLY) = 39
19:32:30.653809,1049,lseek(39, 0, SEEK_SET) = 0
19:32:30.654324,1049,read(39, "\177ELF\1\1\1\0\0\0\0\0\0\0\0\0\3\0(\0\1\0\0\0\0\0\0\0004\0\0\0"..., 4096) = 4096
19:32:30.655076,1049,lseek(39, -8, SEEK_END) = 95436
19:32:30.655603,1049,read(39, "\1\0\0\0\0\0\0\0", 8) = 8
19:32:30.656188,1049,mmap2(NULL, 102400, PROT_NONE, MAP_PRIVATE|MAP_ANONYMOUS, -1, 0) = 0xaca16000
19:32:30.656762,1049,madvise(0xaca16000, 102400, 0xc /* MADV_??? */) = -1 EINVAL (Invalid argument)
19:32:30.657287,1049,mmap2(0xaca16000, 89824, PROT_READ|PROT_EXEC, MAP_PRIVATE|MAP_FIXED, 39, 0) = 0xaca16000
19:32:30.657862,1049,madvise(0xaca16000, 89824, 0xc /* MADV_??? */) = -1 EINVAL (Invalid argument)
19:32:30.766776,1064,<... nanosleep resumed> NULL) = 0
19:32:30.767032,1063,<... nanosleep resumed> NULL) = 0
19:32:30.767430,1049,mprotect(0xaca16000, 90112, PROT_READ|PROT_WRITE|PROT_EXEC <unfinished ...>
19:32:30.767899,1064,write(24, "1064", 4 <unfinished ...>
19:32:30.768716,1063,write(24, "1063", 4 <unfinished ...>
19:32:30.769096,1049,<... mprotect resumed> ) = 0
19:32:30.769457,1064,<... write resumed> ) = 4
19:32:30.769746,1063,<... write resumed> ) = 4
19:32:30.770084,1049,mmap2(0xaca2d000, 4096, PROT_READ|PROT_WRITE, MAP_PRIVATE|MAP_FIXED, 39, 0x16 <unfinished ...>
19:32:30.770564,1064,ioctl(9, 0xc0186201 <unfinished ...>
19:32:30.770875,1063,ioctl(9, 0xc0186201 <unfinished ...>
19:32:30.771291,1049,<... mmap2 resumed> ) = 0xaca2d000
19:32:30.771854,1049,madvise(0xaca2d000, 4096, 0xc /* MADV_??? */) = -1 EINVAL (Invalid argument)
19:32:30.772517,1049,mmap2(0xaca2e000, 32, PROT_READ|PROT_WRITE, MAP_PRIVATE|MAP_FIXED|MAP_ANONYMOUS, -1, 0) = 0xaca2e000
19:32:30.773088,1049,madvise(0xaca2e000, 32, 0xc /* MADV_??? */) = -1 EINVAL (Invalid argument)
19:32:30.773697,1049,close(39) = 0
19:32:30.775817,1049,mprotect(0xaca16000, 90112, PROT_READ|PROT_EXEC) = 0
19:32:30.785215,1049,mprotect(0xaca2d000, 4096, PROT_READ) = 0
19:32:30.785839,1049,stat64("/vendor/lib/libGLESv1_enc.so", 0xbed84ba0) = -1 ENOENT (No such file or directory)
19:32:30.786750,1049,stat64("/system/lib/libGLESv1_enc.so", {st_mode=S_IFREG|0644, st_size=115924, ...}) = 0
19:32:30.788101,1049,open("/system/lib/libGLESv1_enc.so", O_RDONLY) = 39
19:32:30.788867,1049,lseek(39, 0, SEEK_SET) = 0
19:32:30.789413,1049,read(39, "\177ELF\1\1\1\0\0\0\0\0\0\0\0\0\3\0(\0\1\0\0\0\0\0\0\0004\0\0\0"..., 4096) = 4096
19:32:30.790140,1049,lseek(39, -8, SEEK_END) = 115916
19:32:30.790716,1049,read(39, "\1\0\0\0\0\0\0\0", 8) = 8
19:32:30.791318,1049,mmap2(NULL, 122880, PROT_NONE, MAP_PRIVATE|MAP_ANONYMOUS, -1, 0) = 0xac9f8000
19:32:30.791872,1049,madvise(0xac9f8000, 122880, 0xc /* MADV_??? */) = -1 EINVAL (Invalid argument)
19:32:30.792892,1049,mmap2(0xac9f8000, 108725, PROT_READ|PROT_EXEC, MAP_PRIVATE|MAP_FIXED, 39, 0) = 0xac9f8000
19:32:30.793637,1049,madvise(0xac9f8000, 108725, 0xc /* MADV_??? */) = -1 EINVAL (Invalid argument)
19:32:30.794139,1049,mprotect(0xac9f8000, 110592, PROT_READ|PROT_WRITE|PROT_EXEC) = 0
19:32:30.815943,1049,mmap2(0xaca13000, 8192, PROT_READ|PROT_WRITE, MAP_PRIVATE|MAP_FIXED, 39, 0x1a) = 0xaca13000
19:32:30.816590,1049,madvise(0xaca13000, 8192, 0xc /* MADV_??? */) = -1 EINVAL (Invalid argument)
19:32:30.817332,1049,mmap2(0xaca15000, 32, PROT_READ|PROT_WRITE, MAP_PRIVATE|MAP_FIXED|MAP_ANONYMOUS, -1, 0) = 0xaca15000
19:32:30.818067,1049,madvise(0xaca15000, 32, 0xc /* MADV_??? */) = -1 EINVAL (Invalid argument)
19:32:30.818733,1049,close(39) = 0
19:32:30.820414,1049,mprotect(0xac9f8000, 110592, PROT_READ|PROT_EXEC) = 0
19:32:30.820971,1049,mprotect(0xaca13000, 8192, PROT_READ) = 0
19:32:30.821828,1049,mprotect(0xacd34000, 8192, PROT_READ|PROT_EXEC) = 0
19:32:30.822401,1049,mprotect(0xacd36000, 4096, PROT_READ) = 0
19:32:30.823506,1049,mprotect(0xacd38000, 12288, PROT_READ|PROT_EXEC) = 0
19:32:30.824025,1049,mprotect(0xacd3b000, 4096, PROT_READ) = 0
19:32:30.824673,1049,dup(36) = 39
19:32:30.835160,1049,writev(3, [{"\3", 1}, {"gralloc_goldfish\0", 17}, {"Emulator without GPU emulation d"..., 41}], 3) = 59
19:32:30.836591,1049,stat64("/system/lib/hw/gralloc.default.so", {st_mode=S_IFREG|0644, st_size=9888, ...}) = 0
19:32:30.837914,1049,open("/system/lib/hw/gralloc.default.so", O_RDONLY) = 40
19:32:30.838742,1049,lseek(40, 0, SEEK_SET) = 0
19:32:30.839348,1049,read(40, "\177ELF\1\1\1\0\0\0\0\0\0\0\0\0\3\0(\0\1\0\0\0\0\0\0\0004\0\0\0"..., 4096) = 4096
19:32:30.840146,1049,lseek(40, -8, SEEK_END) = 9880
19:32:30.840945,1049,read(40, "\1\0\0\0\0\0\0\0", 8) = 8
19:32:30.843551,1049,mmap2(NULL, 16384, PROT_NONE, MAP_PRIVATE|MAP_ANONYMOUS, -1, 0) = 0xac9f4000
19:32:30.844195,1049,madvise(0xac9f4000, 16384, 0xc /* MADV_??? */) = -1 EINVAL (Invalid argument)
19:32:30.844757,1049,mmap2(0xac9f4000, 6595, PROT_READ|PROT_EXEC, MAP_PRIVATE|MAP_FIXED, 40, 0) = 0xac9f4000
19:32:30.845374,1049,madvise(0xac9f4000, 6595, 0xc /* MADV_??? */) = -1 EINVAL (Invalid argument)
19:32:30.845873,1049,mprotect(0xac9f4000, 8192, PROT_READ|PROT_WRITE|PROT_EXEC) = 0
19:32:30.854972,1049,mmap2(0xac9f6000, 4560, PROT_READ|PROT_WRITE, MAP_PRIVATE|MAP_FIXED, 40, 0x1) = 0xac9f6000
19:32:30.855659,1049,madvise(0xac9f6000, 4560, 0xc /* MADV_??? */) = -1 EINVAL (Invalid argument)
19:32:30.856328,1049,close(40) = 0
19:32:30.857093,1049,mprotect(0xac9f4000, 8192, PROT_READ|PROT_EXEC) = 0
19:32:30.857670,1049,mprotect(0xac9f6000, 4096, PROT_READ) = 0
19:32:30.858322,1049,futex(0xacd3c0c4, FUTEX_WAKE_PRIVATE, 2147483647) = 0
19:32:30.858933,1049,getpid() = 1049
19:32:30.859510,1049,mmap2(NULL, 1536000, PROT_READ|PROT_WRITE, MAP_SHARED, 39, 0) = 0xac87d000
19:32:30.860133,1049,close(36) = 0
19:32:30.861168,1049,clock_gettime(CLOCK_MONOTONIC, {112, 757017431}) = 0
19:32:30.884294,1049,sigprocmask(SIG_BLOCK, [], [QUIT USR1 PIPE]) = 0
19:32:30.885209,1049,sigprocmask(SIG_BLOCK, [], [QUIT USR1 PIPE]) = 0
19:32:30.896671,1049,sigprocmask(SIG_BLOCK, [], [QUIT USR1 PIPE]) = 0
19:32:30.897455,1049,sigprocmask(SIG_BLOCK, [], [QUIT USR1 PIPE]) = 0
19:32:30.900358,1049,sigprocmask(SIG_BLOCK, [], [QUIT USR1 PIPE]) = 0
19:32:30.901159,1049,sigprocmask(SIG_BLOCK, [], [QUIT USR1 PIPE]) = 0
19:32:30.901951,1049,sigprocmask(SIG_BLOCK, [], [QUIT USR1 PIPE]) = 0
19:32:30.902744,1049,sigprocmask(SIG_BLOCK, [], [QUIT USR1 PIPE]) = 0
19:32:30.903497,1049,sigprocmask(SIG_BLOCK, [], [QUIT USR1 PIPE]) = 0
19:32:30.904267,1049,sigprocmask(SIG_BLOCK, [], [QUIT USR1 PIPE]) = 0
19:32:30.917218,1049,sigprocmask(SIG_BLOCK, [], [QUIT USR1 PIPE]) = 0
19:32:30.918055,1049,sigprocmask(SIG_BLOCK, [], [QUIT USR1 PIPE]) = 0
19:32:30.918807,1049,sigprocmask(SIG_BLOCK, [], [QUIT USR1 PIPE]) = 0
19:32:30.919617,1049,sigprocmask(SIG_BLOCK, [], [QUIT USR1 PIPE]) = 0
19:32:30.920948,1049,clock_gettime(CLOCK_MONOTONIC, {112, 817292230}) = 0
19:32:30.922615,1049,ioctl(9, 0xc0186201, 0xbed880c8) = 0
19:32:30.923695,1049,ioctl(9, 0xc0186201, 0xbed880c8) = 0
19:32:30.924602,1049,getpid() = 1049
19:32:30.925100,1049,gettid() = 1049
19:32:30.935693,1049,clock_gettime(CLOCK_MONOTONIC, {112, 831663926}) = 0
19:32:30.936602,1049,ioctl(9, 0xc0186201, 0xbed881f0) = 0
19:32:30.938577,1049,ioctl(9, 0xc0186201, 0xbed881f0) = 0
19:32:30.942631,1049,clock_gettime(CLOCK_MONOTONIC, {112, 838553401}) = 0
19:32:30.944030,1049,getpid() = 1049
19:32:30.944604,1049,getuid32() = 10050
19:32:30.945158,1049,epoll_wait(0x1e, 0xbed881f8, 0x10, 0) = 1
19:32:30.955291,1049,read(23, "W", 16) = 1
19:32:30.955932,1049,clock_gettime(CLOCK_MONOTONIC, {112, 851927841}) = 0
19:32:30.957161,1049,getpid() = 1049
19:32:30.957734,1049,gettid() = 1049
19:32:30.958257,1049,clock_gettime(CLOCK_MONOTONIC, {112, 854104533}) = 0
19:32:30.958896,1049,ioctl(9, 0xc0186201, 0xbed881f0) = 0
19:32:30.960002,1049,clock_gettime(CLOCK_MONOTONIC, {112, 856143160}) = 0
19:32:30.967507,1049,getpid() = 1049
19:32:30.968808,1049,gettid() = 1049
19:32:30.969959,1049,clock_gettime(CLOCK_MONOTONIC, {112, 866104331}) = 0
19:32:30.971038,1049,ioctl(9, 0xc0186201, 0xbed881f0) = 0
19:32:30.985888,1049,ioctl(9, 0xc0186201, 0xbed881f0) = 0
19:32:30.986705,1049,clock_gettime(CLOCK_MONOTONIC, {112, 882508895}) = 0
19:32:30.988851,1049,mprotect(0xb15ba000, 8192, PROT_READ|PROT_WRITE) = 0
19:32:30.990186,1049,writev(3, [{"\3", 1}, {"AndroidRuntime\0", 15}, {"Shutting down VM\n\0", 18}], 3) = 34
19:32:30.991606,1049,writev(3, [{"\5", 1}, {"dalvikvm\0", 9}, {"threadid=1: thread exiting with "..., 70}], 3) = 80
19:32:31.153556,1049,writev(6, [{"\6", 1}, {"AndroidRuntime\0", 15}, {"FATAL EXCEPTION: main\nandroid.co"..., 1293}], 3) = 1309
19:32:31.187374,1049,getpid() = 1049
19:32:31.188015,1049,gettid() = 1049
19:32:31.188576,1049,clock_gettime(CLOCK_MONOTONIC, {113, 84385311}) = 0
19:32:31.193036,1049,ioctl(9, 0xc0186201, 0xbed88530) = 0
19:32:31.214592,1049,ioctl(9, 0xc0186201 <unfinished ...>
19:32:31.297755,1066,<... ioctl resumed> , 0xacc33e28) = 0
19:32:31.299224,1066,write(24, "1066", 4) = 4
19:32:31.300502,1049,<... ioctl resumed> , 0xbed88530) = 0
19:32:31.300851,1066,getpriority(PRIO_PROCESS, 1066 <unfinished ...>
19:32:31.301204,1049,clock_gettime(CLOCK_MONOTONIC, <unfinished ...>
19:32:31.301540,1066,<... getpriority resumed> ) = 20
19:32:31.301842,1049,<... clock_gettime resumed> {113, 197361408}) = 0
19:32:31.303143,1066,clock_gettime(CLOCK_MONOTONIC, <unfinished ...>
19:32:31.303671,1049,getpid( <unfinished ...>
19:32:31.303964,1066,<... clock_gettime resumed> {113, 199489672}) = 0
19:32:31.316034,1049,<... getpid resumed> ) = 1049
19:32:31.316344,1066,write(24, "1066", 4 <unfinished ...>
19:32:31.318004,1049,writev(3, [{"\4", 1}, {"Process\0", 8}, {"Sending signal. PID: 1049 SIG: 9"..., 33}], 3 <unfinished ...>
19:32:31.318842,1066,<... write resumed> ) = 4
19:32:31.319410,1066,ioctl(9, 0xc0186201 <unfinished ...>
19:32:31.319725,1049,<... writev resumed> ) = 42
19:32:31.320116,1049,kill(1049, SIGKILL <unfinished ...>
19:32:31.322965,1053,+++ killed by SIGKILL +++
19:32:31.324798,1054,+++ killed by SIGKILL +++
19:32:31.329002,1056,+++ killed by SIGKILL +++
19:32:31.329499,1055,+++ killed by SIGKILL +++
19:32:31.329935,1057,+++ killed by SIGKILL +++
19:32:31.332698,1058,+++ killed by SIGKILL +++
19:32:31.333086,1063,+++ killed by SIGKILL +++
19:32:31.333470,1064,+++ killed by SIGKILL +++
19:32:31.333808,1066,+++ killed by SIGKILL +++
19:32:31.344546,1067,+++ killed by SIGKILL +++
19:32:31.344859,1049,+++ killed by SIGKILL +++
19:32:31.345104,62,<... select resumed> ) = ? ERESTARTNOHAND (To be restarted)
19:32:31.345484,62,--- {si_signo=SIGCHLD, si_code=CLD_KILLED, si_pid=1049, si_status=SIGKILL, si_utime=26, si_stime=20} (Child exited) ---
19:32:31.346224,62,wait4(-1, [{WIFSIGNALED(s) && WTERMSIG(s) == SIGKILL}], WNOHANG, NULL) = 1049
19:32:31.347059,62,wait4(-1, 0xbed882dc, WNOHANG, NULL) = 0
19:32:31.347546,62,sigreturn() = ? (mask now [INT FPE KILL ALRM CHLD CONT STOP TSTP TTIN TTOU URG VTALRM PROF IO PWR RTMIN])
19:32:31.348654,62,select(24, [9 23], NULL, NULL, NULL) = ? ERESTARTNOHAND (To be restarted)
19:32:56.187103,62,--- {si_signo=SIGCHLD, si_code=CLD_KILLED, si_pid=742, si_status=SIGKILL, si_utime=20, si_stime=10} (Child exited) ---
19:32:56.187480,62,wait4(-1, [{WIFSIGNALED(s) && WTERMSIG(s) == SIGKILL}], WNOHANG, NULL) = 742
19:32:56.188141,62,wait4(-1, 0xbed882dc, WNOHANG, NULL) = 0
19:32:56.188582,62,sigreturn() = ? (mask now [INT FPE KILL ALRM CHLD CONT STOP TSTP TTIN TTOU URG VTALRM PROF IO PWR RTMIN])
19:32:56.189536,62,select(24, [9 23], NULL, NULL, NULL