22:47:15.718575,989,futex(0xb8244f70, FUTEX_WAIT_PRIVATE, 0, NULL <unfinished ...>
22:47:15.742781,988,futex(0xb8241888, FUTEX_WAIT_PRIVATE, 0, NULL <unfinished ...>
22:47:15.744128,987,futex(0xb823cc38, FUTEX_WAIT_PRIVATE, 0, NULL <unfinished ...>
22:47:15.744951,59,select(24, [9 23], NULL, NULL, NULL) = 1 (in [23])
22:47:19.064576,59,ioctl(23, FIONREAD, [165]) = 0
22:47:19.065927,59,recvmsg(23, {msg_name(0)=NULL, msg_iov(1)=[{"7\n--runtime-init\n--setuid=10050\n"..., 4217}], msg_controllen=0, msg_flags=0}, MSG_NOSIGNAL) = 165
22:47:19.068196,59,ioctl(23, FIONREAD, [0]) = 0
22:47:19.069704,59,futex(0xb823cc38, FUTEX_WAKE_PRIVATE, 1 <unfinished ...>
22:47:19.091519,987,<... futex resumed> ) = 0
22:47:19.091985,987,futex(0xb823cc28, FUTEX_WAIT_PRIVATE, 2, NULL <unfinished ...>
22:47:19.092268,59,<... futex resumed> ) = 1
22:47:19.092516,59,futex(0xb823cc28, FUTEX_WAKE_PRIVATE, 1 <unfinished ...>
22:47:19.092784,987,<... futex resumed> ) = 0
22:47:19.093101,987,futex(0xb823cc28, FUTEX_WAKE_PRIVATE, 1) = 0
22:47:19.094043,987,futex(0xb68c357c, FUTEX_WAIT_PRIVATE, 2, NULL <unfinished ...>
22:47:19.094267,59,<... futex resumed> ) = 1
22:47:19.094512,59,futex(0xb68c357c, FUTEX_WAKE_PRIVATE, 1 <unfinished ...>
22:47:19.094755,987,<... futex resumed> ) = 0
22:47:19.095065,987,futex(0xb68c357c, FUTEX_WAKE_PRIVATE, 1) = 0
22:47:19.095462,987,munmap(0xb0f2f000, 32768) = 0
22:47:19.096125,987,sigprocmask(SIG_SETMASK, ~[SEGV], NULL) = 0
22:47:19.097315,987,munmap(0xaf4c6000, 1048576) = 0
22:47:19.097927,987,exit(0) = ?
22:47:19.100258,59,<... futex resumed> ) = 1
22:47:19.100579,59,futex(0xb8241888, FUTEX_WAKE_PRIVATE, 1 <unfinished ...>
22:47:19.100864,988,<... futex resumed> ) = 0
22:47:19.101112,988,futex(0xb8241878, FUTEX_WAIT_PRIVATE, 2, NULL <unfinished ...>
22:47:19.101330,59,<... futex resumed> ) = 1
22:47:19.101582,59,futex(0xb8241878, FUTEX_WAKE_PRIVATE, 1 <unfinished ...>
22:47:19.101862,988,<... futex resumed> ) = 0
22:47:19.102144,988,futex(0xb8241878, FUTEX_WAKE_PRIVATE, 1) = 0
22:47:19.102682,988,futex(0xb68c357c, FUTEX_WAIT_PRIVATE, 2, NULL <unfinished ...>
22:47:19.102935,59,<... futex resumed> ) = 1
22:47:19.103179,59,futex(0xb68c357c, FUTEX_WAKE_PRIVATE, 1 <unfinished ...>
22:47:19.103419,988,<... futex resumed> ) = 0
22:47:19.103669,988,futex(0xb68c357c, FUTEX_WAKE_PRIVATE, 1) = 0
22:47:19.104062,988,munmap(0xaf4be000, 32768) = 0
22:47:19.104504,988,sigprocmask(SIG_SETMASK, ~[SEGV], NULL) = 0
22:47:19.104941,988,munmap(0xaf3be000, 1048576) = 0
22:47:19.105376,988,exit(0) = ?
22:47:19.105798,59,<... futex resumed> ) = 1
22:47:19.119256,59,futex(0xb8244f70, FUTEX_WAKE_PRIVATE, 1 <unfinished ...>
22:47:19.119712,989,<... futex resumed> ) = 0
22:47:19.120581,989,futex(0xb8244f60, FUTEX_WAIT_PRIVATE, 2, NULL <unfinished ...>
22:47:19.120873,59,<... futex resumed> ) = 1
22:47:19.121270,59,futex(0xb8244f60, FUTEX_WAKE_PRIVATE, 1 <unfinished ...>
22:47:19.121677,989,<... futex resumed> ) = 0
22:47:19.122358,989,futex(0xb8244f60, FUTEX_WAKE_PRIVATE, 1) = 0
22:47:19.123025,989,futex(0xb68c357c, FUTEX_WAIT_PRIVATE, 2, NULL <unfinished ...>
22:47:19.123303,59,<... futex resumed> ) = 1
22:47:19.123550,59,futex(0xb68c357c, FUTEX_WAKE_PRIVATE, 1 <unfinished ...>
22:47:19.124027,989,<... futex resumed> ) = 0
22:47:19.124283,989,futex(0xb68c357c, FUTEX_WAKE_PRIVATE, 1) = 0
22:47:19.124820,989,munmap(0xaf3b6000, 32768) = 0
22:47:19.125294,989,sigprocmask(SIG_SETMASK, ~[SEGV], NULL) = 0
22:47:19.125942,989,munmap(0xaf2b6000, 1048576) = 0
22:47:19.126366,989,exit(0) = ?
22:47:19.129430,59,<... futex resumed> ) = 1
22:47:19.130792,59,open("/proc/self/task", O_RDONLY|O_DIRECTORY) = 24
22:47:19.132000,59,getdents64(24, /* 3 entries */, 4200) = 72
22:47:19.132997,59,getdents64(24, /* 0 entries */, 4200) = 0
22:47:19.133408,59,close(24) = 0
22:47:19.134060,59,sigaction(SIGCHLD, {0xb687b3dd, [], 0}, NULL, 0) = 0
22:47:19.134759,59,fork() = 1022
22:47:19.171135,59,mmap2(NULL, 32768, PROT_READ|PROT_WRITE, MAP_PRIVATE|MAP_ANONYMOUS, -1, 0) = 0xb0f2f000
22:47:19.172017,59,madvise(0xb0f2f000, 32768, 0xc /* MADV_??? */) = -1 EINVAL (Invalid argument)
22:47:19.173053,59,mmap2(NULL, 1048576, PROT_READ|PROT_WRITE, MAP_PRIVATE|MAP_ANONYMOUS|MAP_NORESERVE, -1, 0) = 0xaf4c6000
22:47:19.173540,59,madvise(0xaf4c6000, 1048576, 0xc /* MADV_??? */) = -1 EINVAL (Invalid argument)
22:47:19.174133,59,mprotect(0xaf4c6000, 4096, PROT_NONE) = 0
22:47:19.174769,59,clone(child_stack=0xaf5c5f00, flags=CLONE_VM|CLONE_FS|CLONE_FILES|CLONE_SIGHAND|CLONE_THREAD|CLONE_SYSVSEM|0x400000) = 1023
22:47:19.176199,59,futex(0xb68c3580, FUTEX_WAIT_PRIVATE, -324, NULL <unfinished ...>
22:47:19.176787,1022,gettid( <unfinished ...>
22:47:19.177278,1023,set_tls(0xaf5c5f00, 0xb81fbc48, 0xaf5c5ffc, 0x40, 0xaf5c5f00 <unfinished ...>
22:47:19.177547,1022,<... syscall_224 resumed> ) = 0x3fe
22:47:19.177962,1023,<... set_tls resumed> ) = 0
22:47:19.178253,1022,getuid32( <unfinished ...>
22:47:19.178670,1023,prctl(PR_SET_NAME, 0xaf5c5e8c, 0, 0, 0 <unfinished ...>
22:47:19.179039,1022,<... getuid32 resumed> ) = 0
22:47:19.179280,1023,<... prctl resumed> ) = 0
22:47:19.179744,1022,open("/acct/uid/0/tasks", O_RDWR|O_CREAT, 0666 <unfinished ...>
22:47:19.180252,1023,gettid( <unfinished ...>
22:47:19.180634,1022,<... open resumed> ) = 24
22:47:19.180932,1023,<... gettid resumed> ) = 1023
22:47:19.181190,1022,write(24, "0", 1 <unfinished ...>
22:47:19.181772,1023,futex(0xb68c3580, FUTEX_WAKE_PRIVATE, 2147483647 <unfinished ...>
22:47:19.182145,1022,<... write resumed> ) = 1
22:47:19.182388,59,<... futex resumed> ) = 0
22:47:19.182636,59,futex(0xb68c357c, FUTEX_WAIT_PRIVATE, 2, NULL <unfinished ...>
22:47:19.182967,1022,close(24 <unfinished ...>
22:47:19.183186,1023,<... futex resumed> ) = 1
22:47:19.183433,1022,<... close resumed> ) = 0
22:47:19.183681,1023,futex(0xb68c357c, FUTEX_WAKE_PRIVATE, 1 <unfinished ...>
22:47:19.184117,1022,prctl(PR_SET_KEEPCAPS, 1 <unfinished ...>
22:47:19.184369,59,<... futex resumed> ) = 0
22:47:19.184621,59,futex(0xb68c357c, FUTEX_WAKE_PRIVATE, 1) = 0
22:47:19.185079,59,futex(0xb68c3580, FUTEX_WAKE_PRIVATE, 2147483647 <unfinished ...>
22:47:19.186594,1023,<... futex resumed> ) = 1
22:47:19.186915,1023,futex(0xb68c3580, FUTEX_WAIT_PRIVATE, -326, NULL) = -1 EAGAIN (Try again)
22:47:19.188132,1023,futex(0xb68c357c, FUTEX_WAIT_PRIVATE, 2, NULL <unfinished ...>
22:47:19.188422,1022,<... prctl resumed> ) = 0
22:47:19.188747,1022,setgroups32(3, [1015, 3003, 1028]) = 0
22:47:19.189453,1022,setgid32(10050) = 0
22:47:19.190112,1022,open("/acct/uid/10050/tasks", O_RDWR|O_CREAT, 0666) = 24
22:47:19.190763,1022,write(24, "0", 1) = 1
22:47:19.191425,1022,close(24) = 0
22:47:19.192049,1022,setuid32(10050) = 0
22:47:19.192636,1022,personality(0xffffffff /* PER_??? */) = 8388608
22:47:19.193123,1022,personality(0x840000 /* PER_??? */) = 8388608
22:47:19.193502,1022,capset(0xbebf2794, 0xbebf27a4) = 0
22:47:19.194026,1022,gettid() = 1022
22:47:19.194524,1022,access("/dev/cpuctl/tasks", F_OK) = 0
22:47:19.195195,1022,open("/dev/cpuctl/apps/tasks", O_WRONLY) = 24
22:47:19.195894,1022,open("/dev/cpuctl/apps/bg_non_interactive/tasks", O_WRONLY) = 25
22:47:19.196540,1022,futex(0xb6f1829c, FUTEX_WAKE_PRIVATE, 2147483647) = 0
22:47:19.205734,1022,write(24, "1022", 4) = 4
22:47:19.206323,59,<... futex resumed> ) = 0
22:47:19.206583,59,futex(0xb68c357c, FUTEX_WAKE_PRIVATE, 1 <unfinished ...>
22:47:19.206916,1023,<... futex resumed> ) = 0
22:47:19.207239,1023,futex(0xb68c357c, FUTEX_WAKE_PRIVATE, 1) = 0
22:47:19.207762,1023,getpriority(PRIO_PROCESS, 1023) = 20
22:47:19.208269,1023,setpriority(PRIO_PROCESS, 1023, 0) = 0
22:47:19.208758,1023,futex(0xb8113718, FUTEX_WAIT_PRIVATE, 2, NULL <unfinished ...>
22:47:19.209038,59,<... futex resumed> ) = 1
22:47:19.209331,59,futex(0xb8113718, FUTEX_WAKE_PRIVATE, 1 <unfinished ...>
22:47:19.209572,1023,<... futex resumed> ) = 0
22:47:19.209917,1023,futex(0xb8113718, FUTEX_WAKE_PRIVATE, 1) = 0
22:47:19.210334,1023,futex(0xb823cc38, FUTEX_WAIT_PRIVATE, 0, NULL <unfinished ...>
22:47:19.210550,59,<... futex resumed> ) = 1
22:47:19.211066,59,mmap2(NULL, 32768, PROT_READ|PROT_WRITE, MAP_PRIVATE|MAP_ANONYMOUS, -1, 0) = 0xaf4be000
22:47:19.211503,59,madvise(0xaf4be000, 32768, 0xc /* MADV_??? */) = -1 EINVAL (Invalid argument)
22:47:19.212009,59,mmap2(NULL, 1048576, PROT_READ|PROT_WRITE, MAP_PRIVATE|MAP_ANONYMOUS|MAP_NORESERVE, -1, 0) = 0xaf3be000
22:47:19.212430,59,madvise(0xaf3be000, 1048576, 0xc /* MADV_??? */) = -1 EINVAL (Invalid argument)
22:47:19.212856,59,mprotect(0xaf3be000, 4096, PROT_NONE) = 0
22:47:19.213324,59,clone(child_stack=0xaf4bdf00, flags=CLONE_VM|CLONE_FS|CLONE_FILES|CLONE_SIGHAND|CLONE_THREAD|CLONE_SYSVSEM|0x400000) = 1024
22:47:19.217946,59,futex(0xb68c3580, FUTEX_WAIT_PRIVATE, -328, NULL <unfinished ...>
22:47:19.218537,1024,set_tls(0xaf4bdf00, 0xb812a548, 0xaf4bdffc, 0x40, 0xaf4bdf00) = 0
22:47:19.219203,1024,prctl(PR_SET_NAME, 0xaf4bde8c, 0, 0, 0) = 0
22:47:19.219688,1024,gettid() = 1024
22:47:19.220278,1024,futex(0xb68c3580, FUTEX_WAKE_PRIVATE, 2147483647 <unfinished ...>
22:47:19.220554,59,<... futex resumed> ) = 0
22:47:19.220829,59,futex(0xb68c357c, FUTEX_WAIT_PRIVATE, 2, NULL <unfinished ...>
22:47:19.221154,1024,<... futex resumed> ) = 1
22:47:19.221435,1024,futex(0xb68c357c, FUTEX_WAKE_PRIVATE, 1 <unfinished ...>
22:47:19.221687,59,<... futex resumed> ) = 0
22:47:19.222004,59,futex(0xb68c357c, FUTEX_WAKE_PRIVATE, 1) = 0
22:47:19.222394,59,futex(0xb68c3580, FUTEX_WAKE_PRIVATE, 2147483647) = 0
22:47:19.223074,59,mmap2(NULL, 32768, PROT_READ|PROT_WRITE, MAP_PRIVATE|MAP_ANONYMOUS, -1, 0) = 0xaf3b6000
22:47:19.223519,59,madvise(0xaf3b6000, 32768, 0xc /* MADV_??? */) = -1 EINVAL (Invalid argument)
22:47:19.224116,59,mmap2(NULL, 1048576, PROT_READ|PROT_WRITE, MAP_PRIVATE|MAP_ANONYMOUS|MAP_NORESERVE, -1, 0) = 0xaf2b6000
22:47:19.224544,59,madvise(0xaf2b6000, 1048576, 0xc /* MADV_??? */) = -1 EINVAL (Invalid argument)
22:47:19.224997,59,mprotect(0xaf2b6000, 4096, PROT_NONE) = 0
22:47:19.225441,59,clone(child_stack=0xaf3b5f00, flags=CLONE_VM|CLONE_FS|CLONE_FILES|CLONE_SIGHAND|CLONE_THREAD|CLONE_SYSVSEM|0x400000) = 1025
22:47:19.226237,59,futex(0xb68c3580, FUTEX_WAIT_PRIVATE, -332, NULL <unfinished ...>
22:47:19.226649,1025,set_tls(0xaf3b5f00, 0xb8125068, 0xaf3b5ffc, 0x40, 0xaf3b5f00) = 0
22:47:19.242681,1025,prctl(PR_SET_NAME, 0xaf3b5e8c, 0, 0, 0) = 0
22:47:19.243312,1025,gettid() = 1025
22:47:19.243886,1025,futex(0xb68c3580, FUTEX_WAKE_PRIVATE, 2147483647) = 1
22:47:19.244435,1025,futex(0xb68c3580, FUTEX_WAIT_PRIVATE, -334, NULL <unfinished ...>
22:47:19.244651,1024,<... futex resumed> ) = 1
22:47:19.244951,1024,futex(0xb68c3580, FUTEX_WAIT_PRIVATE, -330, NULL) = -1 EAGAIN (Try again)
22:47:19.245340,1024,getpriority(PRIO_PROCESS, 1024) = 20
22:47:19.245710,1024,setpriority(PRIO_PROCESS, 1024, 0) = 0
22:47:19.246246,1024,futex(0xb8241888, FUTEX_WAIT_PRIVATE, 0, NULL <unfinished ...>
22:47:19.246479,1022,gettid( <unfinished ...>
22:47:19.255781,59,<... futex resumed> ) = 0
22:47:19.256140,59,futex(0xb68c3580, FUTEX_WAKE_PRIVATE, 2147483647 <unfinished ...>
22:47:19.256396,1025,<... futex resumed> ) = 0
22:47:19.256631,1025,futex(0xb68c357c, FUTEX_WAIT_PRIVATE, 2, NULL <unfinished ...>
22:47:19.256906,59,<... futex resumed> ) = 1
22:47:19.257205,59,futex(0xb68c357c, FUTEX_WAKE_PRIVATE, 1 <unfinished ...>
22:47:19.257448,1025,<... futex resumed> ) = 0
22:47:19.257721,1025,futex(0xb68c357c, FUTEX_WAKE_PRIVATE, 1) = 0
22:47:19.258223,1025,getpriority(PRIO_PROCESS, 1025) = 20
22:47:19.258646,1025,setpriority(PRIO_PROCESS, 1025, 0) = 0
22:47:19.259292,1025,futex(0xb810b450, FUTEX_WAIT_PRIVATE, 2, NULL <unfinished ...>
22:47:19.259524,59,<... futex resumed> ) = 1
22:47:19.259855,59,futex(0xb810b450, FUTEX_WAKE_PRIVATE, 1 <unfinished ...>
22:47:19.260113,1025,<... futex resumed> ) = 0
22:47:19.260364,1025,futex(0xb810b450, FUTEX_WAKE_PRIVATE, 1) = 0
22:47:19.260915,1025,futex(0xb8244f70, FUTEX_WAIT_PRIVATE, 0, NULL <unfinished ...>
22:47:19.261138,59,<... futex resumed> ) = 1
22:47:19.261491,59,getpgid(0xe3) = 59
22:47:19.262044,59,setpgid(1022, 59) = 0
22:47:19.262659,59,sendmsg(23, {msg_name(0)=NULL, msg_iov(1)=[{"\0\0\3þ", 4}], msg_controllen=0, msg_flags=0}, MSG_NOSIGNAL) = 4
22:47:19.263717,59,sendmsg(23, {msg_name(0)=NULL, msg_iov(1)=[{"\0", 1}], msg_controllen=0, msg_flags=0}, MSG_NOSIGNAL) = 1
22:47:19.264541,59,select(24, [9 23], NULL, NULL, NULL <unfinished ...>
22:47:19.264954,1022,<... gettid resumed> ) = 1022
22:47:19.266501,1022,prctl(PR_SET_DUMPABLE, 1) = 0
22:47:19.267969,1022,setrlimit(RLIMIT_CORE, {rlim_cur=0, rlim_max=RLIM64_INFINITY}) = 0
22:47:19.268780,1022,sigaction(SIGCHLD, {SIG_DFL, , NULL, 0) = 0
22:47:19.269674,1022,clock_gettime(CLOCK_MONOTONIC, {156, 284675710}) = 0
22:47:19.271354,1022,mmap2(NULL, 1048576, PROT_READ|PROT_WRITE, MAP_PRIVATE|MAP_ANONYMOUS|MAP_NORESERVE, -1, 0) = 0xaf4c6000
22:47:19.271997,1022,madvise(0xaf4c6000, 1048576, 0xc /* MADV_??? */) = -1 EINVAL (Invalid argument)
22:47:19.272486,1022,mprotect(0xaf4c6000, 4096, PROT_NONE) = 0
22:47:19.273155,1022,clone(child_stack=0xaf5c5f00, flags=CLONE_VM|CLONE_FS|CLONE_FILES|CLONE_SIGHAND|CLONE_THREAD|CLONE_SYSVSEM|0x400000) = 1026
22:47:19.275376,1022,futex(0xb68c3580, FUTEX_WAIT_PRIVATE, -324, NULL <unfinished ...>
22:47:19.320551,1026,set_tls(0xaf5c5f00, 0xb81fbc48, 0xaf5c5ffc, 0x40, 0xaf5c5f00) = 0
22:47:19.321302,1026,prctl(PR_SET_NAME, 0xaf5c5eac, 0, 0, 0) = 0
22:47:19.322385,1026,mmap2(NULL, 32768, PROT_READ|PROT_WRITE, MAP_PRIVATE|MAP_ANONYMOUS, -1, 0) = 0xaf4be000
22:47:19.323027,1026,madvise(0xaf4be000, 32768, 0xc /* MADV_??? */) = -1 EINVAL (Invalid argument)
22:47:19.324466,1026,gettid() = 1026
22:47:19.362276,1026,getpriority(PRIO_PROCESS, 0) = 20
22:47:19.363648,1026,futex(0xb68c3580, FUTEX_WAKE_PRIVATE, 2147483647 <unfinished ...>
22:47:19.363982,1022,<... futex resumed> ) = 0
22:47:19.364261,1022,futex(0xb68c357c, FUTEX_WAIT_PRIVATE, 2, NULL <unfinished ...>
22:47:19.364523,1026,<... futex resumed> ) = 1
22:47:19.364791,1026,futex(0xb68c357c, FUTEX_WAKE_PRIVATE, 1 <unfinished ...>
22:47:19.365096,1022,<... futex resumed> ) = 0
22:47:19.365369,1022,futex(0xb68c357c, FUTEX_WAKE_PRIVATE, 1) = 0
22:47:19.365839,1022,clock_gettime(CLOCK_MONOTONIC, {156, 380691739}) = 0
22:47:19.366362,1022,clock_gettime(CLOCK_MONOTONIC, {156, 381200726}) = 0
22:47:19.367116,1022,mmap2(NULL, 1048576, PROT_READ|PROT_WRITE, MAP_PRIVATE|MAP_ANONYMOUS|MAP_NORESERVE, -1, 0) = 0xaf3be000
22:47:19.367612,1022,madvise(0xaf3be000, 1048576, 0xc /* MADV_??? */) = -1 EINVAL (Invalid argument)
22:47:19.368126,1022,mprotect(0xaf3be000, 4096, PROT_NONE) = 0
22:47:19.368648,1022,clone(child_stack=0xaf4bdf00, flags=CLONE_VM|CLONE_FS|CLONE_FILES|CLONE_SIGHAND|CLONE_THREAD|CLONE_SYSVSEM|0x400000) = 1027
22:47:19.371061,1022,futex(0xb68c3580, FUTEX_WAIT_PRIVATE, -326, NULL <unfinished ...>
22:47:19.371330,1026,<... futex resumed> ) = 1
22:47:19.371595,1026,futex(0xb810c9a8, FUTEX_WAIT_PRIVATE, 0, NULL <unfinished ...>
22:47:19.372080,1027,set_tls(0xaf4bdf00, 0xb812a548, 0xaf4bdffc, 0x40, 0xaf4bdf00) = 0
22:47:19.372636,1027,prctl(PR_SET_NAME, 0xaf4bdeac, 0, 0, 0) = 0
22:47:19.373370,1027,mmap2(NULL, 32768, PROT_READ|PROT_WRITE, MAP_PRIVATE|MAP_ANONYMOUS, -1, 0) = 0xaf3b6000
22:47:19.374269,1027,madvise(0xaf3b6000, 32768, 0xc /* MADV_??? */) = -1 EINVAL (Invalid argument)
22:47:19.374771,1027,gettid() = 1027
22:47:19.375508,1027,getpriority(PRIO_PROCESS, 0) = 20
22:47:19.376106,1027,futex(0xb68c3580, FUTEX_WAKE_PRIVATE, 2147483647 <unfinished ...>
22:47:19.376387,1022,<... futex resumed> ) = 0
22:47:19.376652,1022,futex(0xb68c357c, FUTEX_WAIT_PRIVATE, 2, NULL <unfinished ...>
22:47:19.376963,1027,<... futex resumed> ) = 1
22:47:19.377261,1027,futex(0xb68c357c, FUTEX_WAKE_PRIVATE, 1 <unfinished ...>
22:47:19.377516,1022,<... futex resumed> ) = 0
22:47:19.377778,1022,futex(0xb68c357c, FUTEX_WAKE_PRIVATE, 1 <unfinished ...>
22:47:19.386077,1027,<... futex resumed> ) = 1
22:47:19.387328,1022,<... futex resumed> ) = 0
22:47:19.387619,1022,clock_gettime(CLOCK_MONOTONIC, {156, 402457137}) = 0
22:47:19.388215,1022,clock_gettime(CLOCK_MONOTONIC, {156, 403062844}) = 0
22:47:19.389574,1022,mmap2(NULL, 1048576, PROT_READ|PROT_WRITE, MAP_PRIVATE|MAP_ANONYMOUS|MAP_NORESERVE, -1, 0) = 0xaf2b6000
22:47:19.390326,1022,madvise(0xaf2b6000, 1048576, 0xc /* MADV_??? */) = -1 EINVAL (Invalid argument)
22:47:19.390986,1022,mprotect(0xaf2b6000, 4096, PROT_NONE) = 0
22:47:19.391531,1022,clone(child_stack=0xaf3b5f00, flags=CLONE_VM|CLONE_FS|CLONE_FILES|CLONE_SIGHAND|CLONE_THREAD|CLONE_SYSVSEM|0x400000) = 1028
22:47:19.394190,1022,futex(0xb68c3580, FUTEX_WAIT_PRIVATE, -328, NULL <unfinished ...>
22:47:19.426036,1027,rt_sigtimedwait([QUIT USR1 RT_7 RT_13 RT_14 RT_16 RT_17 RT_20 RT_21 RT_22 RT_23 RT_24 RT_26 RT_27 RT_29 RT_30], NULL, NULL, 8 <unfinished ...>
22:47:19.429618,1028,set_tls(0xaf3b5f00, 0xb8125068, 0xaf3b5ffc, 0x40, 0xaf3b5f00) = 0
22:47:19.430192,1028,prctl(PR_SET_NAME, 0xaf3b5eac, 0, 0, 0) = 0
22:47:19.431487,1028,mmap2(NULL, 32768, PROT_READ|PROT_WRITE, MAP_PRIVATE|MAP_ANONYMOUS, -1, 0) = 0xaf2ae000
22:47:19.432019,1028,madvise(0xaf2ae000, 32768, 0xc /* MADV_??? */) = -1 EINVAL (Invalid argument)
22:47:19.432503,1028,gettid() = 1028
22:47:19.433099,1028,getpriority(PRIO_PROCESS, 0) = 20
22:47:19.433667,1028,futex(0xb68c3580, FUTEX_WAKE_PRIVATE, 2147483647 <unfinished ...>
22:47:19.433982,1022,<... futex resumed> ) = 0
22:47:19.434278,1022,futex(0xb68c357c, FUTEX_WAIT_PRIVATE, 2, NULL <unfinished ...>
22:47:19.434556,1028,<... futex resumed> ) = 1
22:47:19.434845,1028,futex(0xb68c357c, FUTEX_WAKE_PRIVATE, 1 <unfinished ...>
22:47:19.435129,1022,<... futex resumed> ) = 0
22:47:19.435420,1022,futex(0xb68c357c, FUTEX_WAKE_PRIVATE, 1) = 0
22:47:19.435906,1022,futex(0xb81ff8d4, FUTEX_WAIT_PRIVATE, 0, NULL <unfinished ...>
22:47:19.436181,1028,<... futex resumed> ) = 1
22:47:19.436468,1028,futex(0xb81ff8d4, FUTEX_WAKE_PRIVATE, 2147483647 <unfinished ...>
22:47:19.436775,1022,<... futex resumed> ) = 0
22:47:19.437088,1022,futex(0xb81ff8d0, FUTEX_WAIT_PRIVATE, 2, NULL <unfinished ...>
22:47:19.437348,1028,<... futex resumed> ) = 1
22:47:19.465693,1028,futex(0xb81ff8d0, FUTEX_WAKE_PRIVATE, 1 <unfinished ...>
22:47:19.466096,1022,<... futex resumed> ) = 0
22:47:19.466419,1022,futex(0xb81ff8d0, FUTEX_WAKE_PRIVATE, 1) = 0
22:47:19.466958,1022,clock_gettime(CLOCK_MONOTONIC, {156, 481796009}) = 0
22:47:19.468709,1022,mmap2(NULL, 32768, PROT_READ|PROT_WRITE, MAP_PRIVATE|MAP_ANONYMOUS, -1, 0) = 0xaf2a6000
22:47:19.469267,1022,madvise(0xaf2a6000, 32768, 0xc /* MADV_??? */) = -1 EINVAL (Invalid argument)
22:47:19.469726,1022,mmap2(NULL, 1048576, PROT_READ|PROT_WRITE, MAP_PRIVATE|MAP_ANONYMOUS|MAP_NORESERVE, -1, 0) = 0xad319000
22:47:19.471069,1022,madvise(0xad319000, 1048576, 0xc /* MADV_??? */) = -1 EINVAL (Invalid argument)
22:47:19.471525,1022,mprotect(0xad319000, 4096, PROT_NONE) = 0
22:47:19.472170,1022,clone(child_stack=0xad418f00, flags=CLONE_VM|CLONE_FS|CLONE_FILES|CLONE_SIGHAND|CLONE_THREAD|CLONE_SYSVSEM|0x400000) = 1029
22:47:19.474298,1022,futex(0xb68c3580, FUTEX_WAIT_PRIVATE, -330, NULL <unfinished ...>
22:47:19.474568,1028,<... futex resumed> ) = 1
22:47:19.475058,1028,socket(PF_UNIX, SOCK_STREAM, 0) = 26
22:47:19.476214,1028,pipe([27, 28]) = 0
22:47:19.477168,1028,getpid() = 1022
22:47:19.477774,1028,connect(26, {sa_family=AF_UNIX, path=@"jdwp-control"...}, 15) = 0
22:47:19.479209,1028,getsockopt(26, SOL_SOCKET, SO_PEERCRED, {pid=66, uid=0, gid=0}, [12]) = 0
22:47:19.479957,1028,sendto(26, "03fe", 4, 0, NULL, 0) = 4
22:47:19.481042,1028,recvmsg(26, <unfinished ...>
22:47:19.513639,1029,set_tls(0xad418f00, 0xb8207d98, 0xad418ffc, 0x40, 0xad418f00) = 0
22:47:19.514639,1029,prctl(PR_SET_NAME, 0xad418e8c, 0, 0, 0) = 0
22:47:19.515159,1029,gettid() = 1029
22:47:19.515804,1029,futex(0xb68c3580, FUTEX_WAKE_PRIVATE, 2147483647 <unfinished ...>
22:47:19.516899,1022,<... futex resumed> ) = 0
22:47:19.517253,1022,futex(0xb68c357c, FUTEX_WAIT_PRIVATE, 2, NULL <unfinished ...>
22:47:19.517566,1029,<... futex resumed> ) = 1
22:47:19.517881,1029,futex(0xb68c357c, FUTEX_WAKE_PRIVATE, 1 <unfinished ...>
22:47:19.518142,1022,<... futex resumed> ) = 0
22:47:19.518413,1022,futex(0xb68c357c, FUTEX_WAKE_PRIVATE, 1) = 0
22:47:19.518889,1022,futex(0xb68c3580, FUTEX_WAKE_PRIVATE, 2147483647) = 0
22:47:19.519660,1022,mmap2(NULL, 32768, PROT_READ|PROT_WRITE, MAP_PRIVATE|MAP_ANONYMOUS, -1, 0) = 0xad311000
22:47:19.520188,1022,madvise(0xad311000, 32768, 0xc /* MADV_??? */) = -1 EINVAL (Invalid argument)
22:47:19.520646,1022,mmap2(NULL, 1048576, PROT_READ|PROT_WRITE, MAP_PRIVATE|MAP_ANONYMOUS|MAP_NORESERVE, -1, 0) = 0xad211000
22:47:19.521152,1022,madvise(0xad211000, 1048576, 0xc /* MADV_??? */) = -1 EINVAL (Invalid argument)
22:47:19.521597,1022,mprotect(0xad211000, 4096, PROT_NONE) = 0
22:47:19.522131,1022,clone(child_stack=0xad310f00, flags=CLONE_VM|CLONE_FS|CLONE_FILES|CLONE_SIGHAND|CLONE_THREAD|CLONE_SYSVSEM|0x400000) = 1030
22:47:19.526706,1022,futex(0xb68c3580, FUTEX_WAIT_PRIVATE, -334, NULL <unfinished ...>
22:47:19.527833,1029,<... futex resumed> ) = 1
22:47:19.528198,1029,futex(0xb68c3580, FUTEX_WAIT_PRIVATE, -332, NULL) = -1 EAGAIN (Try again)
22:47:19.528956,1029,getpriority(PRIO_PROCESS, 1029) = 20
22:47:19.529474,1029,setpriority(PRIO_PROCESS, 1029, 0) = 0
22:47:19.530162,1029,futex(0xb820b820, FUTEX_WAIT_PRIVATE, 0, NULL <unfinished ...>
22:47:19.552244,1030,set_tls(0xad310f00, 0xb8222cf0, 0xad310ffc, 0x40, 0xad310f00) = 0
22:47:19.552735,1030,prctl(PR_SET_NAME, 0xad310e8c, 0, 0, 0) = 0
22:47:19.553278,1030,gettid() = 1030
22:47:19.554500,1030,futex(0xb68c3580, FUTEX_WAKE_PRIVATE, 2147483647 <unfinished ...>
22:47:19.554929,1022,<... futex resumed> ) = 0
22:47:19.555239,1022,futex(0xb68c357c, FUTEX_WAIT_PRIVATE, 2, NULL <unfinished ...>
22:47:19.555497,1030,<... futex resumed> ) = 1
22:47:19.576300,1030,futex(0xb68c357c, FUTEX_WAKE_PRIVATE, 1 <unfinished ...>
22:47:19.586557,1022,<... futex resumed> ) = 0
22:47:19.586968,1022,futex(0xb68c357c, FUTEX_WAKE_PRIVATE, 1) = 0
22:47:19.587477,1022,futex(0xb68c3580, FUTEX_WAKE_PRIVATE, 2147483647) = 0
22:47:19.588518,1022,mmap2(NULL, 32768, PROT_READ|PROT_WRITE, MAP_PRIVATE|MAP_ANONYMOUS, -1, 0) = 0xad209000
22:47:19.589097,1022,madvise(0xad209000, 32768, 0xc /* MADV_??? */) = -1 EINVAL (Invalid argument)
22:47:19.589589,1022,mmap2(NULL, 1048576, PROT_READ|PROT_WRITE, MAP_PRIVATE|MAP_ANONYMOUS|MAP_NORESERVE, -1, 0) = 0xad109000
22:47:19.590177,1022,madvise(0xad109000, 1048576, 0xc /* MADV_??? */) = -1 EINVAL (Invalid argument)
22:47:19.590655,1022,mprotect(0xad109000, 4096, PROT_NONE) = 0
22:47:19.591228,1022,clone(child_stack=0xad208f00, flags=CLONE_VM|CLONE_FS|CLONE_FILES|CLONE_SIGHAND|CLONE_THREAD|CLONE_SYSVSEM|0x400000) = 1031
22:47:19.593256,1022,futex(0xb68c3580, FUTEX_WAIT_PRIVATE, -338, NULL <unfinished ...>
22:47:19.594497,1030,<... futex resumed> ) = 1
22:47:19.594803,1030,futex(0xb68c3580, FUTEX_WAIT_PRIVATE, -336, NULL) = -1 EAGAIN (Try again)
22:47:19.595329,1030,getpriority(PRIO_PROCESS, 1030) = 20
22:47:19.595786,1030,setpriority(PRIO_PROCESS, 1030, 0) = 0
22:47:19.606106,1031,set_tls(0xad208f00, 0xb824ddf0, 0xad208ffc, 0x40, 0xad208f00) = 0
22:47:19.607065,1031,prctl(PR_SET_NAME, 0xad208e8c, 0, 0, 0) = 0
22:47:19.607592,1031,gettid() = 1031
22:47:19.608450,1031,futex(0xb68c3580, FUTEX_WAKE_PRIVATE, 2147483647 <unfinished ...>
22:47:19.608777,1022,<... futex resumed> ) = 0
22:47:19.609115,1022,futex(0xb68c357c, FUTEX_WAIT_PRIVATE, 2, NULL <unfinished ...>
22:47:19.609429,1031,<... futex resumed> ) = 1
22:47:19.609704,1031,futex(0xb68c357c, FUTEX_WAKE_PRIVATE, 1 <unfinished ...>
22:47:19.610084,1022,<... futex resumed> ) = 0
22:47:19.610386,1022,futex(0xb68c357c, FUTEX_WAKE_PRIVATE, 1) = 0
22:47:19.610954,1022,futex(0xb68c3580, FUTEX_WAKE_PRIVATE, 2147483647) = 0
22:47:19.612900,1022,close(23) = 0
22:47:19.613750,1022,close(9) = 0
22:47:19.615320,1022,open("/dev/binder", O_RDWR <unfinished ...>
22:47:19.615825,1031,<... futex resumed> ) = 1
22:47:19.616119,1031,futex(0xb68c3580, FUTEX_WAIT_PRIVATE, -340, NULL) = -1 EAGAIN (Try again)
22:47:19.616587,1031,getpriority(PRIO_PROCESS, 1031) = 20
22:47:19.617072,1031,setpriority(PRIO_PROCESS, 1031, 0) = 0
22:47:19.617617,1031,futex(0xb822c650, FUTEX_WAIT_PRIVATE, 0, NULL <unfinished ...>
22:47:19.629099,1022,<... open resumed> ) = 9
22:47:19.629983,1022,fcntl64(9, F_SETFD, FD_CLOEXEC) = 0
22:47:19.630548,1022,ioctl(9, 0xc0046209, 0xbebf2638) = 0
22:47:19.631304,1022,ioctl(9, 0x40046205, 0xbebf263c) = 0
22:47:19.632132,1022,mmap2(NULL, 1040384, PROT_READ, MAP_PRIVATE|MAP_NORESERVE, 9, 0) = 0xad00b000
22:47:19.632966,1022,madvise(0xad00b000, 1040384, 0xc /* MADV_??? */) = -1 EINVAL (Invalid argument)
22:47:19.633732,1022,prctl(PR_SET_NAME, 0xb82263c5, 0, 0, 0) = 0
22:47:19.634346,1022,open("/sys/qemu_trace/process_name", O_RDWR) = 23
22:47:19.635134,1022,write(23, "com.rhymes.monstertruckbossG\0", 29) = 29
22:47:19.635913,1022,close(23) = 0
22:47:19.693015,1022,mmap2(NULL, 1048576, PROT_READ|PROT_WRITE, MAP_PRIVATE|MAP_ANONYMOUS|MAP_NORESERVE, -1, 0) = 0xacf0b000
22:47:19.693621,1022,madvise(0xacf0b000, 1048576, 0xc /* MADV_??? */) = -1 EINVAL (Invalid argument)
22:47:19.694148,1022,mprotect(0xacf0b000, 4096, PROT_NONE) = 0
22:47:19.694699,1022,clone(child_stack=0xad00af00, flags=CLONE_VM|CLONE_FS|CLONE_FILES|CLONE_SIGHAND|CLONE_THREAD|CLONE_SYSVSEM|0x400000) = 1034
22:47:19.697177,1022,writev(3, [{"\4", 1}, {"dalvikvm\0", 9}, {"Turning on JNI app bug workaroun"..., 63}], 3) = 73
22:47:19.700315,1022,prctl(PR_SET_NAME, 0xb81eb2b2, 0, 0, 0) = 0
22:47:19.701036,1022,open("/sys/qemu_trace/process_name", O_RDWR) = 23
22:47:19.701923,1022,write(23, "<pre-initialized>\0", 18) = 18
22:47:19.702549,1022,close(23) = 0
22:47:19.703999,1022,futex(0xb6f070c0, FUTEX_WAKE_PRIVATE, 2147483647) = 0
22:47:19.704523,1022,pipe([23, 29]) = 0
22:47:19.705126,1022,fcntl64(23, F_SETFL, O_RDONLY|O_NONBLOCK) = 0
22:47:19.705643,1022,fcntl64(29, F_SETFL, O_RDONLY|O_NONBLOCK) = 0
22:47:19.706161,1022,epoll_create(0x8) = 30
22:47:19.706679,1022,epoll_ctl(0x1e, 0x1, 0x17, 0xbebf2300) = 0
22:47:19.714173,1022,gettid() = 1022
22:47:19.714721,1022,getpid() = 1022
22:47:19.715264,1022,getuid32() = 10050
22:47:19.717596,1022,getpid() = 1022
22:47:19.726466,1030,futex(0xb82262f8, FUTEX_WAIT_PRIVATE, 0, NULL <unfinished ...>
22:47:19.727017,1022,gettid() = 1022
22:47:19.729466,1022,clock_gettime(CLOCK_MONOTONIC, {156, 745160870}) = 0
22:47:19.730999,1022,ioctl(9, 0xc0186201, 0xbebf21f0) = 0
22:47:19.731896,1022,clock_gettime(CLOCK_MONOTONIC, {156, 746746162}) = 0
22:47:19.733549,1022,getpid() = 1022
22:47:19.734179,1022,gettid() = 1022
22:47:19.734666,1022,clock_gettime(CLOCK_MONOTONIC, {156, 749588656}) = 0
22:47:19.735404,1022,ioctl(9, 0xc0186201, 0xbebf21f0) = 0
22:47:19.741952,1022,ioctl(9, 0xc0186201 <unfinished ...>
22:47:19.742974,1034,set_tls(0xad00af00, 0xb81e4b08, 0xad00affc, 0x40, 0xad00af00) = 0
22:47:19.743481,1034,setpriority(PRIO_PROCESS, 0, 0) = 0
22:47:19.744032,1034,futex(0xb6f070b0, FUTEX_WAKE_PRIVATE, 2147483647) = 0
22:47:19.744502,1034,gettid() = 1034
22:47:19.745024,1034,write(24, "1034", 4) = 4
22:47:19.745709,1034,prctl(PR_SET_NAME, 0xb8208000, 0, 0, 0) = 0
22:47:19.756110,1034,mmap2(NULL, 32768, PROT_READ|PROT_WRITE, MAP_PRIVATE|MAP_ANONYMOUS, -1, 0) = 0xacf03000
22:47:19.756630,1034,madvise(0xacf03000, 32768, 0xc /* MADV_??? */) = -1 EINVAL (Invalid argument)
22:47:19.757226,1034,gettid() = 1034
22:47:19.758081,1034,getpriority(PRIO_PROCESS, 0) = 20
22:47:19.758742,1034,gettid() = 1034
22:47:19.759354,1034,gettid() = 1034
22:47:19.759786,1034,getpid() = 1022
22:47:19.760286,1034,getuid32() = 10050
22:47:19.760787,1034,write(24, "1034", 4) = 4
22:47:19.761615,1034,ioctl(9, 0xc0186201, 0xad00ae28) = 0
22:47:19.762322,1034,mmap2(NULL, 1048576, PROT_READ|PROT_WRITE, MAP_PRIVATE|MAP_ANONYMOUS|MAP_NORESERVE, -1, 0) = 0xace03000
22:47:19.763524,1034,madvise(0xace03000, 1048576, 0xc /* MADV_??? */) = -1 EINVAL (Invalid argument)
22:47:19.764022,1034,mprotect(0xace03000, 4096, PROT_NONE) = 0
22:47:19.764536,1034,clone(child_stack=0xacf02f00, flags=CLONE_VM|CLONE_FS|CLONE_FILES|CLONE_SIGHAND|CLONE_THREAD|CLONE_SYSVSEM|0x400000) = 1035
22:47:19.770227,1034,write(24, "1034", 4) = 4
22:47:19.770773,1034,ioctl(9, 0xc0186201, 0xad00ae28) = 0
22:47:19.785720,1034,write(24, "1034", 4) = 4
22:47:19.810862,1034,getpriority(PRIO_PROCESS, 1034) = 20
22:47:19.834462,1035,set_tls(0xacf02f00, 0xb820d610, 0xacf02ffc, 0x40, 0xacf02f00) = 0
22:47:19.835003,1035,setpriority(PRIO_PROCESS, 0, 0) = 0
22:47:19.835479,1035,gettid() = 1035
22:47:19.847405,1035,write(24, "1035", 4 <unfinished ...>
22:47:19.847860,1034,clock_gettime(CLOCK_MONOTONIC, <unfinished ...>
22:47:19.857215,1035,<... write resumed> ) = 4
22:47:19.857507,1034,<... clock_gettime resumed> {156, 872098769}) = 0
22:47:19.859213,1035,prctl(PR_SET_NAME, 0xb81ec518, 0, 0, 0 <unfinished ...>
22:47:19.859677,1034,clock_gettime(CLOCK_MONOTONIC, <unfinished ...>
22:47:19.861627,1035,<... prctl resumed> ) = 0
22:47:19.862045,1034,<... clock_gettime resumed> {156, 876565632}) = 0
22:47:19.866945,1035,mmap2(NULL, 32768, PROT_READ|PROT_WRITE, MAP_PRIVATE|MAP_ANONYMOUS, -1, 0 <unfinished ...>
22:47:19.867479,1034,write(24, "1034", 4 <unfinished ...>
22:47:19.867890,1035,<... mmap2 resumed> ) = 0xacdfb000
22:47:19.868255,1034,<... write resumed> ) = 4
22:47:19.871170,1035,madvise(0xacdfb000, 32768, 0xc /* MADV_??? */ <unfinished ...>
22:47:19.871539,1034,ioctl(9, 0xc0186201 <unfinished ...>
22:47:19.871981,1035,<... madvise resumed> ) = -1 EINVAL (Invalid argument)
22:47:19.872596,1035,gettid() = 1035
22:47:19.874319,1035,getpriority(PRIO_PROCESS, 0) = 20
22:47:19.874933,1035,gettid() = 1035
22:47:19.875494,1035,gettid() = 1035
22:47:19.875979,1035,getpid() = 1022
22:47:19.876450,1035,getuid32() = 10050
22:47:19.876946,1035,write(24, "1035", 4) = 4
22:47:19.877506,1035,ioctl(9, 0xc0186201, 0xacf02e28) = 0
22:47:19.878032,1035,write(24, "1035", 4) = 4
22:47:19.878578,1035,ioctl(9, 0xc0186201 <unfinished ...>
22:47:19.943917,1034,<... ioctl resumed> , 0xad00ae28) = 0
22:47:19.944277,1034,write(24, "1034", 4) = 4
22:47:19.944937,1034,getpriority(PRIO_PROCESS, 1034) = 20
22:47:19.956294,1034,clock_gettime(CLOCK_MONOTONIC, {156, 971174261}) = 0
22:47:19.957303,1034,write(24, "1034", 4) = 4
22:47:19.958106,1034,ioctl(9, 0xc0186201 <unfinished ...>
22:47:20.273765,1035,<... ioctl resumed> , 0xacf02e28) = 0
22:47:20.274167,1035,write(24, "1035", 4) = 4
22:47:20.275366,1035,getpriority(PRIO_PROCESS, 1035) = 20
22:47:20.286818,1035,clock_gettime(CLOCK_MONOTONIC, {157, 301764638}) = 0
22:47:20.287818,1035,write(24, "1035", 4) = 4
22:47:20.288400,1035,ioctl(9, 0xc0186201 <unfinished ...>
22:47:20.307357,1022,<... ioctl resumed> , 0xbebf21f0) = 0
22:47:20.307831,1022,clock_gettime(CLOCK_MONOTONIC, {157, 322711367}) = 0
22:47:20.308432,1022,getpid() = 1022
22:47:20.309207,1022,open("/proc/1022/cmdline", O_RDONLY) = 31
22:47:20.310179,1022,fstat64(31, {st_mode=S_IFREG|0444, st_size=0, ...}) = 0
22:47:20.311750,1022,mprotect(0xb65ac000, 4096, PROT_READ|PROT_WRITE) = 0
22:47:20.312359,1022,mprotect(0xb65ac000, 4096, PROT_READ) = 0
22:47:20.312926,1022,read(31, "<pre-initialized>\0\0\0\0\0\0\0\0\0\0\0\0\0\0\0"..., 1024) = 76
22:47:20.313937,1022,close(31) = 0
22:47:20.314509,1022,ioctl(9, 0xc0186201, 0xbebf1110) = 0
22:47:20.315575,1022,ioctl(9, 0xc0186201, 0xbebf1110) = 0
22:47:20.326294,1022,writev(5, [{"$Ë\0\0", 4}, {"\3\5\2\34\0\0\0android.app.IActivityMana"..., 73}], 2) = 77
22:47:20.328292,1022,mprotect(0xb1665000, 8192, PROT_READ|PROT_WRITE) = 0
22:47:20.332226,1022,getpid() = 1022
22:47:20.332832,1022,getuid32() = 10050
22:47:20.333359,1022,getpid() = 1022
22:47:20.333977,1022,getuid32() = 10050
22:47:20.334583,1022,epoll_wait(0x1e, 0xbebf21f8, 0x10, 0) = 0
22:47:20.335167,1022,clock_gettime(CLOCK_MONOTONIC, {157, 350016390}) = 0
22:47:20.337113,1022,open("/sys/kernel/debug/tracing/trace_marker", O_WRONLY) = -1 ENOENT (No such file or directory)
22:47:20.346091,1022,writev(3, [{"\6", 1}, {"Trace\0", 6}, {"error opening trace file: No suc"..., 56}], 3) = 63
22:47:20.348100,1022,getpid() = 1022
22:47:20.348621,1022,getuid32() = 10050
22:47:20.349232,1022,epoll_wait(0x1e, 0xbebf21f8, 0x10, 0) = 0
22:47:20.349768,1022,clock_gettime(CLOCK_MONOTONIC, {157, 364631643}) = 0
22:47:20.350678,1022,prctl(PR_SET_NAME, 0xb820042d, 0, 0, 0) = 0
22:47:20.351218,1022,open("/sys/qemu_trace/process_name", O_RDWR) = 31
22:47:20.351992,1022,write(31, "com.rhymes.monstertruckbossG\0", 29) = 29
22:47:20.352700,1022,close(31) = 0
22:47:20.362758,1022,ioctl(9, 0xc0186201, 0xbebf20c8) = 0
22:47:20.363972,1022,ioctl(9, 0xc0186201, 0xbebf2108) = 0
22:47:20.364776,1022,ioctl(9, 0xc0186201, 0xbebf2108) = 0
22:47:20.365451,1022,ioctl(9, 0xc0186201, 0xbebf20c8) = 0
22:47:20.366226,1022,ioctl(9, 0xc0186201, 0xbebf20c8) = 0
22:47:20.366734,1022,dup(31) = 32
22:47:20.367323,1022,mmap2(NULL, 4096, PROT_READ, MAP_SHARED, 32, 0) = 0xacdfa000
22:47:20.367910,1022,close(31) = 0
22:47:20.387952,1022,dup(32) = 31
22:47:20.389242,1022,getpid() = 1022
22:47:20.389839,1022,gettid() = 1022
22:47:20.390353,1022,clock_gettime(CLOCK_MONOTONIC, {157, 405203872}) = 0
22:47:20.390965,1022,ioctl(9, 0xc0186201, 0xbebf21f0) = 0
22:47:20.394055,1022,ioctl(9, 0xc0186201, 0xbebf21f0) = 0
22:47:20.394631,1022,clock_gettime(CLOCK_MONOTONIC, {157, 409490265}) = 0
22:47:20.397032,1022,getuid32() = 10050
22:47:20.398604,1022,stat64("/system/framework/framework-res.apk", {st_mode=S_IFREG|0644, st_size=8749696, ...}) = 0
22:47:20.400016,1022,access("/vendor/overlay/framework/framework-res.apk", R_OK) = -1 ENOENT (No such file or directory)
22:47:20.400953,1022,stat64("/data/app/com.rhymes.monstertruckbossG-1.apk", {st_mode=S_IFREG|0644, st_size=11921158, ...}) = 0
22:47:20.402919,1022,stat64("/system/framework/framework-res.apk", {st_mode=S_IFREG|0644, st_size=8749696, ...}) = 0
22:47:20.406571,1022,stat64("/data/app/com.rhymes.monstertruckbossG-1.apk", {st_mode=S_IFREG|0644, st_size=11921158, ...}) = 0
22:47:20.408277,1022,open("/data/app/com.rhymes.monstertruckbossG-1.apk", O_RDONLY) = 33
22:47:20.409351,1022,_llseek(33, 0, [11921158], SEEK_END) = 0
22:47:20.410065,1022,mmap2(NULL, 69632, PROT_READ|PROT_WRITE, MAP_PRIVATE|MAP_ANONYMOUS, -1, 0) = 0xacde9000
22:47:20.410648,1022,madvise(0xacde9000, 69632, 0xc /* MADV_??? */) = -1 EINVAL (Invalid argument)
22:47:20.411300,1022,_llseek(33, 0, [0], SEEK_SET) = 0
22:47:20.411984,1022,read(33, "PK\3\4", 4) = 4
22:47:20.412557,1022,_llseek(33, 11855601, [11855601], SEEK_SET) = 0
22:47:20.413191,1022,read(33, "\202\207G\224\4w\216ðÐ\227{`\213´\215´Agôâþ\234À~ÓW\215÷ü\rö\27"..., 65557) = 65557
22:47:20.414266,1022,munmap(0xacde9000, 69632) = 0
22:47:20.414831,1022,mmap2(NULL, 5872, PROT_READ, MAP_SHARED, 33, 0xb5d) = 0xacdf8000
22:47:20.437515,1022,pread(33, "PK\3\4\n\0\0\0\0\0\201\225¯@Xÿ¿<$\10\0\0$\10\0\0\16\0\1\0", 30, 38820212228751360) = 30
22:47:20.441450,1022,mmap2(NULL, 4888, PROT_READ, MAP_SHARED, 33, 0x89e) = 0xacdf6000
22:47:20.442863,1022,gettimeofday({1727218040, 443071}, NULL) = 0
22:47:20.444050,1022,access("/data/data/com.rhymes.monstertruckbossG/cache", F_OK) = -1 ENOENT (No such file or directory)
22:47:20.445439,1022,access("/data/data/com.rhymes.monstertruckbossG/cache", F_OK) = -1 ENOENT (No such file or directory)
22:47:20.466404,1022,mkdir("/data/data/com.rhymes.monstertruckbossG/cache", 0700) = 0
22:47:20.469058,1022,chmod("/data/data/com.rhymes.monstertruckbossG/cache", 0771) = 0
22:47:20.472483,1022,getuid32() = 10050
22:47:20.477497,1022,getuid32() = 10050
22:47:20.479015,1022,getpid() = 1022
22:47:20.479617,1022,gettid() = 1022
22:47:20.480135,1022,clock_gettime(CLOCK_MONOTONIC, {157, 495231458}) = 0
22:47:20.480984,1022,ioctl(9, 0xc0186201, 0xbebf21f0) = 0
22:47:20.482446,1022,clock_gettime(CLOCK_MONOTONIC, {157, 497323544}) = 0
22:47:20.484417,1022,access("/data/data/com.rhymes.monstertruckbossG/cache/com.android.renderscript.cache", F_OK) = -1 ENOENT (No such file or directory)
22:47:20.487115,1022,mkdir("/data/data/com.rhymes.monstertruckbossG/cache/com.android.renderscript.cache", 0700) = 0
22:47:20.498339,1022,getpid() = 1022
22:47:20.498963,1022,gettid() = 1022
22:47:20.501497,1022,clock_gettime(CLOCK_MONOTONIC, {157, 516346829}) = 0
22:47:20.502116,1022,ioctl(9, 0xc0186201, 0xbebf21f0) = 0
22:47:20.502985,1022,clock_gettime(CLOCK_MONOTONIC, {157, 517827983}) = 0
22:47:20.504681,1022,getpid() = 1022
22:47:20.505216,1022,gettid() = 1022
22:47:20.505671,1022,clock_gettime(CLOCK_MONOTONIC, {157, 521326071}) = 0
22:47:20.516164,1022,ioctl(9, 0xc0186201, 0xbebf21f0) = 0
22:47:20.517974,1022,ioctl(9, 0xc0186201, 0xbebf21f0) = 0
22:47:20.518584,1022,clock_gettime(CLOCK_MONOTONIC, {157, 533445276}) = 0
22:47:20.520875,1022,writev(3, [{"\5", 1}, {"DroidBox\0", 9}, {"DroidBox: { \"DexClassLoader\": { "..., 91}], 3) = 101
22:47:20.524109,1022,access("/data/app/com.rhymes.monstertruckbossG-1.apk", F_OK) = 0
22:47:20.525195,1022,access("/data/app/com.rhymes.monstertruckbossG-1.apk", R_OK) = 0
22:47:20.537226,1022,stat64("/data/app/com.rhymes.monstertruckbossG-1.apk", {st_mode=S_IFREG|0644, st_size=11921158, ...}) = 0
22:47:20.541024,1022,open("/data/app/com.rhymes.monstertruckbossG-1.apk", O_RDONLY) = 34
22:47:20.542337,1022,fstat64(34, {st_mode=S_IFREG|0644, st_size=11921158, ...}) = 0
22:47:20.543503,1022,fstat64(34, {st_mode=S_IFREG|0644, st_size=11921158, ...}) = 0
22:47:20.544709,1022,_llseek(34, 11921136, [11921136], SEEK_SET) = 0
22:47:20.545497,1022,read(34, "PK\5\6", 4) = 4
22:47:20.546106,1022,fgetxattr(34, "user.taint", 0xbebf2484, 4) = -1 ENODATA (No data available)
22:47:20.547864,1022,clock_gettime(CLOCK_MONOTONIC, {157, 562728341}) = 0
22:47:20.548460,1022,getpid() = 1022
22:47:20.549001,1022,readlink("/proc/1022/fd/34", "/data/app/com.rhymes.monstertruckbossG-1.apk"..., 120) = 44
22:47:20.550437,1022,read(34, "\0\0\0\0A\0A\0002\25\0\0¾Ñµ\0\0\0", 18) = 18
22:47:20.559496,1022,fgetxattr(34, "user.taint", 0xbebf2484, 4) = -1 ENODATA (No data available)
22:47:20.561026,1022,clock_gettime(CLOCK_MONOTONIC, {157, 576056565}) = 0
22:47:20.561929,1022,getpid() = 1022
22:47:20.563099,1022,readlink("/proc/1022/fd/34", "/data/app/com.rhymes.monstertruckbossG-1.apk"..., 120) = 44
22:47:20.564712,1022,fstat64(34, {st_mode=S_IFREG|0644, st_size=11921158, ...}) = 0
22:47:20.578389,1022,_llseek(34, 11915710, [11915710], SEEK_SET) = 0
22:47:20.579382,1022,read(34, "PK\1\2\n\0\n\0\0\0\0\0E\0¨@\1ð=0<\34\5\0<\34\5\0006\0\4\0"..., 4096) = 4096
22:47:20.580334,1022,fgetxattr(34, "user.taint", 0xbebf2484, 4) = -1 ENODATA (No data available)
22:47:20.582105,1022,clock_gettime(CLOCK_MONOTONIC, {157, 596957671}) = 0
22:47:20.582670,1022,getpid() = 1022
22:47:20.583214,1022,readlink("/proc/1022/fd/34", "/data/app/com.rhymes.monstertruckbossG-1.apk"..., 120) = 44
22:47:20.595544,1022,_llseek(34, 11919806, [11919806], SEEK_SET) = 0
22:47:20.605393,1022,read(34, "\24\0\24\0\10\0\10\0\205\225¯@gÏ\234÷ T\0\0006U\0\0#\0\0\0\0\0\0\0"..., 1352) = 1352
22:47:20.608526,1022,fgetxattr(34, "user.taint", 0xbebf2484, 4) = -1 ENODATA (No data available)
22:47:20.610028,1022,clock_gettime(CLOCK_MONOTONIC, {157, 624876278}) = 0
22:47:20.610588,1022,getpid() = 1022
22:47:20.611148,1022,readlink("/proc/1022/fd/34", "/data/app/com.rhymes.monstertruckbossG-1.apk"..., 120) = 44
22:47:20.614628,1022,open("/data/app/com.rhymes.monstertruckbossG-1.apk", O_RDONLY) = 35
22:47:20.615731,1022,lseek(35, 0, SEEK_END) = 11921158
22:47:20.616511,1022,mmap2(NULL, 69632, PROT_READ|PROT_WRITE, MAP_PRIVATE|MAP_ANONYMOUS, -1, 0) = 0xacde5000
22:47:20.617108,1022,madvise(0xacde5000, 69632, 0xc /* MADV_??? */) = -1 EINVAL (Invalid argument)
22:47:20.645999,1022,lseek(35, 11855601, SEEK_SET) = 11855601
22:47:20.646575,1022,read(35, "\202\207G\224\4w\216ðÐ\227{`\213´\215´Agôâþ\234À~ÓW\215÷ü\rö\27"..., 65557) = 65557
22:47:20.656737,1022,mmap2(NULL, 5872, PROT_READ, MAP_SHARED, 35, 0xb5d) = 0xacde3000
22:47:20.657533,1022,munmap(0xacde5000, 69632) = 0
22:47:20.658303,1022,fcntl64(35, F_GETFD) = 0
22:47:20.659113,1022,fcntl64(35, F_SETFD, FD_CLOEXEC) = 0
22:47:20.659647,1022,open("/data/app/com.rhymes.monstertruckbossG-1.odex", O_RDONLY) = -1 ENOENT (No such file or directory)
22:47:20.661072,1022,open("/data/dalvik-cache/data@app@com.rhymes.monstertruckbossG-1.apk@classes.dex", O_RDWR|O_CREAT, 0644) = -1 EACCES (Permission denied)
22:47:20.662136,1022,open("/data/dalvik-cache/data@app@com.rhymes.monstertruckbossG-1.apk@classes.dex", O_RDONLY) = 36
22:47:20.663176,1022,flock(36, LOCK_EX|LOCK_NB) = 0
22:47:20.664137,1022,fstat64(36, {st_mode=S_IFREG|0644, st_size=3971392, ...}) = 0
22:47:20.665326,1022,stat64("/data/dalvik-cache/data@app@com.rhymes.monstertruckbossG-1.apk@classes.dex", {st_mode=S_IFREG|0644, st_size=3971392, ...}) = 0
22:47:20.666987,1022,lseek(36, 0, SEEK_SET) = 0
22:47:20.667620,1022,read(36, "dey\n036\0(\0\0\0(\27;\0P\27;\0Ö\1\0\0(\31;\0\30\200\1\0"..., 40) = 40
22:47:20.676410,1022,lseek(36, 3872592, SEEK_SET) = 3872592
22:47:20.677085,1022,read(36, "\204\225¯@*\207hõ\34\0\0\0\10\0\0\0\34\0\0\0/system/fram"..., 470) = 470
22:47:20.678481,1022,lseek(36, 0, SEEK_SET) = 0
22:47:20.679042,1022,lseek(36, 0, SEEK_CUR) = 0
22:47:20.679520,1022,lseek(36, 0, SEEK_END) = 3971392
22:47:20.680075,1022,lseek(36, 0, SEEK_SET) = 0
22:47:20.680551,1022,mmap2(NULL, 3971392, PROT_READ|PROT_WRITE, MAP_PRIVATE, 36, 0) = 0xaca19000
22:47:20.681193,1022,madvise(0xaca19000, 3971392, 0xc /* MADV_??? */) = -1 EINVAL (Invalid argument)
22:47:20.681662,1022,mprotect(0xaca19000, 3971392, PROT_READ) = 0
22:47:20.682527,1022,open("/dev/ashmem", O_RDWR) = 37
22:47:20.683247,1022,ioctl(37, 0x41007701, 0xbebf2254) = 0
22:47:20.683725,1022,ioctl(37, 0x40047703, 0x4f000) = 0
22:47:20.684648,1022,mmap2(NULL, 323584, PROT_READ|PROT_WRITE, MAP_PRIVATE, 37, 0) = 0xac9ca000
22:47:20.685301,1022,madvise(0xac9ca000, 323584, 0xc /* MADV_??? */) = -1 EINVAL (Invalid argument)
22:47:20.696965,1022,close(37) = 0
22:47:20.697750,1022,flock(36, LOCK_UN) = 0
22:47:20.698479,1022,close(36) = 0
22:47:20.699904,1022,access("/data/data/com.rhymes.monstertruckbossG/lib", F_OK) = 0
22:47:20.700732,1022,access("/data/data/com.rhymes.monstertruckbossG/lib", R_OK) = 0
22:47:20.701525,1022,stat64("/data/data/com.rhymes.monstertruckbossG/lib", {st_mode=S_IFDIR|0755, st_size=4096, ...}) = 0
22:47:20.703575,1022,access("/vendor/lib", F_OK) = -1 ENOENT (No such file or directory)
22:47:20.704396,1022,access("/system/lib", F_OK) = 0
22:47:20.705031,1022,access("/system/lib", R_OK) = 0
22:47:20.705651,1022,stat64("/system/lib", {st_mode=S_IFDIR|0755, st_size=8192, ...}) = 0
22:47:20.717898,1022,getuid32() = 10050
22:47:20.722578,1022,getpid() = 1022
22:47:20.723254,1022,gettid() = 1022
22:47:20.723735,1022,clock_gettime(CLOCK_MONOTONIC, {157, 738650286}) = 0
22:47:20.724365,1022,ioctl(9, 0xc0186201, 0xbebf21f0) = 0
22:47:20.727740,1022,ioctl(9, 0xc0186201, 0xbebf21f0) = 0
22:47:20.728341,1022,clock_gettime(CLOCK_MONOTONIC, {157, 743200133}) = 0
22:47:20.774909,1022,gettimeofday({1727218040, 775120}, NULL) = 0
22:47:20.776178,1022,getpid() = 1022
22:47:20.776668,1022,getuid32() = 10050
22:47:20.786721,1022,epoll_wait(0x1e, 0xbebf21f8, 0x10, 0) = 0
22:47:20.787326,1022,clock_gettime(CLOCK_MONOTONIC, {157, 802186198}) = 0
22:47:20.788349,1022,getpid() = 1022
22:47:20.788912,1022,gettid() = 1022
22:47:20.789446,1022,clock_gettime(CLOCK_MONOTONIC, {157, 804302273}) = 0
22:47:20.790121,1022,ioctl(9, 0xc0186201, 0xbebf21f0) = 0
22:47:20.793261,1022,ioctl(9, 0xc0186201, 0xbebf21f0) = 0
22:47:20.793965,1022,clock_gettime(CLOCK_MONOTONIC, {157, 808857572}) = 0
22:47:20.795677,1022,getpid() = 1022
22:47:20.796295,1022,getuid32() = 10050
22:47:20.797104,1022,epoll_wait(0x1e, 0xbebf21f8, 0x10, 0) = 0
22:47:20.797705,1022,clock_gettime(CLOCK_MONOTONIC, {157, 812631068}) = 0
22:47:20.798464,1022,stat64("/system/framework/framework-res.apk", {st_mode=S_IFREG|0644, st_size=8749696, ...}) = 0
22:47:20.799841,1022,stat64("/data/app/com.rhymes.monstertruckbossG-1.apk", {st_mode=S_IFREG|0644, st_size=11921158, ...}) = 0
22:47:20.806866,1022,mprotect(0xb1666000, 8192, PROT_READ|PROT_WRITE) = 0
22:47:20.827599,1022,access("/data/data/com.rhymes.monstertruckbossG/lib/libgdx.so", F_OK) = 0
22:47:20.828744,1022,stat64("/data/data/com.rhymes.monstertruckbossG/lib/libgdx.so", {st_mode=S_IFREG|0755, st_size=281620, ...}) = 0
22:47:20.830349,1022,access("/data/data/com.rhymes.monstertruckbossG/lib/libgdx.so", R_OK) = 0
22:47:20.831319,1022,writev(3, [{"\3", 1}, {"dalvikvm\0", 9}, {"Trying to load lib /data/data/co"..., 84}], 3) = 94
22:47:20.832405,1022,writev(3, [{"\5", 1}, {"dalvikvm\0", 9}, {"Denying lib /data/data/com.rhyme"..., 90}], 3) = 100
22:47:20.833644,1022,writev(3, [{"\5", 1}, {"dalvikvm\0", 9}, {"Exception Ljava/lang/Unsatisfied"..., 124}], 3) = 134
22:47:20.836330,1022,writev(3, [{"\5", 1}, {"dalvikvm\0", 9}, {"Class init failed in newInstance"..., 69}], 3) = 79
22:47:20.838350,1022,writev(3, [{"\3", 1}, {"AndroidRuntime\0", 15}, {"Shutting down VM\n\0", 18}], 3) = 34
22:47:20.840061,1022,writev(3, [{"\5", 1}, {"dalvikvm\0", 9}, {"threadid=1: thread exiting with "..., 70}], 3) = 80
22:47:20.843588,1022,mprotect(0xb1667000, 8192, PROT_READ|PROT_WRITE) = 0
22:47:20.876515,1022,writev(6, [{"\6", 1}, {"AndroidRuntime\0", 15}, {"FATAL EXCEPTION: main\njava.lang."..., 1344}], 3) = 1360
22:47:20.882626,1022,getpid() = 1022
22:47:20.883156,1022,gettid() = 1022
22:47:20.883614,1022,clock_gettime(CLOCK_MONOTONIC, {157, 898479789}) = 0
22:47:20.884188,1022,ioctl(9, 0xc0186201, 0xbebf2530) = 0
22:47:20.887025,1022,ioctl(9, 0xc0186201 <unfinished ...>
22:47:21.012903,1034,<... ioctl resumed> , 0xad00ae28) = 0
22:47:21.013284,1034,write(24, "1034", 4) = 4
22:47:21.014053,1034,getpriority(PRIO_PROCESS, 1034) = 20
22:47:21.015286,1034,clock_gettime(CLOCK_MONOTONIC, {158, 31230329}) = 0
22:47:21.017180,1034,write(24, "1034", 4) = 4
22:47:21.020570,1034,ioctl(9, 0xc0186201 <unfinished ...>
22:47:21.037011,1035,<... ioctl resumed> , 0xacf02e28) = 0
22:47:21.037382,1035,write(24, "1035", 4) = 4
22:47:21.038048,1035,getpriority(PRIO_PROCESS, 1035) = 20
22:47:21.040433,1035,clock_gettime(CLOCK_MONOTONIC, {158, 55310108}) = 0
22:47:21.041356,1035,write(24, "1035", 4) = 4
22:47:21.042035,1035,ioctl(9, 0xc0186201 <unfinished ...>
22:47:21.184991,1022,<... ioctl resumed> , 0xbebf2530) = 0
22:47:21.185570,1022,clock_gettime(CLOCK_MONOTONIC, {158, 200512264}) = 0
22:47:21.187120,1022,getpid() = 1022
22:47:21.187729,1022,writev(3, [{"\4", 1}, {"Process\0", 8}, {"Sending signal. PID: 1022 SIG: 9"..., 33}], 3) = 42
22:47:21.188892,1022,kill(1022, SIGKILL <unfinished ...>
22:47:21.191198,1026,+++ killed by SIGKILL +++
22:47:21.195650,1027,+++ killed by SIGKILL +++
22:47:21.197092,1028,+++ killed by SIGKILL +++
22:47:21.197467,1029,+++ killed by SIGKILL +++
22:47:21.198115,1030,+++ killed by SIGKILL +++
22:47:21.198464,1031,+++ killed by SIGKILL +++
22:47:21.198801,1034,+++ killed by SIGKILL +++
22:47:21.206645,1035,+++ killed by SIGKILL +++
22:47:21.207014,1022,+++ killed by SIGKILL +++
22:47:21.207252,59,<... select resumed> ) = ? ERESTARTNOHAND (To be restarted)
22:47:21.207540,59,--- {si_signo=SIGCHLD, si_code=CLD_KILLED, si_pid=1022, si_status=SIGKILL, si_utime=7, si_stime=9} (Child exited) ---
22:47:21.208404,59,wait4(-1, [{WIFSIGNALED(s) && WTERMSIG(s) == SIGKILL}], WNOHANG, NULL) = 1022
22:47:21.209303,59,wait4(-1, 0xbebf22dc, WNOHANG, NULL) = 0
22:47:21.209843,59,sigreturn() = ? (mask now [INT FPE KILL PIPE ALRM CONT TSTP XCPU VTALRM PROF IO PWR RTMIN])
22:47:21.211895,59,select(24, [9 23], NULL, NULL, NULL) = ? ERESTARTNOHAND (To be restarted)
22:47:34.011980,59,--- {si_signo=SIGCHLD, si_code=CLD_KILLED, si_pid=702, si_status=SIGKILL, si_utime=21, si_stime=14} (Child exited) ---
22:47:34.012393,59,wait4(-1, [{WIFSIGNALED(s) && WTERMSIG(s) == SIGKILL}], WNOHANG, NULL) = 702
22:47:34.013087,59,wait4(-1, 0xbebf22dc, WNOHANG, NULL) = 0
22:47:34.013619,59,sigreturn() = ? (mask now [INT FPE KILL PIPE ALRM CONT TSTP XCPU VTALRM PROF IO PWR RTMIN])
22:47:34.015125,59,select(24, [9 23], NULL, NULL, NULL