01:21:48.690656,1000,futex(0xb850bf10, FUTEX_WAIT_PRIVATE, 0, NULL <unfinished ...>
01:21:48.758084,999,futex(0xb8508828, FUTEX_WAIT_PRIVATE, 0, NULL <unfinished ...>
01:21:48.759423,998,futex(0xb8503bd8, FUTEX_WAIT_PRIVATE, 0, NULL <unfinished ...>
01:21:48.759829,61,select(24, [9 23], NULL, NULL, NULL) = 1 (in [23])
01:21:52.240082,61,ioctl(23, FIONREAD, [155]) = 0
01:21:52.241175,61,recvmsg(23, {msg_name(0)=NULL, msg_iov(1)=[{"7\n--runtime-init\n--setuid=10050\n"..., 4217}], msg_controllen=0, msg_flags=0}, MSG_NOSIGNAL) = 155
01:21:52.243361,61,ioctl(23, FIONREAD, [0]) = 0
01:21:52.244887,61,futex(0xb8503bd8, FUTEX_WAKE_PRIVATE, 1 <unfinished ...>
01:21:52.245184,998,<... futex resumed> ) = 0
01:21:52.245746,61,<... futex resumed> ) = 1
01:21:52.246049,998,futex(0xb8503bc8, FUTEX_WAIT_PRIVATE, 2, NULL <unfinished ...>
01:21:52.246419,61,futex(0xb8503bc8, FUTEX_WAKE_PRIVATE, 1 <unfinished ...>
01:21:52.246688,998,<... futex resumed> ) = -1 EAGAIN (Try again)
01:21:52.247039,61,<... futex resumed> ) = 0
01:21:52.247348,998,futex(0xb8503bc8, FUTEX_WAKE_PRIVATE, 1 <unfinished ...>
01:21:52.247535,61,futex(0xb83d5da0, FUTEX_WAIT_PRIVATE, -112, NULL <unfinished ...>
01:21:52.255236,998,<... futex resumed> ) = 0
01:21:52.255850,998,futex(0xb83d5da0, FUTEX_WAKE_PRIVATE, 1) = 1
01:21:52.257126,998,munmap(0xb0e77000, 32768) = 0
01:21:52.257694,998,sigprocmask(SIG_SETMASK, ~[SEGV], NULL) = 0
01:21:52.258861,998,munmap(0xaf40e000, 1048576) = 0
01:21:52.259643,998,exit(0) = ?
01:21:52.262056,61,<... futex resumed> ) = 0
01:21:52.262378,61,futex(0xb8508828, FUTEX_WAKE_PRIVATE, 1 <unfinished ...>
01:21:52.262622,999,<... futex resumed> ) = 0
01:21:52.275582,999,futex(0xb8508818, FUTEX_WAIT_PRIVATE, 2, NULL <unfinished ...>
01:21:52.275870,61,<... futex resumed> ) = 1
01:21:52.276167,61,futex(0xb8508818, FUTEX_WAKE_PRIVATE, 1 <unfinished ...>
01:21:52.276417,999,<... futex resumed> ) = 0
01:21:52.276664,999,futex(0xb8508818, FUTEX_WAKE_PRIVATE, 1) = 0
01:21:52.277231,999,futex(0xb680b57c, FUTEX_WAIT_PRIVATE, 2, NULL <unfinished ...>
01:21:52.277452,61,<... futex resumed> ) = 1
01:21:52.277699,61,futex(0xb680b57c, FUTEX_WAKE_PRIVATE, 1 <unfinished ...>
01:21:52.277951,999,<... futex resumed> ) = 0
01:21:52.278203,999,futex(0xb680b57c, FUTEX_WAKE_PRIVATE, 1) = 0
01:21:52.278590,999,munmap(0xaf406000, 32768) = 0
01:21:52.279082,999,sigprocmask(SIG_SETMASK, ~[SEGV], NULL) = 0
01:21:52.279518,999,munmap(0xaf306000, 1048576) = 0
01:21:52.279990,999,exit(0) = ?
01:21:52.283365,61,<... futex resumed> ) = 1
01:21:52.283789,61,futex(0xb850bf10, FUTEX_WAKE_PRIVATE, 1 <unfinished ...>
01:21:52.284058,1000,<... futex resumed> ) = 0
01:21:52.285192,1000,futex(0xb850bf00, FUTEX_WAIT_PRIVATE, 2, NULL <unfinished ...>
01:21:52.285533,61,<... futex resumed> ) = 1
01:21:52.285946,61,futex(0xb850bf00, FUTEX_WAKE_PRIVATE, 1 <unfinished ...>
01:21:52.286198,1000,<... futex resumed> ) = 0
01:21:52.286431,1000,futex(0xb850bf00, FUTEX_WAKE_PRIVATE, 1) = 0
01:21:52.287052,1000,futex(0xb680b57c, FUTEX_WAIT_PRIVATE, 2, NULL <unfinished ...>
01:21:52.287277,61,<... futex resumed> ) = 1
01:21:52.287554,61,futex(0xb680b57c, FUTEX_WAKE_PRIVATE, 1 <unfinished ...>
01:21:52.287835,1000,<... futex resumed> ) = 0
01:21:52.288073,1000,futex(0xb680b57c, FUTEX_WAKE_PRIVATE, 1) = 0
01:21:52.288439,1000,munmap(0xaf2fe000, 32768) = 0
01:21:52.288973,1000,sigprocmask(SIG_SETMASK, ~[SEGV], NULL) = 0
01:21:52.289426,1000,munmap(0xaf1fe000, 1048576) = 0
01:21:52.289915,1000,exit(0) = ?
01:21:52.290434,61,<... futex resumed> ) = 1
01:21:52.290988,61,open("/proc/self/task", O_RDONLY|O_DIRECTORY) = 24
01:21:52.292098,61,getdents64(24, /* 3 entries */, 4200) = 72
01:21:52.293172,61,getdents64(24, /* 0 entries */, 4200) = 0
01:21:52.293631,61,close(24) = 0
01:21:52.294313,61,sigaction(SIGCHLD, {0xb67c33dd, [], 0}, NULL, 0) = 0
01:21:52.308163,61,fork() = 1036
01:21:52.321938,61,mmap2(NULL, 32768, PROT_READ|PROT_WRITE, MAP_PRIVATE|MAP_ANONYMOUS, -1, 0) = 0xb0e77000
01:21:52.322655,61,madvise(0xb0e77000, 32768, 0xc /* MADV_??? */) = -1 EINVAL (Invalid argument)
01:21:52.323426,61,mmap2(NULL, 1048576, PROT_READ|PROT_WRITE, MAP_PRIVATE|MAP_ANONYMOUS|MAP_NORESERVE, -1, 0) = 0xaf40e000
01:21:52.323969,61,madvise(0xaf40e000, 1048576, 0xc /* MADV_??? */) = -1 EINVAL (Invalid argument)
01:21:52.324386,61,mprotect(0xaf40e000, 4096, PROT_NONE) = 0
01:21:52.324941,61,clone( <unfinished ...>
01:21:52.336402,1036,gettid() = 1036
01:21:52.337288,1036,getuid32() = 0
01:21:52.338043,1036,open("/acct/uid/0/tasks", O_RDWR|O_CREAT, 0666) = 24
01:21:52.339275,1036,write(24, "0", 1) = 1
01:21:52.339966,1036,close(24) = 0
01:21:52.340607,1036,prctl(PR_SET_KEEPCAPS, 1) = 0
01:21:52.341318,1036,setgroups32(3, [3003, 1015, 1028]) = 0
01:21:52.342427,1036,setgid32(10050) = 0
01:21:52.342993,1036,open("/acct/uid/10050/tasks", O_RDWR|O_CREAT, 0666) = 24
01:21:52.343630,1036,write(24, "0", 1) = 1
01:21:52.344265,1036,close(24) = 0
01:21:52.344700,1036,setuid32(10050) = 0
01:21:52.345196,1036,personality(0xffffffff /* PER_??? */) = 8388608
01:21:52.345631,1036,personality(0x840000 /* PER_??? */) = 8388608
01:21:52.346072,1036,capset(0xbee93794, 0xbee937a4) = 0
01:21:52.346555,1036,gettid() = 1036
01:21:52.347063,1036,access("/dev/cpuctl/tasks", F_OK) = 0
01:21:52.354842,1036,open("/dev/cpuctl/apps/tasks", O_WRONLY) = 24
01:21:52.358653,1036,open("/dev/cpuctl/apps/bg_non_interactive/tasks", O_WRONLY) = 25
01:21:52.359367,1036,futex(0xb6e6029c, FUTEX_WAKE_PRIVATE, 2147483647) = 0
01:21:52.360592,1036,write(24, "1036", 4) = 4
01:21:52.365374,1037,futex(0xaf50df00, FUTEX_WAIT_PRIVATE, 2, NULL <unfinished ...>
01:21:52.365629,61,<... clone resumed> child_stack=0xaf50df00, flags=CLONE_VM|CLONE_FS|CLONE_FILES|CLONE_SIGHAND|CLONE_THREAD|CLONE_SYSVSEM|0x400000) = 1037
01:21:52.366234,61,futex(0xaf50df00, FUTEX_WAKE_PRIVATE, 1 <unfinished ...>
01:21:52.366476,1037,<... futex resumed> ) = 0
01:21:52.366834,1037,set_tls(0xaf50df00, 0xb83f1548, 0xaf50dffc, 0x40, 0xaf50df00) = 0
01:21:52.367462,1037,prctl(PR_SET_NAME, 0xaf50de8c, 0, 0, 0) = 0
01:21:52.368054,1037,gettid() = 1037
01:21:52.368813,1037,futex(0xb680b580, FUTEX_WAKE_PRIVATE, 2147483647) = 0
01:21:52.369228,1037,futex(0xb680b580, FUTEX_WAIT_PRIVATE, -326, NULL <unfinished ...>
01:21:52.369438,61,<... futex resumed> ) = 1
01:21:52.369760,61,futex(0xb680b580, FUTEX_WAKE_PRIVATE, 2147483647 <unfinished ...>
01:21:52.370046,1037,<... futex resumed> ) = 0
01:21:52.370287,1037,futex(0xb680b57c, FUTEX_WAIT_PRIVATE, 2, NULL <unfinished ...>
01:21:52.370503,61,<... futex resumed> ) = 1
01:21:52.370789,61,futex(0xb680b57c, FUTEX_WAKE_PRIVATE, 1 <unfinished ...>
01:21:52.371049,1037,<... futex resumed> ) = 0
01:21:52.371292,1037,futex(0xb680b57c, FUTEX_WAKE_PRIVATE, 1) = 0
01:21:52.371843,1037,getpriority(PRIO_PROCESS, 1037) = 20
01:21:52.372260,1037,setpriority(PRIO_PROCESS, 1037, 0) = 0
01:21:52.372794,1037,sched_yield() = 0
01:21:52.373183,1037,nanosleep({0, 1000000}, <unfinished ...>
01:21:52.373744,61,<... futex resumed> ) = 1
01:21:52.374229,61,mmap2(NULL, 32768, PROT_READ|PROT_WRITE, MAP_PRIVATE|MAP_ANONYMOUS, -1, 0) = 0xaf406000
01:21:52.385813,1037,<... nanosleep resumed> NULL) = 0
01:21:52.386269,1037,futex(0xb8503bd8, FUTEX_WAIT_PRIVATE, 0, NULL <unfinished ...>
01:21:52.386520,1036,gettid( <unfinished ...>
01:21:52.386750,61,madvise(0xaf406000, 32768, 0xc /* MADV_??? */) = -1 EINVAL (Invalid argument)
01:21:52.387232,61,mmap2(NULL, 1048576, PROT_READ|PROT_WRITE, MAP_PRIVATE|MAP_ANONYMOUS|MAP_NORESERVE, -1, 0) = 0xaf306000
01:21:52.387799,61,madvise(0xaf306000, 1048576, 0xc /* MADV_??? */) = -1 EINVAL (Invalid argument)
01:21:52.388262,61,mprotect(0xaf306000, 4096, PROT_NONE) = 0
01:21:52.388911,61,clone( <unfinished ...>
01:21:52.394321,1038,futex(0xaf405f00, FUTEX_WAIT_PRIVATE, 2, NULL <unfinished ...>
01:21:52.394610,61,<... clone resumed> child_stack=0xaf405f00, flags=CLONE_VM|CLONE_FS|CLONE_FILES|CLONE_SIGHAND|CLONE_THREAD|CLONE_SYSVSEM|0x400000) = 1038
01:21:52.405385,1036,<... gettid resumed> ) = 1036
01:21:52.405654,61,futex(0xaf405f00, FUTEX_WAKE_PRIVATE, 1 <unfinished ...>
01:21:52.405963,1038,<... futex resumed> ) = 0
01:21:52.406218,1038,set_tls(0xaf405f00, 0xb84c2be8, 0xaf405ffc, 0x40, 0xaf405f00) = 0
01:21:52.406685,1038,prctl(PR_SET_NAME, 0xaf405e8c, 0, 0, 0) = 0
01:21:52.407160,1038,gettid() = 1038
01:21:52.407594,1038,futex(0xb680b580, FUTEX_WAKE_PRIVATE, 2147483647) = 0
01:21:52.408038,1038,futex(0xb680b580, FUTEX_WAIT_PRIVATE, -330, NULL <unfinished ...>
01:21:52.408384,61,<... futex resumed> ) = 1
01:21:52.408635,61,futex(0xb680b580, FUTEX_WAKE_PRIVATE, 2147483647 <unfinished ...>
01:21:52.408932,1038,<... futex resumed> ) = 0
01:21:52.409175,1038,futex(0xb680b57c, FUTEX_WAIT_PRIVATE, 2, NULL <unfinished ...>
01:21:52.409389,61,<... futex resumed> ) = 1
01:21:52.409634,61,futex(0xb680b57c, FUTEX_WAKE_PRIVATE, 1 <unfinished ...>
01:21:52.409914,1038,<... futex resumed> ) = 0
01:21:52.410156,1038,futex(0xb680b57c, FUTEX_WAKE_PRIVATE, 1) = 0
01:21:52.410547,1038,getpriority(PRIO_PROCESS, 1038) = 20
01:21:52.411034,1038,setpriority(PRIO_PROCESS, 1038, 0) = 0
01:21:52.411528,1038,sched_yield() = 0
01:21:52.411958,1038,nanosleep({0, 1000000}, <unfinished ...>
01:21:52.412556,61,<... futex resumed> ) = 1
01:21:52.413006,61,mmap2(NULL, 32768, PROT_READ|PROT_WRITE, MAP_PRIVATE|MAP_ANONYMOUS, -1, 0) = 0xaf2fe000
01:21:52.413583,1038,<... nanosleep resumed> NULL) = 0
01:21:52.413973,1038,futex(0xb8508828, FUTEX_WAIT_PRIVATE, 0, NULL <unfinished ...>
01:21:52.414265,61,madvise(0xaf2fe000, 32768, 0xc /* MADV_??? */ <unfinished ...>
01:21:52.425391,1036,prctl(PR_SET_DUMPABLE, 1 <unfinished ...>
01:21:52.425660,61,<... madvise resumed> ) = -1 EINVAL (Invalid argument)
01:21:52.426077,61,mmap2(NULL, 1048576, PROT_READ|PROT_WRITE, MAP_PRIVATE|MAP_ANONYMOUS|MAP_NORESERVE, -1, 0) = 0xaf1fe000
01:21:52.426546,61,madvise(0xaf1fe000, 1048576, 0xc /* MADV_??? */) = -1 EINVAL (Invalid argument)
01:21:52.426996,61,mprotect(0xaf1fe000, 4096, PROT_NONE) = 0
01:21:52.427582,61,clone(child_stack=0xaf2fdf00, flags=CLONE_VM|CLONE_FS|CLONE_FILES|CLONE_SIGHAND|CLONE_THREAD|CLONE_SYSVSEM|0x400000) = 1039
01:21:52.429845,61,futex(0xb680b580, FUTEX_WAIT_PRIVATE, -332, NULL <unfinished ...>
01:21:52.430252,1039,set_tls(0xaf2fdf00, 0xb84ced38, 0xaf2fdffc, 0x40, 0xaf2fdf00) = 0
01:21:52.430765,1039,prctl(PR_SET_NAME, 0xaf2fde8c, 0, 0, 0) = 0
01:21:52.433529,1039,gettid() = 1039
01:21:52.434115,1039,futex(0xb680b580, FUTEX_WAKE_PRIVATE, 2147483647 <unfinished ...>
01:21:52.434400,61,<... futex resumed> ) = 0
01:21:52.434653,61,futex(0xb680b57c, FUTEX_WAIT_PRIVATE, 2, NULL <unfinished ...>
01:21:52.445656,1039,<... futex resumed> ) = 1
01:21:52.446010,1039,futex(0xb680b57c, FUTEX_WAKE_PRIVATE, 1) = 1
01:21:52.446594,1039,futex(0xb680b580, FUTEX_WAIT_PRIVATE, -334, NULL <unfinished ...>
01:21:52.446875,1036,<... prctl resumed> ) = 0
01:21:52.447065,61,<... futex resumed> ) = 0
01:21:52.447330,61,futex(0xb680b57c, FUTEX_WAKE_PRIVATE, 1) = 0
01:21:52.447812,61,futex(0xb680b580, FUTEX_WAKE_PRIVATE, 2147483647 <unfinished ...>
01:21:52.448077,1039,<... futex resumed> ) = 0
01:21:52.448309,1039,futex(0xb680b57c, FUTEX_WAIT_PRIVATE, 2, NULL <unfinished ...>
01:21:52.448516,61,<... futex resumed> ) = 1
01:21:52.448810,61,futex(0xb680b57c, FUTEX_WAKE_PRIVATE, 1 <unfinished ...>
01:21:52.449042,1039,<... futex resumed> ) = 0
01:21:52.449273,1039,futex(0xb680b57c, FUTEX_WAKE_PRIVATE, 1) = 0
01:21:52.449649,1039,getpriority(PRIO_PROCESS, 1039) = 20
01:21:52.450057,1039,setpriority(PRIO_PROCESS, 1039, 0) = 0
01:21:52.450510,1039,futex(0xb83d2450, FUTEX_WAIT_PRIVATE, 2, NULL <unfinished ...>
01:21:52.450746,61,<... futex resumed> ) = 1
01:21:52.451001,61,futex(0xb83d2450, FUTEX_WAKE_PRIVATE, 1 <unfinished ...>
01:21:52.451251,1039,<... futex resumed> ) = 0
01:21:52.451502,1039,futex(0xb83d2450, FUTEX_WAKE_PRIVATE, 1) = 0
01:21:52.451986,1039,futex(0xb850bf10, FUTEX_WAIT_PRIVATE, 0, NULL <unfinished ...>
01:21:52.452195,61,<... futex resumed> ) = 1
01:21:52.452533,61,getpgid(0xe7) = 61
01:21:52.453026,61,setpgid(1036, 61) = 0
01:21:52.453596,61,sendmsg(23, {msg_name(0)=NULL, msg_iov(1)=[{"\0\0\4\f", 4}], msg_controllen=0, msg_flags=0}, MSG_NOSIGNAL) = 4
01:21:52.454651,61,sendmsg(23, {msg_name(0)=NULL, msg_iov(1)=[{"\0", 1}], msg_controllen=0, msg_flags=0}, MSG_NOSIGNAL <unfinished ...>
01:21:52.465678,1036,setrlimit(RLIMIT_CORE, {rlim_cur=0, rlim_max=RLIM64_INFINITY} <unfinished ...>
01:21:52.466272,61,<... sendmsg resumed> ) = 1
01:21:52.466927,61,select(24, [9 23], NULL, NULL, NULL <unfinished ...>
01:21:52.468146,1036,<... setrlimit resumed> ) = 0
01:21:52.470348,1036,sigaction(SIGCHLD, {SIG_DFL, , NULL, 0) = 0
01:21:52.478346,1036,clock_gettime(CLOCK_MONOTONIC, {116, 645541238}) = 0
01:21:52.481781,1036,mmap2(NULL, 1048576, PROT_READ|PROT_WRITE, MAP_PRIVATE|MAP_ANONYMOUS|MAP_NORESERVE, -1, 0) = 0xaf40e000
01:21:52.483174,1036,madvise(0xaf40e000, 1048576, 0xc /* MADV_??? */) = -1 EINVAL (Invalid argument)
01:21:52.484898,1036,mprotect(0xaf40e000, 4096, PROT_NONE) = 0
01:21:52.485402,1036,clone(child_stack=0xaf50df00, flags=CLONE_VM|CLONE_FS|CLONE_FILES|CLONE_SIGHAND|CLONE_THREAD|CLONE_SYSVSEM|0x400000) = 1040
01:21:52.487991,1036,futex(0xb680b580, FUTEX_WAIT_PRIVATE, -324, NULL <unfinished ...>
01:21:52.495942,1040,set_tls(0xaf50df00, 0xb83f1548, 0xaf50dffc, 0x40, 0xaf50df00) = 0
01:21:52.496481,1040,prctl(PR_SET_NAME, 0xaf50deac, 0, 0, 0) = 0
01:21:52.497210,1040,mmap2(NULL, 32768, PROT_READ|PROT_WRITE, MAP_PRIVATE|MAP_ANONYMOUS, -1, 0) = 0xaf406000
01:21:52.497695,1040,madvise(0xaf406000, 32768, 0xc /* MADV_??? */) = -1 EINVAL (Invalid argument)
01:21:52.498329,1040,gettid() = 1040
01:21:52.500202,1040,getpriority(PRIO_PROCESS, 0) = 20
01:21:52.501541,1040,futex(0xb680b580, FUTEX_WAKE_PRIVATE, 2147483647 <unfinished ...>
01:21:52.501878,1036,<... futex resumed> ) = 0
01:21:52.502154,1036,futex(0xb680b57c, FUTEX_WAIT_PRIVATE, 2, NULL <unfinished ...>
01:21:52.502419,1040,<... futex resumed> ) = 1
01:21:52.502686,1040,futex(0xb680b57c, FUTEX_WAKE_PRIVATE, 1 <unfinished ...>
01:21:52.502992,1036,<... futex resumed> ) = 0
01:21:52.503264,1036,futex(0xb680b57c, FUTEX_WAKE_PRIVATE, 1) = 0
01:21:52.503731,1036,clock_gettime(CLOCK_MONOTONIC, {116, 669937734}) = 0
01:21:52.504644,1036,clock_gettime(CLOCK_MONOTONIC, {116, 670501593}) = 0
01:21:52.505400,1036,mmap2(NULL, 1048576, PROT_READ|PROT_WRITE, MAP_PRIVATE|MAP_ANONYMOUS|MAP_NORESERVE, -1, 0 <unfinished ...>
01:21:52.515943,1040,<... futex resumed> ) = 1
01:21:52.516213,1036,<... mmap2 resumed> ) = 0xaf306000
01:21:52.516481,1036,madvise(0xaf306000, 1048576, 0xc /* MADV_??? */) = -1 EINVAL (Invalid argument)
01:21:52.516962,1036,mprotect(0xaf306000, 4096, PROT_NONE) = 0
01:21:52.517516,1036,clone(child_stack=0xaf405f00, flags=CLONE_VM|CLONE_FS|CLONE_FILES|CLONE_SIGHAND|CLONE_THREAD|CLONE_SYSVSEM|0x400000) = 1041
01:21:52.522807,1036,futex(0xb680b580, FUTEX_WAIT_PRIVATE, -326, NULL <unfinished ...>
01:21:52.523136,1040,futex(0xb83d39a8, FUTEX_WAIT_PRIVATE, 0, NULL <unfinished ...>
01:21:52.528222,1041,set_tls(0xaf405f00, 0xb84c2be8, 0xaf405ffc, 0x40, 0xaf405f00) = 0
01:21:52.528685,1041,prctl(PR_SET_NAME, 0xaf405eac, 0, 0, 0) = 0
01:21:52.529177,1041,mmap2(NULL, 32768, PROT_READ|PROT_WRITE, MAP_PRIVATE|MAP_ANONYMOUS, -1, 0) = 0xaf2fe000
01:21:52.529748,1041,madvise(0xaf2fe000, 32768, 0xc /* MADV_??? */) = -1 EINVAL (Invalid argument)
01:21:52.530238,1041,gettid() = 1041
01:21:52.531225,1041,getpriority(PRIO_PROCESS, 0) = 20
01:21:52.531924,1041,futex(0xb680b580, FUTEX_WAKE_PRIVATE, 2147483647 <unfinished ...>
01:21:52.532225,1036,<... futex resumed> ) = 0
01:21:52.532514,1036,futex(0xb680b57c, FUTEX_WAIT_PRIVATE, 2, NULL <unfinished ...>
01:21:52.532824,1041,<... futex resumed> ) = 1
01:21:52.533108,1041,futex(0xb680b57c, FUTEX_WAKE_PRIVATE, 1 <unfinished ...>
01:21:52.533390,1036,<... futex resumed> ) = 0
01:21:52.533717,1036,futex(0xb680b57c, FUTEX_WAKE_PRIVATE, 1) = 0
01:21:52.534189,1036,clock_gettime(CLOCK_MONOTONIC, {116, 700011086}) = 0
01:21:52.534739,1036,clock_gettime(CLOCK_MONOTONIC, {116, 700559777}) = 0
01:21:52.545959,1041,<... futex resumed> ) = 1
01:21:52.546841,1036,mmap2(NULL, 1048576, PROT_READ|PROT_WRITE, MAP_PRIVATE|MAP_ANONYMOUS|MAP_NORESERVE, -1, 0) = 0xaf1fe000
01:21:52.547461,1036,madvise(0xaf1fe000, 1048576, 0xc /* MADV_??? */) = -1 EINVAL (Invalid argument)
01:21:52.548046,1036,mprotect(0xaf1fe000, 4096, PROT_NONE) = 0
01:21:52.548741,1036,clone(child_stack=0xaf2fdf00, flags=CLONE_VM|CLONE_FS|CLONE_FILES|CLONE_SIGHAND|CLONE_THREAD|CLONE_SYSVSEM|0x400000) = 1042
01:21:52.553411,1036,futex(0xb680b580, FUTEX_WAIT_PRIVATE, -328, NULL <unfinished ...>
01:21:52.565199,1041,rt_sigtimedwait([QUIT USR1 RT_7 RT_13 RT_15 RT_17 RT_18 RT_20 RT_21 RT_22 RT_23 RT_24 RT_26 RT_27 RT_29 RT_30], NULL, NULL, 8 <unfinished ...>
01:21:52.572515,1042,set_tls(0xaf2fdf00, 0xb84ced38, 0xaf2fdffc, 0x40, 0xaf2fdf00) = 0
01:21:52.573057,1042,prctl(PR_SET_NAME, 0xaf2fdeac, 0, 0, 0) = 0
01:21:52.573634,1042,mmap2(NULL, 32768, PROT_READ|PROT_WRITE, MAP_PRIVATE|MAP_ANONYMOUS, -1, 0) = 0xaf1f6000
01:21:52.594986,1042,madvise(0xaf1f6000, 32768, 0xc /* MADV_??? */) = -1 EINVAL (Invalid argument)
01:21:52.595898,1042,gettid() = 1042
01:21:52.596836,1042,getpriority(PRIO_PROCESS, 0) = 20
01:21:52.597375,1042,futex(0xb680b580, FUTEX_WAKE_PRIVATE, 2147483647) = 1
01:21:52.597877,1036,<... futex resumed> ) = 0
01:21:52.598155,1042,futex(0xb84c6870, FUTEX_WAIT_PRIVATE, 2, NULL <unfinished ...>
01:21:52.598441,1036,futex(0xb84c6870, FUTEX_WAKE_PRIVATE, 1 <unfinished ...>
01:21:52.598691,1042,<... futex resumed> ) = -1 EAGAIN (Try again)
01:21:52.599001,1036,<... futex resumed> ) = 0
01:21:52.599312,1042,futex(0xb84c6874, FUTEX_WAKE_PRIVATE, 2147483647 <unfinished ...>
01:21:52.599605,1036,futex(0xb84c6874, FUTEX_WAIT_PRIVATE, 0, NULL <unfinished ...>
01:21:52.599949,1042,<... futex resumed> ) = 0
01:21:52.600189,1036,<... futex resumed> ) = -1 EAGAIN (Try again)
01:21:52.600449,1042,futex(0xb84c6870, FUTEX_WAKE_PRIVATE, 1 <unfinished ...>
01:21:52.600748,1036,clock_gettime(CLOCK_MONOTONIC, <unfinished ...>
01:21:52.600997,1042,<... futex resumed> ) = 0
01:21:52.601236,1036,<... clock_gettime resumed> {116, 766805971}) = 0
01:21:52.601743,1042,socket(PF_UNIX, SOCK_STREAM, 0 <unfinished ...>
01:21:52.603364,1036,mmap2(NULL, 32768, PROT_READ|PROT_WRITE, MAP_PRIVATE|MAP_ANONYMOUS, -1, 0 <unfinished ...>
01:21:52.603807,1042,<... socket resumed> ) = 26
01:21:52.604072,1036,<... mmap2 resumed> ) = 0xaf1ee000
01:21:52.604335,1042,pipe([27, 28]) = 0
01:21:52.605077,1042,getpid() = 1036
01:21:52.605587,1042,connect(26, {sa_family=AF_UNIX, path=@"jdwp-control"...}, 15) = 0
01:21:52.607065,1042,getsockopt(26, SOL_SOCKET, SO_PEERCRED, {pid=68, uid=0, gid=0}, [12]) = 0
01:21:52.607740,1042,sendto(26, "040c", 4, 0, NULL, 0) = 4
01:21:52.609114,1042,recvmsg(26, <unfinished ...>
01:21:52.615086,1036,madvise(0xaf1ee000, 32768, 0xc /* MADV_??? */) = -1 EINVAL (Invalid argument)
01:21:52.615772,1036,mmap2(NULL, 1048576, PROT_READ|PROT_WRITE, MAP_PRIVATE|MAP_ANONYMOUS|MAP_NORESERVE, -1, 0) = 0xad261000
01:21:52.616303,1036,madvise(0xad261000, 1048576, 0xc /* MADV_??? */) = -1 EINVAL (Invalid argument)
01:21:52.619177,1036,mprotect(0xad261000, 4096, PROT_NONE) = 0
01:21:52.619692,1036,clone(child_stack=0xad360f00, flags=CLONE_VM|CLONE_FS|CLONE_FILES|CLONE_SIGHAND|CLONE_THREAD|CLONE_SYSVSEM|0x400000) = 1043
01:21:52.646051,1036,futex(0xb680b580, FUTEX_WAIT_PRIVATE, -330, NULL <unfinished ...>
01:21:52.650058,1043,set_tls(0xad360f00, 0xb83f1d38, 0xad360ffc, 0x40, 0xad360f00) = 0
01:21:52.650862,1043,prctl(PR_SET_NAME, 0xad360e8c, 0, 0, 0) = 0
01:21:52.651356,1043,gettid() = 1043
01:21:52.652043,1043,futex(0xb680b580, FUTEX_WAKE_PRIVATE, 2147483647 <unfinished ...>
01:21:52.652366,1036,<... futex resumed> ) = 0
01:21:52.652634,1036,futex(0xb680b57c, FUTEX_WAIT_PRIVATE, 2, NULL <unfinished ...>
01:21:52.652962,1043,<... futex resumed> ) = 1
01:21:52.653221,1043,futex(0xb680b57c, FUTEX_WAKE_PRIVATE, 1 <unfinished ...>
01:21:52.653478,1036,<... futex resumed> ) = 0
01:21:52.653814,1036,futex(0xb680b57c, FUTEX_WAKE_PRIVATE, 1) = 0
01:21:52.654250,1036,futex(0xb680b580, FUTEX_WAKE_PRIVATE, 2147483647) = 0
01:21:52.654849,1043,<... futex resumed> ) = 1
01:21:52.655126,1043,futex(0xb680b580, FUTEX_WAIT_PRIVATE, -332, NULL) = -1 EAGAIN (Try again)
01:21:52.655608,1043,getpriority(PRIO_PROCESS, 1043) = 20
01:21:52.656102,1043,setpriority(PRIO_PROCESS, 1043, 0) = 0
01:21:52.656782,1043,futex(0xb84d27c0, FUTEX_WAIT_PRIVATE, 0, NULL <unfinished ...>
01:21:52.745544,1036,mmap2(NULL, 32768, PROT_READ|PROT_WRITE, MAP_PRIVATE|MAP_ANONYMOUS, -1, 0) = 0xad259000
01:21:52.746142,1036,madvise(0xad259000, 32768, 0xc /* MADV_??? */) = -1 EINVAL (Invalid argument)
01:21:52.746627,1036,mmap2(NULL, 1048576, PROT_READ|PROT_WRITE, MAP_PRIVATE|MAP_ANONYMOUS|MAP_NORESERVE, -1, 0) = 0xad159000
01:21:52.747161,1036,madvise(0xad159000, 1048576, 0xc /* MADV_??? */) = -1 EINVAL (Invalid argument)
01:21:52.747749,1036,mprotect(0xad159000, 4096, PROT_NONE) = 0
01:21:52.748383,1036,clone(child_stack=0xad258f00, flags=CLONE_VM|CLONE_FS|CLONE_FILES|CLONE_SIGHAND|CLONE_THREAD|CLONE_SYSVSEM|0x400000) = 1044
01:21:52.750375,1036,futex(0xb680b580, FUTEX_WAIT_PRIVATE, -334, NULL <unfinished ...>
01:21:52.759107,1044,set_tls(0xad258f00, 0xb84e9c90, 0xad258ffc, 0x40, 0xad258f00) = 0
01:21:52.759676,1044,prctl(PR_SET_NAME, 0xad258e8c, 0, 0, 0) = 0
01:21:52.760224,1044,gettid() = 1044
01:21:52.760848,1044,futex(0xb680b580, FUTEX_WAKE_PRIVATE, 2147483647 <unfinished ...>
01:21:52.761150,1036,<... futex resumed> ) = 0
01:21:52.761433,1036,futex(0xb680b57c, FUTEX_WAIT_PRIVATE, 2, NULL <unfinished ...>
01:21:52.761700,1044,<... futex resumed> ) = 1
01:21:52.762014,1044,futex(0xb680b57c, FUTEX_WAKE_PRIVATE, 1 <unfinished ...>
01:21:52.762286,1036,<... futex resumed> ) = 0
01:21:52.762568,1036,futex(0xb680b57c, FUTEX_WAKE_PRIVATE, 1) = 0
01:21:52.763121,1036,futex(0xb680b580, FUTEX_WAKE_PRIVATE, 2147483647) = 0
01:21:52.764036,1036,mmap2(NULL, 32768, PROT_READ|PROT_WRITE, MAP_PRIVATE|MAP_ANONYMOUS, -1, 0) = 0xad151000
01:21:52.764525,1036,madvise(0xad151000, 32768, 0xc /* MADV_??? */) = -1 EINVAL (Invalid argument)
01:21:52.765029,1036,mmap2(NULL, 1048576, PROT_READ|PROT_WRITE, MAP_PRIVATE|MAP_ANONYMOUS|MAP_NORESERVE, -1, 0) = 0xad051000
01:21:52.784586,1044,<... futex resumed> ) = 1
01:21:52.784890,1036,madvise(0xad051000, 1048576, 0xc /* MADV_??? */) = -1 EINVAL (Invalid argument)
01:21:52.785378,1036,mprotect(0xad051000, 4096, PROT_NONE) = 0
01:21:52.785939,1036,clone(child_stack=0xad150f00, flags=CLONE_VM|CLONE_FS|CLONE_FILES|CLONE_SIGHAND|CLONE_THREAD|CLONE_SYSVSEM|0x400000) = 1047
01:21:52.794571,1036,futex(0xb680b580, FUTEX_WAIT_PRIVATE, -338, NULL <unfinished ...>
01:21:52.795152,1044,futex(0xb680b580, FUTEX_WAIT_PRIVATE, -336, NULL) = -1 EAGAIN (Try again)
01:21:52.804947,1044,getpriority(PRIO_PROCESS, 1044) = 20
01:21:52.805399,1044,setpriority(PRIO_PROCESS, 1044, 0) = 0
01:21:52.806011,1044,futex(0xb84ed298, FUTEX_WAIT_PRIVATE, 0, NULL <unfinished ...>
01:21:52.806311,1047,set_tls(0xad150f00, 0xb8514d90, 0xad150ffc, 0x40, 0xad150f00) = 0
01:21:52.806893,1047,prctl(PR_SET_NAME, 0xad150e8c, 0, 0, 0) = 0
01:21:52.807388,1047,gettid() = 1047
01:21:52.812551,1047,futex(0xb680b580, FUTEX_WAKE_PRIVATE, 2147483647) = 1
01:21:52.813101,1036,<... futex resumed> ) = 0
01:21:52.813413,1036,futex(0xb680b57c, FUTEX_WAIT_PRIVATE, 2, NULL <unfinished ...>
01:21:52.813744,1047,futex(0xb680b57c, FUTEX_WAKE_PRIVATE, 1) = 1
01:21:52.814196,1036,<... futex resumed> ) = 0
01:21:52.814508,1036,futex(0xb680b57c, FUTEX_WAKE_PRIVATE, 1) = 0
01:21:52.815018,1036,futex(0xb680b580, FUTEX_WAKE_PRIVATE, 2147483647) = 0
01:21:52.816019,1047,futex(0xb680b580, FUTEX_WAIT_PRIVATE, -340, NULL) = -1 EAGAIN (Try again)
01:21:52.816652,1047,getpriority(PRIO_PROCESS, 1047) = 20
01:21:52.817181,1047,setpriority(PRIO_PROCESS, 1047, 0) = 0
01:21:52.817764,1047,futex(0xb84f35f0, FUTEX_WAIT_PRIVATE, 0, NULL <unfinished ...>
01:21:52.826680,1036,close(23) = 0
01:21:52.829336,1036,close(9) = 0
01:21:52.839426,1036,open("/dev/binder", O_RDWR) = 9
01:21:52.840222,1036,fcntl64(9, F_SETFD, FD_CLOEXEC) = 0
01:21:52.840816,1036,ioctl(9, 0xc0046209, 0xbee93638) = 0
01:21:52.841965,1036,ioctl(9, 0x40046205, 0xbee9363c) = 0
01:21:52.842494,1036,mmap2(NULL, 1040384, PROT_READ, MAP_PRIVATE|MAP_NORESERVE, 9, 0) = 0xacf53000
01:21:52.843225,1036,madvise(0xacf53000, 1040384, 0xc /* MADV_??? */) = -1 EINVAL (Invalid argument)
01:21:52.843969,1036,prctl(PR_SET_NAME, 0xb84bea83, 0, 0, 0) = 0
01:21:52.844448,1036,open("/sys/qemu_trace/process_name", O_RDWR) = 23
01:21:52.845208,1036,write(23, "com.oystergame.fly\0", 19) = 19
01:21:52.845858,1036,close(23) = 0
01:21:53.046897,1036,mmap2(NULL, 1048576, PROT_READ|PROT_WRITE, MAP_PRIVATE|MAP_ANONYMOUS|MAP_NORESERVE, -1, 0) = 0xace53000
01:21:53.047538,1036,madvise(0xace53000, 1048576, 0xc /* MADV_??? */) = -1 EINVAL (Invalid argument)
01:21:53.048072,1036,mprotect(0xace53000, 4096, PROT_NONE) = 0
01:21:53.048638,1036,clone(child_stack=0xacf52f00, flags=CLONE_VM|CLONE_FS|CLONE_FILES|CLONE_SIGHAND|CLONE_THREAD|CLONE_SYSVSEM|0x400000) = 1049
01:21:53.051369,1036,writev(3, [{"\4", 1}, {"dalvikvm\0", 9}, {"Turning on JNI app bug workaroun"..., 63}], 3) = 73
01:21:53.057284,1049,set_tls(0xacf52f00, 0xb84abaa8, 0xacf52ffc, 0x40, 0xacf52f00) = 0
01:21:53.057824,1049,setpriority(PRIO_PROCESS, 0, 0) = 0
01:21:53.058365,1049,futex(0xb6e4f0b0, FUTEX_WAKE_PRIVATE, 2147483647) = 0
01:21:53.058882,1049,gettid() = 1049
01:21:53.059597,1049,write(24, "1049", 4) = 4
01:21:53.060163,1049,prctl(PR_SET_NAME, 0xb84cefa0, 0, 0, 0) = 0
01:21:53.060675,1049,mmap2(NULL, 32768, PROT_READ|PROT_WRITE, MAP_PRIVATE|MAP_ANONYMOUS, -1, 0) = 0xace4b000
01:21:53.061209,1049,madvise(0xace4b000, 32768, 0xc /* MADV_??? */) = -1 EINVAL (Invalid argument)
01:21:53.062145,1049,gettid() = 1049
01:21:53.063812,1049,getpriority(PRIO_PROCESS, 0) = 20
01:21:53.064545,1049,gettid() = 1049
01:21:53.076118,1049,gettid() = 1049
01:21:53.076682,1049,getpid() = 1036
01:21:53.077244,1049,getuid32() = 10050
01:21:53.077854,1049,write(24, "1049", 4) = 4
01:21:53.078897,1049,ioctl(9, 0xc0186201, 0xacf52e28) = 0
01:21:53.079624,1049,mmap2(NULL, 1048576, PROT_READ|PROT_WRITE, MAP_PRIVATE|MAP_ANONYMOUS|MAP_NORESERVE, -1, 0) = 0xacd4b000
01:21:53.080205,1049,madvise(0xacd4b000, 1048576, 0xc /* MADV_??? */) = -1 EINVAL (Invalid argument)
01:21:53.080671,1049,mprotect(0xacd4b000, 4096, PROT_NONE) = 0
01:21:53.081231,1049,clone(child_stack=0xace4af00, flags=CLONE_VM|CLONE_FS|CLONE_FILES|CLONE_SIGHAND|CLONE_THREAD|CLONE_SYSVSEM|0x400000) = 1050
01:21:53.083503,1049,write(24, "1049", 4) = 4
01:21:53.086221,1049,ioctl(9, 0xc0186201 <unfinished ...>
01:21:53.086781,1050,set_tls(0xace4af00, 0xb84b43d8, 0xace4affc, 0x40, 0xace4af00) = 0
01:21:53.087289,1050,setpriority(PRIO_PROCESS, 0, 0) = 0
01:21:53.087902,1050,gettid() = 1050
01:21:53.088587,1050,write(24, "1050", 4) = 4
01:21:53.089365,1050,prctl(PR_SET_NAME, 0xb84b34b8, 0, 0, 0) = 0
01:21:53.090090,1050,mmap2(NULL, 32768, PROT_READ|PROT_WRITE, MAP_PRIVATE|MAP_ANONYMOUS, -1, 0) = 0xacd43000
01:21:53.090587,1050,madvise(0xacd43000, 32768, 0xc /* MADV_??? */) = -1 EINVAL (Invalid argument)
01:21:53.091169,1050,gettid() = 1050
01:21:53.091938,1050,getpriority(PRIO_PROCESS, 0) = 20
01:21:53.092591,1050,gettid() = 1050
01:21:53.093203,1050,gettid() = 1050
01:21:53.093745,1050,getpid() = 1036
01:21:53.094232,1050,getuid32() = 10050
01:21:53.108580,1050,write(24, "1050", 4) = 4
01:21:53.109165,1050,ioctl(9, 0xc0186201, 0xace4ae28) = 0
01:21:53.109634,1050,write(24, "1050", 4) = 4
01:21:53.110226,1050,ioctl(9, 0xc0186201 <unfinished ...>
01:21:53.113341,1036,prctl(PR_SET_NAME, 0xb84a6dba, 0, 0, 0) = 0
01:21:53.114001,1036,open("/sys/qemu_trace/process_name", O_RDWR) = 23
01:21:53.115094,1036,write(23, "<pre-initialized>\0", 18) = 18
01:21:53.128316,1036,close(23) = 0
01:21:53.129621,1036,futex(0xb6e4f0c0, FUTEX_WAKE_PRIVATE, 2147483647) = 0
01:21:53.130539,1036,pipe([23, 29]) = 0
01:21:53.131139,1036,fcntl64(23, F_SETFL, O_RDONLY|O_NONBLOCK) = 0
01:21:53.131634,1036,fcntl64(29, F_SETFL, O_RDONLY|O_NONBLOCK) = 0
01:21:53.132133,1036,epoll_create(0x8) = 30
01:21:53.132657,1036,epoll_ctl(0x1e, 0x1, 0x17, 0xbee93300) = 0
01:21:53.147954,1036,gettid() = 1036
01:21:53.148493,1036,getpid() = 1036
01:21:53.149022,1036,getuid32() = 10050
01:21:53.151378,1036,getpid() = 1036
01:21:53.152092,1036,gettid() = 1036
01:21:53.152545,1036,clock_gettime(CLOCK_MONOTONIC, {117, 318385676}) = 0
01:21:53.153121,1036,ioctl(9, 0xc0186201, 0xbee931f0) = 0
01:21:53.153899,1036,clock_gettime(CLOCK_MONOTONIC, {117, 319712858}) = 0
01:21:53.165617,1036,getpid() = 1036
01:21:53.166377,1036,gettid() = 1036
01:21:53.166968,1036,clock_gettime(CLOCK_MONOTONIC, {117, 332794372}) = 0
01:21:53.167596,1036,ioctl(9, 0xc0186201 <unfinished ...>
01:21:53.174637,1049,<... ioctl resumed> , 0xacf52e28) = 0
01:21:53.175436,1049,write(24, "1049", 4) = 4
01:21:53.176274,1049,getpriority(PRIO_PROCESS, 1049) = 20
01:21:53.185900,1036,<... ioctl resumed> , 0xbee931f0) = 0
01:21:53.186223,1036,ioctl(9, 0xc0186201 <unfinished ...>
01:21:53.188485,1049,clock_gettime(CLOCK_MONOTONIC, {117, 355559024}) = 0
01:21:53.196794,1049,clock_gettime(CLOCK_MONOTONIC, {117, 389936775}) = 0
01:21:53.225441,1049,write(24, "1049", 4) = 4
01:21:53.227039,1049,ioctl(9, 0xc0186201 <unfinished ...>
01:21:53.472171,1050,<... ioctl resumed> , 0xace4ae28) = 0
01:21:53.472556,1050,write(24, "1050", 4) = 4
01:21:53.473175,1050,getpriority(PRIO_PROCESS, 1050) = 20
01:21:53.475186,1050,clock_gettime(CLOCK_MONOTONIC, {117, 641002725}) = 0
01:21:53.486159,1050,write(24, "1050", 4) = 4
01:21:53.486812,1050,ioctl(9, 0xc0186201 <unfinished ...>
01:21:53.715442,1049,<... ioctl resumed> , 0xacf52e28) = 0
01:21:53.715860,1049,write(24, "1049", 4) = 4
01:21:53.716477,1049,getpriority(PRIO_PROCESS, 1049) = 20
01:21:53.724893,1049,clock_gettime(CLOCK_MONOTONIC, {117, 901303334}) = 0
01:21:53.736251,1049,write(24, "1049", 4) = 4
01:21:53.737094,1049,ioctl(9, 0xc0186201 <unfinished ...>
01:21:53.757523,1036,<... ioctl resumed> , 0xbee931f0) = 0
01:21:53.758225,1036,clock_gettime(CLOCK_MONOTONIC, {117, 924089891}) = 0
01:21:53.758883,1036,getpid() = 1036
01:21:53.759571,1036,open("/proc/1036/cmdline", O_RDONLY) = 31
01:21:53.760395,1036,fstat64(31, {st_mode=S_IFREG|0444, st_size=0, ...}) = 0
01:21:53.761874,1036,mprotect(0xb64f4000, 4096, PROT_READ|PROT_WRITE) = 0
01:21:53.762489,1036,mprotect(0xb64f4000, 4096, PROT_READ) = 0
01:21:53.763820,1036,read(31, "<pre-initialized>\0\0\0\0\0\0\0\0\0\0\0\0\0\0\0"..., 1024) = 76
01:21:53.766013,1036,close(31) = 0
01:21:53.766544,1036,ioctl(9, 0xc0186201, 0xbee92110) = 0
01:21:53.767907,1036,ioctl(9, 0xc0186201, 0xbee92110) = 0
01:21:53.768667,1036,writev(5, [{"$Ë\0\0", 4}, {"\3\5\2\34\0\0\0android.app.IActivityMana"..., 73}], 2) = 77
01:21:53.770792,1036,mprotect(0xb15ad000, 8192, PROT_READ|PROT_WRITE) = 0
01:21:53.774303,1036,getpid() = 1036
01:21:53.785553,1036,getuid32() = 10050
01:21:53.786120,1036,getpid() = 1036
01:21:53.786595,1036,getuid32() = 10050
01:21:53.787146,1036,epoll_wait(0x1e, 0xbee931f8, 0x10, 0) = 0
01:21:53.787733,1036,clock_gettime(CLOCK_MONOTONIC, {117, 953567754}) = 0
01:21:53.790529,1036,open("/sys/kernel/debug/tracing/trace_marker", O_WRONLY) = -1 ENOENT (No such file or directory)
01:21:53.791575,1036,writev(3, [{"\6", 1}, {"Trace\0", 6}, {"error opening trace file: No suc"..., 56}], 3) = 63
01:21:53.793758,1036,getpid() = 1036
01:21:53.794305,1036,getuid32() = 10050
01:21:53.794987,1036,epoll_wait(0x1e, 0xbee931f8, 0x10, 0) = 0
01:21:53.795552,1036,clock_gettime(CLOCK_MONOTONIC, {117, 961428571}) = 0
01:21:53.804698,1036,prctl(PR_SET_NAME, 0xb84b0b2b, 0, 0, 0) = 0
01:21:53.805292,1036,open("/sys/qemu_trace/process_name", O_RDWR) = 31
01:21:53.806072,1036,write(31, "com.oystergame.fly\0", 19) = 19
01:21:53.806699,1036,close(31) = 0
01:21:53.810620,1036,ioctl(9, 0xc0186201, 0xbee930c8) = 0
01:21:53.811880,1036,ioctl(9, 0xc0186201, 0xbee93108) = 0
01:21:53.812731,1036,ioctl(9, 0xc0186201, 0xbee93108) = 0
01:21:53.813372,1036,ioctl(9, 0xc0186201, 0xbee930c8) = 0
01:21:53.814272,1036,ioctl(9, 0xc0186201, 0xbee930c8) = 0
01:21:53.814969,1036,dup(31) = 32
01:21:53.827378,1036,mmap2(NULL, 4096, PROT_READ, MAP_SHARED, 32, 0) = 0xacd42000
01:21:53.828007,1036,close(31) = 0
01:21:53.828820,1036,dup(32) = 31
01:21:53.830096,1036,getpid() = 1036
01:21:53.830561,1036,gettid() = 1036
01:21:53.831070,1036,clock_gettime(CLOCK_MONOTONIC, {117, 996940976}) = 0
01:21:53.831660,1036,ioctl(9, 0xc0186201, 0xbee931f0) = 0
01:21:53.833007,1036,ioctl(9, 0xc0186201, 0xbee931f0) = 0
01:21:53.834010,1036,clock_gettime(CLOCK_MONOTONIC, {117, 999825033}) = 0
01:21:53.877316,1036,getuid32() = 10050
01:21:53.879038,1036,stat64("/system/framework/framework-res.apk", {st_mode=S_IFREG|0644, st_size=8749696, ...}) = 0
01:21:53.880451,1036,access("/vendor/overlay/framework/framework-res.apk", R_OK) = -1 ENOENT (No such file or directory)
01:21:53.881427,1036,stat64("/data/app/com.oystergame.fly-1.apk", {st_mode=S_IFREG|0644, st_size=2201746, ...}) = 0
01:21:53.883867,1036,stat64("/system/framework/framework-res.apk", {st_mode=S_IFREG|0644, st_size=8749696, ...}) = 0
01:21:53.896523,1036,stat64("/data/app/com.oystergame.fly-1.apk", {st_mode=S_IFREG|0644, st_size=2201746, ...}) = 0
01:21:53.897997,1036,open("/data/app/com.oystergame.fly-1.apk", O_RDONLY) = 33
01:21:53.898718,1036,_llseek(33, 0, [2201746], SEEK_END) = 0
01:21:53.899413,1036,mmap2(NULL, 69632, PROT_READ|PROT_WRITE, MAP_PRIVATE|MAP_ANONYMOUS, -1, 0) = 0xacd31000
01:21:53.900327,1036,madvise(0xacd31000, 69632, 0xc /* MADV_??? */) = -1 EINVAL (Invalid argument)
01:21:53.900998,1036,_llseek(33, 0, [0], SEEK_SET) = 0
01:21:53.901578,1036,read(33, "PK\3\4", 4) = 4
01:21:53.902159,1036,_llseek(33, 2136189, [2136189], SEEK_SET) = 0
01:21:53.902677,1036,read(33, "\nì¶îCþðFë\24ëtäWÎ²~\vÆY¿±æ\203\202¼¯áX8:o"..., 65557) = 65557
01:21:53.903810,1036,munmap(0xacd31000, 69632) = 0
01:21:53.904449,1036,mmap2(NULL, 2172, PROT_READ, MAP_SHARED, 33, 0x219) = 0xacd41000
01:21:53.905112,1036,pread(33, "PK\3\4\n\0\0\0\0\0&¹u@¿à®\nÈ\24\0\0È\24\0\0\16\0\2\0", 30, 4982582970155008) = 30
01:21:53.915843,1036,mmap2(NULL, 6296, PROT_READ, MAP_SHARED, 33, 0x11b) = 0xacd3f000
01:21:53.917600,1036,gettimeofday({1741569713, 917985}, NULL) = 0
01:21:53.919015,1036,access("/data/data/com.oystergame.fly/cache", F_OK) = -1 ENOENT (No such file or directory)
01:21:53.921181,1036,access("/data/data/com.oystergame.fly/cache", F_OK) = -1 ENOENT (No such file or directory)
01:21:53.922449,1036,mkdir("/data/data/com.oystergame.fly/cache", 0700) = 0
01:21:53.923945,1036,chmod("/data/data/com.oystergame.fly/cache", 0771) = 0
01:21:53.935723,1036,getuid32() = 10050
01:21:53.936384,1036,getuid32() = 10050
01:21:53.937716,1036,getpid() = 1036
01:21:53.938259,1036,gettid() = 1036
01:21:53.938769,1036,clock_gettime(CLOCK_MONOTONIC, {118, 104595625}) = 0
01:21:53.939312,1036,ioctl(9, 0xc0186201, 0xbee931f0) = 0
01:21:53.940985,1036,clock_gettime(CLOCK_MONOTONIC, {118, 106811846}) = 0
01:21:53.942981,1036,access("/data/data/com.oystergame.fly/cache/com.android.renderscript.cache", F_OK) = -1 ENOENT (No such file or directory)
01:21:53.944200,1036,mkdir("/data/data/com.oystergame.fly/cache/com.android.renderscript.cache", 0700) = 0
01:21:53.973140,1036,getpid() = 1036
01:21:53.976825,1036,gettid() = 1036
01:21:53.985008,1036,clock_gettime(CLOCK_MONOTONIC, {118, 150973072}) = 0
01:21:53.985776,1036,ioctl(9, 0xc0186201, 0xbee931f0) = 0
01:21:53.986563,1036,clock_gettime(CLOCK_MONOTONIC, {118, 152419752}) = 0
01:21:53.987937,1036,getpid() = 1036
01:21:53.988474,1036,gettid() = 1036
01:21:53.988970,1036,clock_gettime(CLOCK_MONOTONIC, {118, 154783895}) = 0
01:21:53.989497,1036,ioctl(9, 0xc0186201, 0xbee931f0) = 0
01:21:53.990640,1036,clock_gettime(CLOCK_MONOTONIC, {118, 156497404}) = 0
01:21:53.992929,1036,writev(3, [{"\5", 1}, {"DroidBox\0", 9}, {"DroidBox: { \"DexClassLoader\": { "..., 81}], 3) = 91
01:21:54.008553,1036,access("/data/app/com.oystergame.fly-1.apk", F_OK) = 0
01:21:54.016767,1036,access("/data/app/com.oystergame.fly-1.apk", R_OK) = 0
01:21:54.017664,1036,stat64("/data/app/com.oystergame.fly-1.apk", {st_mode=S_IFREG|0644, st_size=2201746, ...}) = 0
01:21:54.019859,1036,open("/data/app/com.oystergame.fly-1.apk", O_RDONLY) = 34
01:21:54.020816,1036,fstat64(34, {st_mode=S_IFREG|0644, st_size=2201746, ...}) = 0
01:21:54.021988,1036,fstat64(34, {st_mode=S_IFREG|0644, st_size=2201746, ...}) = 0
01:21:54.023200,1036,_llseek(34, 2201724, [2201724], SEEK_SET) = 0
01:21:54.024645,1036,read(34, "PK\5\6", 4) = 4
01:21:54.025295,1036,fgetxattr(34, "user.taint", 0xbee93484, 4) = -1 ENODATA (No data available)
01:21:54.027185,1036,clock_gettime(CLOCK_MONOTONIC, {118, 193005624}) = 0
01:21:54.037533,1036,getpid() = 1036
01:21:54.038143,1036,readlink("/proc/1036/fd/34", "/data/app/com.oystergame.fly-1.apk", 120) = 34
01:21:54.039880,1036,read(34, "\0\0\0\0\24\0\24\0\\\5\0\0 \223!\0\0\0", 18) = 18
01:21:54.040519,1036,fgetxattr(34, "user.taint", 0xbee93484, 4) = -1 ENODATA (No data available)
01:21:54.042265,1036,clock_gettime(CLOCK_MONOTONIC, {118, 208091964}) = 0
01:21:54.042897,1036,getpid() = 1036
01:21:54.043442,1036,readlink("/proc/1036/fd/34", "/data/app/com.oystergame.fly-1.apk", 120) = 34
01:21:54.044605,1036,fstat64(34, {st_mode=S_IFREG|0644, st_size=2201746, ...}) = 0
01:21:54.056042,1036,_llseek(34, 2200352, [2200352], SEEK_SET) = 0
01:21:54.056764,1036,read(34, "PK\1\2\n\0\n\0\0\0\0\0²}E@?\\¯\222/Z\21\0/Z\21\0\23\0\4\0"..., 1394) = 1394
01:21:54.057651,1036,fgetxattr(34, "user.taint", 0xbee93484, 4) = -1 ENODATA (No data available)
01:21:54.060427,1036,clock_gettime(CLOCK_MONOTONIC, {118, 226446744}) = 0
01:21:54.061315,1036,getpid() = 1036
01:21:54.062346,1036,readlink("/proc/1036/fd/34", "/data/app/com.oystergame.fly-1.apk", 120) = 34
01:21:54.077203,1036,open("/data/app/com.oystergame.fly-1.apk", O_RDONLY) = 35
01:21:54.078028,1036,lseek(35, 0, SEEK_END) = 2201746
01:21:54.078682,1036,mmap2(NULL, 69632, PROT_READ|PROT_WRITE, MAP_PRIVATE|MAP_ANONYMOUS, -1, 0) = 0xacd2e000
01:21:54.079282,1036,madvise(0xacd2e000, 69632, 0xc /* MADV_??? */) = -1 EINVAL (Invalid argument)
01:21:54.079971,1036,lseek(35, 2136189, SEEK_SET) = 2136189
01:21:54.080507,1036,read(35, "\nì¶îCþðFë\24ëtäWÎ²~\vÆY¿±æ\203\202¼¯áX8:o"..., 65557) = 65557
01:21:54.081491,1036,mmap2(NULL, 2172, PROT_READ, MAP_SHARED, 35, 0x219) = 0xacd2d000
01:21:54.082025,1036,munmap(0xacd2e000, 69632) = 0
01:21:54.082594,1036,fcntl64(35, F_GETFD) = 0
01:21:54.083153,1036,fcntl64(35, F_SETFD, FD_CLOEXEC) = 0
01:21:54.083864,1036,open("/data/app/com.oystergame.fly-1.odex", O_RDONLY) = -1 ENOENT (No such file or directory)
01:21:54.085022,1036,open("/data/dalvik-cache/data@app@com.oystergame.fly-1.apk@classes.dex", O_RDWR|O_CREAT, 0644) = -1 EACCES (Permission denied)
01:21:54.095581,1036,open("/data/dalvik-cache/data@app@com.oystergame.fly-1.apk@classes.dex", O_RDONLY) = 36
01:21:54.096913,1036,flock(36, LOCK_EX|LOCK_NB) = 0
01:21:54.097786,1036,fstat64(36, {st_mode=S_IFREG|0644, st_size=1195792, ...}) = 0
01:21:54.098838,1036,stat64("/data/dalvik-cache/data@app@com.oystergame.fly-1.apk@classes.dex", {st_mode=S_IFREG|0644, st_size=1195792, ...}) = 0
01:21:54.100482,1036,lseek(36, 0, SEEK_SET) = 0
01:21:54.101122,1036,read(36, "dey\n036\0(\0\0\0øÜ\21\0 Ý\21\0Ö\1\0\0øÞ\21\0\30`\0\0"..., 40) = 40
01:21:54.102092,1036,lseek(36, 1170720, SEEK_SET) = 1170720
01:21:54.102667,1036,read(36, "-¹u@Ó\33ã\230\34\0\0\0\10\0\0\0\34\0\0\0/system/fram"..., 470) = 470
01:21:54.104172,1036,lseek(36, 0, SEEK_SET) = 0
01:21:54.104669,1036,lseek(36, 0, SEEK_CUR) = 0
01:21:54.114626,1036,lseek(36, 0, SEEK_END) = 1195792
01:21:54.115352,1036,lseek(36, 0, SEEK_SET) = 0
01:21:54.116018,1036,mmap2(NULL, 1195792, PROT_READ|PROT_WRITE, MAP_PRIVATE, 36, 0) = 0xacc09000
01:21:54.116542,1036,madvise(0xacc09000, 1195792, 0xc /* MADV_??? */) = -1 EINVAL (Invalid argument)
01:21:54.117054,1036,mprotect(0xacc09000, 1195792, PROT_READ) = 0
01:21:54.117654,1036,open("/dev/ashmem", O_RDWR) = 37
01:21:54.118281,1036,ioctl(37, 0x41007701, 0xbee93254) = 0
01:21:54.118819,1036,ioctl(37, 0x40047703, 0x17000) = 0
01:21:54.119579,1036,mmap2(NULL, 94208, PROT_READ|PROT_WRITE, MAP_PRIVATE, 37, 0) = 0xacbf2000
01:21:54.120263,1036,madvise(0xacbf2000, 94208, 0xc /* MADV_??? */) = -1 EINVAL (Invalid argument)
01:21:54.120771,1036,close(37) = 0
01:21:54.121450,1036,flock(36, LOCK_UN) = 0
01:21:54.122035,1036,close(36) = 0
01:21:54.123908,1036,access("/data/data/com.oystergame.fly/lib", F_OK) = 0
01:21:54.124775,1036,access("/data/data/com.oystergame.fly/lib", R_OK) = 0
01:21:54.135701,1036,stat64("/data/data/com.oystergame.fly/lib", {st_mode=S_IFDIR|0755, st_size=4096, ...}) = 0
01:21:54.137984,1036,access("/vendor/lib", F_OK) = -1 ENOENT (No such file or directory)
01:21:54.138833,1036,access("/system/lib", F_OK) = 0
01:21:54.139849,1036,access("/system/lib", R_OK) = 0
01:21:54.140442,1036,stat64("/system/lib", {st_mode=S_IFDIR|0755, st_size=8192, ...}) = 0
01:21:54.141774,1036,getuid32() = 10050
01:21:54.142751,1036,getpid() = 1036
01:21:54.143346,1036,gettid() = 1036
01:21:54.143880,1036,clock_gettime(CLOCK_MONOTONIC, {118, 309727875}) = 0
01:21:54.144467,1036,ioctl(9, 0xc0186201, 0xbee931f0) = 0
01:21:54.148098,1036,ioctl(9, 0xc0186201, 0xbee931f0) = 0
01:21:54.161134,1036,clock_gettime(CLOCK_MONOTONIC, {118, 326992336}) = 0
01:21:54.164853,1036,gettimeofday({1741569714, 165258}, NULL) = 0
01:21:54.166306,1036,getpid() = 1036
01:21:54.167010,1036,getuid32() = 10050
01:21:54.167517,1036,epoll_wait(0x1e, 0xbee931f8, 0x10, 0) = 0
01:21:54.168087,1036,clock_gettime(CLOCK_MONOTONIC, {118, 333900424}) = 0
01:21:54.169041,1036,getpid() = 1036
01:21:54.169524,1036,gettid() = 1036
01:21:54.170037,1036,clock_gettime(CLOCK_MONOTONIC, {118, 335854797}) = 0
01:21:54.170585,1036,ioctl(9, 0xc0186201, 0xbee931f0) = 0
01:21:54.172153,1036,ioctl(9, 0xc0186201, 0xbee931f0) = 0
01:21:54.172651,1036,clock_gettime(CLOCK_MONOTONIC, {118, 338505797}) = 0
01:21:54.174312,1036,getpid() = 1036
01:21:54.174831,1036,getuid32() = 10050
01:21:54.175340,1036,epoll_wait(0x1e, 0xbee931f8, 0x10, 0) = 0
01:21:54.178150,1036,clock_gettime(CLOCK_MONOTONIC, {118, 350243487}) = 0
01:21:54.185741,1036,stat64("/system/framework/framework-res.apk", {st_mode=S_IFREG|0644, st_size=8749696, ...}) = 0
01:21:54.196097,1036,stat64("/data/app/com.oystergame.fly-1.apk", {st_mode=S_IFREG|0644, st_size=2201746, ...}) = 0
01:21:54.225835,1036,mprotect(0xb15ae000, 8192, PROT_READ|PROT_WRITE) = 0
01:21:54.235283,1036,gettimeofday({1741569714, 235471}, NULL) = 0
01:21:54.245732,1036,getuid32() = 10050
01:21:54.246353,1036,stat64("/system/framework/framework-res.apk", {st_mode=S_IFREG|0644, st_size=8749696, ...}) = 0
01:21:54.256443,1036,stat64("/data/app/com.oystergame.fly-1.apk", {st_mode=S_IFREG|0644, st_size=2201746, ...}) = 0
01:21:54.265648,1036,getpid() = 1036
01:21:54.266195,1036,gettid() = 1036
01:21:54.266649,1036,clock_gettime(CLOCK_MONOTONIC, {118, 432502049}) = 0
01:21:54.267219,1036,ioctl(9, 0xc0186201, 0xbee931f0) = 0
01:21:54.277990,1036,ioctl(9, 0xc0186201, 0xbee931f0) = 0
01:21:54.278542,1036,clock_gettime(CLOCK_MONOTONIC, {118, 444386517}) = 0
01:21:54.279613,1036,getpid() = 1036
01:21:54.280133,1036,gettid() = 1036
01:21:54.280583,1036,clock_gettime(CLOCK_MONOTONIC, {118, 446438421}) = 0
01:21:54.281246,1036,ioctl(9, 0xc0186201, 0xbee931f0) = 0
01:21:54.282548,1036,ioctl(9, 0xc0186201, 0xbee931f0) = 0
01:21:54.283391,1036,clock_gettime(CLOCK_MONOTONIC, {118, 449372026}) = 0
01:21:54.294636,1036,getpid() = 1036
01:21:54.295392,1036,gettid() = 1036
01:21:54.296011,1036,clock_gettime(CLOCK_MONOTONIC, {118, 461826334}) = 0
01:21:54.296543,1036,ioctl(9, 0xc0186201, 0xbee931f0) = 0
01:21:54.297130,1036,ioctl(9, 0xc0186201, 0xbee931f0) = 0
01:21:54.301211,1036,clock_gettime(CLOCK_MONOTONIC, {118, 467028961}) = 0
01:21:54.302396,1036,getpid() = 1036
01:21:54.302925,1036,gettid() = 1036
01:21:54.303397,1036,clock_gettime(CLOCK_MONOTONIC, {118, 469217626}) = 0
01:21:54.304235,1036,ioctl(9, 0xc0186201, 0xbee931f0) = 0
01:21:54.305525,1036,ioctl(9, 0xc0186201, 0xbee931f0) = 0
01:21:54.306433,1036,clock_gettime(CLOCK_MONOTONIC, {118, 472289898}) = 0
01:21:54.311276,1036,pread(18, "PK\3\4\24\0\10\0\10\0\31\r\2208¿Ìm\4»\1\0\0 \3\0\0\34\0\0\0", 30, 13579900610936832) = 30
01:21:54.312279,1036,mmap2(NULL, 4302, PROT_READ, MAP_SHARED, 18, 0x303) = 0xb0e7d000
01:21:54.313649,1036,munmap(0xb0e7d000, 4302) = 0
01:21:54.324499,1036,clock_gettime(CLOCK_MONOTONIC, {118, 490369080}) = 0
01:21:54.326812,1036,pread(33, "PK\3\4\24\0\10\0\10\0-¹u@Ì e\227ß\0\0\0È\1\0\0\23\0\0\0", 30, 4960141766033408) = 30
01:21:54.327675,1036,mmap2(NULL, 4169, PROT_READ, MAP_SHARED, 33, 0x119) = 0xb0e7d000
01:21:54.328592,1036,munmap(0xb0e7d000, 4169) = 0
01:21:54.331916,1036,clock_gettime(CLOCK_MONOTONIC, {118, 497744758}) = 0
01:21:54.332485,1036,getpriority(PRIO_PROCESS, 0) = 20
01:21:54.333030,1036,madvise(0xb2374000, 3107101, MADV_NORMAL) = 0
01:21:54.373552,1036,madvise(0xb3374000, 786432, MADV_DONTNEED) = 0
01:21:54.374265,1036,madvise(0xb2374000, 16777216, MADV_DONTNEED) = 0
01:21:54.374935,1036,futex(0xb680b58c, FUTEX_WAKE_PRIVATE, 2147483647) = 0
01:21:54.385348,1036,clock_gettime(CLOCK_MONOTONIC, {118, 551198094}) = 0
01:21:54.386180,1036,futex(0xb84d27c0, FUTEX_WAKE_PRIVATE, 1) = 1
01:21:54.386846,1043,<... futex resumed> ) = 0
01:21:54.387227,1036,clock_gettime(CLOCK_MONOTONIC, <unfinished ...>
01:21:54.387571,1043,futex(0xb84ed298, FUTEX_WAKE_PRIVATE, 1 <unfinished ...>
01:21:54.387904,1036,<... clock_gettime resumed> {118, 553460843}) = 0
01:21:54.388307,1043,<... futex resumed> ) = 1
01:21:54.388709,1036,writev(3, [{"\3", 1}, {"dalvikvm\0", 9}, {"GC_FOR_ALLOC freed 67K, 4% free "..., 69}], 3 <unfinished ...>
01:21:54.389408,1044,<... futex resumed> ) = 0
01:21:54.389901,1043,futex(0xb84d27c0, FUTEX_WAIT_PRIVATE, -2, NULL <unfinished ...>
01:21:54.390377,1044,clock_gettime(CLOCK_MONOTONIC, <unfinished ...>
01:21:54.390651,1036,<... writev resumed> ) = 79
01:21:54.390996,1044,<... clock_gettime resumed> {118, 556568554}) = 0
01:21:54.391353,1036,mprotect(0xb3d55000, 1052672, PROT_READ|PROT_WRITE <unfinished ...>
01:21:54.392073,1044,futex(0xb84f35f0, FUTEX_WAKE_PRIVATE, 1 <unfinished ...>
01:21:54.392381,1036,<... mprotect resumed> ) = 0
01:21:54.392630,1044,<... futex resumed> ) = 1
01:21:54.393021,1036,mprotect(0xb3e56000, 40493056, PROT_NONE <unfinished ...>
01:21:54.393302,1047,<... futex resumed> ) = 0
01:21:54.393662,1044,gettid( <unfinished ...>
01:21:54.393956,1036,<... mprotect resumed> ) = 0
01:21:54.394239,1047,clock_gettime(CLOCK_MONOTONIC, <unfinished ...>
01:21:54.394477,1044,<... gettid resumed> ) = 1044
01:21:54.395131,1047,<... clock_gettime resumed> {118, 560704272}) = 0
01:21:54.395483,1044,getpid( <unfinished ...>
01:21:54.395802,1047,clock_gettime(CLOCK_MONOTONIC, <unfinished ...>
01:21:54.396041,1044,<... getpid resumed> ) = 1036
01:21:54.396284,1047,<... clock_gettime resumed> {118, 561857906}) = 0
01:21:54.396707,1044,getuid32( <unfinished ...>
01:21:54.397142,1047,clock_gettime(CLOCK_MONOTONIC, <unfinished ...>
01:21:54.397382,1044,<... getuid32 resumed> ) = 10050
01:21:54.397672,1047,<... clock_gettime resumed> {118, 563202036}) = 0
01:21:54.398097,1044,ioctl(9, 0xc0186201 <unfinished ...>
01:21:54.398477,1047,futex(0xb84f35f0, FUTEX_WAIT_PRIVATE, -2, {9, 994655870} <unfinished ...>
01:21:54.398912,1044,<... ioctl resumed> , 0xad258a58) = 0
01:21:54.399256,1044,clock_gettime(CLOCK_MONOTONIC, {118, 565113191}) = 0
01:21:54.400018,1044,clock_gettime(CLOCK_MONOTONIC, {118, 565831527}) = 0
01:21:54.400566,1044,clock_gettime(CLOCK_MONOTONIC, {118, 566441229}) = 0
01:21:54.401184,1044,clock_gettime(CLOCK_MONOTONIC, {118, 566996616}) = 0
01:21:54.401768,1044,clock_gettime(CLOCK_MONOTONIC, {118, 567580782}) = 0
01:21:54.402309,1044,clock_gettime(CLOCK_MONOTONIC, {118, 568121669}) = 0
01:21:54.402903,1044,clock_gettime(CLOCK_MONOTONIC, {118, 568715763}) = 0
01:21:54.403445,1044,clock_gettime(CLOCK_MONOTONIC, {118, 569256853}) = 0
01:21:54.404074,1044,clock_gettime(CLOCK_MONOTONIC, {118, 569887266}) = 0
01:21:54.404616,1044,clock_gettime(CLOCK_MONOTONIC, {118, 570467702}) = 0
01:21:54.405174,1044,clock_gettime(CLOCK_MONOTONIC, {118, 571097372}) = 0
01:21:54.416197,1044,futex(0xb84ed298, FUTEX_WAIT_PRIVATE, -2, NULL <unfinished ...>
01:21:54.462787,1036,futex(0xb83d39a8, FUTEX_WAKE_PRIVATE, 1 <unfinished ...>
01:21:54.463113,1040,<... futex resumed> ) = 0
01:21:54.463468,1040,futex(0xb680b5f4, FUTEX_WAIT_PRIVATE, 2, NULL <unfinished ...>
01:21:54.463949,1036,<... futex resumed> ) = 1
01:21:54.464510,1036,writev(3, [{"\4", 1}, {"dalvikvm-heap\0", 14}, {"Grow heap (frag case) to 9.176MB"..., 60}], 3) = 75
01:21:54.485089,1036,futex(0xb680b5f4, FUTEX_WAKE_PRIVATE, 1) = 1
01:21:54.496043,1040,<... futex resumed> ) = 0
01:21:54.496619,1036,clock_gettime(CLOCK_MONOTONIC, <unfinished ...>
01:21:54.497041,1040,futex(0xb680b5f4, FUTEX_WAIT_PRIVATE, 2, NULL <unfinished ...>
01:21:54.497316,1036,<... clock_gettime resumed> {118, 662871666}) = 0
01:21:54.497841,1036,getpriority(PRIO_PROCESS, 0) = 20
01:21:54.498322,1036,madvise(0xb2374000, 3207722, MADV_NORMAL) = 0
01:21:54.543381,1036,madvise(0xb3434000, 786432, MADV_DONTNEED) = 0
01:21:54.544529,1036,madvise(0xb2374000, 16777216, MADV_DONTNEED) = 0
01:21:54.545115,1036,futex(0xb680b58c, FUTEX_WAKE_PRIVATE, 2147483647) = 0
01:21:54.545588,1036,clock_gettime(CLOCK_MONOTONIC, {118, 711446647}) = 0
01:21:54.555073,1036,clock_gettime(CLOCK_MONOTONIC, {118, 720899387}) = 0
01:21:54.555790,1036,writev(3, [{"\3", 1}, {"dalvikvm\0", 9}, {"GC_FOR_ALLOC freed 2K, 4% free 9"..., 68}], 3) = 78
01:21:54.557038,1036,futex(0xb680b5f4, FUTEX_WAKE_PRIVATE, 1) = 1
01:21:54.557637,1040,<... futex resumed> ) = 0
01:21:54.558458,1036,mprotect(0xb15af000, 8192, PROT_READ|PROT_WRITE <unfinished ...>
01:21:54.558969,1040,clock_gettime(CLOCK_MONOTONIC, <unfinished ...>
01:21:54.559264,1036,<... mprotect resumed> ) = 0
01:21:54.559532,1040,<... clock_gettime resumed> {118, 725080227}) = 0
01:21:54.560475,1036,futex(0xb680b5f4, FUTEX_WAIT_PRIVATE, 2, NULL <unfinished ...>
01:21:54.560906,1040,madvise(0xb2374000, 3381709, MADV_NORMAL) = 0
01:21:54.611392,1040,futex(0xb680b5f4, FUTEX_WAKE_PRIVATE, 1 <unfinished ...>
01:21:54.611805,1036,<... futex resumed> ) = 0
01:21:54.612095,1036,futex(0xb680b58c, FUTEX_WAIT_PRIVATE, -438, NULL <unfinished ...>
01:21:54.612427,1040,<... futex resumed> ) = 1
01:21:54.613226,1040,futex(0xb680b58c, FUTEX_WAKE_PRIVATE, 2147483647 <unfinished ...>
01:21:54.613513,1036,<... futex resumed> ) = 0
01:21:54.613828,1036,futex(0xb680b588, FUTEX_WAIT_PRIVATE, 2, NULL <unfinished ...>
01:21:54.614091,1040,<... futex resumed> ) = 1
01:21:54.614433,1040,futex(0xb680b588, FUTEX_WAKE_PRIVATE, 1 <unfinished ...>
01:21:54.614726,1036,<... futex resumed> ) = 0
01:21:54.624972,1036,futex(0xb680b588, FUTEX_WAKE_PRIVATE, 1 <unfinished ...>
01:21:54.625235,1040,<... futex resumed> ) = 1
01:21:54.625568,1036,<... futex resumed> ) = 0
01:21:54.625886,1040,clock_gettime(CLOCK_MONOTONIC, <unfinished ...>
01:21:54.626240,1036,futex(0xb680b5f4, FUTEX_WAKE_PRIVATE, 1 <unfinished ...>
01:21:54.626519,1040,<... clock_gettime resumed> {118, 792084849}) = 0
01:21:54.626883,1036,<... futex resumed> ) = 0
01:21:54.645964,1036,mprotect(0xb15b0000, 8192, PROT_READ|PROT_WRITE) = 0
01:21:54.648148,1036,access("/data/data/com.oystergame.fly/lib/liboystergame1native.so", F_OK) = 0
01:21:54.649190,1036,stat64("/data/data/com.oystergame.fly/lib/liboystergame1native.so", {st_mode=S_IFREG|0755, st_size=1031256, ...}) = 0
01:21:54.650666,1036,access("/data/data/com.oystergame.fly/lib/liboystergame1native.so", R_OK) = 0
01:21:54.651664,1036,writev(3, [{"\3", 1}, {"dalvikvm\0", 9}, {"Trying to load lib /data/data/co"..., 88}], 3) = 98
01:21:54.652856,1036,writev(3, [{"\5", 1}, {"dalvikvm\0", 9}, {"Denying lib /data/data/com.oyste"..., 94}], 3) = 104
01:21:54.654236,1036,writev(3, [{"\5", 1}, {"dalvikvm\0", 9}, {"Exception Ljava/lang/Unsatisfied"..., 104}], 3 <unfinished ...>
01:21:54.666541,1040,clock_gettime(CLOCK_MONOTONIC, {118, 832530160}) = 0
01:21:54.667370,1036,<... writev resumed> ) = 114
01:21:54.667840,1040,clock_gettime(CLOCK_MONOTONIC, <unfinished ...>
01:21:54.668291,1036,futex(0xb680b5f4, FUTEX_WAIT_PRIVATE, 2, NULL <unfinished ...>
01:21:54.668587,1040,<... clock_gettime resumed> {118, 834112630}) = 0
01:21:54.669048,1040,clock_gettime(CLOCK_MONOTONIC, {118, 834862262}) = 0
01:21:54.669617,1040,nanosleep({0, 10000000}, 0xaf50dd88) = 0
01:21:54.684360,1040,futex(0xb680b5f4, FUTEX_WAKE_PRIVATE, 1) = 1
01:21:54.685074,1036,<... futex resumed> ) = 0
01:21:54.685364,1040,futex(0xb680b58c, FUTEX_WAKE_PRIVATE, 2147483647 <unfinished ...>
01:21:54.685668,1036,futex(0xb680b5f4, FUTEX_WAKE_PRIVATE, 1 <unfinished ...>
01:21:54.685960,1040,<... futex resumed> ) = 0
01:21:54.686343,1036,<... futex resumed> ) = 0
01:21:54.686646,1040,clock_gettime(CLOCK_MONOTONIC, {118, 853235127}) = 0
01:21:54.688516,1036,writev(3, [{"\3", 1}, {"AndroidRuntime\0", 15}, {"Shutting down VM\n\0", 18}], 3 <unfinished ...>
01:21:54.689364,1040,madvise(0xb3374000, 786432, MADV_DONTNEED) = 0
01:21:54.690049,1036,<... writev resumed> ) = 34
01:21:54.690385,1040,madvise(0xb2374000, 16777216, MADV_DONTNEED <unfinished ...>
01:21:54.690880,1036,writev(3, [{"\5", 1}, {"dalvikvm\0", 9}, {"threadid=1: thread exiting with "..., 70}], 3 <unfinished ...>
01:21:54.691571,1040,<... madvise resumed> ) = 0
01:21:54.693231,1040,futex(0xb680b5f8, FUTEX_WAKE_PRIVATE, 2147483647 <unfinished ...>
01:21:54.694266,1036,<... writev resumed> ) = 80
01:21:54.694528,1040,<... futex resumed> ) = 0
01:21:54.695023,1036,futex(0xb680b5f4, FUTEX_WAIT_PRIVATE, 2, NULL <unfinished ...>
01:21:54.705057,1040,clock_gettime(CLOCK_MONOTONIC, {118, 872840056}) = 0
01:21:54.710895,1040,writev(3, [{"\3", 1}, {"dalvikvm\0", 9}, {"GC_CONCURRENT freed 2K, 4% free "..., 75}], 3) = 85
01:21:54.713121,1040,futex(0xb680b5f4, FUTEX_WAKE_PRIVATE, 1) = 1
01:21:54.713635,1036,<... futex resumed> ) = 0
01:21:54.713949,1040,clock_gettime(CLOCK_MONOTONIC, <unfinished ...>
01:21:54.714311,1036,futex(0xb680b5f4, FUTEX_WAKE_PRIVATE, 1 <unfinished ...>
01:21:54.714566,1040,<... clock_gettime resumed> {118, 880130723}) = 0
01:21:54.726058,1036,<... futex resumed> ) = 0
01:21:54.726555,1040,clock_gettime(CLOCK_MONOTONIC, {118, 897301700}) = 0
01:21:54.734717,1040,futex(0xb83d39a8, FUTEX_WAIT_PRIVATE, -2, {4, 982829023} <unfinished ...>
01:21:54.745384,1036,writev(6, [{"\6", 1}, {"AndroidRuntime\0", 15}, {"FATAL EXCEPTION: main\njava.lang."..., 1277}], 3) = 1293
01:21:54.750962,1036,getpid() = 1036
01:21:54.751461,1036,gettid() = 1036
01:21:54.767488,1036,clock_gettime(CLOCK_MONOTONIC, {118, 933463208}) = 0
01:21:54.768301,1036,ioctl(9, 0xc0186201, 0xbee93530) = 0
01:21:54.771455,1036,ioctl(9, 0xc0186201 <unfinished ...>
01:21:54.858996,1050,<... ioctl resumed> , 0xace4ae28) = 0
01:21:54.859516,1050,write(24, "1050", 4) = 4
01:21:54.860207,1050,getpriority(PRIO_PROCESS, 1050) = 20
01:21:54.861221,1050,clock_gettime(CLOCK_MONOTONIC, {119, 27047770}) = 0
01:21:54.861910,1050,write(24, "1050", 4) = 4
01:21:54.862443,1050,ioctl(9, 0xc0186201 <unfinished ...>
01:21:54.866765,1036,<... ioctl resumed> , 0xbee93530) = 0
01:21:54.867310,1036,clock_gettime(CLOCK_MONOTONIC, {119, 33140676}) = 0
01:21:54.868057,1036,getpid() = 1036
01:21:54.868726,1036,writev(3, [{"\4", 1}, {"Process\0", 8}, {"Sending signal. PID: 1036 SIG: 9"..., 33}], 3) = 42
01:21:54.869830,1036,kill(1036, SIGKILL <unfinished ...>
01:21:54.872174,1040,+++ killed by SIGKILL +++
01:21:54.873075,1041,+++ killed by SIGKILL +++
01:21:54.873434,1042,+++ killed by SIGKILL +++
01:21:54.873791,1043,+++ killed by SIGKILL +++
01:21:54.874182,1044,+++ killed by SIGKILL +++
01:21:54.874596,1047,+++ killed by SIGKILL +++
01:21:54.874961,1049,+++ killed by SIGKILL +++
01:21:54.896790,1050,+++ killed by SIGKILL +++
01:21:54.897119,1036,+++ killed by SIGKILL +++
01:21:54.897769,61,<... select resumed> ) = ? ERESTARTNOHAND (To be restarted)
01:21:54.899762,61,--- {si_signo=SIGCHLD, si_code=CLD_KILLED, si_pid=1036, si_status=SIGKILL, si_utime=16, si_stime=18} (Child exited) ---
01:21:54.901655,61,wait4(-1, [{WIFSIGNALED(s) && WTERMSIG(s) == SIGKILL}], WNOHANG, NULL) = 1036
01:21:54.903110,61,wait4(-1, 0xbee932dc, WNOHANG, NULL) = 0
01:21:54.903718,61,sigreturn() = ? (mask now [INT FPE KILL PIPE ALRM STKFLT CONT STOP TSTP TTIN TTOU URG VTALRM PROF IO PWR RTMIN])
01:21:54.915803,61,select(24, [9 23], NULL, NULL, NULL) = ? ERESTARTNOHAND (To be restarted)
01:22:23.307295,61,--- {si_signo=SIGCHLD, si_code=CLD_KILLED, si_pid=711, si_status=SIGKILL, si_utime=30, si_stime=22} (Child exited) ---
01:22:23.307684,61,wait4(-1, [{WIFSIGNALED(s) && WTERMSIG(s) == SIGKILL}], WNOHANG, NULL) = 711
01:22:23.308404,61,wait4(-1, 0xbee932dc, WNOHANG, NULL) = 0
01:22:23.308846,61,sigreturn() = ? (mask now [INT FPE KILL PIPE ALRM STKFLT CONT STOP TSTP TTIN TTOU URG VTALRM PROF IO PWR RTMIN])
01:22:23.309787,61,select(24, [9 23], NULL, NULL, NULL