19:55:08.065091,995,futex(0xb8e3fee8, FUTEX_WAIT_PRIVATE, 0, NULL <unfinished ...>
19:55:08.115444,994,futex(0xb8e37bb0, FUTEX_WAIT_PRIVATE, 0, NULL <unfinished ...>
19:55:08.116040,993,futex(0xb8e3c800, FUTEX_WAIT_PRIVATE, 0, NULL <unfinished ...>
19:55:08.116409,59,select(24, [9 23], NULL, NULL, NULL) = 1 (in [23])
19:55:11.885952,59,ioctl(23, FIONREAD, [144]) = 0
19:55:11.887244,59,recvmsg(23, {msg_name(0)=NULL, msg_iov(1)=[{"7\n--runtime-init\n--setuid=10050\n"..., 4217}], msg_controllen=0, msg_flags=0}, MSG_NOSIGNAL) = 144
19:55:11.898496,59,ioctl(23, FIONREAD, [0]) = 0
19:55:11.900029,59,futex(0xb8e3c800, FUTEX_WAKE_PRIVATE, 1 <unfinished ...>
19:55:11.900361,993,<... futex resumed> ) = 0
19:55:11.900693,993,futex(0xb8e3c7f0, FUTEX_WAIT_PRIVATE, 2, NULL <unfinished ...>
19:55:11.901028,59,<... futex resumed> ) = 1
19:55:11.901450,59,futex(0xb8e3c7f0, FUTEX_WAKE_PRIVATE, 1 <unfinished ...>
19:55:11.901693,993,<... futex resumed> ) = 0
19:55:11.902011,993,futex(0xb8e3c7f0, FUTEX_WAKE_PRIVATE, 1) = 0
19:55:11.902683,993,futex(0xb68ac57c, FUTEX_WAIT_PRIVATE, 2, NULL <unfinished ...>
19:55:11.903005,59,<... futex resumed> ) = 1
19:55:11.903509,59,futex(0xb68ac57c, FUTEX_WAKE_PRIVATE, 1 <unfinished ...>
19:55:11.903766,993,<... futex resumed> ) = 0
19:55:11.904080,993,futex(0xb68ac57c, FUTEX_WAKE_PRIVATE, 1) = 0
19:55:11.904542,993,munmap(0xb0f18000, 32768) = 0
19:55:11.905345,993,sigprocmask(SIG_SETMASK, ~[SEGV], NULL) = 0
19:55:11.906415,993,munmap(0xaf4af000, 1048576) = 0
19:55:11.907032,993,exit(0) = ?
19:55:11.909128,59,<... futex resumed> ) = 1
19:55:11.909472,59,futex(0xb8e37bb0, FUTEX_WAKE_PRIVATE, 1 <unfinished ...>
19:55:11.909732,994,<... futex resumed> ) = 0
19:55:11.910519,994,futex(0xb8e37ba0, FUTEX_WAIT_PRIVATE, 2, NULL <unfinished ...>
19:55:11.910786,59,<... futex resumed> ) = 1
19:55:11.911095,59,futex(0xb8e37ba0, FUTEX_WAKE_PRIVATE, 1 <unfinished ...>
19:55:11.911358,994,<... futex resumed> ) = 0
19:55:11.911631,994,futex(0xb8e37ba0, FUTEX_WAKE_PRIVATE, 1) = 0
19:55:11.912271,994,futex(0xb68ac57c, FUTEX_WAIT_PRIVATE, 2, NULL <unfinished ...>
19:55:11.912537,59,<... futex resumed> ) = 1
19:55:11.912843,59,futex(0xb68ac57c, FUTEX_WAKE_PRIVATE, 1 <unfinished ...>
19:55:11.913145,994,<... futex resumed> ) = 0
19:55:11.913436,994,futex(0xb68ac57c, FUTEX_WAKE_PRIVATE, 1) = 0
19:55:11.913908,994,munmap(0xaf4a7000, 32768) = 0
19:55:11.914379,994,sigprocmask(SIG_SETMASK, ~[SEGV], NULL) = 0
19:55:11.914931,994,munmap(0xaf3a7000, 1048576) = 0
19:55:11.915412,994,exit(0) = ?
19:55:11.915851,59,<... futex resumed> ) = 1
19:55:11.916296,59,futex(0xb8e3fee8, FUTEX_WAKE_PRIVATE, 1 <unfinished ...>
19:55:11.916566,995,<... futex resumed> ) = 0
19:55:11.916896,995,futex(0xb8e3fed8, FUTEX_WAIT_PRIVATE, 2, NULL <unfinished ...>
19:55:11.917135,59,<... futex resumed> ) = 1
19:55:11.917440,59,futex(0xb8e3fed8, FUTEX_WAKE_PRIVATE, 1 <unfinished ...>
19:55:11.917675,995,<... futex resumed> ) = 0
19:55:11.918010,995,futex(0xb8e3fed8, FUTEX_WAKE_PRIVATE, 1) = 0
19:55:11.918752,995,futex(0xb68ac57c, FUTEX_WAIT_PRIVATE, 2, NULL <unfinished ...>
19:55:11.919046,59,<... futex resumed> ) = 1
19:55:11.920478,59,futex(0xb68ac57c, FUTEX_WAKE_PRIVATE, 1 <unfinished ...>
19:55:11.921738,995,<... futex resumed> ) = 0
19:55:11.922191,995,futex(0xb68ac57c, FUTEX_WAKE_PRIVATE, 1) = 0
19:55:11.923982,995,munmap(0xaf39f000, 32768) = 0
19:55:11.924454,995,sigprocmask(SIG_SETMASK, ~[SEGV], NULL) = 0
19:55:11.925016,995,munmap(0xaf29f000, 1048576) = 0
19:55:11.925472,995,exit(0) = ?
19:55:11.928050,59,<... futex resumed> ) = 1
19:55:11.928639,59,open("/proc/self/task", O_RDONLY|O_DIRECTORY) = 24
19:55:11.939138,59,getdents64(24, /* 3 entries */, 4200) = 72
19:55:11.940225,59,getdents64(24, /* 0 entries */, 4200) = 0
19:55:11.940658,59,close(24) = 0
19:55:11.941474,59,sigaction(SIGCHLD, {0xb68643dd, [], 0}, NULL, 0) = 0
19:55:11.942230,59,fork( <unfinished ...>
19:55:11.956413,1029,gettid() = 1029
19:55:11.957054,1029,getuid32() = 0
19:55:11.960026,1029,open("/acct/uid/0/tasks", O_RDWR|O_CREAT, 0666) = 24
19:55:11.961496,1029,write(24, "0", 1) = 1
19:55:11.962235,1029,close(24) = 0
19:55:11.963074,1029,prctl(PR_SET_KEEPCAPS, 1) = 0
19:55:11.963710,1029,setgroups32(3, [1015, 3003, 1028]) = 0
19:55:11.964467,1029,setgid32(10050) = 0
19:55:11.965065,1029,open("/acct/uid/10050/tasks", O_RDWR|O_CREAT, 0666) = 24
19:55:11.965707,1029,write(24, "0", 1) = 1
19:55:11.966313,1029,close(24) = 0
19:55:11.966765,1029,setuid32(10050) = 0
19:55:11.967306,1029,personality(0xffffffff /* PER_??? */) = 8388608
19:55:11.967826,1029,personality(0x840000 /* PER_??? */) = 8388608
19:55:11.968273,1029,capset(0xbeda7794, 0xbeda77a4) = 0
19:55:11.968818,1029,gettid() = 1029
19:55:11.979014,1029,access("/dev/cpuctl/tasks", F_OK) = 0
19:55:11.979681,1029,open("/dev/cpuctl/apps/tasks", O_WRONLY) = 24
19:55:11.980408,1029,open("/dev/cpuctl/apps/bg_non_interactive/tasks", O_WRONLY) = 25
19:55:11.981126,1029,futex(0xb6f0129c, FUTEX_WAKE_PRIVATE, 2147483647) = 0
19:55:11.981632,1029,write(24, "1029", 4) = 4
19:55:11.982123,59,<... fork resumed> ) = 1029
19:55:11.983531,59,mmap2(NULL, 32768, PROT_READ|PROT_WRITE, MAP_PRIVATE|MAP_ANONYMOUS, -1, 0) = 0xb0f18000
19:55:11.984225,59,madvise(0xb0f18000, 32768, 0xc /* MADV_??? */) = -1 EINVAL (Invalid argument)
19:55:11.985147,59,mmap2(NULL, 1048576, PROT_READ|PROT_WRITE, MAP_PRIVATE|MAP_ANONYMOUS|MAP_NORESERVE, -1, 0) = 0xaf4af000
19:55:11.985592,59,madvise(0xaf4af000, 1048576, 0xc /* MADV_??? */) = -1 EINVAL (Invalid argument)
19:55:11.986105,59,mprotect(0xaf4af000, 4096, PROT_NONE) = 0
19:55:11.986630,59,clone(child_stack=0xaf5aef00, flags=CLONE_VM|CLONE_FS|CLONE_FILES|CLONE_SIGHAND|CLONE_THREAD|CLONE_SYSVSEM|0x400000) = 1030
19:55:11.989036,59,futex(0xb68ac580, FUTEX_WAIT_PRIVATE, -324, NULL <unfinished ...>
19:55:11.989564,1030,set_tls(0xaf5aef00, 0xb8df6bc0, 0xaf5aeffc, 0x40, 0xaf5aef00) = 0
19:55:11.990286,1030,prctl(PR_SET_NAME, 0xaf5aee8c, 0, 0, 0) = 0
19:55:11.990785,1030,gettid() = 1030
19:55:11.991504,1030,futex(0xb68ac580, FUTEX_WAKE_PRIVATE, 2147483647 <unfinished ...>
19:55:11.991800,59,<... futex resumed> ) = 0
19:55:11.992100,59,futex(0xb68ac57c, FUTEX_WAIT_PRIVATE, 2, NULL <unfinished ...>
19:55:11.992386,1030,<... futex resumed> ) = 1
19:55:11.992659,1030,futex(0xb68ac57c, FUTEX_WAKE_PRIVATE, 1 <unfinished ...>
19:55:11.992966,59,<... futex resumed> ) = 0
19:55:11.993226,59,futex(0xb68ac57c, FUTEX_WAKE_PRIVATE, 1) = 0
19:55:11.994051,59,futex(0xb68ac580, FUTEX_WAKE_PRIVATE, 2147483647) = 0
19:55:11.994669,59,mmap2(NULL, 32768, PROT_READ|PROT_WRITE, MAP_PRIVATE|MAP_ANONYMOUS, -1, 0) = 0xaf4a7000
19:55:11.995215,59,madvise(0xaf4a7000, 32768, 0xc /* MADV_??? */) = -1 EINVAL (Invalid argument)
19:55:11.995697,59,mmap2(NULL, 1048576, PROT_READ|PROT_WRITE, MAP_PRIVATE|MAP_ANONYMOUS|MAP_NORESERVE, -1, 0) = 0xaf3a7000
19:55:11.996227,59,madvise(0xaf3a7000, 1048576, 0xc /* MADV_??? */) = -1 EINVAL (Invalid argument)
19:55:11.996607,59,mprotect(0xaf3a7000, 4096, PROT_NONE) = 0
19:55:11.997188,59,clone(child_stack=0xaf4a6f00, flags=CLONE_VM|CLONE_FS|CLONE_FILES|CLONE_SIGHAND|CLONE_THREAD|CLONE_SYSVSEM|0x400000) = 1031
19:55:11.998047,59,futex(0xb68ac580, FUTEX_WAIT_PRIVATE, -328, NULL <unfinished ...>
19:55:11.998434,1031,set_tls(0xaf4a6f00, 0xb8d25548, 0xaf4a6ffc, 0x40, 0xaf4a6f00) = 0
19:55:11.998984,1031,prctl(PR_SET_NAME, 0xaf4a6e8c, 0, 0, 0 <unfinished ...>
19:55:11.999344,1030,<... futex resumed> ) = 1
19:55:11.999602,1030,futex(0xb68ac580, FUTEX_WAIT_PRIVATE, -326, NULL) = -1 EAGAIN (Try again)
19:55:12.000429,1030,getpriority(PRIO_PROCESS, 1030) = 20
19:55:12.001094,1030,setpriority(PRIO_PROCESS, 1030, 0) = 0
19:55:12.002126,1030,futex(0xb8e3c800, FUTEX_WAIT_PRIVATE, 0, NULL <unfinished ...>
19:55:12.002841,1029,gettid() = 1029
19:55:12.003616,1029,prctl(PR_SET_DUMPABLE, 1) = 0
19:55:12.004140,1029,setrlimit(RLIMIT_CORE, {rlim_cur=0, rlim_max=RLIM64_INFINITY}) = 0
19:55:12.004933,1029,sigaction(SIGCHLD, {SIG_DFL, , NULL, 0) = 0
19:55:12.005558,1029,clock_gettime(CLOCK_MONOTONIC, {124, 888325095}) = 0
19:55:12.007029,1029,mmap2(NULL, 1048576, PROT_READ|PROT_WRITE, MAP_PRIVATE|MAP_ANONYMOUS|MAP_NORESERVE, -1, 0) = 0xaf4af000
19:55:12.007584,1029,madvise(0xaf4af000, 1048576, 0xc /* MADV_??? */) = -1 EINVAL (Invalid argument)
19:55:12.020707,1029,mprotect(0xaf4af000, 4096, PROT_NONE <unfinished ...>
19:55:12.021097,1031,<... prctl resumed> ) = 0
19:55:12.022370,1031,gettid() = 1031
19:55:12.022981,1031,futex(0xb68ac580, FUTEX_WAKE_PRIVATE, 2147483647 <unfinished ...>
19:55:12.023266,59,<... futex resumed> ) = 0
19:55:12.023527,59,futex(0xb68ac57c, FUTEX_WAIT_PRIVATE, 2, NULL <unfinished ...>
19:55:12.023885,1031,<... futex resumed> ) = 1
19:55:12.024160,1031,futex(0xb68ac57c, FUTEX_WAKE_PRIVATE, 1 <unfinished ...>
19:55:12.024425,59,<... futex resumed> ) = 0
19:55:12.024685,59,futex(0xb68ac57c, FUTEX_WAKE_PRIVATE, 1) = 0
19:55:12.025140,59,futex(0xb68ac580, FUTEX_WAKE_PRIVATE, 2147483647) = 0
19:55:12.025843,59,mmap2(NULL, 32768, PROT_READ|PROT_WRITE, MAP_PRIVATE|MAP_ANONYMOUS, -1, 0) = 0xaf39f000
19:55:12.026299,59,madvise(0xaf39f000, 32768, 0xc /* MADV_??? */) = -1 EINVAL (Invalid argument)
19:55:12.027359,59,mmap2(NULL, 1048576, PROT_READ|PROT_WRITE, MAP_PRIVATE|MAP_ANONYMOUS|MAP_NORESERVE, -1, 0) = 0xaf29f000
19:55:12.028069,59,madvise(0xaf29f000, 1048576, 0xc /* MADV_??? */ <unfinished ...>
19:55:12.038973,1031,<... futex resumed> ) = 1
19:55:12.039266,1031,futex(0xb68ac580, FUTEX_WAIT_PRIVATE, -330, NULL) = -1 EAGAIN (Try again)
19:55:12.039687,1031,getpriority(PRIO_PROCESS, 1031) = 20
19:55:12.040115,1031,setpriority(PRIO_PROCESS, 1031, 0) = 0
19:55:12.040611,1031,futex(0xb8e37bb0, FUTEX_WAIT_PRIVATE, 0, NULL <unfinished ...>
19:55:12.040904,1029,<... mprotect resumed> ) = 0
19:55:12.041116,59,<... madvise resumed> ) = -1 EINVAL (Invalid argument)
19:55:12.041385,59,mprotect(0xaf29f000, 4096, PROT_NONE) = 0
19:55:12.041904,59,clone(child_stack=0xaf39ef00, flags=CLONE_VM|CLONE_FS|CLONE_FILES|CLONE_SIGHAND|CLONE_THREAD|CLONE_SYSVSEM|0x400000) = 1032
19:55:12.043828,59,futex(0xb68ac580, FUTEX_WAIT_PRIVATE, -332, NULL <unfinished ...>
19:55:12.044305,1032,set_tls(0xaf39ef00, 0xb8e02d10, 0xaf39effc, 0x40, 0xaf39ef00) = 0
19:55:12.044943,1032,prctl(PR_SET_NAME, 0xaf39ee8c, 0, 0, 0) = 0
19:55:12.047515,1032,gettid() = 1032
19:55:12.048081,1032,futex(0xb68ac580, FUTEX_WAKE_PRIVATE, 2147483647) = 1
19:55:12.058950,1032,futex(0xb68ac580, FUTEX_WAIT_PRIVATE, -334, NULL <unfinished ...>
19:55:12.059218,1029,clone( <unfinished ...>
19:55:12.059423,59,<... futex resumed> ) = 0
19:55:12.059682,59,futex(0xb68ac580, FUTEX_WAKE_PRIVATE, 2147483647 <unfinished ...>
19:55:12.059992,1032,<... futex resumed> ) = 0
19:55:12.060234,1032,futex(0xb68ac57c, FUTEX_WAIT_PRIVATE, 2, NULL <unfinished ...>
19:55:12.060451,59,<... futex resumed> ) = 1
19:55:12.060694,59,futex(0xb68ac57c, FUTEX_WAKE_PRIVATE, 1 <unfinished ...>
19:55:12.060978,1032,<... futex resumed> ) = 0
19:55:12.061220,1032,futex(0xb68ac57c, FUTEX_WAKE_PRIVATE, 1) = 0
19:55:12.062031,1032,getpriority(PRIO_PROCESS, 1032) = 20
19:55:12.062421,1032,setpriority(PRIO_PROCESS, 1032, 0) = 0
19:55:12.062973,1032,futex(0xb8d0e628, FUTEX_WAIT_PRIVATE, 2, NULL <unfinished ...>
19:55:12.063195,59,<... futex resumed> ) = 1
19:55:12.063474,59,futex(0xb8d0e628, FUTEX_WAKE_PRIVATE, 1 <unfinished ...>
19:55:12.063713,1032,<... futex resumed> ) = 0
19:55:12.064013,1032,futex(0xb8d0e628, FUTEX_WAKE_PRIVATE, 1) = 0
19:55:12.064436,1032,futex(0xb8e3fee8, FUTEX_WAIT_PRIVATE, 0, NULL <unfinished ...>
19:55:12.064662,59,<... futex resumed> ) = 1
19:55:12.065101,59,getpgid(0xe7) = 59
19:55:12.065567,59,setpgid(1029, 59) = 0
19:55:12.066190,59,sendmsg(23, {msg_name(0)=NULL, msg_iov(1)=[{"\0\0\4\5", 4}], msg_controllen=0, msg_flags=0}, MSG_NOSIGNAL) = 4
19:55:12.067156,59,sendmsg(23, {msg_name(0)=NULL, msg_iov(1)=[{"\0", 1}], msg_controllen=0, msg_flags=0}, MSG_NOSIGNAL) = 1
19:55:12.068028,59,select(24, [9 23], NULL, NULL, NULL <unfinished ...>
19:55:12.083595,1029,<... clone resumed> child_stack=0xaf5aef00, flags=CLONE_VM|CLONE_FS|CLONE_FILES|CLONE_SIGHAND|CLONE_THREAD|CLONE_SYSVSEM|0x400000) = 1033
19:55:12.084129,1029,futex(0xb68ac580, FUTEX_WAIT_PRIVATE, -324, NULL <unfinished ...>
19:55:12.089585,1033,set_tls(0xaf5aef00, 0xb8df6bc0, 0xaf5aeffc, 0x40, 0xaf5aef00) = 0
19:55:12.090196,1033,prctl(PR_SET_NAME, 0xaf5aeeac, 0, 0, 0) = 0
19:55:12.090959,1033,mmap2(NULL, 32768, PROT_READ|PROT_WRITE, MAP_PRIVATE|MAP_ANONYMOUS, -1, 0) = 0xaf4a7000
19:55:12.091728,1033,madvise(0xaf4a7000, 32768, 0xc /* MADV_??? */) = -1 EINVAL (Invalid argument)
19:55:12.092386,1033,gettid() = 1033
19:55:12.094214,1033,getpriority(PRIO_PROCESS, 0) = 20
19:55:12.095576,1033,futex(0xb68ac580, FUTEX_WAKE_PRIVATE, 2147483647 <unfinished ...>
19:55:12.095928,1029,<... futex resumed> ) = 0
19:55:12.096204,1029,futex(0xb68ac57c, FUTEX_WAIT_PRIVATE, 2, NULL <unfinished ...>
19:55:12.096465,1033,<... futex resumed> ) = 1
19:55:12.096732,1033,futex(0xb68ac57c, FUTEX_WAKE_PRIVATE, 1 <unfinished ...>
19:55:12.097036,1029,<... futex resumed> ) = 0
19:55:12.097306,1029,futex(0xb68ac57c, FUTEX_WAKE_PRIVATE, 1 <unfinished ...>
19:55:12.109164,1033,<... futex resumed> ) = 1
19:55:12.109437,1029,<... futex resumed> ) = 0
19:55:12.109743,1033,futex(0xb8d079a8, FUTEX_WAIT_PRIVATE, 0, NULL <unfinished ...>
19:55:12.110138,1029,clock_gettime(CLOCK_MONOTONIC, {124, 992944139}) = 0
19:55:12.110890,1029,clock_gettime(CLOCK_MONOTONIC, {124, 993606794}) = 0
19:55:12.111662,1029,mmap2(NULL, 1048576, PROT_READ|PROT_WRITE, MAP_PRIVATE|MAP_ANONYMOUS|MAP_NORESERVE, -1, 0) = 0xaf3a7000
19:55:12.112249,1029,madvise(0xaf3a7000, 1048576, 0xc /* MADV_??? */) = -1 EINVAL (Invalid argument)
19:55:12.112736,1029,mprotect(0xaf3a7000, 4096, PROT_NONE) = 0
19:55:12.113343,1029,clone(child_stack=0xaf4a6f00, flags=CLONE_VM|CLONE_FS|CLONE_FILES|CLONE_SIGHAND|CLONE_THREAD|CLONE_SYSVSEM|0x400000) = 1034
19:55:12.130455,1029,futex(0xb68ac580, FUTEX_WAIT_PRIVATE, -326, NULL <unfinished ...>
19:55:12.159073,1034,set_tls(0xaf4a6f00, 0xb8d25548, 0xaf4a6ffc, 0x40, 0xaf4a6f00) = 0
19:55:12.159961,1034,prctl(PR_SET_NAME, 0xaf4a6eac, 0, 0, 0) = 0
19:55:12.160468,1034,mmap2(NULL, 32768, PROT_READ|PROT_WRITE, MAP_PRIVATE|MAP_ANONYMOUS, -1, 0) = 0xaf39f000
19:55:12.161100,1034,madvise(0xaf39f000, 32768, 0xc /* MADV_??? */) = -1 EINVAL (Invalid argument)
19:55:12.161578,1034,gettid() = 1034
19:55:12.162411,1034,getpriority(PRIO_PROCESS, 0) = 20
19:55:12.163026,1034,futex(0xb68ac580, FUTEX_WAKE_PRIVATE, 2147483647 <unfinished ...>
19:55:12.163332,1029,<... futex resumed> ) = 0
19:55:12.163622,1029,futex(0xb68ac57c, FUTEX_WAIT_PRIVATE, 2, NULL <unfinished ...>
19:55:12.163970,1034,<... futex resumed> ) = 1
19:55:12.164252,1034,futex(0xb68ac57c, FUTEX_WAKE_PRIVATE, 1 <unfinished ...>
19:55:12.164529,1029,<... futex resumed> ) = 0
19:55:12.164850,1029,futex(0xb68ac57c, FUTEX_WAKE_PRIVATE, 1) = 0
19:55:12.165354,1029,clock_gettime(CLOCK_MONOTONIC, {125, 48610010}) = 0
19:55:12.166416,1029,clock_gettime(CLOCK_MONOTONIC, {125, 49131298}) = 0
19:55:12.167466,1029,mmap2(NULL, 1048576, PROT_READ|PROT_WRITE, MAP_PRIVATE|MAP_ANONYMOUS|MAP_NORESERVE, -1, 0) = 0xaf29f000
19:55:12.179300,1034,<... futex resumed> ) = 1
19:55:12.179830,1029,madvise(0xaf29f000, 1048576, 0xc /* MADV_??? */) = -1 EINVAL (Invalid argument)
19:55:12.180383,1029,mprotect(0xaf29f000, 4096, PROT_NONE) = 0
19:55:12.180965,1029,clone(child_stack=0xaf39ef00, flags=CLONE_VM|CLONE_FS|CLONE_FILES|CLONE_SIGHAND|CLONE_THREAD|CLONE_SYSVSEM|0x400000) = 1035
19:55:12.187418,1029,futex(0xb68ac580, FUTEX_WAIT_PRIVATE, -328, NULL <unfinished ...>
19:55:12.189856,1034,rt_sigtimedwait([QUIT USR1 RT_7 RT_13 RT_14 RT_17 RT_18 RT_19 RT_20 RT_21 RT_22 RT_23 RT_24 RT_26 RT_27 RT_29 RT_30], NULL, NULL, 8 <unfinished ...>
19:55:12.198489,1035,set_tls(0xaf39ef00, 0xb8e02d10, 0xaf39effc, 0x40, 0xaf39ef00) = 0
19:55:12.199062,1035,prctl(PR_SET_NAME, 0xaf39eeac, 0, 0, 0) = 0
19:55:12.199609,1035,mmap2(NULL, 32768, PROT_READ|PROT_WRITE, MAP_PRIVATE|MAP_ANONYMOUS, -1, 0) = 0xaf297000
19:55:12.200163,1035,madvise(0xaf297000, 32768, 0xc /* MADV_??? */) = -1 EINVAL (Invalid argument)
19:55:12.200643,1035,gettid() = 1035
19:55:12.201365,1035,getpriority(PRIO_PROCESS, 0) = 20
19:55:12.202345,1035,futex(0xb68ac580, FUTEX_WAKE_PRIVATE, 2147483647 <unfinished ...>
19:55:12.202658,1029,<... futex resumed> ) = 0
19:55:12.202997,1029,futex(0xb68ac57c, FUTEX_WAIT_PRIVATE, 2, NULL <unfinished ...>
19:55:12.203364,1035,<... futex resumed> ) = 1
19:55:12.203639,1035,futex(0xb68ac57c, FUTEX_WAKE_PRIVATE, 1 <unfinished ...>
19:55:12.203950,1029,<... futex resumed> ) = 0
19:55:12.204225,1029,futex(0xb68ac57c, FUTEX_WAKE_PRIVATE, 1) = 0
19:55:12.204763,1029,futex(0xb8dfa84c, FUTEX_WAIT_PRIVATE, 0, NULL <unfinished ...>
19:55:12.205094,1035,<... futex resumed> ) = 1
19:55:12.205434,1035,futex(0xb8dfa84c, FUTEX_WAKE_PRIVATE, 2147483647 <unfinished ...>
19:55:12.205706,1029,<... futex resumed> ) = 0
19:55:12.206068,1029,futex(0xb8dfa848, FUTEX_WAIT_PRIVATE, 2, NULL <unfinished ...>
19:55:12.206316,1035,<... futex resumed> ) = 1
19:55:12.206571,1035,futex(0xb8dfa848, FUTEX_WAKE_PRIVATE, 1 <unfinished ...>
19:55:12.206882,1029,<... futex resumed> ) = 0
19:55:12.207151,1029,futex(0xb8dfa848, FUTEX_WAKE_PRIVATE, 1) = 0
19:55:12.220431,1035,<... futex resumed> ) = 1
19:55:12.220694,1029,clock_gettime(CLOCK_MONOTONIC, {125, 103505745}) = 0
19:55:12.222733,1029,mmap2(NULL, 32768, PROT_READ|PROT_WRITE, MAP_PRIVATE|MAP_ANONYMOUS, -1, 0) = 0xaf28f000
19:55:12.223331,1029,madvise(0xaf28f000, 32768, 0xc /* MADV_??? */) = -1 EINVAL (Invalid argument)
19:55:12.223940,1029,mmap2(NULL, 1048576, PROT_READ|PROT_WRITE, MAP_PRIVATE|MAP_ANONYMOUS|MAP_NORESERVE, -1, 0) = 0xad302000
19:55:12.224468,1029,madvise(0xad302000, 1048576, 0xc /* MADV_??? */) = -1 EINVAL (Invalid argument)
19:55:12.225033,1029,mprotect(0xad302000, 4096, PROT_NONE) = 0
19:55:12.225590,1029,clone(child_stack=0xad401f00, flags=CLONE_VM|CLONE_FS|CLONE_FILES|CLONE_SIGHAND|CLONE_THREAD|CLONE_SYSVSEM|0x400000) = 1036
19:55:12.229467,1029,futex(0xb68ac580, FUTEX_WAIT_PRIVATE, -330, NULL <unfinished ...>
19:55:12.229889,1035,socket(PF_UNIX, SOCK_STREAM, 0) = 26
19:55:12.230519,1035,pipe([27, 28]) = 0
19:55:12.231163,1035,getpid() = 1029
19:55:12.231696,1035,connect(26, {sa_family=AF_UNIX, path=@"jdwp-control"...}, 15) = 0
19:55:12.233059,1035,getsockopt(26, SOL_SOCKET, SO_PEERCRED, {pid=67, uid=0, gid=0}, [12]) = 0
19:55:12.233837,1035,sendto(26, "0405", 4, 0, NULL, 0) = 4
19:55:12.234871,1035,recvmsg(26, <unfinished ...>
19:55:12.239629,1036,set_tls(0xad401f00, 0xb8d25d38, 0xad401ffc, 0x40, 0xad401f00) = 0
19:55:12.240451,1036,prctl(PR_SET_NAME, 0xad401e8c, 0, 0, 0) = 0
19:55:12.240981,1036,gettid() = 1036
19:55:12.241701,1036,futex(0xb68ac580, FUTEX_WAKE_PRIVATE, 2147483647 <unfinished ...>
19:55:12.242326,1029,<... futex resumed> ) = 0
19:55:12.242597,1029,futex(0xb68ac57c, FUTEX_WAIT_PRIVATE, 2, NULL <unfinished ...>
19:55:12.242939,1036,<... futex resumed> ) = 1
19:55:12.243199,1036,futex(0xb68ac57c, FUTEX_WAKE_PRIVATE, 1 <unfinished ...>
19:55:12.243542,1029,<... futex resumed> ) = 0
19:55:12.243896,1029,futex(0xb68ac57c, FUTEX_WAKE_PRIVATE, 1) = 0
19:55:12.244353,1029,futex(0xb68ac580, FUTEX_WAKE_PRIVATE, 2147483647) = 0
19:55:12.245522,1029,mmap2(NULL, 32768, PROT_READ|PROT_WRITE, MAP_PRIVATE|MAP_ANONYMOUS, -1, 0) = 0xad2fa000
19:55:12.246156,1029,madvise(0xad2fa000, 32768, 0xc /* MADV_??? */) = -1 EINVAL (Invalid argument)
19:55:12.246639,1029,mmap2(NULL, 1048576, PROT_READ|PROT_WRITE, MAP_PRIVATE|MAP_ANONYMOUS|MAP_NORESERVE, -1, 0) = 0xad1fa000
19:55:12.247209,1029,madvise(0xad1fa000, 1048576, 0xc /* MADV_??? */) = -1 EINVAL (Invalid argument)
19:55:12.247675,1029,mprotect(0xad1fa000, 4096, PROT_NONE) = 0
19:55:12.248334,1029,clone(child_stack=0xad2f9f00, flags=CLONE_VM|CLONE_FS|CLONE_FILES|CLONE_SIGHAND|CLONE_THREAD|CLONE_SYSVSEM|0x400000) = 1037
19:55:12.252442,1029,futex(0xb68ac580, FUTEX_WAIT_PRIVATE, -334, NULL <unfinished ...>
19:55:12.254524,1036,<... futex resumed> ) = 1
19:55:12.254909,1036,futex(0xb68ac580, FUTEX_WAIT_PRIVATE, -332, NULL) = -1 EAGAIN (Try again)
19:55:12.255414,1036,getpriority(PRIO_PROCESS, 1036) = 20
19:55:12.255952,1036,setpriority(PRIO_PROCESS, 1036, 0) = 0
19:55:12.256596,1036,futex(0xb8e06798, FUTEX_WAIT_PRIVATE, 0, NULL <unfinished ...>
19:55:12.257106,1037,set_tls(0xad2f9f00, 0xb8e1dc68, 0xad2f9ffc, 0x40, 0xad2f9f00) = 0
19:55:12.257597,1037,prctl(PR_SET_NAME, 0xad2f9e8c, 0, 0, 0) = 0
19:55:12.258137,1037,gettid() = 1037
19:55:12.258660,1037,futex(0xb68ac580, FUTEX_WAKE_PRIVATE, 2147483647 <unfinished ...>
19:55:12.259002,1029,<... futex resumed> ) = 0
19:55:12.269358,1029,futex(0xb68ac57c, FUTEX_WAIT_PRIVATE, 2, NULL <unfinished ...>
19:55:12.269700,1037,<... futex resumed> ) = 1
19:55:12.270117,1037,futex(0xb68ac57c, FUTEX_WAKE_PRIVATE, 1) = 1
19:55:12.270571,1029,<... futex resumed> ) = 0
19:55:12.270947,1029,futex(0xb68ac57c, FUTEX_WAKE_PRIVATE, 1) = 0
19:55:12.271411,1029,futex(0xb68ac580, FUTEX_WAKE_PRIVATE, 2147483647) = 0
19:55:12.272480,1029,mmap2(NULL, 32768, PROT_READ|PROT_WRITE, MAP_PRIVATE|MAP_ANONYMOUS, -1, 0) = 0xad1f2000
19:55:12.273139,1029,madvise(0xad1f2000, 32768, 0xc /* MADV_??? */) = -1 EINVAL (Invalid argument)
19:55:12.273735,1029,mmap2(NULL, 1048576, PROT_READ|PROT_WRITE, MAP_PRIVATE|MAP_ANONYMOUS|MAP_NORESERVE, -1, 0) = 0xad0f2000
19:55:12.274350,1029,madvise(0xad0f2000, 1048576, 0xc /* MADV_??? */) = -1 EINVAL (Invalid argument)
19:55:12.274882,1029,mprotect(0xad0f2000, 4096, PROT_NONE) = 0
19:55:12.275409,1029,clone(child_stack=0xad1f1f00, flags=CLONE_VM|CLONE_FS|CLONE_FILES|CLONE_SIGHAND|CLONE_THREAD|CLONE_SYSVSEM|0x400000) = 1038
19:55:12.278870,1029,futex(0xb68ac580, FUTEX_WAIT_PRIVATE, -338, NULL <unfinished ...>
19:55:12.279203,1037,futex(0xb68ac580, FUTEX_WAIT_PRIVATE, -336, NULL) = -1 EAGAIN (Try again)
19:55:12.279809,1037,getpriority(PRIO_PROCESS, 1037) = 20
19:55:12.280301,1037,setpriority(PRIO_PROCESS, 1037, 0) = 0
19:55:12.280939,1037,futex(0xb8e21270, FUTEX_WAIT_PRIVATE, 0, NULL <unfinished ...>
19:55:12.288134,1038,set_tls(0xad1f1f00, 0xb8e48d68, 0xad1f1ffc, 0x40, 0xad1f1f00) = 0
19:55:12.288626,1038,prctl(PR_SET_NAME, 0xad1f1e8c, 0, 0, 0) = 0
19:55:12.289192,1038,gettid() = 1038
19:55:12.290050,1038,futex(0xb68ac580, FUTEX_WAKE_PRIVATE, 2147483647 <unfinished ...>
19:55:12.290418,1029,<... futex resumed> ) = 0
19:55:12.290930,1029,futex(0xb68ac57c, FUTEX_WAIT_PRIVATE, 2, NULL <unfinished ...>
19:55:12.291267,1038,<... futex resumed> ) = 1
19:55:12.291571,1038,futex(0xb68ac57c, FUTEX_WAKE_PRIVATE, 1 <unfinished ...>
19:55:12.291945,1029,<... futex resumed> ) = 0
19:55:12.292232,1029,futex(0xb68ac57c, FUTEX_WAKE_PRIVATE, 1) = 0
19:55:12.292693,1029,futex(0xb68ac580, FUTEX_WAKE_PRIVATE, 2147483647) = 0
19:55:12.294882,1029,close(23) = 0
19:55:12.295841,1029,close(9) = 0
19:55:12.297617,1029,open("/dev/binder", O_RDWR) = 9
19:55:12.298503,1029,fcntl64(9, F_SETFD, FD_CLOEXEC) = 0
19:55:12.299137,1029,ioctl(9, 0xc0046209, 0xbeda7638) = 0
19:55:12.299726,1029,ioctl(9, 0x40046205, 0xbeda763c) = 0
19:55:12.300297,1029,mmap2(NULL, 1040384, PROT_READ, MAP_PRIVATE|MAP_NORESERVE, 9, 0) = 0xacff4000
19:55:12.300964,1029,madvise(0xacff4000, 1040384, 0xc /* MADV_??? */) = -1 EINVAL (Invalid argument)
19:55:12.302038,1029,prctl(PR_SET_NAME, 0xb8ddad90, 0, 0, 0) = 0
19:55:12.302549,1029,open("/sys/qemu_trace/process_name", O_RDWR) = 23
19:55:12.303456,1029,write(23, "com.kms\0", 8) = 8
19:55:12.304061,1029,close(23) = 0
19:55:12.307697,1038,<... futex resumed> ) = 1
19:55:12.308056,1038,futex(0xb68ac580, FUTEX_WAIT_PRIVATE, -340, NULL) = -1 EAGAIN (Try again)
19:55:12.308533,1038,getpriority(PRIO_PROCESS, 1038) = 20
19:55:12.309029,1038,setpriority(PRIO_PROCESS, 1038, 0) = 0
19:55:12.309619,1038,futex(0xb8e275c8, FUTEX_WAIT_PRIVATE, 0, NULL <unfinished ...>
19:55:12.504472,1029,mmap2(NULL, 1048576, PROT_READ|PROT_WRITE, MAP_PRIVATE|MAP_ANONYMOUS|MAP_NORESERVE, -1, 0) = 0xacef4000
19:55:12.505351,1029,madvise(0xacef4000, 1048576, 0xc /* MADV_??? */) = -1 EINVAL (Invalid argument)
19:55:12.505957,1029,mprotect(0xacef4000, 4096, PROT_NONE) = 0
19:55:12.506489,1029,clone(child_stack=0xacff3f00, flags=CLONE_VM|CLONE_FS|CLONE_FILES|CLONE_SIGHAND|CLONE_THREAD|CLONE_SYSVSEM|0x400000) = 1039
19:55:12.509342,1029,writev(3, [{"\4", 1}, {"dalvikvm\0", 9}, {"Turning on JNI app bug workaroun"..., 63}], 3) = 73
19:55:12.512696,1029,prctl(PR_SET_NAME, 0xb8e070e2, 0, 0, 0) = 0
19:55:12.513281,1029,open("/sys/qemu_trace/process_name", O_RDWR) = 23
19:55:12.514058,1029,write(23, "<pre-initialized>\0", 18) = 18
19:55:12.514704,1029,close(23) = 0
19:55:12.516339,1029,futex(0xb6ef00c0, FUTEX_WAKE_PRIVATE, 2147483647) = 0
19:55:12.516983,1029,pipe([23, 29]) = 0
19:55:12.528633,1029,fcntl64(23, F_SETFL, O_RDONLY|O_NONBLOCK) = 0
19:55:12.530547,1039,set_tls(0xacff3f00, 0xb8ddfa80, 0xacff3ffc, 0x40, 0xacff3f00 <unfinished ...>
19:55:12.530981,1029,fcntl64(29, F_SETFL, O_RDONLY|O_NONBLOCK <unfinished ...>
19:55:12.531228,1039,<... open resumed> ) = 0
19:55:12.531479,1029,<... fcntl64 resumed> ) = 0
19:55:12.531837,1039,setpriority(PRIO_PROCESS, 0, 0 <unfinished ...>
19:55:12.532149,1029,epoll_create(0x8 <unfinished ...>
19:55:12.532482,1039,<... setpriority resumed> ) = 0
19:55:12.532857,1029,<... epoll_create resumed> ) = 30
19:55:12.533274,1039,futex(0xb6ef00b0, FUTEX_WAKE_PRIVATE, 2147483647 <unfinished ...>
19:55:12.533594,1029,epoll_ctl(0x1e, 0x1, 0x17, 0xbeda7300 <unfinished ...>
19:55:12.534018,1039,<... futex resumed> ) = 0
19:55:12.534352,1029,<... epoll_ctl resumed> ) = 0
19:55:12.534664,1039,gettid() = 1039
19:55:12.538932,1039,write(24, "1039", 4) = 4
19:55:12.539491,1039,prctl(PR_SET_NAME, 0xb8dda3a0, 0, 0, 0) = 0
19:55:12.540044,1039,mmap2(NULL, 32768, PROT_READ|PROT_WRITE, MAP_PRIVATE|MAP_ANONYMOUS, -1, 0) = 0xaceec000
19:55:12.540538,1039,madvise(0xaceec000, 32768, 0xc /* MADV_??? */) = -1 EINVAL (Invalid argument)
19:55:12.541393,1039,gettid() = 1039
19:55:12.542173,1039,getpriority(PRIO_PROCESS, 0) = 20
19:55:12.542922,1039,gettid() = 1039
19:55:12.543546,1039,gettid() = 1039
19:55:12.544132,1039,getpid() = 1029
19:55:12.544581,1039,getuid32() = 10050
19:55:12.545155,1039,write(24, "1039", 4) = 4
19:55:12.545755,1039,ioctl(9, 0xc0186201, 0xacff3e28) = 0
19:55:12.546583,1039,mmap2(NULL, 1048576, PROT_READ|PROT_WRITE, MAP_PRIVATE|MAP_ANONYMOUS|MAP_NORESERVE, -1, 0) = 0xacdec000
19:55:12.547178,1039,madvise(0xacdec000, 1048576, 0xc /* MADV_??? */) = -1 EINVAL (Invalid argument)
19:55:12.547642,1039,mprotect(0xacdec000, 4096, PROT_NONE) = 0
19:55:12.548193,1039,clone(child_stack=0xaceebf00, flags=CLONE_VM|CLONE_FS|CLONE_FILES|CLONE_SIGHAND|CLONE_THREAD|CLONE_SYSVSEM|0x400000) = 1040
19:55:12.549633,1039,write(24, "1039", 4) = 4
19:55:12.550237,1039,ioctl(9, 0xc0186201 <unfinished ...>
19:55:12.567173,1040,set_tls(0xaceebf00, 0xb8de83b0, 0xaceebffc, 0x40, 0xaceebf00) = 0
19:55:12.581671,1029,gettid() = 1029
19:55:12.586991,1029,getpid() = 1029
19:55:12.590620,1029,getuid32() = 10050
19:55:12.593546,1029,getpid() = 1029
19:55:12.594162,1029,gettid() = 1029
19:55:12.594615,1029,clock_gettime(CLOCK_MONOTONIC, {125, 477355751}) = 0
19:55:12.595220,1029,ioctl(9, 0xc0186201, 0xbeda71f0) = 0
19:55:12.595987,1029,clock_gettime(CLOCK_MONOTONIC, {125, 478700129}) = 0
19:55:12.597416,1029,getpid() = 1029
19:55:12.609048,1029,gettid() = 1029
19:55:12.609560,1029,clock_gettime(CLOCK_MONOTONIC, {125, 492289732}) = 0
19:55:12.610234,1029,ioctl(9, 0xc0186201, 0xbeda71f0) = 0
19:55:12.613782,1029,ioctl(9, 0xc0186201 <unfinished ...>
19:55:12.619891,1040,setpriority(PRIO_PROCESS, 0, 0) = 0
19:55:12.620423,1040,gettid() = 1040
19:55:12.620965,1040,write(24, "1040", 4) = 4
19:55:12.621501,1040,prctl(PR_SET_NAME, 0xb8d22550, 0, 0, 0) = 0
19:55:12.622293,1040,mmap2(NULL, 32768, PROT_READ|PROT_WRITE, MAP_PRIVATE|MAP_ANONYMOUS, -1, 0) = 0xacde4000
19:55:12.622955,1040,madvise(0xacde4000, 32768, 0xc /* MADV_??? */) = -1 EINVAL (Invalid argument)
19:55:12.623429,1040,gettid() = 1040
19:55:12.624090,1040,getpriority(PRIO_PROCESS, 0) = 20
19:55:12.624651,1040,gettid() = 1040
19:55:12.625330,1040,gettid() = 1040
19:55:12.625848,1040,getpid() = 1029
19:55:12.626320,1040,getuid32() = 10050
19:55:12.626875,1040,write(24, "1040", 4) = 4
19:55:12.627409,1040,ioctl(9, 0xc0186201, 0xaceebe28) = 0
19:55:12.627942,1040,write(24, "1040", 4) = 4
19:55:12.628831,1040,ioctl(9, 0xc0186201 <unfinished ...>
19:55:12.637713,1039,<... ioctl resumed> , 0xacff3e28) = 0
19:55:12.638150,1039,write(24, "1039", 4) = 4
19:55:12.638710,1039,getpriority(PRIO_PROCESS, 1039) = 20
19:55:12.648657,1039,clock_gettime(CLOCK_MONOTONIC, {125, 542868935}) = 0
19:55:12.661098,1039,clock_gettime(CLOCK_MONOTONIC, {125, 543832579}) = 0
19:55:12.661732,1039,write(24, "1039", 4) = 4
19:55:12.662501,1039,ioctl(9, 0xc0186201 <unfinished ...>
19:55:12.663596,1040,<... ioctl resumed> , 0xaceebe28) = 0
19:55:12.663963,1040,write(24, "1040", 4) = 4
19:55:12.664503,1040,getpriority(PRIO_PROCESS, 1040) = 20
19:55:12.683601,1040,clock_gettime(CLOCK_MONOTONIC, {125, 566470194}) = 0
19:55:12.684646,1040,write(24, "1040", 4) = 4
19:55:12.685607,1040,ioctl(9, 0xc0186201 <unfinished ...>
19:55:12.809596,1029,<... ioctl resumed> , 0xbeda71f0) = 0
19:55:12.810006,1029,clock_gettime(CLOCK_MONOTONIC, {125, 692733842}) = 0
19:55:12.811597,1029,mprotect(0xb164e000, 8192, PROT_READ|PROT_WRITE) = 0
19:55:12.815392,1029,getpid() = 1029
19:55:12.816254,1029,getuid32() = 10050
19:55:12.816828,1029,getpid() = 1029
19:55:12.817580,1029,getuid32() = 10050
19:55:12.818174,1029,epoll_wait(0x1e, 0xbeda71f8, 0x10, 0) = 0
19:55:12.829863,1029,clock_gettime(CLOCK_MONOTONIC, {125, 712726618}) = 0
19:55:12.832099,1029,open("/sys/kernel/debug/tracing/trace_marker", O_WRONLY) = -1 ENOENT (No such file or directory)
19:55:12.832997,1029,writev(3, [{"\6", 1}, {"Trace\0", 6}, {"error opening trace file: No suc"..., 56}], 3) = 63
19:55:12.835140,1029,getpid() = 1029
19:55:12.835689,1029,getuid32() = 10050
19:55:12.836568,1029,epoll_wait(0x1e, 0xbeda71f8, 0x10, 0) = 0
19:55:12.837188,1029,clock_gettime(CLOCK_MONOTONIC, {125, 719902434}) = 0
19:55:12.850436,1029,prctl(PR_SET_NAME, 0xb8de11e8, 0, 0, 0) = 0
19:55:12.851105,1029,open("/sys/qemu_trace/process_name", O_RDWR) = 31
19:55:12.851932,1029,write(31, "com.kms\0", 8) = 8
19:55:12.852574,1029,close(31) = 0
19:55:12.856992,1029,ioctl(9, 0xc0186201, 0xbeda70c8) = 0
19:55:12.857977,1029,ioctl(9, 0xc0186201, 0xbeda7108) = 0
19:55:12.870481,1029,ioctl(9, 0xc0186201, 0xbeda7108) = 0
19:55:12.871278,1029,ioctl(9, 0xc0186201, 0xbeda70c8) = 0
19:55:12.872099,1029,ioctl(9, 0xc0186201, 0xbeda70c8) = 0
19:55:12.872609,1029,dup(31) = 32
19:55:12.873295,1029,mmap2(NULL, 4096, PROT_READ, MAP_SHARED, 32, 0) = 0xacde3000
19:55:12.873896,1029,close(31) = 0
19:55:12.874382,1029,dup(32) = 31
19:55:12.875716,1029,getpid() = 1029
19:55:12.876286,1029,gettid() = 1029
19:55:12.876762,1029,clock_gettime(CLOCK_MONOTONIC, {125, 759546684}) = 0
19:55:12.877386,1029,ioctl(9, 0xc0186201, 0xbeda71f0) = 0
19:55:12.890713,1029,ioctl(9, 0xc0186201, 0xbeda71f0) = 0
19:55:12.891640,1029,clock_gettime(CLOCK_MONOTONIC, {125, 774403759}) = 0
19:55:12.895066,1029,getuid32() = 10050
19:55:12.896925,1029,stat64("/system/framework/framework-res.apk", {st_mode=S_IFREG|0644, st_size=8749696, ...}) = 0
19:55:12.898635,1029,access("/vendor/overlay/framework/framework-res.apk", R_OK) = -1 ENOENT (No such file or directory)
19:55:12.909828,1029,stat64("/data/app/com.kms-1.apk", {st_mode=S_IFREG|0644, st_size=2611023, ...}) = 0
19:55:12.912273,1029,stat64("/system/framework/framework-res.apk", {st_mode=S_IFREG|0644, st_size=8749696, ...}) = 0
19:55:12.914035,1029,stat64("/data/app/com.kms-1.apk", {st_mode=S_IFREG|0644, st_size=2611023, ...}) = 0
19:55:12.915453,1029,open("/data/app/com.kms-1.apk", O_RDONLY) = 33
19:55:12.916211,1029,_llseek(33, 0, [2611023], SEEK_END) = 0
19:55:12.916917,1029,mmap2(NULL, 69632, PROT_READ|PROT_WRITE, MAP_PRIVATE|MAP_ANONYMOUS, -1, 0) = 0xacdd2000
19:55:12.917650,1029,madvise(0xacdd2000, 69632, 0xc /* MADV_??? */) = -1 EINVAL (Invalid argument)
19:55:12.929949,1029,_llseek(33, 0, [0], SEEK_SET) = 0
19:55:12.930504,1029,read(33, "PK\3\4", 4) = 4
19:55:12.931218,1029,_llseek(33, 2545466, [2545466], SEEK_SET) = 0
19:55:12.931773,1029,read(33, "/entercode.html\215SÍ\216Ó0\20¾#ñ\16\203ÏÛ\206å\204"..., 65557) = 65557
19:55:12.932962,1029,munmap(0xacdd2000, 69632) = 0
19:55:12.933605,1029,mmap2(NULL, 46905, PROT_READ, MAP_SHARED, 33, 0x272) = 0xacdd7000
19:55:12.935058,1029,pread(33, "PK\3\4\n\0\0\0\0\0\22\24\217?\24S\"/°\t\17\0°\t\17\0\16\0\0\0", 30, 4644375770431488) = 30
19:55:12.936276,1029,mmap2(NULL, 985573, PROT_READ, MAP_SHARED, 33, 0x108) = 0xacce6000
19:55:12.936946,1029,mmap2(NULL, 987136, PROT_READ|PROT_WRITE, MAP_PRIVATE|MAP_ANONYMOUS, -1, 0) = 0xacbf5000
19:55:12.937828,1029,madvise(0xacbf5000, 987136, 0xc /* MADV_??? */) = -1 EINVAL (Invalid argument)
19:55:13.057639,1029,gettimeofday({1741204513, 57940}, NULL) = 0
19:55:13.070392,1029,access("/data/data/com.kms/cache", F_OK) = -1 ENOENT (No such file or directory)
19:55:13.071703,1029,access("/data/data/com.kms/cache", F_OK) = -1 ENOENT (No such file or directory)
19:55:13.073004,1029,mkdir("/data/data/com.kms/cache", 0700) = 0
19:55:13.074406,1029,chmod("/data/data/com.kms/cache", 0771) = 0
19:55:13.075531,1029,getuid32() = 10050
19:55:13.076117,1029,getuid32() = 10050
19:55:13.090306,1029,getpid() = 1029
19:55:13.092395,1029,gettid() = 1029
19:55:13.093976,1029,clock_gettime(CLOCK_MONOTONIC, {125, 976832217}) = 0
19:55:13.094680,1029,ioctl(9, 0xc0186201, 0xbeda71f0) = 0
19:55:13.095971,1029,ioctl(9, 0xc0186201, 0xbeda71f0) = 0
19:55:13.096510,1029,clock_gettime(CLOCK_MONOTONIC, {125, 979625600}) = 0
19:55:13.171052,1029,access("/data/data/com.kms/cache/com.android.renderscript.cache", F_OK) = -1 ENOENT (No such file or directory)
19:55:13.172565,1029,mkdir("/data/data/com.kms/cache/com.android.renderscript.cache", 0700) = 0
19:55:13.192994,1029,getpid() = 1029
19:55:13.194066,1029,gettid() = 1029
19:55:13.194583,1029,clock_gettime(CLOCK_MONOTONIC, {126, 77314117}) = 0
19:55:13.195215,1029,ioctl(9, 0xc0186201, 0xbeda71f0) = 0
19:55:13.196884,1029,clock_gettime(CLOCK_MONOTONIC, {126, 79611970}) = 0
19:55:13.202312,1029,getpid() = 1029
19:55:13.202922,1029,gettid() = 1029
19:55:13.203433,1029,clock_gettime(CLOCK_MONOTONIC, {126, 86166175}) = 0
19:55:13.204065,1029,ioctl(9, 0xc0186201, 0xbeda71f0) = 0
19:55:13.206153,1029,clock_gettime(CLOCK_MONOTONIC, {126, 88876016}) = 0
19:55:13.208936,1029,writev(3, [{"\5", 1}, {"DroidBox\0", 9}, {"DroidBox: { \"DexClassLoader\": { "..., 70}], 3) = 80
19:55:13.220695,1029,access("/data/app/com.kms-1.apk", F_OK) = 0
19:55:13.221563,1029,access("/data/app/com.kms-1.apk", R_OK) = 0
19:55:13.222347,1029,stat64("/data/app/com.kms-1.apk", {st_mode=S_IFREG|0644, st_size=2611023, ...}) = 0
19:55:13.226871,1029,open("/data/app/com.kms-1.apk", O_RDONLY) = 34
19:55:13.227834,1029,fstat64(34, {st_mode=S_IFREG|0644, st_size=2611023, ...}) = 0
19:55:13.229288,1029,fstat64(34, {st_mode=S_IFREG|0644, st_size=2611023, ...}) = 0
19:55:13.230892,1029,_llseek(34, 2611001, [2611001], SEEK_SET) = 0
19:55:13.231644,1029,read(34, "PK\5\6", 4) = 4
19:55:13.232323,1029,fgetxattr(34, "user.taint", 0xbeda7484, 4) = -1 ENODATA (No data available)
19:55:13.234540,1029,clock_gettime(CLOCK_MONOTONIC, {126, 117461024}) = 0
19:55:13.235433,1029,getpid() = 1029
19:55:13.236134,1029,readlink("/proc/1029/fd/34", "/data/app/com.kms-1.apk"..., 120) = 23
19:55:13.237615,1029,read(34, "\0\0\0\0i\2i\2\23¶\0\0&!'\0\0\0", 18) = 18
19:55:13.238429,1029,fgetxattr(34, "user.taint", 0xbeda7484, 4) = -1 ENODATA (No data available)
19:55:13.249478,1029,clock_gettime(CLOCK_MONOTONIC, {126, 132220298}) = 0
19:55:13.250139,1029,getpid() = 1029
19:55:13.250685,1029,readlink("/proc/1029/fd/34", "/data/app/com.kms-1.apk"..., 120) = 23
19:55:13.251752,1029,fstat64(34, {st_mode=S_IFREG|0644, st_size=2611023, ...}) = 0
19:55:13.253340,1029,_llseek(34, 2564390, [2564390], SEEK_SET) = 0
19:55:13.254096,1029,read(34, "PK\1\2\24\0\24\0\10\0\10\0\22\24\217?o\202\224ýVD\0\0VÆ\0\0\24\0\4\0"..., 4096) = 4096
19:55:13.254964,1029,fgetxattr(34, "user.taint", 0xbeda7484, 4) = -1 ENODATA (No data available)
19:55:13.256472,1029,clock_gettime(CLOCK_MONOTONIC, {126, 139197519}) = 0
19:55:13.257133,1029,getpid() = 1029
19:55:13.257626,1029,readlink("/proc/1029/fd/34", "/data/app/com.kms-1.apk"..., 120) = 23
19:55:13.290721,1029,_llseek(34, 2568486, [2568486], SEEK_SET) = 0
19:55:13.291558,1029,read(34, "\202\0\0\0A\1\0\0\20\0\0\0\0\0\0\0\0\0\0\0\0\0_o\1\0assets"..., 4096) = 4096
19:55:13.292407,1029,fgetxattr(34, "user.taint", 0xbeda7484, 4) = -1 ENODATA (No data available)
19:55:13.294278,1029,clock_gettime(CLOCK_MONOTONIC, {126, 177009450}) = 0
19:55:13.294931,1029,getpid() = 1029
19:55:13.295611,1029,readlink("/proc/1029/fd/34", "/data/app/com.kms-1.apk"..., 120) = 23
19:55:13.304578,1029,_llseek(34, 2572582, [2572582], SEEK_SET) = 0
19:55:13.305329,1029,read(34, "6\1\0Ì1\2\0!\0\0\0\0\0\0\0\0\0\0\0\0\0Xî\2\0lib/arm"..., 4096) = 4096
19:55:13.306194,1029,fgetxattr(34, "user.taint", 0xbeda7484, 4) = -1 ENODATA (No data available)
19:55:13.307644,1029,clock_gettime(CLOCK_MONOTONIC, {126, 190425668}) = 0
19:55:13.308280,1029,getpid() = 1029
19:55:13.317841,1029,readlink("/proc/1029/fd/34", "/data/app/com.kms-1.apk"..., 120) = 23
19:55:13.326707,1029,_llseek(34, 2576678, [2576678], SEEK_SET) = 0
19:55:13.327448,1029,read(34, "rogress_bar_inner_png.9.pngPK\1\2\24"..., 4096) = 4096
19:55:13.328273,1029,fgetxattr(34, "user.taint", 0xbeda7484, 4) = -1 ENODATA (No data available)
19:55:13.330499,1029,clock_gettime(CLOCK_MONOTONIC, {126, 213268978}) = 0
19:55:13.331222,1029,getpid() = 1029
19:55:13.331741,1029,readlink("/proc/1029/fd/34", "/data/app/com.kms-1.apk"..., 120) = 23
19:55:13.340565,1029,_llseek(34, 2580774, [2580774], SEEK_SET) = 0
19:55:13.341355,1029,read(34, "\24\217?/Qªb\206\30\0\0\206\30\0\0\23\0\0\0\0\0\0\0\0\0\0\0\0\0²\r\t"..., 4096) = 4096
19:55:13.342250,1029,fgetxattr(34, "user.taint", 0xbeda7484, 4) = -1 ENODATA (No data available)
19:55:13.344106,1029,clock_gettime(CLOCK_MONOTONIC, {126, 226845606}) = 0
19:55:13.344796,1029,getpid() = 1029
19:55:13.345370,1029,readlink("/proc/1029/fd/34", "/data/app/com.kms-1.apk"..., 120) = 23
19:55:13.354064,1029,_llseek(34, 2584870, [2584870], SEEK_SET) = 0
19:55:13.354691,1029,read(34, "\1\2\24\0\24\0\10\0\10\0\22\24\217?\22\35\220¬\\\2\0\0\10\7\0\0 \0\0\0\0\0"..., 4096) = 4096
19:55:13.355482,1029,fgetxattr(34, "user.taint", 0xbeda7484, 4) = -1 ENODATA (No data available)
19:55:13.356984,1029,clock_gettime(CLOCK_MONOTONIC, {126, 239701272}) = 0
19:55:13.357603,1029,getpid() = 1029
19:55:13.358150,1029,readlink("/proc/1029/fd/34", "/data/app/com.kms-1.apk"..., 120) = 23
19:55:13.367112,1029,_llseek(34, 2588966, [2588966], SEEK_SET) = 0
19:55:13.367951,1029,read(34, "\0\0¥\1\0\0\34\0\0\0\0\0\0\0\0\0\0\0\0\0\205\37\r\0res/draw"..., 4096) = 4096
19:55:13.368668,1029,fgetxattr(34, "user.taint", 0xbeda7484, 4) = -1 ENODATA (No data available)
19:55:13.370521,1029,clock_gettime(CLOCK_MONOTONIC, {126, 253248071}) = 0
19:55:13.371165,1029,getpid() = 1029
19:55:13.371709,1029,readlink("/proc/1029/fd/34", "/data/app/com.kms-1.apk"..., 120) = 23
19:55:13.377110,1029,mprotect(0xb3df6000, 331776, PROT_READ|PROT_WRITE) = 0
19:55:13.377655,1029,mprotect(0xb3e47000, 41213952, PROT_NONE) = 0
19:55:13.391211,1029,_llseek(34, 2593062, [2593062], SEEK_SET) = 0
19:55:13.392468,1029,read(34, "mlPK\1\2\24\0\24\0\10\0\10\0\22\24\217?\207c]s©\1\0\0>\3\0\0$\0"..., 4096) = 4096
19:55:13.393777,1029,fgetxattr(34, "user.taint", 0xbeda7484, 4) = -1 ENODATA (No data available)
19:55:13.395439,1029,clock_gettime(CLOCK_MONOTONIC, {126, 278170225}) = 0
19:55:13.396056,1029,getpid() = 1029
19:55:13.396632,1029,readlink("/proc/1029/fd/34", "/data/app/com.kms-1.apk"..., 120) = 23
19:55:13.419040,1029,_llseek(34, 2597158, [2597158], SEEK_SET) = 0
19:55:13.419756,1029,read(34, "\0\0\0@%\17\0res/raw-pt-BR/antispam_re"..., 4096) = 4096
19:55:13.420562,1029,fgetxattr(34, "user.taint", 0xbeda7484, 4) = -1 ENODATA (No data available)
19:55:13.422140,1029,clock_gettime(CLOCK_MONOTONIC, {126, 304870450}) = 0
19:55:13.422706,1029,getpid() = 1029
19:55:13.423262,1029,readlink("/proc/1029/fd/34", "/data/app/com.kms-1.apk"..., 120) = 23
19:55:13.431632,1029,_llseek(34, 2601254, [2601254], SEEK_SET) = 0
19:55:13.432392,1029,read(34, "\0\0\27\0\0\0\0\0\0\0\0\0\0\0\0\0000\224\37\0res/raw/addi"..., 4096) = 4096
19:55:13.433252,1029,fgetxattr(34, "user.taint", 0xbeda7484, 4) = -1 ENODATA (No data available)
19:55:13.434693,1029,clock_gettime(CLOCK_MONOTONIC, {126, 317472862}) = 0
19:55:13.435330,1029,getpid() = 1029
19:55:13.436010,1029,readlink("/proc/1029/fd/34", "/data/app/com.kms-1.apk"..., 120) = 23
19:55:13.438405,1029,mprotect(0xb3df6000, 397312, PROT_READ|PROT_WRITE) = 0
19:55:13.439012,1029,mprotect(0xb3e57000, 41148416, PROT_NONE) = 0
19:55:13.446394,1029,_llseek(34, 2605350, [2605350], SEEK_SET) = 0
19:55:13.447126,1029,read(34, "\0\0\0\0\0\0\0\0\0\0\0®\4%\0res/raw-da/avviru"..., 4096) = 4096
19:55:13.447913,1029,fgetxattr(34, "user.taint", 0xbeda7484, 4) = -1 ENODATA (No data available)
19:55:13.449425,1029,clock_gettime(CLOCK_MONOTONIC, {126, 340668123}) = 0
19:55:13.458582,1029,getpid() = 1029
19:55:13.459132,1029,readlink("/proc/1029/fd/34", "/data/app/com.kms-1.apk"..., 120) = 23
19:55:13.467164,1029,_llseek(34, 2609446, [2609446], SEEK_SET) = 0
19:55:13.472721,1029,read(34, "\0\0\25×&\0res/raw/entercode.htmlPK\1\2"..., 1577) = 1577
19:55:13.473695,1029,fgetxattr(34, "user.taint", 0xbeda7484, 4) = -1 ENODATA (No data available)
19:55:13.476291,1029,clock_gettime(CLOCK_MONOTONIC, {126, 359022614}) = 0
19:55:13.476943,1029,getpid() = 1029
19:55:13.477501,1029,readlink("/proc/1029/fd/34", "/data/app/com.kms-1.apk"..., 120) = 23
19:55:13.482312,1029,open("/data/app/com.kms-1.apk", O_RDONLY) = 35
19:55:13.483077,1029,lseek(35, 0, SEEK_END) = 2611023
19:55:13.483673,1029,mmap2(NULL, 69632, PROT_READ|PROT_WRITE, MAP_PRIVATE|MAP_ANONYMOUS, -1, 0) = 0xacbe4000
19:55:13.484267,1029,madvise(0xacbe4000, 69632, 0xc /* MADV_??? */) = -1 EINVAL (Invalid argument)
19:55:13.484941,1029,lseek(35, 2545466, SEEK_SET) = 2545466
19:55:13.485442,1029,read(35, "/entercode.html\215SÍ\216Ó0\20¾#ñ\16\203ÏÛ\206å\204"..., 65557) = 65557
19:55:13.486916,1029,mmap2(NULL, 46905, PROT_READ, MAP_SHARED, 35, 0x272) = 0xacbd8000
19:55:13.487597,1029,munmap(0xacbe4000, 69632) = 0
19:55:13.497880,1029,fcntl64(35, F_GETFD) = 0
19:55:13.498887,1029,fcntl64(35, F_SETFD, FD_CLOEXEC) = 0
19:55:13.499457,1029,open("/data/app/com.kms-1.odex", O_RDONLY) = -1 ENOENT (No such file or directory)
19:55:13.500913,1029,open("/data/dalvik-cache/data@app@com.kms-1.apk@classes.dex", O_RDWR|O_CREAT, 0644) = -1 EACCES (Permission denied)
19:55:13.502256,1029,open("/data/dalvik-cache/data@app@com.kms-1.apk@classes.dex", O_RDONLY) = 36
19:55:13.503179,1029,flock(36, LOCK_EX|LOCK_NB) = 0
19:55:13.504059,1029,fstat64(36, {st_mode=S_IFREG|0644, st_size=397080, ...}) = 0
19:55:13.505479,1029,stat64("/data/dalvik-cache/data@app@com.kms-1.apk@classes.dex", {st_mode=S_IFREG|0644, st_size=397080, ...}) = 0
19:55:13.506993,1029,lseek(36, 0, SEEK_SET) = 0
19:55:13.507449,1029,read(36, "dey\n036\0(\0\0\0\0Ý\5\0(Ý\5\0Ö\1\0\0\0ß\5\0\0300\0\0"..., 40) = 40
19:55:13.518068,1029,lseek(36, 384296, SEEK_SET) = 384296
19:55:13.518583,1029,read(36, "\22\24\217?Ë\210Ó\n\34\0\0\0\10\0\0\0\34\0\0\0/system/fram"..., 470) = 470
19:55:13.519855,1029,lseek(36, 0, SEEK_SET) = 0
19:55:13.520315,1029,lseek(36, 0, SEEK_CUR) = 0
19:55:13.520808,1029,lseek(36, 0, SEEK_END) = 397080
19:55:13.521292,1029,lseek(36, 0, SEEK_SET) = 0
19:55:13.522452,1029,mmap2(NULL, 397080, PROT_READ|PROT_WRITE, MAP_PRIVATE, 36, 0) = 0xacb77000
19:55:13.523516,1029,madvise(0xacb77000, 397080, 0xc /* MADV_??? */) = -1 EINVAL (Invalid argument)
19:55:13.524376,1029,mprotect(0xacb77000, 397080, PROT_READ) = 0
19:55:13.525091,1029,open("/dev/ashmem", O_RDWR) = 37
19:55:13.525842,1029,ioctl(37, 0x41007701, 0xbeda7254) = 0
19:55:13.526338,1029,ioctl(37, 0x40047703, 0x8000) = 0
19:55:13.526870,1029,mmap2(NULL, 32768, PROT_READ|PROT_WRITE, MAP_PRIVATE, 37, 0) = 0xb0f18000
19:55:13.527446,1029,madvise(0xb0f18000, 32768, 0xc /* MADV_??? */) = -1 EINVAL (Invalid argument)
19:55:13.537824,1029,close(37) = 0
19:55:13.538576,1029,flock(36, LOCK_UN) = 0
19:55:13.539507,1029,close(36) = 0
19:55:13.540941,1029,access("/data/data/com.kms/lib", F_OK) = 0
19:55:13.541709,1029,access("/data/data/com.kms/lib", R_OK) = 0
19:55:13.542535,1029,stat64("/data/data/com.kms/lib", {st_mode=S_IFDIR|0755, st_size=4096, ...}) = 0
19:55:13.544927,1029,access("/vendor/lib", F_OK) = -1 ENOENT (No such file or directory)
19:55:13.545882,1029,access("/system/lib", F_OK) = 0
19:55:13.546548,1029,access("/system/lib", R_OK) = 0
19:55:13.547702,1029,stat64("/system/lib", {st_mode=S_IFDIR|0755, st_size=8192, ...}) = 0
19:55:13.558264,1029,getuid32() = 10050
19:55:13.559093,1029,getpid() = 1029
19:55:13.559600,1029,gettid() = 1029
19:55:13.560152,1029,clock_gettime(CLOCK_MONOTONIC, {126, 442873532}) = 0
19:55:13.560711,1029,ioctl(9, 0xc0186201, 0xbeda71f0) = 0
19:55:13.564210,1029,ioctl(9, 0xc0186201, 0xbeda71f0) = 0
19:55:13.565210,1029,clock_gettime(CLOCK_MONOTONIC, {126, 448093142}) = 0
19:55:13.579104,1029,gettimeofday({1741204513, 579321}, NULL) = 0
19:55:13.581532,1029,mprotect(0xb164f000, 8192, PROT_READ|PROT_WRITE) = 0
19:55:13.585919,1029,access("/data/data/com.kms/lib/libeka_serialization.so", F_OK) = 0
19:55:13.586868,1029,stat64("/data/data/com.kms/lib/libeka_serialization.so", {st_mode=S_IFREG|0755, st_size=8608, ...}) = 0
19:55:13.598729,1029,access("/data/data/com.kms/lib/libeka_serialization.so", R_OK) = 0
19:55:13.599834,1029,writev(3, [{"\3", 1}, {"dalvikvm\0", 9}, {"Trying to load lib /data/data/co"..., 77}], 3) = 87
19:55:13.601206,1029,writev(3, [{"\5", 1}, {"dalvikvm\0", 9}, {"Denying lib /data/data/com.kms/l"..., 83}], 3) = 93
19:55:13.603450,1029,writev(3, [{"\5", 1}, {"dalvikvm\0", 9}, {"Exception Ljava/lang/Unsatisfied"..., 104}], 3) = 114
19:55:13.607310,1029,writev(3, [{"\5", 1}, {"dalvikvm\0", 9}, {"Class init failed in newInstance"..., 75}], 3) = 85
19:55:13.610433,1029,writev(3, [{"\3", 1}, {"AndroidRuntime\0", 15}, {"Shutting down VM\n\0", 18}], 3) = 34
19:55:13.612220,1029,writev(3, [{"\5", 1}, {"dalvikvm\0", 9}, {"threadid=1: thread exiting with "..., 70}], 3) = 80
19:55:13.614671,1029,mprotect(0xb3df6000, 462848, PROT_READ|PROT_WRITE) = 0
19:55:13.615377,1029,mprotect(0xb3e67000, 41082880, PROT_NONE) = 0
19:55:13.642310,1029,writev(6, [{"\6", 1}, {"AndroidRuntime\0", 15}, {"FATAL EXCEPTION: main\njava.lang."..., 1297}], 3) = 1313
19:55:13.647975,1029,futex(0xb8d079a8, FUTEX_WAKE_PRIVATE, 1 <unfinished ...>
19:55:13.648277,1033,<... futex resumed> ) = 0
19:55:13.651011,1033,futex(0xb68ac5f4, FUTEX_WAIT_PRIVATE, 2, NULL <unfinished ...>
19:55:13.651327,1029,<... futex resumed> ) = 1
19:55:13.651807,1029,futex(0xb68ac5f4, FUTEX_WAKE_PRIVATE, 1 <unfinished ...>
19:55:13.653003,1033,<... futex resumed> ) = 0
19:55:13.653410,1033,clock_gettime(CLOCK_MONOTONIC, {126, 536262049}) = 0
19:55:13.654333,1033,clock_gettime(CLOCK_MONOTONIC, {126, 537103830}) = 0
19:55:13.654995,1033,clock_gettime(CLOCK_MONOTONIC, {126, 537716231}) = 0
19:55:13.655533,1033,nanosleep({0, 10000000}, <unfinished ...>
19:55:13.656016,1029,<... futex resumed> ) = 1
19:55:13.656353,1029,futex(0xb68ac58c, FUTEX_WAIT_PRIVATE, -434, NULL <unfinished ...>
19:55:13.667450,1033,<... nanosleep resumed> 0xaf5aed88) = 0
19:55:13.678949,1033,madvise(0xb2415000, 3107101, MADV_NORMAL) = 0
19:55:13.686248,1033,futex(0xb68ac5f4, FUTEX_WAKE_PRIVATE, 1) = 0
19:55:13.687198,1033,futex(0xb68ac58c, FUTEX_WAKE_PRIVATE, 2147483647) = 1
19:55:13.698131,1029,<... futex resumed> ) = 0
19:55:13.698442,1033,clock_gettime(CLOCK_MONOTONIC, <unfinished ...>
19:55:13.699418,1029,getpid( <unfinished ...>
19:55:13.699670,1033,<... clock_gettime resumed> {126, 582133791}) = 0
19:55:13.700118,1029,<... getpid resumed> ) = 1029
19:55:13.703661,1029,gettid() = 1029
19:55:13.708705,1029,clock_gettime(CLOCK_MONOTONIC, {126, 591548600}) = 0
19:55:13.709495,1029,ioctl(9, 0xc0186201 <unfinished ...>
19:55:13.749396,1033,clock_gettime(CLOCK_MONOTONIC, {126, 632156471}) = 0
19:55:13.753664,1033,futex(0xb68ac58c, FUTEX_WAKE_PRIVATE, 2147483647) = 0
19:55:13.754242,1033,clock_gettime(CLOCK_MONOTONIC, {126, 636963377}) = 0
19:55:13.757727,1033,madvise(0xb3415000, 786432, MADV_DONTNEED) = 0
19:55:13.768956,1029,<... ioctl resumed> , 0xbeda7530) = 0
19:55:13.769480,1029,ioctl(9, 0xc0186201 <unfinished ...>
19:55:13.769998,1033,madvise(0xb2415000, 16777216, MADV_DONTNEED) = 0
19:55:13.770578,1033,futex(0xb68ac5f8, FUTEX_WAKE_PRIVATE, 2147483647) = 0
19:55:13.771242,1033,futex(0xb8e06798, FUTEX_WAKE_PRIVATE, 1 <unfinished ...>
19:55:13.771538,1036,<... futex resumed> ) = 0
19:55:13.771938,1036,futex(0xb8e06788, FUTEX_WAIT_PRIVATE, 2, NULL <unfinished ...>
19:55:13.772228,1033,<... futex resumed> ) = 1
19:55:13.772524,1033,futex(0xb8e06788, FUTEX_WAKE_PRIVATE, 1 <unfinished ...>
19:55:13.772849,1036,<... futex resumed> ) = 0
19:55:13.773144,1036,futex(0xb8e06788, FUTEX_WAKE_PRIVATE, 1) = 0
19:55:13.773955,1036,futex(0xb8d20060, FUTEX_WAIT_PRIVATE, 2, NULL <unfinished ...>
19:55:13.774294,1033,<... futex resumed> ) = 1
19:55:13.774598,1033,futex(0xb8d20060, FUTEX_WAKE_PRIVATE, 1 <unfinished ...>
19:55:13.774925,1036,<... futex resumed> ) = 0
19:55:13.775236,1036,futex(0xb8d20060, FUTEX_WAKE_PRIVATE, 1) = 0
19:55:13.775784,1036,futex(0xb8e21270, FUTEX_WAKE_PRIVATE, 1) = 1
19:55:13.776247,1037,<... futex resumed> ) = 0
19:55:13.776648,1036,futex(0xb8e06798, FUTEX_WAIT_PRIVATE, -2, NULL <unfinished ...>
19:55:13.777175,1037,clock_gettime(CLOCK_MONOTONIC, {126, 660032302}) = 0
19:55:13.777957,1037,futex(0xb8e275c8, FUTEX_WAKE_PRIVATE, 1) = 1
19:55:13.778424,1038,<... futex resumed> ) = 0
19:55:13.778879,1038,futex(0xb8e275b8, FUTEX_WAIT_PRIVATE, 2, NULL <unfinished ...>
19:55:13.782211,1033,<... futex resumed> ) = 1
19:55:13.782588,1033,clock_gettime(CLOCK_MONOTONIC, {126, 665336575}) = 0
19:55:13.783272,1033,writev(3, [{"\3", 1}, {"dalvikvm\0", 9}, {"GC_CONCURRENT freed 187K, 4% fre"..., 76}], 3) = 86
19:55:13.784698,1033,clock_gettime(CLOCK_MONOTONIC, {126, 667518979}) = 0
19:55:13.786108,1033,clock_gettime(CLOCK_MONOTONIC, {126, 668853837}) = 0
19:55:13.786712,1033,futex(0xb8d079a8, FUTEX_WAIT_PRIVATE, -2, {4, 998665142} <unfinished ...>
19:55:13.789981,1037,futex(0xb8e275b8, FUTEX_WAKE_PRIVATE, 1 <unfinished ...>
19:55:13.799060,1038,<... futex resumed> ) = 0
19:55:13.799416,1038,futex(0xb8e275b8, FUTEX_WAKE_PRIVATE, 1) = 0
19:55:13.799931,1038,futex(0xb8d0e628, FUTEX_WAIT_PRIVATE, 2, NULL <unfinished ...>
19:55:13.800217,1037,<... futex resumed> ) = 1
19:55:13.800563,1037,futex(0xb8d0e628, FUTEX_WAKE_PRIVATE, 1 <unfinished ...>
19:55:13.800877,1038,<... futex resumed> ) = 0
19:55:13.801206,1038,futex(0xb8d0e628, FUTEX_WAKE_PRIVATE, 1) = 0
19:55:13.801717,1038,clock_gettime(CLOCK_MONOTONIC, {126, 684573354}) = 0
19:55:13.802516,1038,clock_gettime(CLOCK_MONOTONIC, {126, 685239353}) = 0
19:55:13.803124,1038,clock_gettime(CLOCK_MONOTONIC, {126, 685843812}) = 0
19:55:13.803645,1038,futex(0xb8e275c8, FUTEX_WAIT_PRIVATE, -2, {9, 975395541} <unfinished ...>
19:55:13.804040,1037,<... futex resumed> ) = 1
19:55:13.804443,1037,gettid() = 1037
19:55:13.804975,1037,getpid() = 1029
19:55:13.805486,1037,getuid32() = 10050
19:55:13.806083,1037,ioctl(9, 0xc0186201, 0xad2f9a58) = 0
19:55:13.806665,1037,clock_gettime(CLOCK_MONOTONIC, {126, 689452838}) = 0
19:55:13.807334,1037,clock_gettime(CLOCK_MONOTONIC, {126, 690053197}) = 0
19:55:13.807977,1037,clock_gettime(CLOCK_MONOTONIC, {126, 690695874}) = 0
19:55:13.808552,1037,clock_gettime(CLOCK_MONOTONIC, {126, 691402355}) = 0
19:55:13.818716,1037,clock_gettime(CLOCK_MONOTONIC, {126, 701519091}) = 0
19:55:13.819506,1037,clock_gettime(CLOCK_MONOTONIC, {126, 702226172}) = 0
19:55:13.820136,1037,clock_gettime(CLOCK_MONOTONIC, {126, 702849218}) = 0
19:55:13.820735,1037,clock_gettime(CLOCK_MONOTONIC, {126, 703536785}) = 0
19:55:13.821368,1037,clock_gettime(CLOCK_MONOTONIC, {126, 704145426}) = 0
19:55:13.822035,1037,clock_gettime(CLOCK_MONOTONIC, {126, 704747552}) = 0
19:55:13.822830,1037,clock_gettime(CLOCK_MONOTONIC, {126, 705572197}) = 0
19:55:13.823432,1037,clock_gettime(CLOCK_MONOTONIC, {126, 706174384}) = 0
19:55:13.824103,1037,clock_gettime(CLOCK_MONOTONIC, {126, 706832655}) = 0
19:55:13.824701,1037,clock_gettime(CLOCK_MONOTONIC, {126, 707502286}) = 0
19:55:13.825373,1037,clock_gettime(CLOCK_MONOTONIC, {126, 708123580}) = 0
19:55:13.826034,1037,clock_gettime(CLOCK_MONOTONIC, {126, 708754758}) = 0
19:55:13.826603,1037,clock_gettime(CLOCK_MONOTONIC, {126, 709426574}) = 0
19:55:13.827309,1037,clock_gettime(CLOCK_MONOTONIC, {126, 710037902}) = 0
19:55:13.827970,1037,clock_gettime(CLOCK_MONOTONIC, {126, 710698259}) = 0
19:55:13.838949,1037,clock_gettime(CLOCK_MONOTONIC, {126, 721757579}) = 0
19:55:13.839631,1037,futex(0xb8e21270, FUTEX_WAIT_PRIVATE, -2, NULL <unfinished ...>
19:55:13.860116,1039,<... ioctl resumed> , 0xacff3e28) = 0
19:55:13.861326,1039,write(24, "1039", 4) = 4
19:55:13.862705,1029,<... ioctl resumed> , 0xbeda7530) = 0
19:55:13.863277,1039,getpriority(PRIO_PROCESS, 1039 <unfinished ...>
19:55:13.863659,1029,clock_gettime(CLOCK_MONOTONIC, <unfinished ...>
19:55:13.864070,1039,<... getpriority resumed> ) = 20
19:55:13.864363,1029,<... clock_gettime resumed> {126, 746815026}) = 0
19:55:13.865677,1029,getpid( <unfinished ...>
19:55:13.866218,1039,clock_gettime(CLOCK_MONOTONIC, <unfinished ...>
19:55:13.866484,1029,<... getpid resumed> ) = 1029
19:55:13.867398,1039,<... clock_gettime resumed> {126, 749860889}) = 0
19:55:13.871416,1039,write(24, "1039", 4) = 4
19:55:13.872079,1039,ioctl(9, 0xc0186201 <unfinished ...>
19:55:13.872698,1029,writev(3, [{"\4", 1}, {"Process\0", 8}, {"Sending signal. PID: 1029 SIG: 9"..., 33}], 3) = 42
19:55:13.873859,1029,kill(1029, SIGKILL <unfinished ...>
19:55:13.875852,1033,+++ killed by SIGKILL +++
19:55:13.877254,1034,+++ killed by SIGKILL +++
19:55:13.878612,1035,+++ killed by SIGKILL +++
19:55:13.879039,1036,+++ killed by SIGKILL +++
19:55:13.879439,1037,+++ killed by SIGKILL +++
19:55:13.880138,1038,+++ killed by SIGKILL +++
19:55:13.880472,1039,+++ killed by SIGKILL +++
19:55:13.880891,1040,+++ killed by SIGKILL +++
19:55:13.919251,1029,+++ killed by SIGKILL +++
19:55:13.919503,59,<... select resumed> ) = ? ERESTARTNOHAND (To be restarted)
19:55:13.919939,59,--- {si_signo=SIGCHLD, si_code=CLD_KILLED, si_pid=1029, si_status=SIGKILL, si_utime=23, si_stime=15} (Child exited) ---
19:55:13.920877,59,wait4(-1, [{WIFSIGNALED(s) && WTERMSIG(s) == SIGKILL}], WNOHANG, NULL) = 1029
19:55:13.921819,59,wait4(-1, 0xbeda72dc, WNOHANG, NULL) = 0
19:55:13.922338,59,sigreturn() = ? (mask now [INT FPE KILL TERM STKFLT TSTP XCPU VTALRM PROF IO PWR RTMIN])
19:55:13.923589,59,select(24, [9 23], NULL, NULL, NULL) = ? ERESTARTNOHAND (To be restarted)
19:55:38.810317,59,--- {si_signo=SIGCHLD, si_code=CLD_KILLED, si_pid=691, si_status=SIGKILL, si_utime=30, si_stime=23} (Child exited) ---
19:55:38.810774,59,wait4(-1, [{WIFSIGNALED(s) && WTERMSIG(s) == SIGKILL}], WNOHANG, NULL) = 691
19:55:38.811411,59,wait4(-1, 0xbeda72dc, WNOHANG, NULL) = 0
19:55:38.811902,59,sigreturn() = ? (mask now [INT FPE KILL TERM STKFLT TSTP XCPU VTALRM PROF IO PWR RTMIN])
19:55:38.812842,59,select(24, [9 23], NULL, NULL, NULL