23:14:57.853201,995,futex(0xb7459ee0, FUTEX_WAIT_PRIVATE, 0, NULL <unfinished ...>
23:14:57.901654,994,futex(0xb7451ba8, FUTEX_WAIT_PRIVATE, 0, NULL <unfinished ...>
23:14:57.902176,993,futex(0xb74567f8, FUTEX_WAIT_PRIVATE, 0, NULL <unfinished ...>
23:14:57.902559,60,select(24, [9 23], NULL, NULL, NULL) = 1 (in [23])
23:15:01.442977,60,ioctl(23, FIONREAD, [179]) = 0
23:15:01.444360,60,recvmsg(23, {msg_name(0)=NULL, msg_iov(1)=[{"9\n--runtime-init\n--setuid=10050\n"..., 4376}], msg_controllen=0, msg_flags=0}, MSG_NOSIGNAL) = 179
23:15:01.454670,60,ioctl(23, FIONREAD, [0]) = 0
23:15:01.456161,60,futex(0xb74567f8, FUTEX_WAKE_PRIVATE, 1 <unfinished ...>
23:15:01.456490,993,<... futex resumed> ) = 0
23:15:01.456843,993,futex(0xb74567e8, FUTEX_WAIT_PRIVATE, 2, NULL <unfinished ...>
23:15:01.457115,60,<... futex resumed> ) = 1
23:15:01.457373,60,futex(0xb74567e8, FUTEX_WAKE_PRIVATE, 1 <unfinished ...>
23:15:01.457635,993,<... futex resumed> ) = 0
23:15:01.457896,993,futex(0xb74567e8, FUTEX_WAKE_PRIVATE, 1) = 0
23:15:01.458579,993,futex(0xb686d57c, FUTEX_WAIT_PRIVATE, 2, NULL <unfinished ...>
23:15:01.458824,60,<... futex resumed> ) = 1
23:15:01.459082,60,futex(0xb686d57c, FUTEX_WAKE_PRIVATE, 1 <unfinished ...>
23:15:01.459335,993,<... futex resumed> ) = 0
23:15:01.459597,993,futex(0xb686d57c, FUTEX_WAKE_PRIVATE, 1) = 0
23:15:01.460019,993,munmap(0xb0ed9000, 32768) = 0
23:15:01.474911,993,sigprocmask(SIG_SETMASK, ~[SEGV], NULL) = 0
23:15:01.475948,993,munmap(0xaf470000, 1048576) = 0
23:15:01.476523,993,exit(0) = ?
23:15:01.479031,60,<... futex resumed> ) = 1
23:15:01.479365,60,futex(0xb7451ba8, FUTEX_WAKE_PRIVATE, 1 <unfinished ...>
23:15:01.479630,994,<... futex resumed> ) = 0
23:15:01.479894,994,futex(0xb7451b98, FUTEX_WAIT_PRIVATE, 2, NULL <unfinished ...>
23:15:01.480121,60,<... futex resumed> ) = 1
23:15:01.500212,60,futex(0xb7451b98, FUTEX_WAKE_PRIVATE, 1 <unfinished ...>
23:15:01.500488,994,<... futex resumed> ) = 0
23:15:01.500747,994,futex(0xb7451b98, FUTEX_WAKE_PRIVATE, 1) = 0
23:15:01.501324,994,futex(0xb686d57c, FUTEX_WAIT_PRIVATE, 2, NULL <unfinished ...>
23:15:01.501554,60,<... futex resumed> ) = 1
23:15:01.501816,60,futex(0xb686d57c, FUTEX_WAKE_PRIVATE, 1 <unfinished ...>
23:15:01.502068,994,<... futex resumed> ) = 0
23:15:01.502329,994,futex(0xb686d57c, FUTEX_WAKE_PRIVATE, 1) = 0
23:15:01.502742,994,munmap(0xaf468000, 32768) = 0
23:15:01.503209,994,sigprocmask(SIG_SETMASK, ~[SEGV], NULL) = 0
23:15:01.503664,994,munmap(0xaf368000, 1048576) = 0
23:15:01.515083,994,exit(0) = ?
23:15:01.518707,60,<... futex resumed> ) = 1
23:15:01.519065,60,futex(0xb7459ee0, FUTEX_WAKE_PRIVATE, 1 <unfinished ...>
23:15:01.519338,995,<... futex resumed> ) = 0
23:15:01.519594,995,futex(0xb7459ed0, FUTEX_WAIT_PRIVATE, 2, NULL <unfinished ...>
23:15:01.519827,60,<... futex resumed> ) = 1
23:15:01.520079,60,futex(0xb7459ed0, FUTEX_WAKE_PRIVATE, 1 <unfinished ...>
23:15:01.520336,995,<... futex resumed> ) = 0
23:15:01.520588,995,futex(0xb7459ed0, FUTEX_WAKE_PRIVATE, 1) = 0
23:15:01.521152,995,futex(0xb686d57c, FUTEX_WAIT_PRIVATE, 2, NULL <unfinished ...>
23:15:01.521381,60,<... futex resumed> ) = 1
23:15:01.533820,60,futex(0xb686d57c, FUTEX_WAKE_PRIVATE, 1 <unfinished ...>
23:15:01.534116,995,<... futex resumed> ) = 0
23:15:01.534396,995,futex(0xb686d57c, FUTEX_WAKE_PRIVATE, 1) = 0
23:15:01.534829,995,munmap(0xaf360000, 32768) = 0
23:15:01.535312,995,sigprocmask(SIG_SETMASK, ~[SEGV], NULL) = 0
23:15:01.535887,995,munmap(0xaf260000, 1048576) = 0
23:15:01.536367,995,exit(0) = ?
23:15:01.537791,60,<... futex resumed> ) = 1
23:15:01.538318,60,open("/proc/self/task", O_RDONLY|O_DIRECTORY) = 24
23:15:01.539376,60,getdents64(24, /* 3 entries */, 4200) = 72
23:15:01.540515,60,getdents64(24, /* 0 entries */, 4200) = 0
23:15:01.541004,60,close(24) = 0
23:15:01.541616,60,sigaction(SIGCHLD, {0xb68253dd, [], 0}, NULL, 0) = 0
23:15:01.555845,60,fork() = 1035
23:15:01.578364,60,mmap2(NULL, 32768, PROT_READ|PROT_WRITE, MAP_PRIVATE|MAP_ANONYMOUS, -1, 0) = 0xb0ed9000
23:15:01.579132,60,madvise(0xb0ed9000, 32768, 0xc /* MADV_??? */) = -1 EINVAL (Invalid argument)
23:15:01.580154,60,mmap2(NULL, 1048576, PROT_READ|PROT_WRITE, MAP_PRIVATE|MAP_ANONYMOUS|MAP_NORESERVE, -1, 0) = 0xaf470000
23:15:01.580661,60,madvise(0xaf470000, 1048576, 0xc /* MADV_??? */) = -1 EINVAL (Invalid argument)
23:15:01.581601,60,mprotect(0xaf470000, 4096, PROT_NONE) = 0
23:15:01.582341,1035,gettid( <unfinished ...>
23:15:01.582907,60,clone( <unfinished ...>
23:15:01.583431,1035,<... gettid resumed> ) = 1035
23:15:01.587082,1035,getuid32( <unfinished ...>
23:15:01.587292,60,<... clone resumed> child_stack=0xaf56ff00, flags=CLONE_VM|CLONE_FS|CLONE_FILES|CLONE_SIGHAND|CLONE_THREAD|CLONE_SYSVSEM|0x400000) = 1036
23:15:01.587649,1035,<... getuid32 resumed> ) = 0
23:15:01.587866,60,futex(0xb686d580, FUTEX_WAIT_PRIVATE, -312, NULL <unfinished ...>
23:15:01.588394,1035,open("/acct/uid/0/tasks", O_RDWR|O_CREAT, 0666) = 24
23:15:01.589196,1035,write(24, "0", 1) = 1
23:15:01.590693,1035,close(24) = 0
23:15:01.591610,1036,set_tls(0xaf56ff00, 0xb741cd08, 0xaf56fffc, 0x40, 0xaf56ff00) = 0
23:15:01.592348,1036,prctl(PR_SET_NAME, 0xaf56fe8c, 0, 0, 0) = 0
23:15:01.593018,1036,gettid() = 1036
23:15:01.593817,1036,futex(0xb686d580, FUTEX_WAKE_PRIVATE, 2147483647 <unfinished ...>
23:15:01.594122,60,<... futex resumed> ) = 0
23:15:01.594396,60,futex(0xb686d57c, FUTEX_WAIT_PRIVATE, 2, NULL <unfinished ...>
23:15:01.594698,1036,<... futex resumed> ) = 1
23:15:01.595112,1036,futex(0xb686d57c, FUTEX_WAKE_PRIVATE, 1 <unfinished ...>
23:15:01.595416,60,<... futex resumed> ) = 0
23:15:01.595710,60,futex(0xb686d57c, FUTEX_WAKE_PRIVATE, 1) = 0
23:15:01.596127,60,futex(0xb686d580, FUTEX_WAKE_PRIVATE, 2147483647) = 0
23:15:01.596834,60,mmap2(NULL, 32768, PROT_READ|PROT_WRITE, MAP_PRIVATE|MAP_ANONYMOUS, -1, 0) = 0xaf468000
23:15:01.597676,60,madvise(0xaf468000, 32768, 0xc /* MADV_??? */) = -1 EINVAL (Invalid argument)
23:15:01.598279,60,mmap2(NULL, 1048576, PROT_READ|PROT_WRITE, MAP_PRIVATE|MAP_ANONYMOUS|MAP_NORESERVE, -1, 0) = 0xaf368000
23:15:01.598731,60,madvise(0xaf368000, 1048576, 0xc /* MADV_??? */) = -1 EINVAL (Invalid argument)
23:15:01.599163,60,mprotect(0xaf368000, 4096, PROT_NONE) = 0
23:15:01.599656,60,clone(child_stack=0xaf467f00, flags=CLONE_VM|CLONE_FS|CLONE_FILES|CLONE_SIGHAND|CLONE_THREAD|CLONE_SYSVSEM|0x400000) = 1037
23:15:01.602605,60,futex(0xb686d580, FUTEX_WAIT_PRIVATE, -316, NULL <unfinished ...>
23:15:01.602924,1036,<... futex resumed> ) = 1
23:15:01.603211,1036,futex(0xb686d580, FUTEX_WAIT_PRIVATE, -314, NULL) = -1 EAGAIN (Try again)
23:15:01.603749,1036,getpriority(PRIO_PROCESS, 1036) = 20
23:15:01.604324,1036,setpriority(PRIO_PROCESS, 1036, 0) = 0
23:15:01.604987,1036,futex(0xb74567f8, FUTEX_WAIT_PRIVATE, 0, NULL <unfinished ...>
23:15:01.605437,1037,set_tls(0xaf467f00, 0xb733f548, 0xaf467ffc, 0x40, 0xaf467f00) = 0
23:15:01.606000,1037,prctl(PR_SET_NAME, 0xaf467e8c, 0, 0, 0) = 0
23:15:01.606526,1037,gettid() = 1037
23:15:01.607045,1037,futex(0xb686d580, FUTEX_WAKE_PRIVATE, 2147483647 <unfinished ...>
23:15:01.607345,60,<... futex resumed> ) = 0
23:15:01.607630,60,futex(0xb686d57c, FUTEX_WAIT_PRIVATE, 2, NULL <unfinished ...>
23:15:01.607991,1037,<... futex resumed> ) = 1
23:15:01.608266,1037,futex(0xb686d57c, FUTEX_WAKE_PRIVATE, 1 <unfinished ...>
23:15:01.608530,60,<... futex resumed> ) = 0
23:15:01.608790,60,futex(0xb686d57c, FUTEX_WAKE_PRIVATE, 1) = 0
23:15:01.609207,60,futex(0xb686d580, FUTEX_WAKE_PRIVATE, 2147483647) = 0
23:15:01.609791,60,mmap2(NULL, 32768, PROT_READ|PROT_WRITE, MAP_PRIVATE|MAP_ANONYMOUS, -1, 0) = 0xaf360000
23:15:01.610254,60,madvise(0xaf360000, 32768, 0xc /* MADV_??? */) = -1 EINVAL (Invalid argument)
23:15:01.610684,60,mmap2(NULL, 1048576, PROT_READ|PROT_WRITE, MAP_PRIVATE|MAP_ANONYMOUS|MAP_NORESERVE, -1, 0) = 0xaf260000
23:15:01.611133,60,madvise(0xaf260000, 1048576, 0xc /* MADV_??? */) = -1 EINVAL (Invalid argument)
23:15:01.611579,60,mprotect(0xaf260000, 4096, PROT_NONE) = 0
23:15:01.612057,60,clone(child_stack=0xaf35ff00, flags=CLONE_VM|CLONE_FS|CLONE_FILES|CLONE_SIGHAND|CLONE_THREAD|CLONE_SYSVSEM|0x400000) = 1038
23:15:01.612823,60,futex(0xb686d580, FUTEX_WAIT_PRIVATE, -320, NULL <unfinished ...>
23:15:01.613260,1038,set_tls(0xaf35ff00, 0xb7410bb8, 0xaf35fffc, 0x40, 0xaf35ff00) = 0
23:15:01.613815,1038,prctl(PR_SET_NAME, 0xaf35fe8c, 0, 0, 0) = 0
23:15:01.614283,1038,gettid() = 1038
23:15:01.614784,1038,futex(0xb686d580, FUTEX_WAKE_PRIVATE, 2147483647 <unfinished ...>
23:15:01.615080,60,<... futex resumed> ) = 0
23:15:01.615339,60,futex(0xb686d57c, FUTEX_WAIT_PRIVATE, 2, NULL <unfinished ...>
23:15:01.615631,1038,<... futex resumed> ) = 1
23:15:01.615912,1038,futex(0xb686d57c, FUTEX_WAKE_PRIVATE, 1 <unfinished ...>
23:15:01.616179,60,<... futex resumed> ) = 0
23:15:01.624570,1038,<... futex resumed> ) = 1
23:15:01.624892,1038,futex(0xb686d580, FUTEX_WAIT_PRIVATE, -322, NULL <unfinished ...>
23:15:01.627031,1037,<... futex resumed> ) = 1
23:15:01.627331,1037,futex(0xb686d580, FUTEX_WAIT_PRIVATE, -318, NULL) = -1 EAGAIN (Try again)
23:15:01.627785,1037,getpriority(PRIO_PROCESS, 1037) = 20
23:15:01.628204,1037,setpriority(PRIO_PROCESS, 1037, 0) = 0
23:15:01.628714,1037,futex(0xb7451ba8, FUTEX_WAIT_PRIVATE, 0, NULL <unfinished ...>
23:15:01.628984,1035,prctl(PR_SET_KEEPCAPS, 1 <unfinished ...>
23:15:01.629229,60,futex(0xb686d57c, FUTEX_WAKE_PRIVATE, 1 <unfinished ...>
23:15:01.629513,1035,<... prctl resumed> ) = 0
23:15:01.629709,60,<... futex resumed> ) = 0
23:15:01.645334,1035,setgroups32(2, [3003, 1028]) = 0
23:15:01.646234,1035,setgid32(10050) = 0
23:15:01.646801,1035,open("/acct/uid/10050/tasks", O_RDWR|O_CREAT, 0666) = 24
23:15:01.647490,1035,write(24, "0", 1) = 1
23:15:01.647995,1035,close(24) = 0
23:15:01.648485,1035,setuid32(10050) = 0
23:15:01.649301,1035,personality(0xffffffff /* PER_??? */) = 8388608
23:15:01.652602,1035,personality(0x840000 /* PER_??? */) = 8388608
23:15:01.653152,1035,capset(0xbede8794, 0xbede87a4) = 0
23:15:01.654167,1035,gettid() = 1035
23:15:01.654712,1035,access("/dev/cpuctl/tasks", F_OK) = 0
23:15:01.655432,1035,open("/dev/cpuctl/apps/tasks", O_WRONLY) = 24
23:15:01.656192,1035,open("/dev/cpuctl/apps/bg_non_interactive/tasks", O_WRONLY) = 25
23:15:01.656951,1035,futex(0xb6ec229c, FUTEX_WAKE_PRIVATE, 2147483647) = 0
23:15:01.657409,1035,write(24, "1035", 4) = 4
23:15:01.657969,60,futex(0xb686d580, FUTEX_WAKE_PRIVATE, 2147483647 <unfinished ...>
23:15:01.658248,1038,<... futex resumed> ) = 0
23:15:01.658508,1038,futex(0xb686d57c, FUTEX_WAIT_PRIVATE, 2, NULL <unfinished ...>
23:15:01.658739,60,<... futex resumed> ) = 1
23:15:01.659004,60,futex(0xb686d57c, FUTEX_WAKE_PRIVATE, 1 <unfinished ...>
23:15:01.659256,1038,<... futex resumed> ) = 0
23:15:01.659512,1038,futex(0xb686d57c, FUTEX_WAKE_PRIVATE, 1) = 0
23:15:01.659979,1038,getpriority(PRIO_PROCESS, 1038) = 20
23:15:01.660388,1038,setpriority(PRIO_PROCESS, 1038, 0) = 0
23:15:01.661049,1038,futex(0xb7320450, FUTEX_WAIT_PRIVATE, 2, NULL <unfinished ...>
23:15:01.661258,60,<... futex resumed> ) = 1
23:15:01.661543,60,futex(0xb7320450, FUTEX_WAKE_PRIVATE, 1) = 0
23:15:01.662219,60,getpgid(0xef) = 60
23:15:01.662718,60,setpgid(1035, 60) = 0
23:15:01.663309,60,sendmsg(23, {msg_name(0)=NULL, msg_iov(1)=[{"\0\0\4\v", 4}], msg_controllen=0, msg_flags=0}, MSG_NOSIGNAL) = 4
23:15:01.664253,60,sendmsg(23, {msg_name(0)=NULL, msg_iov(1)=[{"\0", 1}], msg_controllen=0, msg_flags=0}, MSG_NOSIGNAL) = 1
23:15:01.665087,60,select(24, [9 23], NULL, NULL, NULL <unfinished ...>
23:15:01.667552,1035,gettid() = 1035
23:15:01.670625,1038,<... futex resumed> ) = -1 EAGAIN (Try again)
23:15:01.671066,1038,futex(0xb7320450, FUTEX_WAKE_PRIVATE, 1) = 0
23:15:01.671601,1038,futex(0xb7459ee0, FUTEX_WAIT_PRIVATE, 0, NULL <unfinished ...>
23:15:01.672348,1035,writev(3, [{"\3", 1}, {"dalvikvm\0", 9}, {"Not late-enabling CheckJNI (alre"..., 40}], 3) = 50
23:15:01.673522,1035,prctl(PR_SET_DUMPABLE, 1) = 0
23:15:01.674096,1035,setrlimit(RLIMIT_CORE, {rlim_cur=0, rlim_max=RLIM64_INFINITY}) = 0
23:15:01.674858,1035,sigaction(SIGCHLD, {SIG_DFL, , NULL, 0) = 0
23:15:01.675496,1035,clock_gettime(CLOCK_MONOTONIC, {112, 895940116}) = 0
23:15:01.676858,1035,mmap2(NULL, 1048576, PROT_READ|PROT_WRITE, MAP_PRIVATE|MAP_ANONYMOUS|MAP_NORESERVE, -1, 0) = 0xaf470000
23:15:01.677526,1035,madvise(0xaf470000, 1048576, 0xc /* MADV_??? */) = -1 EINVAL (Invalid argument)
23:15:01.678223,1035,mprotect(0xaf470000, 4096, PROT_NONE) = 0
23:15:01.682685,1035,clone(child_stack=0xaf56ff00, flags=CLONE_VM|CLONE_FS|CLONE_FILES|CLONE_SIGHAND|CLONE_THREAD|CLONE_SYSVSEM|0x400000) = 1039
23:15:01.685378,1035,futex(0xb686d580, FUTEX_WAIT_PRIVATE, -312, NULL <unfinished ...>
23:15:01.710653,1039,set_tls(0xaf56ff00, 0xb741cd08, 0xaf56fffc, 0x40, 0xaf56ff00) = 0
23:15:01.711357,1039,prctl(PR_SET_NAME, 0xaf56feac, 0, 0, 0) = 0
23:15:01.712122,1039,mmap2(NULL, 32768, PROT_READ|PROT_WRITE, MAP_PRIVATE|MAP_ANONYMOUS, -1, 0) = 0xaf468000
23:15:01.712631,1039,madvise(0xaf468000, 32768, 0xc /* MADV_??? */) = -1 EINVAL (Invalid argument)
23:15:01.713263,1039,gettid() = 1039
23:15:01.715261,1039,getpriority(PRIO_PROCESS, 0) = 20
23:15:01.717075,1039,futex(0xb686d580, FUTEX_WAKE_PRIVATE, 2147483647 <unfinished ...>
23:15:01.717403,1035,<... futex resumed> ) = 0
23:15:01.717709,1035,futex(0xb686d57c, FUTEX_WAIT_PRIVATE, 2, NULL <unfinished ...>
23:15:01.718044,1039,<... futex resumed> ) = 1
23:15:01.718337,1039,futex(0xb686d57c, FUTEX_WAKE_PRIVATE, 1 <unfinished ...>
23:15:01.718626,1035,<... futex resumed> ) = 0
23:15:01.718968,1035,futex(0xb686d57c, FUTEX_WAKE_PRIVATE, 1) = 0
23:15:01.719492,1035,clock_gettime(CLOCK_MONOTONIC, {112, 939873369}) = 0
23:15:01.720079,1035,clock_gettime(CLOCK_MONOTONIC, {112, 940454937}) = 0
23:15:01.720851,1035,mmap2(NULL, 1048576, PROT_READ|PROT_WRITE, MAP_PRIVATE|MAP_ANONYMOUS|MAP_NORESERVE, -1, 0) = 0xaf368000
23:15:01.742058,1039,<... futex resumed> ) = 1
23:15:01.743715,1035,madvise(0xaf368000, 1048576, 0xc /* MADV_??? */ <unfinished ...>
23:15:01.744056,1039,futex(0xb73219a8, FUTEX_WAIT_PRIVATE, 0, NULL <unfinished ...>
23:15:01.744324,1035,<... madvise resumed> ) = -1 EINVAL (Invalid argument)
23:15:01.744640,1035,mprotect(0xaf368000, 4096, PROT_NONE) = 0
23:15:01.745181,1035,clone(child_stack=0xaf467f00, flags=CLONE_VM|CLONE_FS|CLONE_FILES|CLONE_SIGHAND|CLONE_THREAD|CLONE_SYSVSEM|0x400000) = 1040
23:15:01.749304,1035,futex(0xb686d580, FUTEX_WAIT_PRIVATE, -314, NULL <unfinished ...>
23:15:01.770307,1040,set_tls(0xaf467f00, 0xb733f548, 0xaf467ffc, 0x40, 0xaf467f00) = 0
23:15:01.770836,1040,prctl(PR_SET_NAME, 0xaf467eac, 0, 0, 0) = 0
23:15:01.771405,1040,mmap2(NULL, 32768, PROT_READ|PROT_WRITE, MAP_PRIVATE|MAP_ANONYMOUS, -1, 0) = 0xaf360000
23:15:01.771911,1040,madvise(0xaf360000, 32768, 0xc /* MADV_??? */) = -1 EINVAL (Invalid argument)
23:15:01.772401,1040,gettid() = 1040
23:15:01.773058,1040,getpriority(PRIO_PROCESS, 0) = 20
23:15:01.773722,1040,futex(0xb686d580, FUTEX_WAKE_PRIVATE, 2147483647 <unfinished ...>
23:15:01.774036,1035,<... futex resumed> ) = 0
23:15:01.774327,1035,futex(0xb686d57c, FUTEX_WAIT_PRIVATE, 2, NULL <unfinished ...>
23:15:01.774602,1040,<... futex resumed> ) = 1
23:15:01.774895,1040,futex(0xb686d57c, FUTEX_WAKE_PRIVATE, 1 <unfinished ...>
23:15:01.775174,1035,<... futex resumed> ) = 0
23:15:01.775460,1035,futex(0xb686d57c, FUTEX_WAKE_PRIVATE, 1) = 0
23:15:01.775940,1035,clock_gettime(CLOCK_MONOTONIC, {112, 996318471}) = 0
23:15:01.776477,1035,clock_gettime(CLOCK_MONOTONIC, {112, 996854572}) = 0
23:15:01.777459,1035,mmap2(NULL, 1048576, PROT_READ|PROT_WRITE, MAP_PRIVATE|MAP_ANONYMOUS|MAP_NORESERVE, -1, 0) = 0xaf260000
23:15:01.778009,1035,madvise(0xaf260000, 1048576, 0xc /* MADV_??? */) = -1 EINVAL (Invalid argument)
23:15:01.778515,1035,mprotect(0xaf260000, 4096, PROT_NONE) = 0
23:15:01.779070,1035,clone(child_stack=0xaf35ff00, flags=CLONE_VM|CLONE_FS|CLONE_FILES|CLONE_SIGHAND|CLONE_THREAD|CLONE_SYSVSEM|0x400000) = 1041
23:15:01.781734,1035,futex(0xb686d580, FUTEX_WAIT_PRIVATE, -316, NULL <unfinished ...>
23:15:01.782049,1040,<... futex resumed> ) = 1
23:15:01.782536,1040,rt_sigtimedwait([QUIT USR1 RT_7 RT_17 RT_18 RT_19 RT_21 RT_22 RT_23 RT_24 RT_26 RT_27 RT_29 RT_30], NULL, NULL, 8 <unfinished ...>
23:15:01.783256,1041,set_tls(0xaf35ff00, 0xb7410bb8, 0xaf35fffc, 0x40, 0xaf35ff00) = 0
23:15:01.783738,1041,prctl(PR_SET_NAME, 0xaf35feac, 0, 0, 0) = 0
23:15:01.784311,1041,mmap2(NULL, 32768, PROT_READ|PROT_WRITE, MAP_PRIVATE|MAP_ANONYMOUS, -1, 0) = 0xaf258000
23:15:01.784865,1041,madvise(0xaf258000, 32768, 0xc /* MADV_??? */) = -1 EINVAL (Invalid argument)
23:15:01.785722,1041,gettid() = 1041
23:15:01.786413,1041,getpriority(PRIO_PROCESS, 0) = 20
23:15:01.787052,1041,futex(0xb686d580, FUTEX_WAKE_PRIVATE, 2147483647 <unfinished ...>
23:15:01.787358,1035,<... futex resumed> ) = 0
23:15:01.787650,1035,futex(0xb686d57c, FUTEX_WAIT_PRIVATE, 2, NULL <unfinished ...>
23:15:01.787974,1041,<... futex resumed> ) = 1
23:15:01.788263,1041,futex(0xb686d57c, FUTEX_WAKE_PRIVATE, 1 <unfinished ...>
23:15:01.788543,1035,<... futex resumed> ) = 0
23:15:01.788879,1035,futex(0xb686d57c, FUTEX_WAKE_PRIVATE, 1) = 0
23:15:01.789354,1035,futex(0xb7414844, FUTEX_WAIT_PRIVATE, 0, NULL <unfinished ...>
23:15:01.789629,1041,<... futex resumed> ) = 1
23:15:01.789961,1041,futex(0xb7414844, FUTEX_WAKE_PRIVATE, 2147483647 <unfinished ...>
23:15:01.790258,1035,<... futex resumed> ) = 0
23:15:01.790545,1035,futex(0xb7414840, FUTEX_WAIT_PRIVATE, 2, NULL <unfinished ...>
23:15:01.813532,1041,<... futex resumed> ) = 1
23:15:01.818233,1041,futex(0xb7414840, FUTEX_WAKE_PRIVATE, 1) = 1
23:15:01.818771,1035,<... futex resumed> ) = 0
23:15:01.819125,1041,socket(PF_UNIX, SOCK_STREAM, 0 <unfinished ...>
23:15:01.819550,1035,futex(0xb7414840, FUTEX_WAKE_PRIVATE, 1 <unfinished ...>
23:15:01.819941,1041,<... socket resumed> ) = 26
23:15:01.820222,1035,<... futex resumed> ) = 0
23:15:01.820517,1041,pipe( <unfinished ...>
23:15:01.820923,1035,clock_gettime(CLOCK_MONOTONIC, <unfinished ...>
23:15:01.821227,1041,<... pipe resumed> [27, 28]) = 0
23:15:01.821604,1035,<... clock_gettime resumed> {113, 41716504}) = 0
23:15:01.822103,1041,getpid( <unfinished ...>
23:15:01.823705,1035,mmap2(NULL, 32768, PROT_READ|PROT_WRITE, MAP_PRIVATE|MAP_ANONYMOUS, -1, 0 <unfinished ...>
23:15:01.824056,1041,<... getpid resumed> ) = 1035
23:15:01.824364,1035,<... mmap2 resumed> ) = 0xaf250000
23:15:01.824753,1041,connect(26, {sa_family=AF_UNIX, path=@"jdwp-control"...}, 15 <unfinished ...>
23:15:01.825442,1035,madvise(0xaf250000, 32768, 0xc /* MADV_??? */) = -1 EINVAL (Invalid argument)
23:15:01.826485,1041,<... connect resumed> ) = 0
23:15:01.826892,1035,mmap2(NULL, 1048576, PROT_READ|PROT_WRITE, MAP_PRIVATE|MAP_ANONYMOUS|MAP_NORESERVE, -1, 0 <unfinished ...>
23:15:01.827236,1041,getsockopt(26, SOL_SOCKET, SO_PEERCRED, <unfinished ...>
23:15:01.827644,1035,<... mmap2 resumed> ) = 0xad2c3000
23:15:01.827931,1041,<... getsockopt resumed> {pid=67, uid=0, gid=0}, [12]) = 0
23:15:01.828403,1035,madvise(0xad2c3000, 1048576, 0xc /* MADV_??? */ <unfinished ...>
23:15:01.828715,1041,sendto(26, "040b", 4, 0, NULL, 0 <unfinished ...>
23:15:01.829126,1035,<... madvise resumed> ) = -1 EINVAL (Invalid argument)
23:15:01.829854,1035,mprotect(0xad2c3000, 4096, PROT_NONE <unfinished ...>
23:15:01.830136,1041,<... sendto resumed> ) = 4
23:15:01.830429,1035,<... mprotect resumed> ) = 0
23:15:01.850731,1041,recvmsg(26, <unfinished ...>
23:15:01.851018,1035,clone(child_stack=0xad3c2f00, flags=CLONE_VM|CLONE_FS|CLONE_FILES|CLONE_SIGHAND|CLONE_THREAD|CLONE_SYSVSEM|0x400000) = 1042
23:15:01.854482,1035,futex(0xb686d580, FUTEX_WAIT_PRIVATE, -318, NULL <unfinished ...>
23:15:01.861198,1042,set_tls(0xad3c2f00, 0xb733fd38, 0xad3c2ffc, 0x40, 0xad3c2f00) = 0
23:15:01.862045,1042,prctl(PR_SET_NAME, 0xad3c2e8c, 0, 0, 0) = 0
23:15:01.862551,1042,gettid() = 1042
23:15:01.863239,1042,futex(0xb686d580, FUTEX_WAKE_PRIVATE, 2147483647 <unfinished ...>
23:15:01.863550,1035,<... futex resumed> ) = 0
23:15:01.863850,1035,futex(0xb686d57c, FUTEX_WAIT_PRIVATE, 2, NULL <unfinished ...>
23:15:01.864131,1042,<... futex resumed> ) = 1
23:15:01.864418,1042,futex(0xb686d57c, FUTEX_WAKE_PRIVATE, 1 <unfinished ...>
23:15:01.864703,1035,<... futex resumed> ) = 0
23:15:01.865003,1035,futex(0xb686d57c, FUTEX_WAKE_PRIVATE, 1) = 0
23:15:01.865479,1035,futex(0xb686d580, FUTEX_WAKE_PRIVATE, 2147483647) = 0
23:15:01.866307,1035,mmap2(NULL, 32768, PROT_READ|PROT_WRITE, MAP_PRIVATE|MAP_ANONYMOUS, -1, 0) = 0xad2bb000
23:15:01.866841,1035,madvise(0xad2bb000, 32768, 0xc /* MADV_??? */ <unfinished ...>
23:15:01.874004,1042,<... futex resumed> ) = 1
23:15:01.874293,1035,<... madvise resumed> ) = -1 EINVAL (Invalid argument)
23:15:01.874596,1042,futex(0xb686d580, FUTEX_WAIT_PRIVATE, -320, NULL <unfinished ...>
23:15:01.874922,1035,mmap2(NULL, 1048576, PROT_READ|PROT_WRITE, MAP_PRIVATE|MAP_ANONYMOUS|MAP_NORESERVE, -1, 0 <unfinished ...>
23:15:01.875216,1042,<... futex resumed> ) = -1 EAGAIN (Try again)
23:15:01.875503,1035,<... mmap2 resumed> ) = 0xad1bb000
23:15:01.875812,1042,getpriority(PRIO_PROCESS, 1042 <unfinished ...>
23:15:01.876107,1035,madvise(0xad1bb000, 1048576, 0xc /* MADV_??? */ <unfinished ...>
23:15:01.876407,1042,<... getpriority resumed> ) = 20
23:15:01.876671,1035,<... madvise resumed> ) = -1 EINVAL (Invalid argument)
23:15:01.876966,1042,setpriority(PRIO_PROCESS, 1042, 0 <unfinished ...>
23:15:01.877261,1035,mprotect(0xad1bb000, 4096, PROT_NONE <unfinished ...>
23:15:01.877533,1042,<... setpriority resumed> ) = 0
23:15:01.877818,1035,<... mprotect resumed> ) = 0
23:15:01.878328,1042,futex(0xb7420790, FUTEX_WAIT_PRIVATE, 0, NULL <unfinished ...>
23:15:01.878747,1035,clone(child_stack=0xad2baf00, flags=CLONE_VM|CLONE_FS|CLONE_FILES|CLONE_SIGHAND|CLONE_THREAD|CLONE_SYSVSEM|0x400000) = 1043
23:15:01.880632,1035,futex(0xb686d580, FUTEX_WAIT_PRIVATE, -322, NULL <unfinished ...>
23:15:01.895942,1043,set_tls(0xad2baf00, 0xb7437c60, 0xad2baffc, 0x40, 0xad2baf00) = 0
23:15:01.896610,1043,prctl(PR_SET_NAME, 0xad2bae8c, 0, 0, 0) = 0
23:15:01.897171,1043,gettid() = 1043
23:15:01.897752,1043,futex(0xb686d580, FUTEX_WAKE_PRIVATE, 2147483647 <unfinished ...>
23:15:01.898090,1035,<... futex resumed> ) = 0
23:15:01.898400,1035,futex(0xb686d57c, FUTEX_WAIT_PRIVATE, 2, NULL <unfinished ...>
23:15:01.898692,1043,<... futex resumed> ) = 1
23:15:01.898994,1043,futex(0xb686d57c, FUTEX_WAKE_PRIVATE, 1 <unfinished ...>
23:15:01.899293,1035,<... futex resumed> ) = 0
23:15:01.899603,1035,futex(0xb686d57c, FUTEX_WAKE_PRIVATE, 1) = 0
23:15:01.900113,1035,futex(0xb686d580, FUTEX_WAKE_PRIVATE, 2147483647) = 0
23:15:01.901596,1035,mmap2(NULL, 32768, PROT_READ|PROT_WRITE, MAP_PRIVATE|MAP_ANONYMOUS, -1, 0) = 0xad1b3000
23:15:01.902160,1035,madvise(0xad1b3000, 32768, 0xc /* MADV_??? */) = -1 EINVAL (Invalid argument)
23:15:01.902692,1035,mmap2(NULL, 1048576, PROT_READ|PROT_WRITE, MAP_PRIVATE|MAP_ANONYMOUS|MAP_NORESERVE, -1, 0) = 0xad0b3000
23:15:01.903327,1035,madvise(0xad0b3000, 1048576, 0xc /* MADV_??? */) = -1 EINVAL (Invalid argument)
23:15:01.903854,1035,mprotect(0xad0b3000, 4096, PROT_NONE) = 0
23:15:01.904448,1035,clone(child_stack=0xad1b2f00, flags=CLONE_VM|CLONE_FS|CLONE_FILES|CLONE_SIGHAND|CLONE_THREAD|CLONE_SYSVSEM|0x400000) = 1044
23:15:01.908435,1035,futex(0xb686d580, FUTEX_WAIT_PRIVATE, -326, NULL <unfinished ...>
23:15:01.908738,1043,<... futex resumed> ) = 1
23:15:01.909860,1043,futex(0xb686d580, FUTEX_WAIT_PRIVATE, -324, NULL) = -1 EAGAIN (Try again)
23:15:01.925464,1043,getpriority(PRIO_PROCESS, 1043) = 20
23:15:01.926014,1043,setpriority(PRIO_PROCESS, 1043, 0) = 0
23:15:01.926629,1043,futex(0xb743b268, FUTEX_WAIT_PRIVATE, 0, NULL <unfinished ...>
23:15:01.926963,1044,set_tls(0xad1b2f00, 0xb7462d60, 0xad1b2ffc, 0x40, 0xad1b2f00) = 0
23:15:01.927463,1044,prctl(PR_SET_NAME, 0xad1b2e8c, 0, 0, 0) = 0
23:15:01.927972,1044,gettid() = 1044
23:15:01.928555,1044,futex(0xb686d580, FUTEX_WAKE_PRIVATE, 2147483647) = 1
23:15:01.929078,1035,<... futex resumed> ) = 0
23:15:01.929375,1035,futex(0xb686d57c, FUTEX_WAIT_PRIVATE, 2, NULL <unfinished ...>
23:15:01.929688,1044,futex(0xb686d57c, FUTEX_WAKE_PRIVATE, 1) = 1
23:15:01.930162,1035,<... futex resumed> ) = 0
23:15:01.930462,1035,futex(0xb686d57c, FUTEX_WAKE_PRIVATE, 1) = 0
23:15:01.940163,1035,futex(0xb686d580, FUTEX_WAKE_PRIVATE, 2147483647 <unfinished ...>
23:15:01.940439,1044,futex(0xb686d580, FUTEX_WAIT_PRIVATE, -328, NULL <unfinished ...>
23:15:01.940863,1035,<... futex resumed> ) = 0
23:15:01.943251,1035,close(23) = 0
23:15:01.944558,1035,close(9) = 0
23:15:01.946251,1035,open("/dev/binder", O_RDWR <unfinished ...>
23:15:01.946736,1044,<... futex resumed> ) = -1 EAGAIN (Try again)
23:15:01.947141,1044,getpriority(PRIO_PROCESS, 1044) = 20
23:15:01.947644,1044,setpriority(PRIO_PROCESS, 1044, 0) = 0
23:15:01.948252,1044,futex(0xb74415c0, FUTEX_WAIT_PRIVATE, 0, NULL <unfinished ...>
23:15:01.949009,1035,<... open resumed> ) = 9
23:15:01.949356,1035,fcntl64(9, F_SETFD, FD_CLOEXEC) = 0
23:15:01.964780,1035,ioctl(9, 0xc0046209, 0xbede8638) = 0
23:15:01.966719,1035,ioctl(9, 0x40046205, 0xbede863c) = 0
23:15:01.967302,1035,mmap2(NULL, 1040384, PROT_READ, MAP_PRIVATE|MAP_NORESERVE, 9, 0) = 0xacfb5000
23:15:01.967983,1035,madvise(0xacfb5000, 1040384, 0xc /* MADV_??? */) = -1 EINVAL (Invalid argument)
23:15:01.968691,1035,prctl(PR_SET_NAME, 0xb74028f8, 0, 0, 0) = 0
23:15:01.969243,1035,open("/sys/qemu_trace/process_name", O_RDWR) = 23
23:15:01.970101,1035,write(23, "com.mmmm.bl\0", 12) = 12
23:15:01.970728,1035,close(23) = 0
23:15:02.042696,1035,mmap2(NULL, 1048576, PROT_READ|PROT_WRITE, MAP_PRIVATE|MAP_ANONYMOUS|MAP_NORESERVE, -1, 0) = 0xaceb5000
23:15:02.043318,1035,madvise(0xaceb5000, 1048576, 0xc /* MADV_??? */) = -1 EINVAL (Invalid argument)
23:15:02.043833,1035,mprotect(0xaceb5000, 4096, PROT_NONE) = 0
23:15:02.044386,1035,clone(child_stack=0xacfb4f00, flags=CLONE_VM|CLONE_FS|CLONE_FILES|CLONE_SIGHAND|CLONE_THREAD|CLONE_SYSVSEM|0x400000) = 1045
23:15:02.046953,1035,writev(3, [{"\4", 1}, {"dalvikvm\0", 9}, {"Turning on JNI app bug workaroun"..., 63}], 3) = 73
23:15:02.050401,1045,set_tls(0xacfb4f00, 0xb73f9a78, 0xacfb4ffc, 0x40, 0xacfb4f00) = 0
23:15:02.050974,1045,setpriority(PRIO_PROCESS, 0, 0) = 0
23:15:02.051579,1045,futex(0xb6eb10b0, FUTEX_WAKE_PRIVATE, 2147483647) = 0
23:15:02.052091,1045,gettid() = 1045
23:15:02.052598,1045,write(24, "1045", 4) = 4
23:15:02.053337,1045,prctl(PR_SET_NAME, 0xb73f4398, 0, 0, 0) = 0
23:15:02.053957,1045,mmap2(NULL, 32768, PROT_READ|PROT_WRITE, MAP_PRIVATE|MAP_ANONYMOUS, -1, 0) = 0xacead000
23:15:02.054482,1045,madvise(0xacead000, 32768, 0xc /* MADV_??? */) = -1 EINVAL (Invalid argument)
23:15:02.054977,1045,gettid() = 1045
23:15:02.055743,1045,getpriority(PRIO_PROCESS, 0) = 20
23:15:02.056348,1045,gettid() = 1045
23:15:02.057047,1045,gettid() = 1045
23:15:02.057546,1045,getpid() = 1035
23:15:02.058088,1045,getuid32() = 10050
23:15:02.058667,1045,write(24, "1045", 4) = 4
23:15:02.059334,1045,ioctl(9, 0xc0186201, 0xacfb4e28) = 0
23:15:02.059940,1045,mmap2(NULL, 1048576, PROT_READ|PROT_WRITE, MAP_PRIVATE|MAP_ANONYMOUS|MAP_NORESERVE, -1, 0) = 0xacdad000
23:15:02.060454,1045,madvise(0xacdad000, 1048576, 0xc /* MADV_??? */) = -1 EINVAL (Invalid argument)
23:15:02.060984,1045,mprotect(0xacdad000, 4096, PROT_NONE) = 0
23:15:02.063263,1035,prctl(PR_SET_NAME, 0xb74028fa, 0, 0, 0) = 0
23:15:02.064185,1035,open("/sys/qemu_trace/process_name", O_RDWR) = 23
23:15:02.065107,1035,write(23, "<pre-initialized>\0", 18) = 18
23:15:02.065863,1035,close(23) = 0
23:15:02.067283,1035,futex(0xb6eb10c0, FUTEX_WAKE_PRIVATE, 2147483647) = 0
23:15:02.067849,1035,pipe([23, 29]) = 0
23:15:02.068472,1035,fcntl64(23, F_SETFL, O_RDONLY|O_NONBLOCK) = 0
23:15:02.069008,1035,fcntl64(29, F_SETFL, O_RDONLY|O_NONBLOCK) = 0
23:15:02.069502,1035,epoll_create(0x8) = 30
23:15:02.081220,1045,clone( <unfinished ...>
23:15:02.081589,1035,epoll_ctl(0x1e, 0x1, 0x17, 0xbede8300) = 0
23:15:02.083725,1045,<... clone resumed> child_stack=0xaceacf00, flags=CLONE_VM|CLONE_FS|CLONE_FILES|CLONE_SIGHAND|CLONE_THREAD|CLONE_SYSVSEM|0x400000) = 1046
23:15:02.085990,1045,write(24, "1045", 4 <unfinished ...>
23:15:02.090963,1035,gettid( <unfinished ...>
23:15:02.091371,1045,<... write resumed> ) = 4
23:15:02.091650,1035,<... gettid resumed> ) = 1035
23:15:02.091960,1045,ioctl(9, 0xc0186201 <unfinished ...>
23:15:02.100544,1035,getpid() = 1035
23:15:02.101926,1035,getuid32() = 10050
23:15:02.104925,1035,getpid() = 1035
23:15:02.105464,1035,gettid() = 1035
23:15:02.105991,1035,clock_gettime(CLOCK_MONOTONIC, {113, 326383092}) = 0
23:15:02.106597,1035,ioctl(9, 0xc0186201, 0xbede81f0) = 0
23:15:02.107463,1035,clock_gettime(CLOCK_MONOTONIC, {113, 327850287}) = 0
23:15:02.109033,1035,getpid() = 1035
23:15:02.109550,1035,gettid() = 1035
23:15:02.110053,1035,clock_gettime(CLOCK_MONOTONIC, {113, 330438079}) = 0
23:15:02.110636,1035,ioctl(9, 0xc0186201, 0xbede81f0) = 0
23:15:02.111528,1035,ioctl(9, 0xc0186201 <unfinished ...>
23:15:02.112041,1046,set_tls(0xaceacf00, 0xb74023a8, 0xaceacffc, 0x40, 0xaceacf00) = 0
23:15:02.112536,1046,setpriority(PRIO_PROCESS, 0, 0) = 0
23:15:02.113030,1046,gettid() = 1046
23:15:02.113502,1046,write(24, "1046", 4) = 4
23:15:02.114059,1046,prctl(PR_SET_NAME, 0xb73e8c98, 0, 0, 0) = 0
23:15:02.114737,1046,mmap2(NULL, 32768, PROT_READ|PROT_WRITE, MAP_PRIVATE|MAP_ANONYMOUS, -1, 0) = 0xacda5000
23:15:02.115276,1046,madvise(0xacda5000, 32768, 0xc /* MADV_??? */) = -1 EINVAL (Invalid argument)
23:15:02.115769,1046,gettid() = 1046
23:15:02.116472,1046,getpriority(PRIO_PROCESS, 0) = 20
23:15:02.117054,1046,gettid() = 1046
23:15:02.117540,1046,gettid() = 1046
23:15:02.118018,1046,getpid() = 1035
23:15:02.118485,1046,getuid32() = 10050
23:15:02.118973,1046,write(24, "1046", 4) = 4
23:15:02.119517,1046,ioctl(9, 0xc0186201, 0xaceace28) = 0
23:15:02.131388,1046,write(24, "1046", 4 <unfinished ...>
23:15:02.131694,1045,<... ioctl resumed> , 0xacfb4e28) = 0
23:15:02.132024,1046,<... write resumed> ) = 4
23:15:02.132426,1045,mmap2(NULL, 1048576, PROT_READ|PROT_WRITE, MAP_PRIVATE|MAP_ANONYMOUS|MAP_NORESERVE, -1, 0 <unfinished ...>
23:15:02.132770,1046,ioctl(9, 0xc0186201 <unfinished ...>
23:15:02.133089,1045,<... mmap2 resumed> ) = 0xacca5000
23:15:02.133419,1045,madvise(0xacca5000, 1048576, 0xc /* MADV_??? */) = -1 EINVAL (Invalid argument)
23:15:02.134043,1045,mprotect(0xacca5000, 4096, PROT_NONE) = 0
23:15:02.134588,1045,clone(child_stack=0xacda4f00, flags=CLONE_VM|CLONE_FS|CLONE_FILES|CLONE_SIGHAND|CLONE_THREAD|CLONE_SYSVSEM|0x400000) = 1047
23:15:02.138666,1045,write(24, "1045", 4) = 4
23:15:02.140152,1045,getpriority(PRIO_PROCESS, 1045) = 20
23:15:02.154620,1047,set_tls(0xacda4f00, 0xb73fb190, 0xacda4ffc, 0x40, 0xacda4f00) = 0
23:15:02.155231,1047,setpriority(PRIO_PROCESS, 0, 0) = 0
23:15:02.155714,1047,gettid() = 1047
23:15:02.156241,1047,write(24, "1047", 4) = 4
23:15:02.156807,1047,prctl(PR_SET_NAME, 0xb74148b0, 0, 0, 0) = 0
23:15:02.157334,1047,mmap2(NULL, 32768, PROT_READ|PROT_WRITE, MAP_PRIVATE|MAP_ANONYMOUS, -1, 0) = 0xacc9d000
23:15:02.157905,1047,madvise(0xacc9d000, 32768, 0xc /* MADV_??? */) = -1 EINVAL (Invalid argument)
23:15:02.158399,1047,gettid() = 1047
23:15:02.159098,1047,getpriority(PRIO_PROCESS, 0) = 20
23:15:02.159679,1047,gettid() = 1047
23:15:02.160183,1047,gettid() = 1047
23:15:02.160658,1047,getpid() = 1035
23:15:02.161140,1047,getuid32() = 10050
23:15:02.161625,1047,write(24, "1047", 4) = 4
23:15:02.162183,1047,ioctl(9, 0xc0186201, 0xacda4e28) = 0
23:15:02.162705,1047,write(24, "1047", 4) = 4
23:15:02.163256,1047,ioctl(9, 0xc0186201 <unfinished ...>
23:15:02.243268,1035,<... ioctl resumed> , 0xbede81f0) = 0
23:15:02.243913,1035,clock_gettime(CLOCK_MONOTONIC, {113, 464380932}) = 0
23:15:02.246547,1035,mprotect(0xb160f000, 8192, PROT_READ|PROT_WRITE) = 0
23:15:02.251346,1035,getpid() = 1035
23:15:02.251920,1035,getuid32() = 10050
23:15:02.252589,1035,getpid( <unfinished ...>
23:15:02.286612,1045,clock_gettime(CLOCK_MONOTONIC, <unfinished ...>
23:15:02.287169,1035,<... getpid resumed> ) = 1035
23:15:02.287504,1035,getuid32() = 10050
23:15:02.288221,1035,epoll_wait(0x1e, 0xbede81f8, 0x10, 0) = 0
23:15:02.288935,1035,clock_gettime(CLOCK_MONOTONIC, {113, 509408600}) = 0
23:15:02.289784,1035,ioctl(9, 0xc0186201, 0xbede8328) = 0
23:15:02.290757,1035,epoll_wait(0x1e, 0xbede81f8, 0x10, 0xffffffff <unfinished ...>
23:15:02.291138,1045,<... clock_gettime resumed> {113, 511249922}) = 0
23:15:02.291628,1045,write(29, "W", 1 <unfinished ...>
23:15:02.292155,1035,<... epoll_wait resumed> ) = 1
23:15:02.292499,1035,read(23, "W", 16) = 1
23:15:02.293479,1035,clock_gettime(CLOCK_MONOTONIC, {113, 513893989}) = 0
23:15:02.295556,1035,open("/sys/kernel/debug/tracing/trace_marker", O_WRONLY) = -1 ENOENT (No such file or directory)
23:15:02.296514,1035,writev(3, [{"\6", 1}, {"Trace\0", 6}, {"error opening trace file: No suc"..., 56}], 3) = 63
23:15:02.298588,1035,getpid() = 1035
23:15:02.299183,1035,getuid32() = 10050
23:15:02.299813,1035,epoll_wait(0x1e, 0xbede81f8, 0x10, 0) = 0
23:15:02.300378,1035,clock_gettime(CLOCK_MONOTONIC, {113, 520773211}) = 0
23:15:02.301023,1035,epoll_wait(0x1e, 0xbede81f8, 0x10, 0xffffffff <unfinished ...>
23:15:02.301336,1045,<... write resumed> ) = 1
23:15:02.301742,1045,clock_gettime(CLOCK_MONOTONIC, {113, 522142774}) = 0
23:15:02.302372,1045,write(29, "W", 1 <unfinished ...>
23:15:02.305269,1035,<... epoll_wait resumed> ) = 1
23:15:02.307161,1035,read(23, "W", 16) = 1
23:15:02.308184,1035,clock_gettime(CLOCK_MONOTONIC, {113, 528610936}) = 0
23:15:02.309301,1035,prctl(PR_SET_NAME, 0xb740d8b8, 0, 0, 0) = 0
23:15:02.319972,1045,<... write resumed> ) = 1
23:15:02.320268,1035,open("/sys/qemu_trace/process_name", O_RDWR) = 31
23:15:02.321169,1035,write(31, "com.mmmm.bl\0", 12) = 12
23:15:02.322147,1035,close(31) = 0
23:15:02.327434,1035,ioctl(9, 0xc0186201, 0xbede80c8) = 0
23:15:02.328695,1035,ioctl(9, 0xc0186201, 0xbede8108) = 0
23:15:02.329634,1035,ioctl(9, 0xc0186201, 0xbede8108) = 0
23:15:02.330380,1035,ioctl(9, 0xc0186201, 0xbede80c8) = 0
23:15:02.331203,1035,ioctl(9, 0xc0186201, 0xbede80c8) = 0
23:15:02.331741,1035,dup(31) = 32
23:15:02.344495,1035,mmap2(NULL, 4096, PROT_READ, MAP_SHARED, 32, 0) = 0xacc9c000
23:15:02.345243,1035,close(31) = 0
23:15:02.345771,1035,dup(32) = 31
23:15:02.347254,1035,getpid() = 1035
23:15:02.347904,1035,gettid() = 1035
23:15:02.348470,1035,clock_gettime(CLOCK_MONOTONIC, {113, 568859334}) = 0
23:15:02.349282,1035,ioctl(9, 0xc0186201, 0xbede81f0) = 0
23:15:02.350246,1035,ioctl(9, 0xc0186201 <unfinished ...>
23:15:02.350697,1045,write(24, "1045", 4) = 4
23:15:02.351324,1045,ioctl(9, 0xc0186201, 0xacfb4e28) = 0
23:15:02.351898,1045,write(24, "1045", 4) = 4
23:15:02.352448,1045,getpriority(PRIO_PROCESS, 1045) = 20
23:15:02.401923,1035,<... ioctl resumed> , 0xbede81f0) = 0
23:15:02.402327,1035,clock_gettime(CLOCK_MONOTONIC, {113, 622722993}) = 0
23:15:02.405114,1035,getuid32() = 10050
23:15:02.407902,1035,stat64("/system/framework/framework-res.apk", {st_mode=S_IFREG|0644, st_size=8749696, ...}) = 0
23:15:02.410639,1035,access("/vendor/overlay/framework/framework-res.apk", R_OK) = -1 ENOENT (No such file or directory)
23:15:02.412072,1035,stat64("/data/app/com.mmmm.bl-1.apk", {st_mode=S_IFREG|0644, st_size=64165, ...}) = 0
23:15:02.424662,1035,stat64("/system/framework/framework-res.apk", {st_mode=S_IFREG|0644, st_size=8749696, ...}) = 0
23:15:02.427163,1035,stat64("/data/app/com.mmmm.bl-1.apk", {st_mode=S_IFREG|0644, st_size=64165, ...}) = 0
23:15:02.428931,1035,open("/data/app/com.mmmm.bl-1.apk", O_RDONLY) = 33
23:15:02.429644,1035,_llseek(33, 0, [64165], SEEK_END) = 0
23:15:02.430349,1035,brk(0xb7473000) = 0xb7473000
23:15:02.431051,1035,_llseek(33, 0, [0], SEEK_SET) = 0
23:15:02.431604,1035,read(33, "PK\3\4", 4) = 4
23:15:02.432247,1035,_llseek(33, 0, [0], SEEK_SET) = 0
23:15:02.432782,1035,read(33, "PK\3\4\24\0\10\0\10\0Ös\3A.QÜ¬¯\1\0\0@\4\0\0\31\0\4\0re"..., 64165) = 64165
23:15:02.433994,1035,mmap2(NULL, 2703, PROT_READ, MAP_SHARED, 33, 0xf <unfinished ...>
23:15:02.441139,1045,clock_gettime(CLOCK_MONOTONIC, <unfinished ...>
23:15:02.441420,1035,<... mmap2 resumed> ) = 0xacc9b000
23:15:02.442029,1045,<... clock_gettime resumed> {113, 661989993}) = 0
23:15:02.442635,1035,pread(33, <unfinished ...>
23:15:02.443509,1045,write(24, "1045", 4 <unfinished ...>
23:15:02.444061,1035,<... pread resumed> "PK\3\4\n\0\0\0\0\0Ös\3Aà<¡*è\4\0\0è\4\0\0\16\0\1\0", 30, 5287104741376) = 30
23:15:02.446590,1045,<... write resumed> ) = 4
23:15:02.447434,1035,mmap2(NULL, 2532, PROT_READ, MAP_SHARED, 33, 0 <unfinished ...>
23:15:02.447800,1045,ioctl(9, 0xc0186201 <unfinished ...>
23:15:02.451531,1035,<... mmap2 resumed> ) = 0xacc9a000
23:15:02.453103,1035,gettimeofday({1729034102, 453450}, NULL) = 0
23:15:02.455599,1035,access("/data/data/com.mmmm.bl/cache", F_OK) = -1 ENOENT (No such file or directory)
23:15:02.460477,1035,access("/data/data/com.mmmm.bl/cache", F_OK) = -1 ENOENT (No such file or directory)
23:15:02.497704,1035,mkdir("/data/data/com.mmmm.bl/cache", 0700) = 0
23:15:02.541958,1035,chmod("/data/data/com.mmmm.bl/cache", 0771) = 0
23:15:02.543537,1035,getuid32() = 10050
23:15:02.553575,1035,getuid32() = 10050
23:15:02.558116,1035,getpid() = 1035
23:15:02.561492,1035,gettid() = 1035
23:15:02.562334,1035,clock_gettime(CLOCK_MONOTONIC, {113, 782729021}) = 0
23:15:02.563044,1035,ioctl(9, 0xc0186201, 0xbede81f0) = 0
23:15:02.564444,1035,ioctl(9, 0xc0186201, 0xbede81f0) = 0
23:15:02.565165,1035,clock_gettime(CLOCK_MONOTONIC, {113, 785581126}) = 0
23:15:02.567501,1035,access("/data/data/com.mmmm.bl/cache/com.android.renderscript.cache", F_OK) = -1 ENOENT (No such file or directory)
23:15:02.568650,1035,mkdir("/data/data/com.mmmm.bl/cache/com.android.renderscript.cache", 0700) = 0
23:15:02.570078,1035,getpid() = 1035
23:15:02.570575,1035,gettid() = 1035
23:15:02.580437,1035,clock_gettime(CLOCK_MONOTONIC, {113, 800835817}) = 0
23:15:02.581138,1035,ioctl(9, 0xc0186201, 0xbede81f0) = 0
23:15:02.582088,1035,clock_gettime(CLOCK_MONOTONIC, {113, 802597448}) = 0
23:15:02.583719,1035,getpid() = 1035
23:15:02.584301,1035,gettid() = 1035
23:15:02.584870,1035,clock_gettime(CLOCK_MONOTONIC, {113, 805261677}) = 0
23:15:02.585594,1035,ioctl(9, 0xc0186201, 0xbede81f0) = 0
23:15:02.586989,1035,ioctl(9, 0xc0186201, 0xbede81f0) = 0
23:15:02.587549,1035,clock_gettime(CLOCK_MONOTONIC, {113, 807940993}) = 0
23:15:02.590640,1035,writev(3, [{"\5", 1}, {"DroidBox\0", 9}, {"DroidBox: { \"DexClassLoader\": { "..., 74}], 3) = 84
23:15:02.607987,1035,access("/data/app/com.mmmm.bl-1.apk", F_OK) = 0
23:15:02.645015,1035,access("/data/app/com.mmmm.bl-1.apk", R_OK) = 0
23:15:02.645802,1035,stat64("/data/app/com.mmmm.bl-1.apk", {st_mode=S_IFREG|0644, st_size=64165, ...}) = 0
23:15:02.648104,1035,open("/data/app/com.mmmm.bl-1.apk", O_RDONLY) = 34
23:15:02.648980,1035,fstat64(34, {st_mode=S_IFREG|0644, st_size=64165, ...}) = 0
23:15:02.662114,1035,fstat64(34, {st_mode=S_IFREG|0644, st_size=64165, ...}) = 0
23:15:02.663445,1035,_llseek(34, 64143, [64143], SEEK_SET) = 0
23:15:02.664414,1035,read(34, "PK\5\6", 4) = 4
23:15:02.665132,1035,fgetxattr(34, "user.taint", 0xbede8484, 4) = -1 ENODATA (No data available)
23:15:02.667611,1035,clock_gettime(CLOCK_MONOTONIC, {113, 888050665}) = 0
23:15:02.668302,1035,getpid() = 1035
23:15:02.668910,1035,readlink("/proc/1035/fd/34", "/data/app/com.mmmm.bl-1.apk"..., 120) = 27
23:15:02.670563,1035,read(34, "\0\0\0\0\t\0\t\0W\2\0\0008ø\0\0\0\0", 18) = 18
23:15:02.671682,1035,fgetxattr(34, "user.taint", 0xbede8484, 4) = -1 ENODATA (No data available)
23:15:02.675491,1035,clock_gettime(CLOCK_MONOTONIC, {113, 896135285}) = 0
23:15:02.712437,1035,getpid() = 1035
23:15:02.713131,1035,readlink("/proc/1035/fd/34", "/data/app/com.mmmm.bl-1.apk"..., 120) = 27
23:15:02.714482,1035,fstat64(34, {st_mode=S_IFREG|0644, st_size=64165, ...}) = 0
23:15:02.728127,1035,_llseek(34, 63544, [63544], SEEK_SET) = 0
23:15:02.729240,1035,read(34, "PK\1\2\24\0\24\0\10\0\10\0Ös\3A.QÜ¬¯\1\0\0@\4\0\0\31\0\4\0"..., 621) = 621
23:15:02.750684,1035,fgetxattr(34, "user.taint", 0xbede8484, 4) = -1 ENODATA (No data available)
23:15:02.752562,1035,clock_gettime(CLOCK_MONOTONIC, {113, 986581896}) = 0
23:15:02.766916,1035,getpid() = 1035
23:15:02.767517,1035,readlink("/proc/1035/fd/34", "/data/app/com.mmmm.bl-1.apk"..., 120) = 27
23:15:02.770158,1035,open("/data/app/com.mmmm.bl-1.apk", O_RDONLY) = 35
23:15:02.771062,1035,lseek(35, 0, SEEK_END) = 64165
23:15:02.771627,1035,lseek(35, 0, SEEK_SET) = 0
23:15:02.772237,1035,read(35, "PK\3\4\24\0\10\0\10\0Ös\3A.QÜ¬¯\1\0\0@\4\0\0\31\0\4\0re"..., 64165) = 64165
23:15:02.773147,1035,mmap2(NULL, 2703, PROT_READ, MAP_SHARED, 35, 0xf) = 0xacc99000
23:15:02.773734,1035,fcntl64(35, F_GETFD) = 0
23:15:02.774324,1035,fcntl64(35, F_SETFD, FD_CLOEXEC) = 0
23:15:02.774860,1035,open("/data/app/com.mmmm.bl-1.odex", O_RDONLY) = -1 ENOENT (No such file or directory)
23:15:02.776284,1035,open("/data/dalvik-cache/data@app@com.mmmm.bl-1.apk@classes.dex", O_RDWR|O_CREAT, 0644) = -1 EACCES (Permission denied)
23:15:02.777338,1035,open("/data/dalvik-cache/data@app@com.mmmm.bl-1.apk@classes.dex", O_RDONLY) = 36
23:15:02.778332,1035,flock(36, LOCK_EX|LOCK_NB) = 0
23:15:02.779291,1035,fstat64(36, {st_mode=S_IFREG|0644, st_size=9912, ...}) = 0
23:15:02.780492,1035,stat64("/data/dalvik-cache/data@app@com.mmmm.bl-1.apk@classes.dex", {st_mode=S_IFREG|0644, st_size=9912, ...}) = 0
23:15:02.782821,1035,lseek(36, 0, SEEK_SET) = 0
23:15:02.783458,1035,read(36, "dey\n036\0(\0\0\0 #\0\0H#\0\0Ö\1\0\0 %\0\0\230\1\0\0"..., 40) = 40
23:15:02.784357,1035,lseek(36, 9032, SEEK_SET) = 9032
23:15:02.784956,1035,read(36, "Ös\3AúüGT\34\0\0\0\10\0\0\0\34\0\0\0/system/fram"..., 470) = 470
23:15:02.786193,1035,lseek(36, 0, SEEK_SET) = 0
23:15:02.786776,1035,lseek(36, 0, SEEK_CUR) = 0
23:15:02.787360,1035,lseek(36, 0, SEEK_END) = 9912
23:15:02.787962,1035,lseek(36, 0, SEEK_SET) = 0
23:15:02.788546,1035,mmap2(NULL, 9912, PROT_READ|PROT_WRITE, MAP_PRIVATE, 36, 0) = 0xacc96000
23:15:02.789199,1035,madvise(0xacc96000, 9912, 0xc /* MADV_??? */) = -1 EINVAL (Invalid argument)
23:15:02.789759,1035,mprotect(0xacc96000, 9912, PROT_READ) = 0
23:15:02.790472,1035,open("/dev/ashmem", O_RDWR) = 37
23:15:02.791172,1035,ioctl(37, 0x41007701, 0xbede8254) = 0
23:15:02.791750,1035,ioctl(37, 0x40047703, 0x1000) = 0
23:15:02.792305,1035,mmap2(NULL, 4096, PROT_READ|PROT_WRITE, MAP_PRIVATE, 37, 0) = 0xacc95000
23:15:02.792991,1035,madvise(0xacc95000, 4096, 0xc /* MADV_??? */) = -1 EINVAL (Invalid argument)
23:15:02.793515,1035,close(37) = 0
23:15:02.794529,1035,flock(36, LOCK_UN) = 0
23:15:02.795313,1035,close(36) = 0
23:15:02.796994,1035,access("/data/data/com.mmmm.bl/lib", F_OK) = 0
23:15:02.797878,1035,access("/data/data/com.mmmm.bl/lib", R_OK) = 0
23:15:02.798665,1035,stat64("/data/data/com.mmmm.bl/lib", {st_mode=S_IFDIR|0755, st_size=4096, ...}) = 0
23:15:02.800944,1035,access("/vendor/lib", F_OK) = -1 ENOENT (No such file or directory)
23:15:02.801905,1035,access("/system/lib", F_OK) = 0
23:15:02.802658,1035,access("/system/lib", R_OK) = 0
23:15:02.803441,1035,stat64("/system/lib", {st_mode=S_IFDIR|0755, st_size=8192, ...}) = 0
23:15:02.804973,1035,getuid32() = 10050
23:15:02.805824,1035,getpid() = 1035
23:15:02.806399,1035,gettid() = 1035
23:15:02.806979,1035,clock_gettime(CLOCK_MONOTONIC, {114, 27404675}) = 0
23:15:02.807619,1035,ioctl(9, 0xc0186201, 0xbede81f0) = 0
23:15:02.811263,1035,clock_gettime(CLOCK_MONOTONIC, {114, 31659008}) = 0
23:15:02.815238,1035,gettimeofday({1729034102, 815466}, NULL) = 0
23:15:02.816663,1035,getpid() = 1035
23:15:02.817358,1035,getuid32() = 10050
23:15:02.818039,1035,epoll_wait(0x1e, 0xbede81f8, 0x10, 0) = 0
23:15:02.818716,1035,clock_gettime(CLOCK_MONOTONIC, {114, 39172541}) = 0
23:15:02.819548,1035,stat64("/system/framework/framework-res.apk", {st_mode=S_IFREG|0644, st_size=8749696, ...}) = 0
23:15:02.821148,1035,stat64("/data/app/com.mmmm.bl-1.apk", {st_mode=S_IFREG|0644, st_size=64165, ...}) = 0
23:15:02.826456,1035,gettimeofday({1729034102, 826675}, NULL) = 0
23:15:02.827829,1035,getuid32() = 10050
23:15:02.828504,1035,stat64("/system/framework/framework-res.apk", {st_mode=S_IFREG|0644, st_size=8749696, ...}) = 0
23:15:02.829991,1035,stat64("/data/app/com.mmmm.bl-1.apk", {st_mode=S_IFREG|0644, st_size=64165, ...}) = 0
23:15:02.836538,1035,getpid() = 1035
23:15:02.837155,1035,gettid() = 1035
23:15:02.837680,1035,clock_gettime(CLOCK_MONOTONIC, {114, 58147832}) = 0
23:15:02.838419,1035,ioctl(9, 0xc0186201, 0xbede81f0) = 0
23:15:02.839843,1035,clock_gettime(CLOCK_MONOTONIC, {114, 60267105}) = 0
23:15:02.840757,1035,getpid() = 1035
23:15:02.841359,1035,gettid() = 1035
23:15:02.841999,1035,clock_gettime(CLOCK_MONOTONIC, {114, 62394572}) = 0
23:15:02.842645,1035,ioctl(9, 0xc0186201, 0xbede81f0) = 0
23:15:02.844022,1035,clock_gettime(CLOCK_MONOTONIC, {114, 64415917}) = 0
23:15:02.851772,1035,getpid() = 1035
23:15:02.852447,1035,gettid() = 1035
23:15:02.853048,1035,clock_gettime(CLOCK_MONOTONIC, {114, 73439428}) = 0
23:15:02.853674,1035,ioctl(9, 0xc0186201, 0xbede81f0) = 0
23:15:02.854651,1035,clock_gettime(CLOCK_MONOTONIC, {114, 75128846}) = 0
23:15:02.856365,1035,getpid() = 1035
23:15:02.856991,1035,gettid() = 1035
23:15:02.857539,1035,clock_gettime(CLOCK_MONOTONIC, {114, 77928967}) = 0
23:15:02.858192,1035,ioctl(9, 0xc0186201, 0xbede81f0) = 0
23:15:02.859502,1035,ioctl(9, 0xc0186201, 0xbede81f0) = 0
23:15:03.280134,1035,clock_gettime(CLOCK_MONOTONIC, {114, 500646487}) = 0
23:15:03.290879,1035,getpid() = 1035
23:15:03.291555,1035,open("/proc/1035/cmdline", O_RDONLY) = 36
23:15:03.292378,1035,fstat64(36, {st_mode=S_IFREG|0444, st_size=0, ...}) = 0
23:15:03.293749,1035,mprotect(0xb6556000, 4096, PROT_READ|PROT_WRITE) = 0
23:15:03.294362,1035,mprotect(0xb6556000, 4096, PROT_READ) = 0
23:15:03.294946,1035,read(36, "com.mmmm.bl\0\0\0\0\0\0\0\0\0\0\0\0\0\0\0\0\0\0\0\0\0"..., 1024) = 76
23:15:03.295783,1035,close(36) = 0
23:15:03.296446,1035,ioctl(9, 0xc0186201, 0xbede7110) = 0
23:15:03.297761,1035,ioctl(9, 0xc0186201, 0xbede7110) = 0
23:15:03.298435,1035,writev(5, [{"$Ë\0\0", 4}, {"\3\5\0020\0\0\0android.view.accessibilit"..., 87}], 2) = 91
23:15:03.316313,1035,pread(18, "PK\3\4\24\0\10\0\10\0\31\r\2208úFVÇ]\2\0\0X\5\0\0\33\0\0\0", 30, 13584255707774976) = 30
23:15:03.317651,1035,mmap2(NULL, 1381, PROT_READ, MAP_SHARED, 18, 0x304) = 0xacc94000
23:15:03.319523,1035,munmap(0xacc94000, 1381) = 0
23:15:03.330273,1035,pread(18, "PK\3\4\24\0\10\0\10\0\31\r\220822Ì|Ä\0\0\0\200\1\0\0\32\0\0\0", 30, 13047522234728448) = 30
23:15:03.331216,1035,mmap2(NULL, 2979, PROT_READ, MAP_SHARED, 18, 0x2e5) = 0xacc94000
23:15:03.332301,1035,munmap(0xacc94000, 2979) = 0
23:15:03.335569,1035,pread(18, "PK\3\4\n\0\0\0\0\0\31\r\2208ï^ðýÊ\0\0\0Ê\0\0\0*\0\1\0", 30, 1548829631447040) = 30
23:15:03.337247,1035,mmap2(NULL, 442, PROT_READ, MAP_SHARED, 18, 0x58) = 0xacc94000
23:15:03.339252,1035,sigprocmask(SIG_BLOCK, [], [QUIT USR1 PIPE]) = 0
23:15:03.351919,1035,sigprocmask(SIG_BLOCK, [], [QUIT USR1 PIPE]) = 0
23:15:03.352563,1035,sigprocmask(SIG_BLOCK, [], [QUIT USR1 PIPE]) = 0
23:15:03.353562,1035,sigprocmask(SIG_BLOCK, [], [QUIT USR1 PIPE]) = 0
23:15:03.358041,1035,munmap(0xacc94000, 442) = 0
23:15:03.375229,1035,clock_gettime(CLOCK_MONOTONIC, {114, 595815169}) = 0
23:15:03.377243,1035,pread(33, "PK\3\4\24\0\10\0\10\0Ös\3A.QÜ¬¯\1\0\0@\4\0\0\31\0\4\0", 30, 0) = 30
23:15:03.378868,1035,mmap2(NULL, 490, PROT_READ, MAP_SHARED, 33, 0) = 0xacc94000
23:15:03.379949,1035,munmap(0xacc94000, 490) = 0
23:15:03.383909,1035,pread(33, "PK\3\4\n\0\0\0\0\0Ös\3AålK\215\232\210\0\0\232\210\0\0\31\0\1\0", 30, 10874857193472) = 30
23:15:03.385211,1035,mmap2(NULL, 37558, PROT_READ, MAP_SHARED, 33, 0) = 0xacc8b000
23:15:03.386384,1035,sigprocmask(SIG_BLOCK, [], [QUIT USR1 PIPE]) = 0
23:15:03.387177,1035,sigprocmask(SIG_BLOCK, [], [QUIT USR1 PIPE]) = 0
23:15:03.387909,1035,sigprocmask(SIG_BLOCK, [], [QUIT USR1 PIPE]) = 0
23:15:03.388563,1035,sigprocmask(SIG_BLOCK, [], [QUIT USR1 PIPE]) = 0
23:15:03.389497,1035,clock_gettime(CLOCK_MONOTONIC, {114, 609896943}) = 0
23:15:03.390184,1035,getpriority(PRIO_PROCESS, 0) = 20
23:15:03.390772,1035,madvise(0xb23d6000, 3107101, MADV_NORMAL) = 0
23:15:03.471816,1035,madvise(0xb33d6000, 786432, MADV_DONTNEED) = 0
23:15:03.472533,1035,madvise(0xb23d6000, 16777216, MADV_DONTNEED) = 0
23:15:03.473294,1035,futex(0xb686d58c, FUTEX_WAKE_PRIVATE, 2147483647) = 0
23:15:03.473982,1035,clock_gettime(CLOCK_MONOTONIC, {114, 694411028}) = 0
23:15:03.474824,1035,futex(0xb7420790, FUTEX_WAKE_PRIVATE, 1 <unfinished ...>
23:15:03.475207,1042,<... futex resumed> ) = 0
23:15:03.475597,1042,futex(0xb7420780, FUTEX_WAIT_PRIVATE, 2, NULL <unfinished ...>
23:15:03.475960,1035,<... futex resumed> ) = 1
23:15:03.476308,1035,futex(0xb7420780, FUTEX_WAKE_PRIVATE, 1 <unfinished ...>
23:15:03.476693,1042,<... futex resumed> ) = 0
23:15:03.477090,1042,futex(0xb7420780, FUTEX_WAKE_PRIVATE, 1) = 0
23:15:03.477812,1042,futex(0xb7328718, FUTEX_WAIT_PRIVATE, 2, NULL <unfinished ...>
23:15:03.478399,1035,<... futex resumed> ) = 1
23:15:03.479068,1035,futex(0xb7328718, FUTEX_WAKE_PRIVATE, 1 <unfinished ...>
23:15:03.479453,1042,<... futex resumed> ) = 0
23:15:03.479839,1042,futex(0xb7328718, FUTEX_WAKE_PRIVATE, 1) = 0
23:15:03.480572,1042,futex(0xb743b268, FUTEX_WAKE_PRIVATE, 1) = 1
23:15:03.481327,1043,<... futex resumed> ) = 0
23:15:03.482049,1042,futex(0xb7420790, FUTEX_WAIT_PRIVATE, -2, NULL <unfinished ...>
23:15:03.482581,1043,clock_gettime(CLOCK_MONOTONIC, {114, 703119439}) = 0
23:15:03.483481,1043,futex(0xb74415c0, FUTEX_WAKE_PRIVATE, 1) = 1
23:15:03.484192,1044,<... futex resumed> ) = 0
23:15:03.484773,1043,gettid( <unfinished ...>
23:15:03.485254,1044,clock_gettime(CLOCK_MONOTONIC, <unfinished ...>
23:15:03.485605,1043,<... gettid resumed> ) = 1043
23:15:03.485969,1044,<... clock_gettime resumed> {114, 706071339}) = 0
23:15:03.486557,1043,getpid( <unfinished ...>
23:15:03.487145,1044,clock_gettime(CLOCK_MONOTONIC, <unfinished ...>
23:15:03.487715,1043,<... getpid resumed> ) = 1035
23:15:03.488121,1044,<... clock_gettime resumed> {114, 708208977}) = 0
23:15:03.488717,1043,getuid32( <unfinished ...>
23:15:03.489149,1044,clock_gettime(CLOCK_MONOTONIC, <unfinished ...>
23:15:03.489751,1043,<... getuid32 resumed> ) = 10050
23:15:03.490313,1044,<... clock_gettime resumed> {114, 710340107}) = 0
23:15:03.491153,1043,ioctl(9, 0xc0186201 <unfinished ...>
23:15:03.491818,1044,futex(0xb74415c0, FUTEX_WAIT_PRIVATE, -2, {9, 995868870} <unfinished ...>
23:15:03.492478,1043,<... ioctl resumed> , 0xad2baa58) = 0
23:15:03.493027,1043,clock_gettime(CLOCK_MONOTONIC, {114, 713464116}) = 0
23:15:03.493892,1043,clock_gettime(CLOCK_MONOTONIC, {114, 714307210}) = 0
23:15:03.494662,1043,clock_gettime(CLOCK_MONOTONIC, {114, 715123183}) = 0
23:15:03.495522,1043,clock_gettime(CLOCK_MONOTONIC, {114, 715935623}) = 0
23:15:03.496442,1043,clock_gettime(CLOCK_MONOTONIC, {114, 716933609}) = 0
23:15:03.497323,1043,clock_gettime(CLOCK_MONOTONIC, {114, 717747811}) = 0
23:15:03.498126,1043,clock_gettime(CLOCK_MONOTONIC, {114, 718629720}) = 0
23:15:03.499111,1043,clock_gettime(CLOCK_MONOTONIC, {114, 719515778}) = 0
23:15:03.499842,1043,clock_gettime(CLOCK_MONOTONIC, {114, 720257005}) = 0
23:15:03.500693,1043,clock_gettime(CLOCK_MONOTONIC, {114, 721118277}) = 0
23:15:03.501412,1043,clock_gettime(CLOCK_MONOTONIC, {114, 721895008}) = 0
23:15:03.502315,1043,clock_gettime(CLOCK_MONOTONIC, {114, 722765410}) = 0
23:15:03.503149,1043,futex(0xb743b268, FUTEX_WAIT_PRIVATE, -2, NULL <unfinished ...>
23:15:03.503689,1035,<... futex resumed> ) = 1
23:15:03.504447,1035,clock_gettime(CLOCK_MONOTONIC, {114, 724898032}) = 0
23:15:03.505378,1035,writev(3, [{"\3", 1}, {"dalvikvm\0", 9}, {"GC_FOR_ALLOC freed 63K, 3% free "..., 70}], 3) = 80
23:15:03.507305,1035,mprotect(0xb3db7000, 1839104, PROT_READ|PROT_WRITE) = 0
23:15:03.508111,1035,mprotect(0xb3f78000, 39706624, PROT_NONE) = 0
23:15:03.520346,1035,futex(0xb73219a8, FUTEX_WAKE_PRIVATE, 1 <unfinished ...>
23:15:03.520713,1039,<... futex resumed> ) = 0
23:15:03.521119,1039,futex(0xb686d5f4, FUTEX_WAIT_PRIVATE, 2, NULL <unfinished ...>
23:15:03.521435,1035,<... futex resumed> ) = 1
23:15:03.521835,1035,writev(3, [{"\4", 1}, {"dalvikvm-heap\0", 14}, {"Grow heap (frag case) to 9.917MB"..., 61}], 3) = 76
23:15:03.523076,1035,futex(0xb686d5f4, FUTEX_WAKE_PRIVATE, 1 <unfinished ...>
23:15:03.523376,1039,<... futex resumed> ) = 0
23:15:03.523686,1039,clock_gettime(CLOCK_MONOTONIC, {114, 744149498}) = 0
23:15:03.524347,1039,clock_gettime(CLOCK_MONOTONIC, {114, 744736468}) = 0
23:15:03.524972,1039,clock_gettime(CLOCK_MONOTONIC, {114, 745360977}) = 0
23:15:03.525550,1039,nanosleep({0, 10000000}, <unfinished ...>
23:15:03.526128,1035,<... futex resumed> ) = 1
23:15:03.526511,1035,futex(0xb686d58c, FUTEX_WAIT_PRIVATE, -436, NULL <unfinished ...>
23:15:03.544909,1039,<... nanosleep resumed> 0xaf56fd88) = 0
23:15:03.545534,1039,madvise(0xb23d6000, 3466906, MADV_NORMAL) = 0
23:15:03.563398,1039,futex(0xb686d5f4, FUTEX_WAKE_PRIVATE, 1) = 0
23:15:03.564101,1039,futex(0xb686d58c, FUTEX_WAKE_PRIVATE, 2147483647 <unfinished ...>
23:15:03.564414,1035,<... futex resumed> ) = 0
23:15:03.564711,1035,futex(0xb686d588, FUTEX_WAIT_PRIVATE, 2, NULL <unfinished ...>
23:15:03.565055,1039,<... futex resumed> ) = 1
23:15:03.565378,1039,futex(0xb686d588, FUTEX_WAKE_PRIVATE, 1 <unfinished ...>
23:15:03.565664,1035,<... futex resumed> ) = 0
23:15:03.566033,1035,futex(0xb686d588, FUTEX_WAKE_PRIVATE, 1) = 0
23:15:03.571815,1039,<... futex resumed> ) = 1
23:15:03.572303,1039,clock_gettime(CLOCK_MONOTONIC, {114, 792929495}) = 0
23:15:03.619668,1039,clock_gettime(CLOCK_MONOTONIC, {114, 840213427}) = 0
23:15:03.635553,1039,futex(0xb686d58c, FUTEX_WAKE_PRIVATE, 2147483647) = 0
23:15:03.637216,1039,clock_gettime(CLOCK_MONOTONIC, {114, 857729492}) = 0
23:15:03.638396,1039,madvise(0xb3496000, 786432, MADV_DONTNEED) = 0
23:15:03.639288,1039,madvise(0xb23d6000, 16777216, MADV_DONTNEED) = 0
23:15:03.639939,1039,futex(0xb686d5f8, FUTEX_WAKE_PRIVATE, 2147483647) = 0
23:15:03.640481,1039,clock_gettime(CLOCK_MONOTONIC, {114, 860876619}) = 0
23:15:03.654116,1039,writev(3, [{"\3", 1}, {"dalvikvm\0", 9}, {"GC_CONCURRENT freed 2K, 3% free "..., 77}], 3) = 87
23:15:03.655287,1039,clock_gettime(CLOCK_MONOTONIC, {114, 875672781}) = 0
23:15:03.655926,1039,clock_gettime(CLOCK_MONOTONIC, {114, 876315423}) = 0
23:15:03.656592,1039,futex(0xb73219a8, FUTEX_WAIT_PRIVATE, -2, {4, 999357358} <unfinished ...>
23:15:03.703052,1035,munmap(0xacc8b000, 37558) = 0
23:15:03.708268,1035,mprotect(0xb1610000, 8192, PROT_READ|PROT_WRITE) = 0
23:15:03.709452,1035,mmap2(NULL, 32768, PROT_READ|PROT_WRITE, MAP_PRIVATE|MAP_ANONYMOUS, -1, 0) = 0xacc8d000
23:15:03.720675,1035,madvise(0xacc8d000, 32768, 0xc /* MADV_??? */) = -1 EINVAL (Invalid argument)
23:15:03.721382,1035,mmap2(NULL, 1048576, PROT_READ|PROT_WRITE, MAP_PRIVATE|MAP_ANONYMOUS|MAP_NORESERVE, -1, 0) = 0xacb8d000
23:15:03.722133,1035,madvise(0xacb8d000, 1048576, 0xc /* MADV_??? */) = -1 EINVAL (Invalid argument)
23:15:03.722694,1035,mprotect(0xacb8d000, 4096, PROT_NONE) = 0
23:15:03.723381,1035,clone(child_stack=0xacc8cf00, flags=CLONE_VM|CLONE_FS|CLONE_FILES|CLONE_SIGHAND|CLONE_THREAD|CLONE_SYSVSEM|0x400000) = 1048
23:15:03.729418,1035,futex(0xb686d580, FUTEX_WAIT_PRIVATE, -330, NULL <unfinished ...>
23:15:03.730216,1048,set_tls(0xacc8cf00, 0xb7415178, 0xacc8cffc, 0x40, 0xacc8cf00) = 0
23:15:03.730765,1048,prctl(PR_SET_NAME, 0xacc8ce8c, 0, 0, 0) = 0
23:15:03.731385,1048,gettid() = 1048
23:15:03.731927,1048,futex(0xb686d580, FUTEX_WAKE_PRIVATE, 2147483647 <unfinished ...>
23:15:03.732268,1035,<... futex resumed> ) = 0
23:15:03.732566,1035,futex(0xb686d57c, FUTEX_WAIT_PRIVATE, 2, NULL <unfinished ...>
23:15:03.732922,1048,<... futex resumed> ) = 1
23:15:03.733208,1048,futex(0xb686d57c, FUTEX_WAKE_PRIVATE, 1 <unfinished ...>
23:15:03.733558,1035,<... futex resumed> ) = 0
23:15:03.733934,1035,futex(0xb686d57c, FUTEX_WAKE_PRIVATE, 1) = 0
23:15:03.734633,1035,futex(0xb686d580, FUTEX_WAKE_PRIVATE, 2147483647) = 0
23:15:03.736443,1035,writev(5, [{"Fu\0\0", 4}, {"\2\26\0\0\0com.mmmm.bl.FreeMelody\n", 28}], 2) = 32
23:15:03.740930,1035,getpid() = 1035
23:15:03.741533,1035,gettid() = 1035
23:15:03.742188,1035,clock_gettime(CLOCK_MONOTONIC, {114, 962581587}) = 0
23:15:03.743002,1035,ioctl(9, 0xc0186201 <unfinished ...>
23:15:03.743428,1048,<... futex resumed> ) = 1
23:15:03.743926,1048,futex(0xb686d580, FUTEX_WAIT_PRIVATE, -332, NULL) = -1 EAGAIN (Try again)
23:15:03.744686,1048,getpriority(PRIO_PROCESS, 1048) = 20
23:15:03.745440,1048,setpriority(PRIO_PROCESS, 1048, 0) = 0
23:15:03.755660,1048,gettid() = 1048
23:15:03.761241,1048,getpid( <unfinished ...>
23:15:03.762129,1035,<... ioctl resumed> , 0xbede81f0) = 0
23:15:03.762611,1035,clock_gettime(CLOCK_MONOTONIC, {114, 983129133}) = 0
23:15:03.765325,1035,getpid() = 1035
23:15:03.766772,1035,gettid() = 1035
23:15:03.767599,1035,clock_gettime(CLOCK_MONOTONIC, {114, 988189628}) = 0
23:15:03.768916,1035,ioctl(9, 0xc0186201, 0xbede81f0) = 0
23:15:03.770197,1035,ioctl(9, 0xc0186201 <unfinished ...>
23:15:03.770705,1048,<... getpid resumed> ) = 1035
23:15:03.771258,1048,getuid32() = 10050
23:15:03.772378,1048,getpid() = 1035
23:15:03.773105,1048,gettid() = 1048
23:15:03.773785,1048,ioctl(9, 0xc0186201, 0xacc8c920) = 0
23:15:03.780695,1048,ioctl(9, 0xc0186201 <unfinished ...>
23:15:03.789198,1035,<... ioctl resumed> , 0xbede81f0) = 0
23:15:03.789592,1035,clock_gettime(CLOCK_MONOTONIC, {115, 9982504}) = 0
23:15:03.791067,1035,getpid() = 1035
23:15:03.791629,1035,gettid() = 1035
23:15:03.792241,1035,clock_gettime(CLOCK_MONOTONIC, {115, 12628740}) = 0
23:15:03.792902,1035,ioctl(9, 0xc0186201, 0xbede81f0) = 0
23:15:03.794400,1035,ioctl(9, 0xc0186201, 0xbede81f0) = 0
23:15:03.795123,1035,clock_gettime(CLOCK_MONOTONIC, {115, 15521001}) = 0
23:15:03.798484,1035,mprotect(0xb1611000, 8192, PROT_READ|PROT_WRITE) = 0
23:15:03.800762,1035,ioctl(9, 0xc0186201, 0xbede8150) = 0
23:15:03.802970,1035,ioctl(9, 0xc0186201 <unfinished ...>
23:15:03.803915,1048,<... ioctl resumed> , 0xacc8c920) = 0
23:15:03.809011,1048,clock_gettime(CLOCK_MONOTONIC, {115, 29445904}) = 0
23:15:03.811009,1048,getpid() = 1035
23:15:03.811540,1048,gettid() = 1048
23:15:03.812107,1048,ioctl(9, 0xc0186201, 0xacc8c920) = 0
23:15:03.813038,1048,ioctl(9, 0xc0186201 <unfinished ...>
23:15:03.838085,1035,<... ioctl resumed> , 0xbede8150) = 0
23:15:03.838613,1035,ioctl(9, 0xc0186201, 0xbede8158) = 0
23:15:03.839589,1035,ioctl(9, 0xc0186201, 0xbede8158) = 0
23:15:03.862611,1035,dup(36) = 37
23:15:03.863465,1035,setsockopt(37, SOL_SOCKET, SO_SNDBUF, [4096], 4) = 0
23:15:03.864401,1035,setsockopt(37, SOL_SOCKET, SO_RCVBUF, [4096], 4) = 0
23:15:03.865116,1035,fcntl64(37, F_SETFL, O_RDONLY|O_NONBLOCK) = 0
23:15:03.865729,1035,close(36) = 0
23:15:03.866329,1035,epoll_ctl(0x1e, 0x1, 0x25, 0xbede82a8) = 0
23:15:03.867872,1035,getpid() = 1035
23:15:03.868557,1035,gettid() = 1035
23:15:03.869122,1035,clock_gettime(CLOCK_MONOTONIC, {115, 89507838}) = 0
23:15:03.869728,1035,ioctl(9, 0xc0186201, 0xbede81f0) = 0
23:15:03.870603,1035,clock_gettime(CLOCK_MONOTONIC, {115, 90991140}) = 0
23:15:03.871940,1035,getpid() = 1035
23:15:03.872493,1035,gettid() = 1035
23:15:03.873048,1035,clock_gettime(CLOCK_MONOTONIC, {115, 93433019}) = 0
23:15:03.873654,1035,ioctl(9, 0xc0186201, 0xbede81f0) = 0
23:15:03.875129,1035,ioctl(9, 0xc0186201, 0xbede81f0) = 0
23:15:03.934598,1035,clock_gettime(CLOCK_MONOTONIC, {115, 155220156}) = 0
23:15:03.936670,1035,clock_gettime(CLOCK_MONOTONIC, {115, 157160194}) = 0
23:15:03.937434,1035,clock_gettime(CLOCK_MONOTONIC, {115, 157860292}) = 0
23:15:03.938359,1035,recvfrom(37, 0xbede79a8, 24, 64, 0, 0) = -1 EAGAIN (Try again)
23:15:03.939024,1035,ioctl(9, 0xc0186201, 0xbede8178) = 0
23:15:03.939893,1035,clock_gettime(CLOCK_MONOTONIC, {115, 160343960}) = 0
23:15:03.942364,1035,getpid() = 1035
23:15:03.942921,1035,gettid() = 1035
23:15:03.943416,1035,clock_gettime(CLOCK_MONOTONIC, {115, 163799591}) = 0
23:15:03.944024,1035,ioctl(9, 0xc0186201, 0xbede81f0) = 0
23:15:03.944923,1035,ioctl(9, 0xc0186201 <unfinished ...>
23:15:03.970135,1048,<... ioctl resumed> , 0xacc8c920) = 0
23:15:03.973214,1048,ioctl(36, 0x7704, 0) = 2097152
23:15:03.974087,1048,dup(36) = 38
23:15:03.974569,1048,mmap2(NULL, 2097152, PROT_READ, MAP_SHARED, 38, 0) = 0xac98d000
23:15:03.975502,1048,close(36) = 0
23:15:03.976242,1048,clock_gettime(CLOCK_MONOTONIC, {115, 196621660}) = 0
23:15:03.977310,1048,getpid() = 1035
23:15:03.977765,1048,gettid() = 1048
23:15:03.978360,1048,ioctl(9, 0xc0186201, 0xacc8c920) = 0
23:15:03.979787,1048,ioctl(9, 0xc0186201, 0xacc8c920) = 0
23:15:03.980928,1048,getpid() = 1035
23:15:03.981410,1048,gettid() = 1048
23:15:03.981927,1048,ioctl(9, 0xc0186201, 0xacc8c920) = 0
23:15:03.983014,1048,ioctl(9, 0xc0186201, 0xacc8c920) = 0
23:15:03.984199,1048,clock_gettime(CLOCK_MONOTONIC, {115, 204590638}) = 0
23:15:03.985134,1048,munmap(0xacc8d000, 32768) = 0
23:15:03.985843,1048,ioctl(9, 0xc0186201, 0xacc8ce70) = 0
23:15:03.986386,1048,ioctl(9, 0x40046208, 0) = 0
23:15:03.987058,1048,sigprocmask(SIG_SETMASK, ~[SEGV], NULL) = 0
23:15:03.987589,1048,munmap(0xacb8d000, 1048576) = 0
23:15:03.988205,1048,exit(0) = ?
23:15:04.078420,1035,<... ioctl resumed> , 0xbede81f0) = 0
23:15:04.078819,1035,clock_gettime(CLOCK_MONOTONIC, {115, 299214601}) = 0
23:15:04.079813,1035,dup(36) = 39
23:15:04.080365,1035,fcntl64(39, F_SETFL, O_RDONLY|O_NONBLOCK) = 0
23:15:04.080960,1035,close(36) = 0
23:15:04.081629,1035,mprotect(0xb1612000, 8192, PROT_READ|PROT_WRITE) = 0
23:15:04.082659,1035,epoll_ctl(0x1e, 0x1, 0x27, 0xbede8288) = 0
23:15:04.083672,1035,getpid() = 1035
23:15:04.084305,1035,getuid32() = 10050
23:15:04.085011,1035,epoll_wait(0x1e, 0xbede81f8, 0x10, 0) = 1
23:15:04.085676,1035,recvfrom(37, "nysv\0\0\0\0|#/Ð\32\0\0\0Ã\3\0\0\2242ò¸", 24, MSG_DONTWAIT, NULL, NULL) = 24
23:15:04.086772,1035,recvfrom(37, 0xbede7828, 24, 64, 0, 0) = -1 EAGAIN (Try again)
23:15:04.087469,1035,clock_gettime(CLOCK_MONOTONIC, {115, 307876393}) = 0
23:15:04.088346,1035,clock_gettime(CLOCK_MONOTONIC, {115, 308736006}) = 0
23:15:04.089122,1035,clock_gettime(CLOCK_MONOTONIC, {115, 309608270}) = 0
23:15:04.090591,1035,writev(3, [{"\4", 1}, {"Choreographer\0", 14}, {"Skipped 38 frames! The applicat"..., 83}], 3) = 98
23:15:04.092083,1035,clock_gettime(CLOCK_MONOTONIC, {115, 312481785}) = 0
23:15:04.092765,1035,recvfrom(39, 0xb743a8b8, 1240, 64, 0, 0) = -1 EAGAIN (Try again)
23:15:04.093404,1035,clock_gettime(CLOCK_MONOTONIC, {115, 313792238}) = 0
23:15:04.094048,1035,clock_gettime(CLOCK_MONOTONIC, {115, 314436025}) = 0
23:15:04.094684,1035,write(29, "W", 1) = 1
23:15:04.098834,1035,open("/system/fonts/Roboto-Bold.ttf", O_RDONLY) = 36
23:15:04.099620,1035,lseek(36, 0, SEEK_END) = 79620
23:15:04.100161,1035,lseek(36, 0, SEEK_SET) = 0
23:15:04.100648,1035,mmap2(NULL, 79620, PROT_READ, MAP_SHARED, 36, 0) = 0xacc81000
23:15:04.101220,1035,close(36) = 0
23:15:04.103429,1035,sigprocmask(SIG_BLOCK, [], [QUIT USR1 PIPE]) = 0
23:15:04.104879,1035,sigprocmask(SIG_BLOCK, [], [QUIT USR1 PIPE]) = 0
23:15:04.105731,1035,sigprocmask(SIG_BLOCK, [], [QUIT USR1 PIPE]) = 0
23:15:04.107652,1035,open("/system/fonts/Roboto-Bold.ttf", O_RDONLY) = 36
23:15:04.108706,1035,lseek(36, 0, SEEK_END) = 79620
23:15:04.109383,1035,lseek(36, 0, SEEK_SET) = 0
23:15:04.109959,1035,mmap2(NULL, 79620, PROT_READ, MAP_SHARED, 36, 0) = 0xacc6d000
23:15:04.110558,1035,close(36) = 0
23:15:04.111390,1035,munmap(0xacc6d000, 79620) = 0
23:15:04.112246,1035,open("/system/fonts/Roboto-Bold.ttf", O_RDONLY) = 36
23:15:04.113047,1035,lseek(36, 0, SEEK_END) = 79620
23:15:04.113571,1035,lseek(36, 0, SEEK_SET) = 0
23:15:04.114131,1035,mmap2(NULL, 79620, PROT_READ, MAP_SHARED, 36, 0) = 0xacc6d000
23:15:04.114685,1035,close(36) = 0
23:15:04.332896,1035,munmap(0xacc6d000, 79620) = 0
23:15:04.333729,1035,open("/system/fonts/Roboto-Bold.ttf", O_RDONLY) = 36
23:15:04.335434,1035,lseek(36, 0, SEEK_END) = 79620
23:15:04.336032,1035,lseek(36, 0, SEEK_SET) = 0
23:15:04.336527,1035,mmap2(NULL, 79620, PROT_READ, MAP_SHARED, 36, 0) = 0xacc6d000
23:15:04.337116,1035,close(36) = 0
23:15:04.337861,1035,munmap(0xacc6d000, 79620) = 0
23:15:04.338877,1035,open("/system/fonts/Roboto-Bold.ttf", O_RDONLY) = 36
23:15:04.339587,1035,lseek(36, 0, SEEK_END) = 79620
23:15:04.340133,1035,lseek(36, 0, SEEK_SET) = 0
23:15:04.340626,1035,mmap2(NULL, 79620, PROT_READ, MAP_SHARED, 36, 0) = 0xacc6d000
23:15:04.341197,1035,close(36) = 0
23:15:04.352578,1035,munmap(0xacc6d000, 79620) = 0
23:15:04.353172,1035,open("/system/fonts/Roboto-Bold.ttf", O_RDONLY) = 36
23:15:04.354079,1035,lseek(36, 0, SEEK_END) = 79620
23:15:04.354563,1035,lseek(36, 0, SEEK_SET) = 0
23:15:04.355087,1035,mmap2(NULL, 79620, PROT_READ, MAP_SHARED, 36, 0) = 0xacc6d000
23:15:04.355680,1035,close(36) = 0
23:15:04.356264,1035,munmap(0xacc6d000, 79620) = 0
23:15:04.356831,1035,open("/system/fonts/Roboto-Bold.ttf", O_RDONLY) = 36
23:15:04.357537,1035,lseek(36, 0, SEEK_END) = 79620
23:15:04.358101,1035,lseek(36, 0, SEEK_SET) = 0
23:15:04.358585,1035,mmap2(NULL, 79620, PROT_READ, MAP_SHARED, 36, 0) = 0xacc6d000
23:15:04.359177,1035,close(36) = 0
23:15:04.359765,1035,munmap(0xacc6d000, 79620) = 0
23:15:04.364172,1035,open("/system/fonts/Roboto-Bold.ttf", O_RDONLY) = 36
23:15:04.364975,1035,lseek(36, 0, SEEK_END) = 79620
23:15:04.365563,1035,lseek(36, 0, SEEK_SET) = 0
23:15:04.366104,1035,mmap2(NULL, 79620, PROT_READ, MAP_SHARED, 36, 0) = 0xacc6d000
23:15:04.366635,1035,close(36) = 0
23:15:04.367251,1035,munmap(0xacc6d000, 79620) = 0
23:15:04.368083,1035,open("/system/fonts/Roboto-Bold.ttf", O_RDONLY) = 36
23:15:04.369388,1035,lseek(36, 0, SEEK_END) = 79620
23:15:04.369959,1035,lseek(36, 0, SEEK_SET) = 0
23:15:04.370449,1035,mmap2(NULL, 79620, PROT_READ, MAP_SHARED, 36, 0) = 0xacc6d000
23:15:04.371023,1035,close(36) = 0
23:15:04.371882,1035,munmap(0xacc6d000, 79620) = 0
23:15:04.372475,1035,open("/system/fonts/Roboto-Bold.ttf", O_RDONLY) = 36
23:15:04.373335,1035,lseek(36, 0, SEEK_END) = 79620
23:15:04.373957,1035,lseek(36, 0, SEEK_SET) = 0
23:15:04.374471,1035,mmap2(NULL, 79620, PROT_READ, MAP_SHARED, 36, 0) = 0xacc6d000
23:15:04.375081,1035,close(36) = 0
23:15:04.375749,1035,munmap(0xacc6d000, 79620) = 0
23:15:04.378328,1035,open("/system/fonts/DroidNaskh-Regular-SystemUI.ttf", O_RDONLY) = 36
23:15:04.379256,1035,lseek(36, 0, SEEK_END) = 158148
23:15:04.379765,1035,lseek(36, 0, SEEK_SET) = 0
23:15:04.404005,1035,mmap2(NULL, 158148, PROT_READ, MAP_SHARED, 36, 0) = 0xacc5a000
23:15:04.404540,1035,close(36) = 0
23:15:04.405522,1035,sigprocmask(SIG_BLOCK, [], [QUIT USR1 PIPE]) = 0
23:15:04.406358,1035,sigprocmask(SIG_BLOCK, [], [QUIT USR1 PIPE]) = 0
23:15:04.407175,1035,open("/system/fonts/DroidSansEthiopic-Regular.ttf", O_RDONLY) = 36
23:15:04.408059,1035,lseek(36, 0, SEEK_END) = 227928
23:15:04.408747,1035,lseek(36, 0, SEEK_SET) = 0
23:15:04.409777,1035,mmap2(NULL, 227928, PROT_READ, MAP_SHARED, 36, 0) = 0xacc22000
23:15:04.410699,1035,close(36) = 0
23:15:04.411762,1035,sigprocmask(SIG_BLOCK, [], [QUIT USR1 PIPE]) = 0
23:15:04.452953,1035,open("/system/fonts/DroidSansHebrew-Bold.ttf", O_RDONLY) = 36
23:15:04.458788,1035,lseek(36, 0, SEEK_END) = 30280
23:15:04.459388,1035,lseek(36, 0, SEEK_SET) = 0
23:15:04.459981,1035,mmap2(NULL, 30280, PROT_READ, MAP_SHARED, 36, 0) = 0xacc1a000
23:15:04.460580,1035,close(36) = 0
23:15:04.461506,1035,sigprocmask(SIG_BLOCK, [], [QUIT USR1 PIPE]) = 0
23:15:04.462667,1035,open("/system/fonts/DroidSansThai.ttf", O_RDONLY) = 36
23:15:04.463548,1035,lseek(36, 0, SEEK_END) = 35584
23:15:04.464139,1035,lseek(36, 0, SEEK_SET) = 0
23:15:04.464686,1035,mmap2(NULL, 35584, PROT_READ, MAP_SHARED, 36, 0) = 0xacc11000
23:15:04.465294,1035,close(36) = 0
23:15:04.466216,1035,sigprocmask(SIG_BLOCK, [], [QUIT USR1 PIPE]) = 0
23:15:04.466883,1035,sigprocmask(SIG_BLOCK, [], [QUIT USR1 PIPE]) = 0
23:15:04.467659,1035,sigprocmask(SIG_BLOCK, [], [QUIT USR1 PIPE]) = 0
23:15:04.468522,1035,open("/system/fonts/DroidSansArmenian.ttf", O_RDONLY) = 36
23:15:04.469842,1035,lseek(36, 0, SEEK_END) = 13856
23:15:04.481969,1035,lseek(36, 0, SEEK_SET) = 0
23:15:04.482566,1035,mmap2(NULL, 13856, PROT_READ, MAP_SHARED, 36, 0) = 0xacc0d000
23:15:04.483153,1035,close(36) = 0
23:15:04.483965,1035,sigprocmask(SIG_BLOCK, [], [QUIT USR1 PIPE]) = 0
23:15:04.484896,1035,open("/system/fonts/DroidSansGeorgian.ttf", O_RDONLY) = 36
23:15:04.486540,1035,lseek(36, 0, SEEK_END) = 21096
23:15:04.487194,1035,lseek(36, 0, SEEK_SET) = 0
23:15:04.487967,1035,mmap2(NULL, 21096, PROT_READ, MAP_SHARED, 36, 0) = 0xacc07000
23:15:04.488869,1035,close(36) = 0
23:15:04.490099,1035,sigprocmask(SIG_BLOCK, [], [QUIT USR1 PIPE]) = 0
23:15:04.501199,1035,open("/system/fonts/DroidSansDevanagari-Regular.ttf", O_RDONLY) = 36
23:15:04.504316,1035,lseek(36, 0, SEEK_END) = 123372
23:15:04.523651,1035,lseek(36, 0, SEEK_SET) = 0
23:15:04.524328,1035,mmap2(NULL, 123372, PROT_READ, MAP_SHARED, 36, 0) = 0xacbe8000
23:15:04.525046,1035,close(36) = 0
23:15:04.526220,1035,sigprocmask(SIG_BLOCK, [], [QUIT USR1 PIPE]) = 0
23:15:04.527158,1035,sigprocmask(SIG_BLOCK, [], [QUIT USR1 PIPE]) = 0
23:15:04.527786,1035,sigprocmask(SIG_BLOCK, [], [QUIT USR1 PIPE]) = 0
23:15:04.528583,1035,open("/system/fonts/DroidSansTamil-Bold.ttf", O_RDONLY) = 36
23:15:04.529452,1035,lseek(36, 0, SEEK_END) = 36448
23:15:04.530065,1035,lseek(36, 0, SEEK_SET) = 0
23:15:04.530596,1035,mmap2(NULL, 36448, PROT_READ, MAP_SHARED, 36, 0) = 0xacbdf000
23:15:04.551428,1035,close(36