13:02:23.336730,1040,futex(0xb7521ea0, FUTEX_WAIT_PRIVATE, 0, NULL <unfinished ...>
13:02:23.386640,1039,futex(0xb7519b68, FUTEX_WAIT_PRIVATE, 0, NULL <unfinished ...>
13:02:23.387353,1038,futex(0xb751e7b8, FUTEX_WAIT_PRIVATE, 0, NULL <unfinished ...>
13:02:23.387949,60,select(24, [9 23], NULL, NULL, NULL) = 1 (in [23])
13:02:27.456082,60,ioctl(23, FIONREAD, [153]) = 0
13:02:27.469484,60,recvmsg(23, {msg_name(0)=NULL, msg_iov(1)=[{"7\n--runtime-init\n--setuid=10050\n"..., 4217}], msg_controllen=0, msg_flags=0}, MSG_NOSIGNAL) = 153
13:02:27.472234,60,ioctl(23, FIONREAD, [0]) = 0
13:02:27.473722,60,futex(0xb751e7b8, FUTEX_WAKE_PRIVATE, 1 <unfinished ...>
13:02:27.474112,1038,<... futex resumed> ) = 0
13:02:27.474464,1038,futex(0xb751e7a8, FUTEX_WAIT_PRIVATE, 2, NULL <unfinished ...>
13:02:27.474701,60,<... futex resumed> ) = 1
13:02:27.475010,60,futex(0xb751e7a8, FUTEX_WAKE_PRIVATE, 1 <unfinished ...>
13:02:27.475272,1038,<... futex resumed> ) = 0
13:02:27.475536,1038,futex(0xb751e7a8, FUTEX_WAKE_PRIVATE, 1) = 0
13:02:27.476360,1038,futex(0xb68de57c, FUTEX_WAIT_PRIVATE, 2, NULL <unfinished ...>
13:02:27.476634,60,<... futex resumed> ) = 1
13:02:27.476893,60,futex(0xb68de57c, FUTEX_WAKE_PRIVATE, 1 <unfinished ...>
13:02:27.477238,1038,<... futex resumed> ) = 0
13:02:27.477566,1038,futex(0xb68de57c, FUTEX_WAKE_PRIVATE, 1) = 0
13:02:27.478053,1038,munmap(0xb0f4a000, 32768) = 0
13:02:27.478640,1038,sigprocmask(SIG_SETMASK, ~[SEGV], NULL) = 0
13:02:27.489730,1038,munmap(0xaf4e1000, 1048576) = 0
13:02:27.490472,1038,exit(0) = ?
13:02:27.495161,60,<... futex resumed> ) = 1
13:02:27.495504,60,futex(0xb7519b68, FUTEX_WAKE_PRIVATE, 1 <unfinished ...>
13:02:27.495781,1039,<... futex resumed> ) = 0
13:02:27.496117,1039,futex(0xb7519b58, FUTEX_WAIT_PRIVATE, 2, NULL <unfinished ...>
13:02:27.496353,60,<... futex resumed> ) = 1
13:02:27.496617,60,futex(0xb7519b58, FUTEX_WAKE_PRIVATE, 1 <unfinished ...>
13:02:27.496879,1039,<... futex resumed> ) = 0
13:02:27.497216,1039,futex(0xb7519b58, FUTEX_WAKE_PRIVATE, 1) = 0
13:02:27.497798,1039,futex(0xb68de57c, FUTEX_WAIT_PRIVATE, 2, NULL <unfinished ...>
13:02:27.498560,60,<... futex resumed> ) = 1
13:02:27.498825,60,futex(0xb68de57c, FUTEX_WAKE_PRIVATE, 1) = 0
13:02:27.499315,60,futex(0xb7521ea0, FUTEX_WAKE_PRIVATE, 1 <unfinished ...>
13:02:27.499706,1040,<... futex resumed> ) = 0
13:02:27.500374,1040,futex(0xb7521e90, FUTEX_WAIT_PRIVATE, 2, NULL <unfinished ...>
13:02:27.500739,60,<... futex resumed> ) = 1
13:02:27.501075,60,futex(0xb7521e90, FUTEX_WAKE_PRIVATE, 1 <unfinished ...>
13:02:27.501431,1040,<... futex resumed> ) = 0
13:02:27.501810,1040,futex(0xb7521e90, FUTEX_WAKE_PRIVATE, 1) = 0
13:02:27.502715,1040,futex(0xb68de57c, FUTEX_WAIT_PRIVATE, 2, NULL <unfinished ...>
13:02:27.503023,60,<... futex resumed> ) = 1
13:02:27.503388,60,futex(0xb68de57c, FUTEX_WAKE_PRIVATE, 1 <unfinished ...>
13:02:27.503835,1040,<... futex resumed> ) = 0
13:02:27.504202,1040,futex(0xb68de57c, FUTEX_WAKE_PRIVATE, 1) = 0
13:02:27.504602,1040,munmap(0xaf3d1000, 32768) = 0
13:02:27.505106,1040,sigprocmask(SIG_SETMASK, ~[SEGV], NULL) = 0
13:02:27.505799,1040,munmap(0xaf2d1000, 1048576) = 0
13:02:27.506299,1040,exit(0) = ?
13:02:27.508372,60,<... futex resumed> ) = 1
13:02:27.508878,60,open("/proc/self/task", O_RDONLY|O_DIRECTORY) = 24
13:02:27.510065,60,getdents64(24, /* 4 entries */, 4200) = 96
13:02:27.511302,60,getdents64(24, /* 0 entries */, 4200) = 0
13:02:27.511776,60,close(24) = 0
13:02:27.512506,60,clock_gettime(CLOCK_MONOTONIC, {135, 336056583}) = 0
13:02:27.513282,60,clock_gettime(CLOCK_MONOTONIC, {135, 337616721}) = 0
13:02:27.514663,60,futex(0xb73ebda0, FUTEX_WAIT_PRIVATE, -150, {0, 8439862} <unfinished ...>
13:02:27.518746,1039,<... futex resumed> ) = -1 EAGAIN (Try again)
13:02:27.520431,1039,futex(0xb68de57c, FUTEX_WAKE_PRIVATE, 1) = 0
13:02:27.521649,1039,munmap(0xaf4d9000, 32768) = 0
13:02:27.522193,1039,sigprocmask(SIG_SETMASK, ~[SEGV], NULL) = 0
13:02:27.522670,1039,munmap(0xaf3d9000, 1048576) = 0
13:02:27.523256,1039,exit(0) = ?
13:02:27.524877,60,<... futex resumed> ) = -1 ETIMEDOUT (Connection timed out)
13:02:27.525354,60,open("/proc/self/task", O_RDONLY|O_DIRECTORY) = 24
13:02:27.526122,60,getdents64(24, /* 4 entries */, 4200) = 96
13:02:27.528058,60,getdents64(24, /* 0 entries */, 4200) = 0
13:02:27.528511,60,close(24) = 0
13:02:27.531278,60,clock_gettime(CLOCK_MONOTONIC, {135, 354767991}) = 0
13:02:27.531801,60,clock_gettime(CLOCK_MONOTONIC, {135, 355292379}) = 0
13:02:27.532324,60,futex(0xb73ebda0, FUTEX_WAIT_PRIVATE, -150, {0, 9475612}) = -1 ETIMEDOUT (Connection timed out)
13:02:27.543883,60,open("/proc/self/task", O_RDONLY|O_DIRECTORY) = 24
13:02:27.544602,60,getdents64(24, /* 3 entries */, 4200) = 72
13:02:27.545509,60,getdents64(24, /* 0 entries */, 4200) = 0
13:02:27.545989,60,close(24) = 0
13:02:27.546619,60,sigaction(SIGCHLD, {0xb68963dd, [], 0}, NULL, 0) = 0
13:02:27.547499,60,fork() = 1073
13:02:27.568777,1073,gettid() = 1073
13:02:27.569522,1073,getuid32() = 0
13:02:27.570636,1073,open("/acct/uid/0/tasks", O_RDWR|O_CREAT, 0666) = 24
13:02:27.571611,1073,write(24, "0", 1) = 1
13:02:27.572339,1073,close(24) = 0
13:02:27.573107,1073,prctl(PR_SET_KEEPCAPS, 1) = 0
13:02:27.573769,1073,setgroups32(2, [3003, 1028]) = 0
13:02:27.574715,1073,setgid32(10050) = 0
13:02:27.575750,1073,open("/acct/uid/10050/tasks", O_RDWR|O_CREAT, 0666) = 24
13:02:27.576480,1073,write(24, "0", 1) = 1
13:02:27.577036,1073,close(24) = 0
13:02:27.577519,1073,setuid32(10050) = 0
13:02:27.578115,1073,personality(0xffffffff /* PER_??? */) = 8388608
13:02:27.588199,1073,personality(0x840000 /* PER_??? */) = 8388608
13:02:27.588669,1073,capset(0xbeb9c794, 0xbeb9c7a4) = 0
13:02:27.589374,1073,gettid() = 1073
13:02:27.589880,1073,access("/dev/cpuctl/tasks", F_OK) = 0
13:02:27.590572,1073,open("/dev/cpuctl/apps/tasks", O_WRONLY) = 24
13:02:27.591292,1073,open("/dev/cpuctl/apps/bg_non_interactive/tasks", O_WRONLY) = 25
13:02:27.591993,1073,futex(0xb6f3329c, FUTEX_WAKE_PRIVATE, 2147483647) = 0
13:02:27.592444,1073,write(24, "1073", 4) = 4
13:02:27.593066,60,mmap2(NULL, 32768, PROT_READ|PROT_WRITE, MAP_PRIVATE|MAP_ANONYMOUS, -1, 0) = 0xb0f4a000
13:02:27.593804,60,madvise(0xb0f4a000, 32768, 0xc /* MADV_??? */) = -1 EINVAL (Invalid argument)
13:02:27.595038,60,mmap2(NULL, 1048576, PROT_READ|PROT_WRITE, MAP_PRIVATE|MAP_ANONYMOUS|MAP_NORESERVE, -1, 0) = 0xaf4e1000
13:02:27.595530,60,madvise(0xaf4e1000, 1048576, 0xc /* MADV_??? */) = -1 EINVAL (Invalid argument)
13:02:27.596077,60,mprotect(0xaf4e1000, 4096, PROT_NONE) = 0
13:02:27.596743,60,clone(child_stack=0xaf5e0f00, flags=CLONE_VM|CLONE_FS|CLONE_FILES|CLONE_SIGHAND|CLONE_THREAD|CLONE_SYSVSEM|0x400000) = 1074
13:02:27.599060,60,futex(0xb68de580, FUTEX_WAIT_PRIVATE, -324, NULL <unfinished ...>
13:02:27.599687,1074,set_tls(0xaf5e0f00, 0xb74e4cc8, 0xaf5e0ffc, 0x40, 0xaf5e0f00) = 0
13:02:27.601615,1074,prctl(PR_SET_NAME, 0xaf5e0e8c, 0, 0, 0) = 0
13:02:27.602188,1074,gettid() = 1074
13:02:27.602892,1074,futex(0xb68de580, FUTEX_WAKE_PRIVATE, 2147483647) = 1
13:02:27.603377,60,<... futex resumed> ) = 0
13:02:27.603649,60,futex(0xb68de57c, FUTEX_WAIT_PRIVATE, 2, NULL <unfinished ...>
13:02:27.604011,1074,futex(0xb68de57c, FUTEX_WAKE_PRIVATE, 1) = 1
13:02:27.604441,60,<... futex resumed> ) = 0
13:02:27.604715,60,futex(0xb68de57c, FUTEX_WAKE_PRIVATE, 1) = 0
13:02:27.605193,60,futex(0xb68de580, FUTEX_WAKE_PRIVATE, 2147483647) = 0
13:02:27.605915,60,mmap2(NULL, 32768, PROT_READ|PROT_WRITE, MAP_PRIVATE|MAP_ANONYMOUS, -1, 0) = 0xaf4d9000
13:02:27.606445,60,madvise(0xaf4d9000, 32768, 0xc /* MADV_??? */) = -1 EINVAL (Invalid argument)
13:02:27.606954,60,mmap2(NULL, 1048576, PROT_READ|PROT_WRITE, MAP_PRIVATE|MAP_ANONYMOUS|MAP_NORESERVE, -1, 0) = 0xaf3d9000
13:02:27.607473,60,madvise(0xaf3d9000, 1048576, 0xc /* MADV_??? */ <unfinished ...>
13:02:27.607868,1074,futex(0xb68de580, FUTEX_WAIT_PRIVATE, -326, NULL) = -1 EAGAIN (Try again)
13:02:27.608447,1074,getpriority(PRIO_PROCESS, 1074) = 20
13:02:27.608933,1074,setpriority(PRIO_PROCESS, 1074, 0) = 0
13:02:27.609550,1074,futex(0xb751e7b8, FUTEX_WAIT_PRIVATE, 0, NULL <unfinished ...>
13:02:27.611771,1073,gettid() = 1073
13:02:27.612472,1073,prctl(PR_SET_DUMPABLE, 1) = 0
13:02:27.612954,1073,setrlimit(RLIMIT_CORE, {rlim_cur=0, rlim_max=RLIM64_INFINITY}) = 0
13:02:27.613607,1073,sigaction(SIGCHLD, {SIG_DFL, , NULL, 0) = 0
13:02:27.614188,1073,clock_gettime(CLOCK_MONOTONIC, {135, 437676356}) = 0
13:02:27.615254,1073,mmap2(NULL, 1048576, PROT_READ|PROT_WRITE, MAP_PRIVATE|MAP_ANONYMOUS|MAP_NORESERVE, -1, 0) = 0xaf4e1000
13:02:27.615883,1073,madvise(0xaf4e1000, 1048576, 0xc /* MADV_??? */) = -1 EINVAL (Invalid argument)
13:02:27.616449,1073,mprotect(0xaf4e1000, 4096, PROT_NONE) = 0
13:02:27.616957,1073,clone(child_stack=0xaf5e0f00, flags=CLONE_VM|CLONE_FS|CLONE_FILES|CLONE_SIGHAND|CLONE_THREAD|CLONE_SYSVSEM|0x400000) = 1075
13:02:27.618264,1073,futex(0xb68de580, FUTEX_WAIT_PRIVATE, -324, NULL <unfinished ...>
13:02:27.620520,60,<... madvise resumed> ) = -1 EINVAL (Invalid argument)
13:02:27.620821,60,mprotect(0xaf3d9000, 4096, PROT_NONE) = 0
13:02:27.622246,60,clone(child_stack=0xaf4d8f00, flags=CLONE_VM|CLONE_FS|CLONE_FILES|CLONE_SIGHAND|CLONE_THREAD|CLONE_SYSVSEM|0x400000) = 1076
13:02:27.624194,1076,futex(0xaf4d8f00, FUTEX_WAIT_PRIVATE, 2, NULL <unfinished ...>
13:02:27.625407,60,futex(0xaf4d8f00, FUTEX_WAKE_PRIVATE, 1 <unfinished ...>
13:02:27.625669,1076,<... futex resumed> ) = -1 EAGAIN (Try again)
13:02:27.625931,60,<... futex resumed> ) = 0
13:02:27.626273,1076,set_tls(0xaf4d8f00, 0xb7407548, 0xaf4d8ffc, 0x40, 0xaf4d8f00 <unfinished ...>
13:02:27.626560,60,futex(0xb68de580, FUTEX_WAIT_PRIVATE, -328, NULL <unfinished ...>
13:02:27.626812,1076,<... open resumed> ) = 0
13:02:27.627265,1076,prctl(PR_SET_NAME, 0xaf4d8e8c, 0, 0, 0) = 0
13:02:27.627726,1076,gettid() = 1076
13:02:27.628299,1076,futex(0xb68de580, FUTEX_WAKE_PRIVATE, 2147483647) = 1
13:02:27.630883,1076,futex(0xb68de580, FUTEX_WAIT_PRIVATE, -330, NULL <unfinished ...>
13:02:27.631570,60,<... futex resumed> ) = 0
13:02:27.633559,60,futex(0xb68de580, FUTEX_WAKE_PRIVATE, 2147483647 <unfinished ...>
13:02:27.638055,1076,<... futex resumed> ) = 0
13:02:27.638366,1076,futex(0xb68de57c, FUTEX_WAIT_PRIVATE, 2, NULL <unfinished ...>
13:02:27.638599,60,<... futex resumed> ) = 1
13:02:27.638857,60,futex(0xb68de57c, FUTEX_WAKE_PRIVATE, 1 <unfinished ...>
13:02:27.639149,1076,<... futex resumed> ) = 0
13:02:27.639401,1076,futex(0xb68de57c, FUTEX_WAKE_PRIVATE, 1) = 0
13:02:27.639807,1076,getpriority(PRIO_PROCESS, 1076) = 20
13:02:27.640282,1076,setpriority(PRIO_PROCESS, 1076, 0) = 0
13:02:27.640794,1076,sched_yield() = 0
13:02:27.641270,1076,nanosleep({0, 1000000}, <unfinished ...>
13:02:27.641667,60,<... futex resumed> ) = 1
13:02:27.642205,60,mmap2(NULL, 32768, PROT_READ|PROT_WRITE, MAP_PRIVATE|MAP_ANONYMOUS, -1, 0) = 0xaf3d1000
13:02:27.642688,60,madvise(0xaf3d1000, 32768, 0xc /* MADV_??? */) = -1 EINVAL (Invalid argument)
13:02:27.643181,60,mmap2(NULL, 1048576, PROT_READ|PROT_WRITE, MAP_PRIVATE|MAP_ANONYMOUS|MAP_NORESERVE, -1, 0) = 0xaf2d1000
13:02:27.643643,60,madvise(0xaf2d1000, 1048576, 0xc /* MADV_??? */) = -1 EINVAL (Invalid argument)
13:02:27.644715,60,mprotect(0xaf2d1000, 4096, PROT_NONE <unfinished ...>
13:02:27.644982,1076,<... nanosleep resumed> NULL) = 0
13:02:27.645485,1076,futex(0xb7519b68, FUTEX_WAIT_PRIVATE, 0, NULL <unfinished ...>
13:02:27.645717,60,<... mprotect resumed> ) = 0
13:02:27.646042,60,clone(child_stack=0xaf3d0f00, flags=CLONE_VM|CLONE_FS|CLONE_FILES|CLONE_SIGHAND|CLONE_THREAD|CLONE_SYSVSEM|0x400000) = 1077
13:02:27.649095,60,futex(0xb68de580, FUTEX_WAIT_PRIVATE, -332, NULL <unfinished ...>
13:02:27.649535,1077,set_tls(0xaf3d0f00, 0xb74d8b78, 0xaf3d0ffc, 0x40, 0xaf3d0f00) = 0
13:02:27.650127,1077,prctl(PR_SET_NAME, 0xaf3d0e8c, 0, 0, 0) = 0
13:02:27.650588,1077,gettid() = 1077
13:02:27.651126,1077,futex(0xb68de580, FUTEX_WAKE_PRIVATE, 2147483647 <unfinished ...>
13:02:27.651398,60,<... futex resumed> ) = 0
13:02:27.651643,60,futex(0xb68de57c, FUTEX_WAIT_PRIVATE, 2, NULL <unfinished ...>
13:02:27.651912,1077,<... futex resumed> ) = 1
13:02:27.652229,1077,futex(0xb68de57c, FUTEX_WAKE_PRIVATE, 1 <unfinished ...>
13:02:27.652482,60,<... futex resumed> ) = 0
13:02:27.652728,60,futex(0xb68de57c, FUTEX_WAKE_PRIVATE, 1) = 0
13:02:27.653196,60,futex(0xb68de580, FUTEX_WAKE_PRIVATE, 2147483647) = 0
13:02:27.653721,60,getpgid(0xe3) = 60
13:02:27.654254,60,setpgid(1073, 60) = 0
13:02:27.654810,60,sendmsg(23, {msg_name(0)=NULL, msg_iov(1)=[{"\0\0\0041", 4}], msg_controllen=0, msg_flags=0}, MSG_NOSIGNAL) = 4
13:02:27.655739,60,sendmsg(23, {msg_name(0)=NULL, msg_iov(1)=[{"\0", 1}], msg_controllen=0, msg_flags=0}, MSG_NOSIGNAL) = 1
13:02:27.656703,60,select(24, [9 23], NULL, NULL, NULL <unfinished ...>
13:02:27.657128,1077,<... futex resumed> ) = 1
13:02:27.659755,1077,futex(0xb68de580, FUTEX_WAIT_PRIVATE, -334, NULL) = -1 EAGAIN (Try again)
13:02:27.678311,1077,getpriority(PRIO_PROCESS, 1077) = 20
13:02:27.678787,1077,setpriority(PRIO_PROCESS, 1077, 0) = 0
13:02:27.679337,1077,futex(0xb7521ea0, FUTEX_WAIT_PRIVATE, 0, NULL <unfinished ...>
13:02:27.687511,1075,set_tls(0xaf5e0f00, 0xb74e4cc8, 0xaf5e0ffc, 0x40, 0xaf5e0f00) = 0
13:02:27.688298,1075,prctl(PR_SET_NAME, 0xaf5e0eac, 0, 0, 0) = 0
13:02:27.696183,1075,mmap2(NULL, 32768, PROT_READ|PROT_WRITE, MAP_PRIVATE|MAP_ANONYMOUS, -1, 0) = 0xaf4d9000
13:02:27.698986,1075,madvise(0xaf4d9000, 32768, 0xc /* MADV_??? */) = -1 EINVAL (Invalid argument)
13:02:27.701667,1075,gettid() = 1075
13:02:27.706283,1075,getpriority(PRIO_PROCESS, 0) = 20
13:02:27.708754,1075,futex(0xb68de580, FUTEX_WAKE_PRIVATE, 2147483647) = 1
13:02:27.710227,1073,<... futex resumed> ) = 0
13:02:27.710517,1075,futex(0xb73e99a8, FUTEX_WAIT_PRIVATE, 0, NULL <unfinished ...>
13:02:27.710977,1073,clock_gettime(CLOCK_MONOTONIC, {135, 535036259}) = 0
13:02:27.713862,1073,clock_gettime(CLOCK_MONOTONIC, {135, 537528764}) = 0
13:02:27.714901,1073,mmap2(NULL, 1048576, PROT_READ|PROT_WRITE, MAP_PRIVATE|MAP_ANONYMOUS|MAP_NORESERVE, -1, 0) = 0xaf3d9000
13:02:27.715994,1073,madvise(0xaf3d9000, 1048576, 0xc /* MADV_??? */) = -1 EINVAL (Invalid argument)
13:02:27.716678,1073,mprotect(0xaf3d9000, 4096, PROT_NONE) = 0
13:02:27.717463,1073,clone(child_stack=0xaf4d8f00, flags=CLONE_VM|CLONE_FS|CLONE_FILES|CLONE_SIGHAND|CLONE_THREAD|CLONE_SYSVSEM|0x400000) = 1078
13:02:27.720270,1073,futex(0xb68de580, FUTEX_WAIT_PRIVATE, -326, NULL <unfinished ...>
13:02:27.759287,1078,set_tls(0xaf4d8f00, 0xb7407548, 0xaf4d8ffc, 0x40, 0xaf4d8f00) = 0
13:02:27.759802,1078,prctl(PR_SET_NAME, 0xaf4d8eac, 0, 0, 0) = 0
13:02:27.760324,1078,mmap2(NULL, 32768, PROT_READ|PROT_WRITE, MAP_PRIVATE|MAP_ANONYMOUS, -1, 0) = 0xaf3d1000
13:02:27.760814,1078,madvise(0xaf3d1000, 32768, 0xc /* MADV_??? */) = -1 EINVAL (Invalid argument)
13:02:27.761322,1078,gettid() = 1078
13:02:27.762025,1078,getpriority(PRIO_PROCESS, 0) = 20
13:02:27.762622,1078,futex(0xb68de580, FUTEX_WAKE_PRIVATE, 2147483647 <unfinished ...>
13:02:27.762919,1073,<... futex resumed> ) = 0
13:02:27.763323,1073,futex(0xb68de57c, FUTEX_WAIT_PRIVATE, 2, NULL <unfinished ...>
13:02:27.763628,1078,<... futex resumed> ) = 1
13:02:27.763904,1078,futex(0xb68de57c, FUTEX_WAKE_PRIVATE, 1 <unfinished ...>
13:02:27.764215,1073,<... futex resumed> ) = 0
13:02:27.764496,1073,futex(0xb68de57c, FUTEX_WAKE_PRIVATE, 1) = 0
13:02:27.764986,1073,clock_gettime(CLOCK_MONOTONIC, {135, 588512926}) = 0
13:02:27.765545,1073,clock_gettime(CLOCK_MONOTONIC, {135, 589111280}) = 0
13:02:27.767144,1073,mmap2(NULL, 1048576, PROT_READ|PROT_WRITE, MAP_PRIVATE|MAP_ANONYMOUS|MAP_NORESERVE, -1, 0) = 0xaf2d1000
13:02:27.767633,1073,madvise(0xaf2d1000, 1048576, 0xc /* MADV_??? */) = -1 EINVAL (Invalid argument)
13:02:27.768164,1073,mprotect(0xaf2d1000, 4096, PROT_NONE) = 0
13:02:27.768652,1073,clone(child_stack=0xaf3d0f00, flags=CLONE_VM|CLONE_FS|CLONE_FILES|CLONE_SIGHAND|CLONE_THREAD|CLONE_SYSVSEM|0x400000) = 1079
13:02:27.770958,1073,futex(0xb68de580, FUTEX_WAIT_PRIVATE, -328, NULL <unfinished ...>
13:02:27.771396,1078,<... futex resumed> ) = 1
13:02:27.771672,1078,rt_sigtimedwait([QUIT USR1 RT_7 RT_14 RT_15 RT_16 RT_17 RT_20 RT_21 RT_22 RT_23 RT_24 RT_26 RT_27 RT_29 RT_30], NULL, NULL, 8 <unfinished ...>
13:02:27.772449,1079,set_tls(0xaf3d0f00, 0xb74d8b78, 0xaf3d0ffc, 0x40, 0xaf3d0f00) = 0
13:02:27.772946,1079,prctl(PR_SET_NAME, 0xaf3d0eac, 0, 0, 0) = 0
13:02:27.773505,1079,mmap2(NULL, 32768, PROT_READ|PROT_WRITE, MAP_PRIVATE|MAP_ANONYMOUS, -1, 0) = 0xaf2c9000
13:02:27.773991,1079,madvise(0xaf2c9000, 32768, 0xc /* MADV_??? */) = -1 EINVAL (Invalid argument)
13:02:27.774496,1079,gettid() = 1079
13:02:27.775144,1079,getpriority(PRIO_PROCESS, 0) = 20
13:02:27.775725,1079,futex(0xb68de580, FUTEX_WAKE_PRIVATE, 2147483647 <unfinished ...>
13:02:27.776021,1073,<... futex resumed> ) = 0
13:02:27.776410,1073,futex(0xb68de57c, FUTEX_WAIT_PRIVATE, 2, NULL <unfinished ...>
13:02:27.776701,1079,<... futex resumed> ) = 1
13:02:27.776978,1079,futex(0xb68de57c, FUTEX_WAKE_PRIVATE, 1 <unfinished ...>
13:02:27.777291,1073,<... futex resumed> ) = 0
13:02:27.777574,1073,futex(0xb68de57c, FUTEX_WAKE_PRIVATE, 1) = 0
13:02:27.778095,1073,futex(0xb74dc804, FUTEX_WAIT_PRIVATE, 0, NULL <unfinished ...>
13:02:27.778373,1079,<... futex resumed> ) = 1
13:02:27.778651,1079,futex(0xb74dc804, FUTEX_WAKE_PRIVATE, 2147483647 <unfinished ...>
13:02:27.778958,1073,<... futex resumed> ) = 0
13:02:27.795764,1073,futex(0xb74dc800, FUTEX_WAIT_PRIVATE, 2, NULL <unfinished ...>
13:02:27.796045,1079,<... futex resumed> ) = 1
13:02:27.797254,1079,futex(0xb74dc800, FUTEX_WAKE_PRIVATE, 1 <unfinished ...>
13:02:27.797533,1073,<... futex resumed> ) = 0
13:02:27.797808,1073,futex(0xb74dc800, FUTEX_WAKE_PRIVATE, 1) = 0
13:02:27.798292,1073,clock_gettime(CLOCK_MONOTONIC, {135, 621776260}) = 0
13:02:27.799990,1073,mmap2(NULL, 32768, PROT_READ|PROT_WRITE, MAP_PRIVATE|MAP_ANONYMOUS, -1, 0) = 0xaf2c1000
13:02:27.800520,1073,madvise(0xaf2c1000, 32768, 0xc /* MADV_??? */) = -1 EINVAL (Invalid argument)
13:02:27.801105,1073,mmap2(NULL, 1048576, PROT_READ|PROT_WRITE, MAP_PRIVATE|MAP_ANONYMOUS|MAP_NORESERVE, -1, 0) = 0xad334000
13:02:27.801606,1073,madvise(0xad334000, 1048576, 0xc /* MADV_??? */) = -1 EINVAL (Invalid argument)
13:02:27.802130,1073,mprotect(0xad334000, 4096, PROT_NONE) = 0
13:02:27.802626,1073,clone(child_stack=0xad433f00, flags=CLONE_VM|CLONE_FS|CLONE_FILES|CLONE_SIGHAND|CLONE_THREAD|CLONE_SYSVSEM|0x400000) = 1080
13:02:27.803896,1073,futex(0xb68de580, FUTEX_WAIT_PRIVATE, -330, NULL <unfinished ...>
13:02:27.804213,1079,<... futex resumed> ) = 1
13:02:27.804531,1079,socket(PF_UNIX, SOCK_STREAM, 0) = 26
13:02:27.805238,1079,pipe([27, 28]) = 0
13:02:27.805887,1079,getpid() = 1073
13:02:27.806465,1079,connect(26, {sa_family=AF_UNIX, path=@"jdwp-control"...}, 15) = 0
13:02:27.807471,1079,getsockopt(26, SOL_SOCKET, SO_PEERCRED, {pid=67, uid=0, gid=0}, [12]) = 0
13:02:27.808203,1079,sendto(26, "0431", 4, 0, NULL, 0) = 4
13:02:27.808814,1079,recvmsg(26, <unfinished ...>
13:02:27.812617,1080,set_tls(0xad433f00, 0xb7407d38, 0xad433ffc, 0x40, 0xad433f00) = 0
13:02:27.813482,1080,prctl(PR_SET_NAME, 0xad433e8c, 0, 0, 0) = 0
13:02:27.813961,1080,gettid() = 1080
13:02:27.814704,1080,futex(0xb68de580, FUTEX_WAKE_PRIVATE, 2147483647 <unfinished ...>
13:02:27.815006,1073,<... futex resumed> ) = 0
13:02:27.815365,1073,futex(0xb68de57c, FUTEX_WAIT_PRIVATE, 2, NULL <unfinished ...>
13:02:27.815635,1080,<... futex resumed> ) = 1
13:02:27.815910,1080,futex(0xb68de57c, FUTEX_WAKE_PRIVATE, 1 <unfinished ...>
13:02:27.816225,1073,<... futex resumed> ) = 0
13:02:27.816511,1073,futex(0xb68de57c, FUTEX_WAKE_PRIVATE, 1) = 0
13:02:27.817008,1073,futex(0xb68de580, FUTEX_WAKE_PRIVATE, 2147483647) = 0
13:02:27.817881,1073,mmap2(NULL, 32768, PROT_READ|PROT_WRITE, MAP_PRIVATE|MAP_ANONYMOUS, -1, 0) = 0xad32c000
13:02:27.818462,1073,madvise(0xad32c000, 32768, 0xc /* MADV_??? */) = -1 EINVAL (Invalid argument)
13:02:27.818951,1073,mmap2(NULL, 1048576, PROT_READ|PROT_WRITE, MAP_PRIVATE|MAP_ANONYMOUS|MAP_NORESERVE, -1, 0) = 0xad22c000
13:02:27.819488,1073,madvise(0xad22c000, 1048576, 0xc /* MADV_??? */) = -1 EINVAL (Invalid argument)
13:02:27.819964,1073,mprotect(0xad22c000, 4096, PROT_NONE) = 0
13:02:27.821839,1073,clone(child_stack=0xad32bf00, flags=CLONE_VM|CLONE_FS|CLONE_FILES|CLONE_SIGHAND|CLONE_THREAD|CLONE_SYSVSEM|0x400000) = 1081
13:02:27.825916,1073,futex(0xb68de580, FUTEX_WAIT_PRIVATE, -334, NULL <unfinished ...>
13:02:27.826270,1080,<... futex resumed> ) = 1
13:02:27.826569,1080,futex(0xb68de580, FUTEX_WAIT_PRIVATE, -332, NULL) = -1 EAGAIN (Try again)
13:02:27.827050,1080,getpriority(PRIO_PROCESS, 1080) = 20
13:02:27.827580,1080,setpriority(PRIO_PROCESS, 1080, 0) = 0
13:02:27.828233,1080,futex(0xb74e8750, FUTEX_WAIT_PRIVATE, 0, NULL <unfinished ...>
13:02:27.833498,1081,set_tls(0xad32bf00, 0xb74ffc20, 0xad32bffc, 0x40, 0xad32bf00) = 0
13:02:27.833985,1081,prctl(PR_SET_NAME, 0xad32be8c, 0, 0, 0) = 0
13:02:27.834542,1081,gettid() = 1081
13:02:27.834987,1081,futex(0xb68de580, FUTEX_WAKE_PRIVATE, 2147483647 <unfinished ...>
13:02:27.835350,1073,<... futex resumed> ) = 0
13:02:27.835694,1073,futex(0xb68de57c, FUTEX_WAIT_PRIVATE, 2, NULL <unfinished ...>
13:02:27.835955,1081,<... futex resumed> ) = 1
13:02:27.836274,1081,futex(0xb68de57c, FUTEX_WAKE_PRIVATE, 1 <unfinished ...>
13:02:27.836557,1073,<... futex resumed> ) = 0
13:02:27.836848,1073,futex(0xb68de57c, FUTEX_WAKE_PRIVATE, 1) = 0
13:02:27.837393,1073,futex(0xb68de580, FUTEX_WAKE_PRIVATE, 2147483647) = 0
13:02:27.838425,1073,mmap2(NULL, 32768, PROT_READ|PROT_WRITE, MAP_PRIVATE|MAP_ANONYMOUS, -1, 0 <unfinished ...>
13:02:27.847750,1081,<... futex resumed> ) = 1
13:02:27.848125,1073,<... mmap2 resumed> ) = 0xad224000
13:02:27.848442,1073,madvise(0xad224000, 32768, 0xc /* MADV_??? */) = -1 EINVAL (Invalid argument)
13:02:27.848943,1073,mmap2(NULL, 1048576, PROT_READ|PROT_WRITE, MAP_PRIVATE|MAP_ANONYMOUS|MAP_NORESERVE, -1, 0) = 0xad124000
13:02:27.849488,1073,madvise(0xad124000, 1048576, 0xc /* MADV_??? */) = -1 EINVAL (Invalid argument)
13:02:27.850056,1073,mprotect(0xad124000, 4096, PROT_NONE) = 0
13:02:27.850682,1073,clone(child_stack=0xad223f00, flags=CLONE_VM|CLONE_FS|CLONE_FILES|CLONE_SIGHAND|CLONE_THREAD|CLONE_SYSVSEM|0x400000) = 1082
13:02:27.852990,1073,futex(0xb68de580, FUTEX_WAIT_PRIVATE, -338, NULL <unfinished ...>
13:02:27.867839,1081,futex(0xb68de580, FUTEX_WAIT_PRIVATE, -336, NULL) = -1 EAGAIN (Try again)
13:02:27.868537,1081,getpriority(PRIO_PROCESS, 1081) = 20
13:02:27.869006,1081,setpriority(PRIO_PROCESS, 1081, 0) = 0
13:02:27.869718,1081,futex(0xb7503228, FUTEX_WAIT_PRIVATE, 0, NULL <unfinished ...>
13:02:27.885710,1082,set_tls(0xad223f00, 0xb752ad20, 0xad223ffc, 0x40, 0xad223f00) = 0
13:02:27.886395,1082,prctl(PR_SET_NAME, 0xad223e8c, 0, 0, 0) = 0
13:02:27.886947,1082,gettid() = 1082
13:02:27.887510,1082,futex(0xb68de580, FUTEX_WAKE_PRIVATE, 2147483647 <unfinished ...>
13:02:27.950079,1073,<... futex resumed> ) = 0
13:02:27.950514,1073,futex(0xb68de57c, FUTEX_WAIT_PRIVATE, 2, NULL <unfinished ...>
13:02:27.950801,1082,<... futex resumed> ) = 1
13:02:27.951092,1082,futex(0xb68de57c, FUTEX_WAKE_PRIVATE, 1 <unfinished ...>
13:02:27.951421,1073,<... futex resumed> ) = 0
13:02:27.951719,1073,futex(0xb68de57c, FUTEX_WAKE_PRIVATE, 1) = 0
13:02:27.952247,1073,futex(0xb68de580, FUTEX_WAKE_PRIVATE, 2147483647) = 0
13:02:27.954297,1073,close(23) = 0
13:02:27.955242,1073,close(9) = 0
13:02:27.956882,1073,open("/dev/binder", O_RDWR) = 9
13:02:27.967941,1082,<... futex resumed> ) = 1
13:02:27.968541,1073,fcntl64(9, F_SETFD, FD_CLOEXEC) = 0
13:02:27.969183,1073,ioctl(9, 0xc0046209, 0xbeb9c638) = 0
13:02:27.969770,1073,ioctl(9, 0x40046205, 0xbeb9c63c) = 0
13:02:27.970381,1073,mmap2(NULL, 1040384, PROT_READ, MAP_PRIVATE|MAP_NORESERVE, 9, 0) = 0xad026000
13:02:27.971182,1073,madvise(0xad026000, 1040384, 0xc /* MADV_??? */) = -1 EINVAL (Invalid argument)
13:02:27.971767,1073,prctl(PR_SET_NAME, 0xb74e8816, 0, 0, 0) = 0
13:02:27.972305,1073,open("/sys/qemu_trace/process_name", O_RDWR) = 23
13:02:27.973145,1073,write(23, "com.hyperkani.hyppely\0", 22) = 22
13:02:27.973835,1073,close(23) = 0
13:02:27.978173,1082,futex(0xb68de580, FUTEX_WAIT_PRIVATE, -340, NULL) = -1 EAGAIN (Try again)
13:02:27.978848,1082,getpriority(PRIO_PROCESS, 1082) = 20
13:02:27.979416,1082,setpriority(PRIO_PROCESS, 1082, 0) = 0
13:02:27.980269,1082,futex(0xb7509580, FUTEX_WAIT_PRIVATE, 0, NULL <unfinished ...>
13:02:28.093778,1073,mmap2(NULL, 1048576, PROT_READ|PROT_WRITE, MAP_PRIVATE|MAP_ANONYMOUS|MAP_NORESERVE, -1, 0) = 0xacf26000
13:02:28.094430,1073,madvise(0xacf26000, 1048576, 0xc /* MADV_??? */) = -1 EINVAL (Invalid argument)
13:02:28.094967,1073,mprotect(0xacf26000, 4096, PROT_NONE) = 0
13:02:28.095555,1073,clone(child_stack=0xad025f00, flags=CLONE_VM|CLONE_FS|CLONE_FILES|CLONE_SIGHAND|CLONE_THREAD|CLONE_SYSVSEM|0x400000) = 1084
13:02:28.098117,1073,writev(3, [{"\4", 1}, {"dalvikvm\0", 9}, {"Turning on JNI app bug workaroun"..., 63}], 3) = 73
13:02:28.101936,1073,prctl(PR_SET_NAME, 0xb74e909a, 0, 0, 0) = 0
13:02:28.102520,1073,open("/sys/qemu_trace/process_name", O_RDWR) = 23
13:02:28.103515,1073,write(23, "<pre-initialized>\0", 18) = 18
13:02:28.104468,1073,close(23) = 0
13:02:28.105931,1073,futex(0xb6f220c0, FUTEX_WAKE_PRIVATE, 2147483647) = 0
13:02:28.106501,1073,pipe([23, 29]) = 0
13:02:28.107104,1073,fcntl64(23, F_SETFL, O_RDONLY|O_NONBLOCK) = 0
13:02:28.107669,1073,fcntl64(29, F_SETFL, O_RDONLY|O_NONBLOCK) = 0
13:02:28.108153,1073,epoll_create(0x8) = 30
13:02:28.108735,1073,epoll_ctl(0x1e, 0x1, 0x17, 0xbeb9c300) = 0
13:02:28.113677,1073,gettid() = 1073
13:02:28.119308,1073,getpid() = 1073
13:02:28.121116,1073,getuid32() = 10050
13:02:28.123812,1073,getpid() = 1073
13:02:28.124369,1073,gettid() = 1073
13:02:28.124851,1073,clock_gettime(CLOCK_MONOTONIC, {135, 948346671}) = 0
13:02:28.125470,1073,ioctl(9, 0xc0186201, 0xbeb9c1f0) = 0
13:02:28.126329,1073,clock_gettime(CLOCK_MONOTONIC, {135, 949826193}) = 0
13:02:28.127838,1073,getpid() = 1073
13:02:28.128371,1073,gettid() = 1073
13:02:28.128850,1073,clock_gettime(CLOCK_MONOTONIC, {135, 952363738}) = 0
13:02:28.137177,1084,set_tls(0xad025f00, 0xb74c1a38, 0xad025ffc, 0x40, 0xad025f00 <unfinished ...>
13:02:28.139096,1073,ioctl(9, 0xc0186201, 0xbeb9c1f0) = 0
13:02:28.148198,1073,ioctl(9, 0xc0186201 <unfinished ...>
13:02:28.148582,1084,<... open resumed> ) = 0
13:02:28.148867,1084,setpriority(PRIO_PROCESS, 0, 0) = 0
13:02:28.149515,1084,futex(0xb6f220b0, FUTEX_WAKE_PRIVATE, 2147483647) = 0
13:02:28.150068,1084,gettid() = 1084
13:02:28.150578,1084,write(24, "1084", 4) = 4
13:02:28.151123,1084,prctl(PR_SET_NAME, 0xb74bc358, 0, 0, 0) = 0
13:02:28.151700,1084,mmap2(NULL, 32768, PROT_READ|PROT_WRITE, MAP_PRIVATE|MAP_ANONYMOUS, -1, 0) = 0xacf1e000
13:02:28.152197,1084,madvise(0xacf1e000, 32768, 0xc /* MADV_??? */) = -1 EINVAL (Invalid argument)
13:02:28.152730,1084,gettid() = 1084
13:02:28.153486,1084,getpriority(PRIO_PROCESS, 0) = 20
13:02:28.154049,1084,gettid() = 1084
13:02:28.154597,1084,gettid() = 1084
13:02:28.155054,1084,getpid() = 1073
13:02:28.155577,1084,getuid32() = 10050
13:02:28.156043,1084,write(24, "1084", 4) = 4
13:02:28.156648,1084,ioctl(9, 0xc0186201, 0xad025e28) = 0
13:02:28.157184,1084,mmap2(NULL, 1048576, PROT_READ|PROT_WRITE, MAP_PRIVATE|MAP_ANONYMOUS|MAP_NORESERVE, -1, 0) = 0xace1e000
13:02:28.157736,1084,madvise(0xace1e000, 1048576, 0xc /* MADV_??? */) = -1 EINVAL (Invalid argument)
13:02:28.158241,1084,mprotect(0xace1e000, 4096, PROT_NONE) = 0
13:02:28.158766,1084,clone(child_stack=0xacf1df00, flags=CLONE_VM|CLONE_FS|CLONE_FILES|CLONE_SIGHAND|CLONE_THREAD|CLONE_SYSVSEM|0x400000) = 1086
13:02:28.164692,1084,write(24, "1084", 4) = 4
13:02:28.165520,1084,getpriority(PRIO_PROCESS, 1084) = 20
13:02:28.167750,1086,set_tls(0xacf1df00, 0xb74ea540, 0xacf1dffc, 0x40, 0xacf1df00) = 0
13:02:28.168292,1086,setpriority(PRIO_PROCESS, 0, 0) = 0
13:02:28.168824,1086,gettid() = 1086
13:02:28.169364,1086,write(24, "1086", 4) = 4
13:02:28.169946,1086,prctl(PR_SET_NAME, 0xb74bc358, 0, 0, 0) = 0
13:02:28.170674,1086,mmap2(NULL, 32768, PROT_READ|PROT_WRITE, MAP_PRIVATE|MAP_ANONYMOUS, -1, 0) = 0xace16000
13:02:28.171396,1086,madvise(0xace16000, 32768, 0xc /* MADV_??? */) = -1 EINVAL (Invalid argument)
13:02:28.171909,1086,gettid() = 1086
13:02:28.172607,1086,getpriority(PRIO_PROCESS, 0) = 20
13:02:28.173180,1086,gettid() = 1086
13:02:28.173894,1086,gettid() = 1086
13:02:28.174413,1086,getpid() = 1073
13:02:28.174885,1086,getuid32() = 10050
13:02:28.175492,1086,write(24, "1086", 4) = 4
13:02:28.176460,1086,ioctl(9, 0xc0186201, 0xacf1de28) = 0
13:02:28.176989,1086,mmap2(NULL, 1048576, PROT_READ|PROT_WRITE, MAP_PRIVATE|MAP_ANONYMOUS|MAP_NORESERVE, -1, 0) = 0xacd16000
13:02:28.177551,1086,madvise(0xacd16000, 1048576, 0xc /* MADV_??? */) = -1 EINVAL (Invalid argument)
13:02:28.178009,1086,mprotect(0xacd16000, 4096, PROT_NONE) = 0
13:02:28.178610,1086,clone(child_stack=0xace15f00, flags=CLONE_VM|CLONE_FS|CLONE_FILES|CLONE_SIGHAND|CLONE_THREAD|CLONE_SYSVSEM|0x400000) = 1087
13:02:28.207514,1086,write(24, "1086", 4) = 4
13:02:28.208488,1086,ioctl(9, 0xc0186201 <unfinished ...>
13:02:28.215189,1087,set_tls(0xace15f00, 0xb74c3150, 0xace15ffc, 0x40, 0xace15f00) = 0
13:02:28.215807,1087,setpriority(PRIO_PROCESS, 0, 0) = 0
13:02:28.216373,1087,gettid() = 1087
13:02:28.216864,1087,write(24, "1087", 4) = 4
13:02:28.217503,1087,prctl(PR_SET_NAME, 0xb74c9448, 0, 0, 0) = 0
13:02:28.218033,1087,mmap2(NULL, 32768, PROT_READ|PROT_WRITE, MAP_PRIVATE|MAP_ANONYMOUS, -1, 0) = 0xacd0e000
13:02:28.218619,1087,madvise(0xacd0e000, 32768, 0xc /* MADV_??? */) = -1 EINVAL (Invalid argument)
13:02:28.219123,1087,gettid() = 1087
13:02:28.219883,1087,getpriority(PRIO_PROCESS, 0) = 20
13:02:28.275574,1087,gettid() = 1087
13:02:28.276107,1087,gettid() = 1087
13:02:28.276861,1087,getpid() = 1073
13:02:28.277858,1087,getuid32() = 10050
13:02:28.278904,1087,write(24, "1087", 4) = 4
13:02:28.279825,1087,ioctl(9, 0xc0186201, 0xace15e28) = 0
13:02:28.297209,1087,write(24, "1087", 4) = 4
13:02:28.297913,1087,ioctl(9, 0xc0186201 <unfinished ...>
13:02:28.368005,1073,<... ioctl resumed> , 0xbeb9c1f0) = 0
13:02:28.368615,1073,clock_gettime(CLOCK_MONOTONIC, {136, 192231216}) = 0
13:02:28.369361,1073,getpid() = 1073
13:02:28.370025,1073,open("/proc/1073/cmdline", O_RDONLY) = 31
13:02:28.370832,1073,fstat64(31, {st_mode=S_IFREG|0444, st_size=0, ...}) = 0
13:02:28.372461,1073,mprotect(0xb65c7000, 4096, PROT_READ|PROT_WRITE) = 0
13:02:28.373111,1073,mprotect(0xb65c7000, 4096, PROT_READ) = 0
13:02:28.373780,1073,read(31, "<pre-initialized>\0\0\0\0\0\0\0\0\0\0\0\0\0\0\0"..., 1024) = 76
13:02:28.374823,1073,close(31) = 0
13:02:28.375409,1073,ioctl(9, 0xc0186201, 0xbeb9b110) = 0
13:02:28.443796,1073,ioctl(9, 0xc0186201, 0xbeb9b110) = 0
13:02:28.444594,1073,futex(0xb6fa5698, FUTEX_WAIT_PRIVATE, 2, NULL <unfinished ...>
13:02:28.485263,1084,futex(0xb6fa5698, FUTEX_WAKE_PRIVATE, 1 <unfinished ...>
13:02:28.485691,1073,<... futex resumed> ) = 0
13:02:28.486003,1073,futex(0xb6fa5698, FUTEX_WAKE_PRIVATE, 1) = 0
13:02:28.486607,1073,writev(5, [{"$Ë\0\0", 4}, {"\3\5\2\34\0\0\0android.app.IActivityMana"..., 73}], 2) = 77
13:02:28.488927,1073,mprotect(0xb1680000, 8192, PROT_READ|PROT_WRITE) = 0
13:02:28.530253,1084,<... futex resumed> ) = 1
13:02:28.538608,1084,clock_gettime(CLOCK_MONOTONIC, {136, 362149910}) = 0
13:02:28.539339,1084,clock_gettime(CLOCK_MONOTONIC, {136, 362849166}) = 0
13:02:28.540005,1084,write(24, "1084", 4) = 4
13:02:28.540576,1084,ioctl(9, 0xc0186201, 0xad025e28) = 0
13:02:28.560032,1084,write(24, "1084", 4) = 4
13:02:28.561344,1084,getpriority(PRIO_PROCESS, 1084) = 20
13:02:28.571234,1084,clock_gettime(CLOCK_MONOTONIC, {136, 394844068}) = 0
13:02:28.572051,1084,write(24, "1084", 4) = 4
13:02:28.572688,1084,ioctl(9, 0xc0186201 <unfinished ...>
13:02:28.609343,1073,getpid() = 1073
13:02:28.610124,1073,getuid32() = 10050
13:02:28.611204,1073,getpid() = 1073
13:02:28.612048,1073,getuid32() = 10050
13:02:28.612724,1073,epoll_wait(0x1e, 0xbeb9c1f8, 0x10, 0) = 0
13:02:28.613711,1073,clock_gettime(CLOCK_MONOTONIC, {136, 437248747}) = 0
13:02:28.616068,1073,open("/sys/kernel/debug/tracing/trace_marker", O_WRONLY) = -1 ENOENT (No such file or directory)
13:02:28.617227,1073,writev(3, [{"\6", 1}, {"Trace\0", 6}, {"error opening trace file: No suc"..., 56}], 3) = 63
13:02:28.619290,1073,getpid() = 1073
13:02:28.619884,1073,getuid32() = 10050
13:02:28.620552,1073,epoll_wait(0x1e, 0xbeb9c1f8, 0x10, 0) = 0
13:02:28.621098,1073,clock_gettime(CLOCK_MONOTONIC, {136, 444604924}) = 0
13:02:28.622143,1073,prctl(PR_SET_NAME, 0xb74d587e, 0, 0, 0) = 0
13:02:28.649110,1073,open("/sys/qemu_trace/process_name", O_RDWR) = 31
13:02:28.650970,1073,write(31, "com.hyperkani.hyppely\0", 22) = 22
13:02:28.651712,1073,close(31) = 0
13:02:28.655756,1073,ioctl(9, 0xc0186201, 0xbeb9c0c8) = 0
13:02:28.661545,1073,ioctl(9, 0xc0186201, 0xbeb9c108) = 0
13:02:28.662872,1073,ioctl(9, 0xc0186201, 0xbeb9c108) = 0
13:02:28.663722,1073,ioctl(9, 0xc0186201, 0xbeb9c0c8) = 0
13:02:28.664631,1073,ioctl(9, 0xc0186201, 0xbeb9c0c8) = 0
13:02:28.665191,1073,dup(31) = 32
13:02:28.665935,1073,mmap2(NULL, 4096, PROT_READ, MAP_SHARED, 32, 0) = 0xacd0d000
13:02:28.666765,1073,close(31) = 0
13:02:28.667462,1073,dup(32) = 31
13:02:28.669026,1073,getpid() = 1073
13:02:28.669658,1073,gettid() = 1073
13:02:28.670158,1073,clock_gettime(CLOCK_MONOTONIC, {136, 493696219}) = 0
13:02:28.670831,1073,ioctl(9, 0xc0186201, 0xbeb9c1f0) = 0
13:02:28.672713,1073,clock_gettime(CLOCK_MONOTONIC, {136, 496225724}) = 0
13:02:28.675822,1073,getuid32() = 10050
13:02:28.678272,1073,stat64("/system/framework/framework-res.apk", {st_mode=S_IFREG|0644, st_size=8749696, ...}) = 0
13:02:28.680003,1073,access("/vendor/overlay/framework/framework-res.apk", R_OK) = -1 ENOENT (No such file or directory)
13:02:28.681084,1073,stat64("/data/app/com.hyperkani.hyppely-1.apk", {st_mode=S_IFREG|0644, st_size=3668781, ...}) = 0
13:02:28.683256,1073,stat64("/system/framework/framework-res.apk", {st_mode=S_IFREG|0644, st_size=8749696, ...}) = 0
13:02:28.684709,1073,stat64("/data/app/com.hyperkani.hyppely-1.apk", {st_mode=S_IFREG|0644, st_size=3668781, ...}) = 0
13:02:28.686723,1073,open("/data/app/com.hyperkani.hyppely-1.apk", O_RDONLY) = 33
13:02:28.687576,1073,_llseek(33, 0, [3668781], SEEK_END) = 0
13:02:28.688260,1073,mmap2(NULL, 69632, PROT_READ|PROT_WRITE, MAP_PRIVATE|MAP_ANONYMOUS, -1, 0) = 0xaccfc000
13:02:28.688869,1073,madvise(0xaccfc000, 69632, 0xc /* MADV_??? */) = -1 EINVAL (Invalid argument)
13:02:28.689511,1073,_llseek(33, 0, [0], SEEK_SET) = 0
13:02:28.690103,1073,read(33, "PK\3\4", 4) = 4
13:02:28.690737,1073,_llseek(33, 3603224, [3603224], SEEK_SET) = 0
13:02:28.691290,1073,read(33, ":³vñ|æ¯#?ï\201yWm\223é;ÇaºìJNG»¤Ñ\206]\237¦,"..., 65557) = 65557
13:02:28.702014,1073,munmap(0xaccfc000, 69632) = 0
13:02:28.702676,1073,mmap2(NULL, 35607, PROT_READ, MAP_SHARED, 33, 0x377) = 0xacd04000
13:02:28.703932,1073,pread(33, "PK\3\4\n\0\0\0\0\0=\215d@\7·Q\233\204å\0\0\204å\0\0\16\0\1\0", 30, 7798281925033984) = 30
13:02:28.705018,1073,mmap2(NULL, 59952, PROT_READ, MAP_SHARED, 33, 0x1bb) = 0xaccf5000
13:02:28.706658,1073,gettimeofday({1724245348, 706853}, NULL) = 0
13:02:28.707878,1073,access("/data/data/com.hyperkani.hyppely/cache", F_OK) = -1 ENOENT (No such file or directory)
13:02:28.709288,1073,access("/data/data/com.hyperkani.hyppely/cache", F_OK) = -1 ENOENT (No such file or directory)
13:02:28.711081,1073,mkdir("/data/data/com.hyperkani.hyppely/cache", 0700) = 0
13:02:28.713379,1073,chmod("/data/data/com.hyperkani.hyppely/cache", 0771) = 0
13:02:28.719101,1073,getuid32() = 10050
13:02:28.719766,1073,getuid32() = 10050
13:02:28.721075,1073,getpid() = 1073
13:02:28.721654,1073,gettid() = 1073
13:02:28.722147,1073,clock_gettime(CLOCK_MONOTONIC, {136, 545647260}) = 0
13:02:28.722782,1073,ioctl(9, 0xc0186201, 0xbeb9c1f0) = 0
13:02:28.724050,1073,ioctl(9, 0xc0186201, 0xbeb9c1f0) = 0
13:02:28.724647,1073,clock_gettime(CLOCK_MONOTONIC, {136, 548148138}) = 0
13:02:28.726908,1073,access("/data/data/com.hyperkani.hyppely/cache/com.android.renderscript.cache", F_OK) = -1 ENOENT (No such file or directory)
13:02:28.733041,1073,mkdir("/data/data/com.hyperkani.hyppely/cache/com.android.renderscript.cache", 0700) = 0
13:02:28.734603,1073,getpid() = 1073
13:02:28.735106,1073,gettid() = 1073
13:02:28.735669,1073,clock_gettime(CLOCK_MONOTONIC, {136, 559169671}) = 0
13:02:28.736250,1073,ioctl(9, 0xc0186201, 0xbeb9c1f0) = 0
13:02:28.738817,1073,clock_gettime(CLOCK_MONOTONIC, {136, 562327599}) = 0
13:02:28.740320,1073,getpid() = 1073
13:02:28.741070,1073,gettid() = 1073
13:02:28.741705,1073,clock_gettime(CLOCK_MONOTONIC, {136, 565274522}) = 0
13:02:28.742506,1073,ioctl(9, 0xc0186201, 0xbeb9c1f0) = 0
13:02:28.744206,1073,ioctl(9, 0xc0186201, 0xbeb9c1f0) = 0
13:02:28.745330,1073,clock_gettime(CLOCK_MONOTONIC, {136, 568914553}) = 0
13:02:28.747865,1073,writev(3, [{"\5", 1}, {"DroidBox\0", 9}, {"DroidBox: { \"DexClassLoader\": { "..., 84}], 3) = 94
13:02:28.750673,1073,access("/data/app/com.hyperkani.hyppely-1.apk", F_OK) = 0
13:02:28.751582,1073,access("/data/app/com.hyperkani.hyppely-1.apk", R_OK) = 0
13:02:28.752397,1073,stat64("/data/app/com.hyperkani.hyppely-1.apk", {st_mode=S_IFREG|0644, st_size=3668781, ...}) = 0
13:02:28.763274,1073,open("/data/app/com.hyperkani.hyppely-1.apk", O_RDONLY) = 34
13:02:28.764291,1073,fstat64(34, {st_mode=S_IFREG|0644, st_size=3668781, ...}) = 0
13:02:28.765460,1073,fstat64(34, {st_mode=S_IFREG|0644, st_size=3668781, ...}) = 0
13:02:28.766735,1073,_llseek(34, 3668759, [3668759], SEEK_SET) = 0
13:02:28.767456,1073,read(34, "PK\5\6", 4) = 4
13:02:28.768171,1073,fgetxattr(34, "user.taint", 0xbeb9c484, 4) = -1 ENODATA (No data available)
13:02:28.770048,1073,clock_gettime(CLOCK_MONOTONIC, {136, 594899511}) = 0
13:02:28.772003,1073,getpid() = 1073
13:02:28.772580,1073,readlink("/proc/1073/fd/34", "/data/app/com.hyperkani.hyppely-1.apk"..., 120) = 37
13:02:28.774062,1073,read(34, "\0\0\0\0\231\1\231\1Û\202\0\0<x7\0\0\0", 18) = 18
13:02:28.774792,1073,fgetxattr(34, "user.taint", 0xbeb9c484, 4) = -1 ENODATA (No data available)
13:02:28.777009,1073,clock_gettime(CLOCK_MONOTONIC, {136, 621685607}) = 0
13:02:28.798902,1073,getpid() = 1073
13:02:28.799450,1073,readlink("/proc/1073/fd/34", "/data/app/com.hyperkani.hyppely-1.apk"..., 120) = 37
13:02:28.825855,1073,fstat64(34, {st_mode=S_IFREG|0644, st_size=3668781, ...}) = 0
13:02:28.827643,1073,_llseek(34, 3635260, [3635260], SEEK_SET) = 0
13:02:28.841432,1073,read(34, "PK\1\2\n\0\n\0\0\0\0\0+\fc?t¿,ô\204\223\0\0\204\223\0\0\35\0\4\0"..., 4096) = 4096
13:02:28.842311,1073,fgetxattr(34, "user.taint", 0xbeb9c484, 4) = -1 ENODATA (No data available)
13:02:28.844381,1073,clock_gettime(CLOCK_MONOTONIC, {136, 667985968}) = 0
13:02:28.845666,1073,getpid() = 1073
13:02:28.846425,1073,readlink("/proc/1073/fd/34", "/data/app/com.hyperkani.hyppely-1.apk"..., 120) = 37
13:02:28.885924,1073,_llseek(34, 3639356, [3639356], SEEK_SET) = 0
13:02:28.886714,1073,read(34, "\0assets/data/player.pngPK\1\2\n\0\n\0\0"..., 4096) = 4096
13:02:28.887457,1073,fgetxattr(34, "user.taint", 0xbeb9c484, 4) = -1 ENODATA (No data available)
13:02:28.888923,1073,clock_gettime(CLOCK_MONOTONIC, {136, 712427018}) = 0
13:02:28.889501,1073,getpid() = 1073
13:02:28.897525,1073,readlink("/proc/1073/fd/34", "/data/app/com.hyperkani.hyppely-1.apk"..., 120) = 37
13:02:28.906305,1073,_llseek(34, 3643452, [3643452], SEEK_SET) = 0
13:02:28.907125,1073,read(34, "_\237¨ë\1\0\0ë\1\0\0$\0\0\0\0\0\0\0\0\0\0\0\0\0Øw\31\0res"..., 4096) = 4096
13:02:28.929004,1073,fgetxattr(34, "user.taint", 0xbeb9c484, 4) = -1 ENODATA (No data available)
13:02:28.930928,1073,clock_gettime(CLOCK_MONOTONIC, {136, 754564760}) = 0
13:02:28.931858,1073,getpid() = 1073
13:02:28.932680,1073,readlink("/proc/1073/fd/34", "/data/app/com.hyperkani.hyppely-1.apk"..., 120) = 37
13:02:28.970913,1073,_llseek(34, 3647548, [3647548], SEEK_SET) = 0
13:02:28.972160,1073,read(34, "q|7£\32\1\0\0T\2\0\0\36\0\0\0\0\0\0\0\0\0\0\0\0\0öX\32\0re"..., 4096) = 4096
13:02:28.973206,1073,fgetxattr(34, "user.taint", 0xbeb9c484, 4) = -1 ENODATA (No data available)
13:02:28.975255,1073,clock_gettime(CLOCK_MONOTONIC, {136, 798769781}) = 0
13:02:28.976036,1073,getpid() = 1073
13:02:28.976731,1073,readlink("/proc/1073/fd/34", "/data/app/com.hyperkani.hyppely-1.apk"..., 120) = 37
13:02:28.986361,1073,_llseek(34, 3651644, [3651644], SEEK_SET) = 0
13:02:28.987143,1073,read(34, "h.pngPK\1\2\n\0\n\0\0\0\0\0+\fc?(àäi\26\3\0\0\26\3\0"..., 4096) = 4096
13:02:28.987974,1073,fgetxattr(34, "user.taint", 0xbeb9c484, 4) = -1 ENODATA (No data available)
13:02:29.004173,1073,clock_gettime(CLOCK_MONOTONIC, {136, 827767900}) = 0
13:02:29.005349,1073,getpid() = 1073
13:02:29.006077,1073,readlink("/proc/1073/fd/34", "/data/app/com.hyperkani.hyppely-1.apk"..., 120) = 37
13:02:29.020079,1073,_llseek(34, 3655740, [3655740], SEEK_SET) = 0
13:02:29.020888,1073,read(34, "ial-15.fntPK\1\2\24\0\24\0\10\0\10\0E\215d@gÏ\234÷ T"..., 4096) = 4096
13:02:29.021674,1073,fgetxattr(34, "user.taint", 0xbeb9c484, 4) = -1 ENODATA (No data available)
13:02:29.023126,1073,clock_gettime(CLOCK_MONOTONIC, {136, 846629769}) = 0
13:02:29.023713,1073,getpid() = 1073
13:02:29.024280,1073,readlink("/proc/1073/fd/34", "/data/app/com.hyperkani.hyppely-1.apk"..., 120) = 37
13:02:29.033047,1073,_llseek(34, 3659836, [3659836], SEEK_SET) = 0
13:02:29.034009,1073,read(34, "\0\0\0\0\0\0\0\0\0\0WÐ-\0assets/web-resourc"..., 4096) = 4096
13:02:29.034834,1073,fgetxattr(34, "user.taint", 0xbeb9c484, 4) = -1 ENODATA (No data available)
13:02:29.036294,1073,clock_gettime(CLOCK_MONOTONIC, {136, 859804533}) = 0
13:02:29.036975,1073,getpid() = 1073
13:02:29.037514,1073,readlink("/proc/1073/fd/34", "/data/app/com.hyperkani.hyppely-1.apk"..., 120) = 37
13:02:29.047610,1073,mprotect(0xb3e28000, 331776, PROT_READ|PROT_WRITE) = 0
13:02:29.048472,1073,mprotect(0xb3e79000, 41213952, PROT_NONE) = 0
13:02:29.051854,1073,_llseek(34, 3663932, [3663932], SEEK_SET) = 0
13:02:29.052515,1073,read(34, "\0\10\0\10\0E\215d@\31¢ª(\21\3\0\0\f\3\0\0:\0\0\0\0\0\0\0\0\0\0"..., 4096) = 4096
13:02:29.053341,1073,fgetxattr(34, "user.taint", 0xbeb9c484, 4) = -1 ENODATA (No data available)
13:02:29.054748,1073,clock_gettime(CLOCK_MONOTONIC, {136, 878251323}) = 0
13:02:29.055324,1073,getpid() = 1073
13:02:29.055910,1073,readlink("/proc/1073/fd/34", "/data/app/com.hyperkani.hyppely-1.apk"..., 120) = 37
13:02:29.066012,1073,_llseek(34, 3668028, [3668028], SEEK_SET) = 0
13:02:29.066788,1073,read(34, "sPK\1\2\24\0\24\0\10\0\10\0E\215d@ñ¬±øk0\0\0ãÍ\0\0$\0\0"..., 753) = 753
13:02:29.067534,1073,fgetxattr(34, "user.taint", 0xbeb9c484, 4) = -1 ENODATA (No data available)
13:02:29.068940,1073,clock_gettime(CLOCK_MONOTONIC, {136, 892443158}) = 0
13:02:29.069516,1073,getpid() = 1073
13:02:29.076979,1073,readlink("/proc/1073/fd/34", "/data/app/com.hyperkani.hyppely-1.apk"..., 120) = 37
13:02:29.080274,1073,open("/data/app/com.hyperkani.hyppely-1.apk", O_RDONLY) = 35
13:02:29.081162,1073,lseek(35, 0, SEEK_END) = 3668781
13:02:29.081810,1073,mmap2(NULL, 69632, PROT_READ|PROT_WRITE, MAP_PRIVATE|MAP_ANONYMOUS, -1, 0) = 0xacce4000
13:02:29.082351,1073,madvise(0xacce4000, 69632, 0xc /* MADV_??? */) = -1 EINVAL (Invalid argument)
13:02:29.082971,1073,lseek(35, 3603224, SEEK_SET) = 3603224
13:02:29.083495,1073,read(35, ":³vñ|æ¯#?ï\201yWm\223é;ÇaºìJNG»¤Ñ\206]\237¦,"..., 65557) = 65557
13:02:29.084608,1073,mmap2(NULL, 35607, PROT_READ, MAP_SHARED, 35, 0x377) = 0xaccdb000
13:02:29.085217,1073,munmap(0xacce4000, 69632) = 0
13:02:29.097055,1073,fcntl64(35, F_GETFD) = 0
13:02:29.097798,1073,fcntl64(35, F_SETFD, FD_CLOEXEC) = 0
13:02:29.098355,1073,open("/data/app/com.hyperkani.hyppely-1.odex", O_RDONLY) = -1 ENOENT (No such file or directory)
13:02:29.099821,1073,open("/data/dalvik-cache/data@app@com.hyperkani.hyppely-1.apk@classes.dex", O_RDWR|O_CREAT, 0644) = -1 EACCES (Permission denied)
13:02:29.101050,1073,open("/data/dalvik-cache/data@app@com.hyperkani.hyppely-1.apk@classes.dex", O_RDONLY) = 36
13:02:29.102266,1073,flock(36, LOCK_EX|LOCK_NB) = 0
13:02:29.103085,1073,fstat64(36, {st_mode=S_IFREG|0644, st_size=2537384, ...}) = 0
13:02:29.104527,1073,stat64("/data/dalvik-cache/data@app@com.hyperkani.hyppely-1.apk@classes.dex", {st_mode=S_IFREG|0644, st_size=2537384, ...}) = 0
13:02:29.106443,1073,lseek(36, 0, SEEK_SET) = 0
13:02:29.117163,1073,read(36, "dey\n036\0(\0\0\0\214õ%\0¸õ%\0Ö\1\0\0\220÷%\0\30À\0\0"..., 40) = 40
13:02:29.118060,1073,lseek(36, 2487736, SEEK_SET) = 2487736
13:02:29.118630,1073,read(36, "E\215d@¨çíÍ\34\0\0\0\10\0\0\0\34\0\0\0/system/fram"..., 470) = 470
13:02:29.119843,1073,lseek(36, 0, SEEK_SET) = 0
13:02:29.120855,1073,lseek(36, 0, SEEK_CUR) = 0
13:02:29.121421,1073,lseek(36, 0, SEEK_END) = 2537384
13:02:29.122004,1073,lseek(36, 0, SEEK_SET) = 0
13:02:29.122497,1073,mmap2(NULL, 2537384, PROT_READ|PROT_WRITE, MAP_PRIVATE, 36, 0) = 0xaca6f000
13:02:29.123117,1073,madvise(0xaca6f000, 2537384, 0xc /* MADV_??? */) = -1 EINVAL (Invalid argument)
13:02:29.123625,1073,mprotect(0xaca6f000, 2537384, PROT_READ) = 0
13:02:29.124415,1073,open("/dev/ashmem", O_RDWR) = 37
13:02:29.125097,1073,ioctl(37, 0x41007701, 0xbeb9c254) = 0
13:02:29.125606,1073,ioctl(37, 0x40047703, 0x32000) = 0
13:02:29.126719,1073,mmap2(NULL, 204800, PROT_READ|PROT_WRITE, MAP_PRIVATE, 37, 0) = 0xaca3d000
13:02:29.137568,1073,madvise(0xaca3d000, 204800, 0xc /* MADV_??? */) = -1 EINVAL (Invalid argument)
13:02:29.138140,1073,close(37) = 0
13:02:29.138842,1073,flock(36, LOCK_UN) = 0
13:02:29.139413,1073,close(36) = 0
13:02:29.140808,1073,access("/data/data/com.hyperkani.hyppely/lib", F_OK) = 0
13:02:29.141729,1073,access("/data/data/com.hyperkani.hyppely/lib", R_OK) = 0
13:02:29.142619,1073,stat64("/data/data/com.hyperkani.hyppely/lib", {st_mode=S_IFDIR|0755, st_size=4096, ...}) = 0
13:02:29.145068,1073,access("/vendor/lib", F_OK) = -1 ENOENT (No such file or directory)
13:02:29.146081,1073,access("/system/lib", F_OK) = 0
13:02:29.146766,1073,access("/system/lib", R_OK) = 0
13:02:29.147425,1073,stat64("/system/lib", {st_mode=S_IFDIR|0755, st_size=8192, ...}) = 0
13:02:29.148737,1073,getuid32() = 10050
13:02:29.149553,1073,getpid() = 1073
13:02:29.150077,1073,gettid() = 1073
13:02:29.150602,1073,clock_gettime(CLOCK_MONOTONIC, {136, 974137181}) = 0
13:02:29.151242,1073,ioctl(9, 0xc0186201, 0xbeb9c1f0) = 0
13:02:29.167144,1073,ioctl(9, 0xc0186201, 0xbeb9c1f0) = 0
13:02:29.167924,1073,clock_gettime(CLOCK_MONOTONIC, {136, 991418595}) = 0
13:02:29.172033,1073,gettimeofday({1724245349, 172219}, NULL) = 0
13:02:29.173425,1073,writev(3, [{"\4", 1}, {"ActivityThread\0", 15}, {"Pub com.hyperkani.hyppely.ppy_ca"..., 80}], 3) = 96
13:02:29.190606,1073,getuid32() = 10050
13:02:29.195405,1073,getpid() = 1073
13:02:29.196527,1073,gettid() = 1073
13:02:29.197073,1073,clock_gettime(CLOCK_MONOTONIC, {137, 20686773}) = 0
13:02:29.243450,1073,ioctl(9, 0xc0186201, 0xbeb9c1f0) = 0
13:02:29.248364,1073,ioctl(9, 0xc0186201, 0xbeb9c1f0) = 0
13:02:29.248974,1073,clock_gettime(CLOCK_MONOTONIC, {137, 72474233}) = 0
13:02:29.249689,1073,clock_gettime(CLOCK_MONOTONIC, {137, 73224850}) = 0
13:02:29.250407,1073,getpid() = 1073
13:02:29.250931,1073,getuid32() = 10050
13:02:29.251477,1073,epoll_wait(0x1e, 0xbeb9c1f8, 0x10, 0) = 0
13:02:29.252024,1073,clock_gettime(CLOCK_MONOTONIC, {137, 75520045}) = 0
13:02:29.252699,1073,stat64("/system/framework/framework-res.apk", {st_mode=S_IFREG|0644, st_size=8749696, ...}) = 0
13:02:29.257646,1073,stat64("/data/app/com.hyperkani.hyppely-1.apk", {st_mode=S_IFREG|0644, st_size=3668781, ...}) = 0
13:02:29.261460,1073,mprotect(0xb1681000, 8192, PROT_READ|PROT_WRITE) = 0
13:02:29.266111,1073,mprotect(0xb1682000, 8192, PROT_READ|PROT_WRITE) = 0
13:02:29.272791,1073,access("/data/data/com.hyperkani.hyppely/lib/libgdx.so", F_OK) = 0
13:02:29.273865,1073,stat64("/data/data/com.hyperkani.hyppely/lib/libgdx.so", {st_mode=S_IFREG|0755, st_size=421224, ...}) = 0
13:02:29.275299,1073,access("/data/data/com.hyperkani.hyppely/lib/libgdx.so", R_OK) = 0
13:02:29.276361,1073,writev(3, [{"\3", 1}, {"dalvikvm\0", 9}, {"Trying to load lib /data/data/co"..., 77}], 3) = 87
13:02:29.277537,1073,writev(3, [{"\5", 1}, {"dalvikvm\0", 9}, {"Denying lib /data/data/com.hyper"..., 83}], 3) = 93
13:02:29.278887,1073,writev(3, [{"\5", 1}, {"dalvikvm\0", 9}, {"Exception Ljava/lang/Unsatisfied"..., 124}], 3) = 134
13:02:29.281498,1073,writev(3, [{"\5", 1}, {"dalvikvm\0", 9}, {"Class init failed in newInstance"..., 72}], 3) = 82
13:02:29.283371,1073,writev(3, [{"\3", 1}, {"AndroidRuntime\0", 15}, {"Shutting down VM\n\0", 18}], 3) = 34
13:02:29.284827,1073,writev(3, [{"\5", 1}, {"dalvikvm\0", 9}, {"threadid=1: thread exiting with "..., 70}], 3) = 80
13:02:29.313446,1073,mprotect(0xb3e28000, 397312, PROT_READ|PROT_WRITE) = 0
13:02:29.314098,1073,mprotect(0xb3e89000, 41148416, PROT_NONE) = 0
13:02:29.321001,1073,writev(6, [{"\6", 1}, {"AndroidRuntime\0", 15}, {"FATAL EXCEPTION: main\njava.lang."..., 1344}], 3) = 1360
13:02:29.326806,1073,getpid() = 1073
13:02:29.358976,1073,gettid() = 1073
13:02:29.359604,1073,clock_gettime(CLOCK_MONOTONIC, {137, 183181712}) = 0
13:02:29.360403,1073,ioctl(9, 0xc0186201, 0xbeb9c530) = 0
13:02:29.363667,1073,ioctl(9, 0xc0186201 <unfinished ...>
13:02:29.426868,1086,<... ioctl resumed> , 0xacf1de28) = 0
13:02:29.427259,1086,write(24, "1086", 4) = 4
13:02:29.440329,1073,<... ioctl resumed> , 0xbeb9c530) = 0
13:02:29.440815,1086,getpriority(PRIO_PROCESS, 1086 <unfinished ...>
13:02:29.441182,1073,clock_gettime(CLOCK_MONOTONIC, <unfinished ...>
13:02:29.441583,1086,<... getpriority resumed> ) = 20
13:02:29.441906,1073,<... clock_gettime resumed> {137, 265090703}) = 0
13:02:29.442778,1086,clock_gettime(CLOCK_MONOTONIC, <unfinished ...>
13:02:29.443239,1073,getpid( <unfinished ...>
13:02:29.443507,1086,<... clock_gettime resumed> {137, 266740729}) = 0
13:02:29.443997,1073,<... getpid resumed> ) = 1073
13:02:29.444497,1086,write(24, "1086", 4 <unfinished ...>
13:02:29.445022,1073,writev(3, [{"\4", 1}, {"Process\0", 8}, {"Sending signal. PID: 1073 SIG: 9"..., 33}], 3 <unfinished ...>
13:02:29.445780,1086,<... write resumed> ) = 4
13:02:29.446255,1086,ioctl(9, 0xc0186201 <unfinished ...>
13:02:29.446537,1073,<... writev resumed> ) = 42
13:02:29.446940,1073,kill(1073, SIGKILL <unfinished ...>
13:02:29.460311,1086,+++ killed by SIGKILL +++
13:02:29.463210,1084,+++ killed by SIGKILL +++
13:02:29.464938,1082,+++ killed by SIGKILL +++
13:02:29.465259,1081,+++ killed by SIGKILL +++
13:02:29.465536,1080,+++ killed by SIGKILL +++
13:02:29.465790,1079,+++ killed by SIGKILL +++
13:02:29.466102,1078,+++ killed by SIGKILL +++
13:02:29.466356,1075,+++ killed by SIGKILL +++
13:02:29.467193,1087,+++ killed by SIGKILL +++
13:02:29.467770,1073,+++ killed by SIGKILL +++
13:02:29.468004,60,<... select resumed> ) = ? ERESTARTNOHAND (To be restarted)
13:02:29.468344,60,--- {si_signo=SIGCHLD, si_code=CLD_KILLED, si_pid=1073, si_status=SIGKILL, si_utime=19, si_stime=9} (Child exited) ---
13:02:29.488206,60,wait4(-1, [{WIFSIGNALED(s) && WTERMSIG(s) == SIGKILL}], WNOHANG, NULL) = 1073
13:02:29.489150,60,wait4(-1, 0xbeb9c2dc, WNOHANG, NULL) = 0
13:02:29.489581,60,sigreturn() = ? (mask now [INT FPE KILL ALRM TERM STKFLT CHLD CONT TSTP XCPU VTALRM PROF IO PWR RTMIN])
13:02:29.490713,60,select(24, [9 23], NULL, NULL, NULL) = ? ERESTARTNOHAND (To be restarted)
13:02:50.103505,60,--- {si_signo=SIGCHLD, si_code=CLD_KILLED, si_pid=752, si_status=SIGKILL, si_utime=21, si_stime=15} (Child exited) ---
13:02:50.103936,60,wait4(-1, [{WIFSIGNALED(s) && WTERMSIG(s) == SIGKILL}], WNOHANG, NULL) = 752
13:02:50.104714,60,wait4(-1, 0xbeb9c2dc, WNOHANG, NULL) = 0
13:02:50.105247,60,sigreturn() = ? (mask now [INT FPE KILL ALRM TERM STKFLT CHLD CONT TSTP XCPU VTALRM PROF IO PWR RTMIN])
13:02:50.106259,60,select(24, [9 23], NULL, NULL, NULL