22:38:23.378585,996,futex(0xb7217f10, FUTEX_WAIT_PRIVATE, 0, NULL <unfinished ...>
22:38:23.403083,995,futex(0xb7214828, FUTEX_WAIT_PRIVATE, 0, NULL <unfinished ...>
22:38:23.404798,994,futex(0xb720fbd8, FUTEX_WAIT_PRIVATE, 0, NULL <unfinished ...>
22:38:23.405102,62,select(24, [9 23], NULL, NULL, NULL) = 1 (in [23])
22:38:27.010768,62,ioctl(23, FIONREAD, [161]) = 0
22:38:27.012048,62,recvmsg(23, {msg_name(0)=NULL, msg_iov(1)=[{"7\n--runtime-init\n--setuid=10050\n"..., 4217}], msg_controllen=0, msg_flags=0}, MSG_NOSIGNAL) = 161
22:38:27.014425,62,ioctl(23, FIONREAD, [0]) = 0
22:38:27.026406,62,futex(0xb720fbd8, FUTEX_WAKE_PRIVATE, 1 <unfinished ...>
22:38:27.026960,994,<... futex resumed> ) = 0
22:38:27.027306,994,futex(0xb720fbc8, FUTEX_WAIT_PRIVATE, 2, NULL <unfinished ...>
22:38:27.027558,62,<... futex resumed> ) = 1
22:38:27.027869,62,futex(0xb720fbc8, FUTEX_WAKE_PRIVATE, 1 <unfinished ...>
22:38:27.028114,994,<... futex resumed> ) = 0
22:38:27.028367,994,futex(0xb720fbc8, FUTEX_WAKE_PRIVATE, 1) = 0
22:38:27.029173,994,futex(0xb681657c, FUTEX_WAIT_PRIVATE, 2, NULL <unfinished ...>
22:38:27.029425,62,<... futex resumed> ) = 1
22:38:27.029682,62,futex(0xb681657c, FUTEX_WAKE_PRIVATE, 1 <unfinished ...>
22:38:27.030004,994,<... futex resumed> ) = 0
22:38:27.030265,994,futex(0xb681657c, FUTEX_WAKE_PRIVATE, 1) = 0
22:38:27.030681,994,munmap(0xb0e82000, 32768) = 0
22:38:27.031508,994,sigprocmask(SIG_SETMASK, ~[SEGV], NULL) = 0
22:38:27.032862,994,munmap(0xaf419000, 1048576) = 0
22:38:27.033510,994,exit(0) = ?
22:38:27.035938,62,<... futex resumed> ) = 1
22:38:27.036506,62,futex(0xb7214828, FUTEX_WAKE_PRIVATE, 1 <unfinished ...>
22:38:27.036878,995,<... futex resumed> ) = 0
22:38:27.037215,995,futex(0xb7214818, FUTEX_WAIT_PRIVATE, 2, NULL <unfinished ...>
22:38:27.037491,62,<... futex resumed> ) = 1
22:38:27.038138,62,futex(0xb7214818, FUTEX_WAKE_PRIVATE, 1 <unfinished ...>
22:38:27.038383,995,<... futex resumed> ) = 0
22:38:27.038638,995,futex(0xb7214818, FUTEX_WAKE_PRIVATE, 1) = 0
22:38:27.039262,995,futex(0xb681657c, FUTEX_WAIT_PRIVATE, 2, NULL <unfinished ...>
22:38:27.039519,62,<... futex resumed> ) = 1
22:38:27.039824,62,futex(0xb681657c, FUTEX_WAKE_PRIVATE, 1 <unfinished ...>
22:38:27.040077,995,<... futex resumed> ) = 0
22:38:27.040346,995,futex(0xb681657c, FUTEX_WAKE_PRIVATE, 1) = 0
22:38:27.040811,995,munmap(0xaf411000, 32768) = 0
22:38:27.041357,995,sigprocmask(SIG_SETMASK, ~[SEGV], NULL) = 0
22:38:27.041870,995,munmap(0xaf311000, 1048576) = 0
22:38:27.042349,995,exit(0) = ?
22:38:27.042795,62,<... futex resumed> ) = 1
22:38:27.043122,62,futex(0xb7217f10, FUTEX_WAKE_PRIVATE, 1 <unfinished ...>
22:38:27.043381,996,<... futex resumed> ) = 0
22:38:27.043643,996,futex(0xb7217f00, FUTEX_WAIT_PRIVATE, 2, NULL <unfinished ...>
22:38:27.043935,62,<... futex resumed> ) = 1
22:38:27.044341,62,futex(0xb7217f00, FUTEX_WAKE_PRIVATE, 1 <unfinished ...>
22:38:27.044615,996,<... futex resumed> ) = 0
22:38:27.044932,996,futex(0xb7217f00, FUTEX_WAKE_PRIVATE, 1) = 0
22:38:27.045485,996,futex(0xb681657c, FUTEX_WAIT_PRIVATE, 2, NULL <unfinished ...>
22:38:27.058383,62,<... futex resumed> ) = 1
22:38:27.059531,62,futex(0xb681657c, FUTEX_WAKE_PRIVATE, 1 <unfinished ...>
22:38:27.059934,996,<... futex resumed> ) = 0
22:38:27.060207,996,futex(0xb681657c, FUTEX_WAKE_PRIVATE, 1) = 0
22:38:27.060632,996,munmap(0xaf309000, 32768) = 0
22:38:27.061192,996,sigprocmask(SIG_SETMASK, ~[SEGV], NULL) = 0
22:38:27.061675,996,munmap(0xaf209000, 1048576) = 0
22:38:27.062166,996,exit(0) = ?
22:38:27.065746,62,<... futex resumed> ) = 1
22:38:27.066367,62,open("/proc/self/task", O_RDONLY|O_DIRECTORY) = 24
22:38:27.067578,62,getdents64(24, /* 3 entries */, 4200) = 72
22:38:27.068689,62,getdents64(24, /* 0 entries */, 4200) = 0
22:38:27.069304,62,close(24) = 0
22:38:27.070027,62,sigaction(SIGCHLD, {0xb67ce3dd, [], 0}, NULL, 0) = 0
22:38:27.070831,62,fork( <unfinished ...>
22:38:27.084142,1030,gettid() = 1030
22:38:27.084828,1030,getuid32() = 0
22:38:27.085664,1030,open("/acct/uid/0/tasks", O_RDWR|O_CREAT, 0666) = 24
22:38:27.097633,1030,write(24, "0", 1) = 1
22:38:27.098251,1030,close(24) = 0
22:38:27.098967,1030,prctl(PR_SET_KEEPCAPS, 1) = 0
22:38:27.099657,1030,setgroups32(2, [3003, 1028]) = 0
22:38:27.100626,1030,setgid32(10050) = 0
22:38:27.101247,1030,open("/acct/uid/10050/tasks", O_RDWR|O_CREAT, 0666) = 24
22:38:27.101981,1030,write(24, "0", 1) = 1
22:38:27.102559,1030,close(24) = 0
22:38:27.103064,1030,setuid32(10050) = 0
22:38:27.103667,1030,personality(0xffffffff /* PER_??? */) = 8388608
22:38:27.104213,1030,personality(0x840000 /* PER_??? */) = 8388608
22:38:27.104693,1030,capset(0xbeb07794, 0xbeb077a4) = 0
22:38:27.105309,1030,gettid() = 1030
22:38:27.117655,1030,access("/dev/cpuctl/tasks", F_OK) = 0
22:38:27.118331,1030,open("/dev/cpuctl/apps/tasks", O_WRONLY) = 24
22:38:27.119069,1030,open("/dev/cpuctl/apps/bg_non_interactive/tasks", O_WRONLY) = 25
22:38:27.119948,1030,futex(0xb6e6b29c, FUTEX_WAKE_PRIVATE, 2147483647) = 0
22:38:27.120603,1030,write(24, "1030", 4) = 4
22:38:27.121931,62,<... fork resumed> ) = 1030
22:38:27.123264,62,mmap2(NULL, 32768, PROT_READ|PROT_WRITE, MAP_PRIVATE|MAP_ANONYMOUS, -1, 0) = 0xb0e82000
22:38:27.124112,62,madvise(0xb0e82000, 32768, 0xc /* MADV_??? */) = -1 EINVAL (Invalid argument)
22:38:27.125116,62,mmap2(NULL, 1048576, PROT_READ|PROT_WRITE, MAP_PRIVATE|MAP_ANONYMOUS|MAP_NORESERVE, -1, 0) = 0xaf419000
22:38:27.125568,62,madvise(0xaf419000, 1048576, 0xc /* MADV_??? */) = -1 EINVAL (Invalid argument)
22:38:27.126040,62,mprotect(0xaf419000, 4096, PROT_NONE) = 0
22:38:27.127161,62,clone(child_stack=0xaf518f00, flags=CLONE_VM|CLONE_FS|CLONE_FILES|CLONE_SIGHAND|CLONE_THREAD|CLONE_SYSVSEM|0x400000) = 1031
22:38:27.131426,62,futex(0xb6816580, FUTEX_WAIT_PRIVATE, -324, NULL <unfinished ...>
22:38:27.131811,1031,set_tls(0xaf518f00, 0xb70fd548, 0xaf518ffc, 0x40, 0xaf518f00) = 0
22:38:27.132497,1031,prctl(PR_SET_NAME, 0xaf518e8c, 0, 0, 0) = 0
22:38:27.133034,1031,gettid() = 1031
22:38:27.134532,1031,futex(0xb6816580, FUTEX_WAKE_PRIVATE, 2147483647) = 1
22:38:27.135103,62,<... futex resumed> ) = 0
22:38:27.135418,1031,futex(0xb6816580, FUTEX_WAIT_PRIVATE, -326, NULL <unfinished ...>
22:38:27.146517,62,futex(0xb6816580, FUTEX_WAKE_PRIVATE, 2147483647 <unfinished ...>
22:38:27.146821,1031,<... futex resumed> ) = -1 EAGAIN (Try again)
22:38:27.147070,1031,futex(0xb681657c, FUTEX_WAIT_PRIVATE, 2, NULL <unfinished ...>
22:38:27.147308,1030,gettid( <unfinished ...>
22:38:27.147546,62,<... futex resumed> ) = 0
22:38:27.148033,62,futex(0xb681657c, FUTEX_WAKE_PRIVATE, 1 <unfinished ...>
22:38:27.148385,1031,<... futex resumed> ) = 0
22:38:27.148680,1031,futex(0xb681657c, FUTEX_WAKE_PRIVATE, 1) = 0
22:38:27.149257,1031,getpriority(PRIO_PROCESS, 1031) = 20
22:38:27.149762,1031,setpriority(PRIO_PROCESS, 1031, 0) = 0
22:38:27.150315,1031,sched_yield() = 0
22:38:27.150733,1031,nanosleep({0, 1000000}, <unfinished ...>
22:38:27.151152,62,<... futex resumed> ) = 1
22:38:27.151623,62,mmap2(NULL, 32768, PROT_READ|PROT_WRITE, MAP_PRIVATE|MAP_ANONYMOUS, -1, 0) = 0xaf411000
22:38:27.152111,62,madvise(0xaf411000, 32768, 0xc /* MADV_??? */) = -1 EINVAL (Invalid argument)
22:38:27.152573,62,mmap2(NULL, 1048576, PROT_READ|PROT_WRITE, MAP_PRIVATE|MAP_ANONYMOUS|MAP_NORESERVE, -1, 0) = 0xaf311000
22:38:27.153043,62,madvise(0xaf311000, 1048576, 0xc /* MADV_??? */ <unfinished ...>
22:38:27.153550,1031,<... nanosleep resumed> NULL) = 0
22:38:27.153995,1031,futex(0xb720fbd8, FUTEX_WAIT_PRIVATE, 0, NULL <unfinished ...>
22:38:27.154213,62,<... madvise resumed> ) = -1 EINVAL (Invalid argument)
22:38:27.154454,62,mprotect(0xaf311000, 4096, PROT_NONE) = 0
22:38:27.154960,62,clone(child_stack=0xaf410f00, flags=CLONE_VM|CLONE_FS|CLONE_FILES|CLONE_SIGHAND|CLONE_THREAD|CLONE_SYSVSEM|0x400000) = 1032
22:38:27.156629,62,futex(0xb6816580, FUTEX_WAIT_PRIVATE, -328, NULL <unfinished ...>
22:38:27.157222,1032,set_tls(0xaf410f00, 0xb71cebe8, 0xaf410ffc, 0x40, 0xaf410f00) = 0
22:38:27.158161,1032,prctl(PR_SET_NAME, 0xaf410e8c, 0, 0, 0) = 0
22:38:27.158611,1032,gettid() = 1032
22:38:27.159195,1032,futex(0xb6816580, FUTEX_WAKE_PRIVATE, 2147483647 <unfinished ...>
22:38:27.159541,62,<... futex resumed> ) = 0
22:38:27.159822,62,futex(0xb681657c, FUTEX_WAIT_PRIVATE, 2, NULL <unfinished ...>
22:38:27.160090,1032,<... futex resumed> ) = 1
22:38:27.160346,1032,futex(0xb681657c, FUTEX_WAKE_PRIVATE, 1 <unfinished ...>
22:38:27.160606,62,<... futex resumed> ) = 0
22:38:27.160898,62,futex(0xb681657c, FUTEX_WAKE_PRIVATE, 1) = 0
22:38:27.161342,62,futex(0xb6816580, FUTEX_WAKE_PRIVATE, 2147483647) = 0
22:38:27.161963,62,mmap2(NULL, 32768, PROT_READ|PROT_WRITE, MAP_PRIVATE|MAP_ANONYMOUS, -1, 0) = 0xaf309000
22:38:27.162480,62,madvise(0xaf309000, 32768, 0xc /* MADV_??? */) = -1 EINVAL (Invalid argument)
22:38:27.162941,62,mmap2(NULL, 1048576, PROT_READ|PROT_WRITE, MAP_PRIVATE|MAP_ANONYMOUS|MAP_NORESERVE, -1, 0) = 0xaf209000
22:38:27.163376,62,madvise(0xaf209000, 1048576, 0xc /* MADV_??? */) = -1 EINVAL (Invalid argument)
22:38:27.163825,62,mprotect(0xaf209000, 4096, PROT_NONE) = 0
22:38:27.164342,62,clone(child_stack=0xaf308f00, flags=CLONE_VM|CLONE_FS|CLONE_FILES|CLONE_SIGHAND|CLONE_THREAD|CLONE_SYSVSEM|0x400000) = 1033
22:38:27.165098,62,futex(0xb6816580, FUTEX_WAIT_PRIVATE, -332, NULL <unfinished ...>
22:38:27.165497,1033,set_tls(0xaf308f00, 0xb71dad38, 0xaf308ffc, 0x40, 0xaf308f00) = 0
22:38:27.165979,1033,prctl(PR_SET_NAME, 0xaf308e8c, 0, 0, 0) = 0
22:38:27.174325,1033,gettid() = 1033
22:38:27.177281,1033,futex(0xb6816580, FUTEX_WAKE_PRIVATE, 2147483647) = 1
22:38:27.177804,1033,futex(0xb6816580, FUTEX_WAIT_PRIVATE, -334, NULL <unfinished ...>
22:38:27.178035,1032,<... futex resumed> ) = 1
22:38:27.178284,1032,futex(0xb6816580, FUTEX_WAIT_PRIVATE, -330, NULL) = -1 EAGAIN (Try again)
22:38:27.178702,1032,getpriority(PRIO_PROCESS, 1032) = 20
22:38:27.179138,1032,setpriority(PRIO_PROCESS, 1032, 0) = 0
22:38:27.179639,1032,futex(0xb7214828, FUTEX_WAIT_PRIVATE, 0, NULL <unfinished ...>
22:38:27.179905,1030,<... gettid resumed> ) = 1030
22:38:27.180094,62,<... futex resumed> ) = 0
22:38:27.180438,62,futex(0xb6816580, FUTEX_WAKE_PRIVATE, 2147483647 <unfinished ...>
22:38:27.180693,1033,<... futex resumed> ) = 0
22:38:27.180968,1033,futex(0xb681657c, FUTEX_WAIT_PRIVATE, 2, NULL <unfinished ...>
22:38:27.181181,62,<... futex resumed> ) = 1
22:38:27.181416,62,futex(0xb681657c, FUTEX_WAKE_PRIVATE, 1 <unfinished ...>
22:38:27.181648,1033,<... futex resumed> ) = 0
22:38:27.181922,1033,futex(0xb681657c, FUTEX_WAKE_PRIVATE, 1) = 0
22:38:27.182342,1033,getpriority(PRIO_PROCESS, 1033) = 20
22:38:27.182818,1033,setpriority(PRIO_PROCESS, 1033, 0) = 0
22:38:27.183374,1033,futex(0xb70de450, FUTEX_WAIT_PRIVATE, 2, NULL <unfinished ...>
22:38:27.183620,62,<... futex resumed> ) = 1
22:38:27.183923,62,futex(0xb70de450, FUTEX_WAKE_PRIVATE, 1 <unfinished ...>
22:38:27.184195,1033,<... futex resumed> ) = 0
22:38:27.184436,1033,futex(0xb70de450, FUTEX_WAKE_PRIVATE, 1) = 0
22:38:27.184994,1033,futex(0xb7217f10, FUTEX_WAIT_PRIVATE, 0, NULL <unfinished ...>
22:38:27.185226,62,<... futex resumed> ) = 1
22:38:27.185659,62,getpgid(0xe8) = 62
22:38:27.186169,62,setpgid(1030, 62) = 0
22:38:27.186700,62,sendmsg(23, {msg_name(0)=NULL, msg_iov(1)=[{"\0\0\4\6", 4}], msg_controllen=0, msg_flags=0}, MSG_NOSIGNAL) = 4
22:38:27.187638,62,sendmsg(23, {msg_name(0)=NULL, msg_iov(1)=[{"\0", 1}], msg_controllen=0, msg_flags=0}, MSG_NOSIGNAL <unfinished ...>
22:38:27.197029,1030,prctl(PR_SET_DUMPABLE, 1 <unfinished ...>
22:38:27.197250,62,<... sendmsg resumed> ) = 1
22:38:27.197665,62,select(24, [9 23], NULL, NULL, NULL <unfinished ...>
22:38:27.198826,1030,<... prctl resumed> ) = 0
22:38:27.201314,1030,setrlimit(RLIMIT_CORE, {rlim_cur=0, rlim_max=RLIM64_INFINITY}) = 0
22:38:27.211262,1030,sigaction(SIGCHLD, {SIG_DFL, , NULL, 0) = 0
22:38:27.246108,1030,clock_gettime(CLOCK_MONOTONIC, {147, 243101064}) = 0
22:38:27.250225,1030,mmap2(NULL, 1048576, PROT_READ|PROT_WRITE, MAP_PRIVATE|MAP_ANONYMOUS|MAP_NORESERVE, -1, 0) = 0xaf419000
22:38:27.282490,1030,madvise(0xaf419000, 1048576, 0xc /* MADV_??? */) = -1 EINVAL (Invalid argument)
22:38:27.286345,1030,mprotect(0xaf419000, 4096, PROT_NONE) = 0
22:38:27.286999,1030,clone(child_stack=0xaf518f00, flags=CLONE_VM|CLONE_FS|CLONE_FILES|CLONE_SIGHAND|CLONE_THREAD|CLONE_SYSVSEM|0x400000) = 1034
22:38:27.289135,1030,futex(0xb6816580, FUTEX_WAIT_PRIVATE, -324, NULL <unfinished ...>
22:38:27.290520,1034,set_tls(0xaf518f00, 0xb70fd548, 0xaf518ffc, 0x40, 0xaf518f00) = 0
22:38:27.291061,1034,prctl(PR_SET_NAME, 0xaf518eac, 0, 0, 0) = 0
22:38:27.291821,1034,mmap2(NULL, 32768, PROT_READ|PROT_WRITE, MAP_PRIVATE|MAP_ANONYMOUS, -1, 0) = 0xaf411000
22:38:27.292323,1034,madvise(0xaf411000, 32768, 0xc /* MADV_??? */) = -1 EINVAL (Invalid argument)
22:38:27.292916,1034,gettid() = 1034
22:38:27.319546,1034,getpriority(PRIO_PROCESS, 0) = 20
22:38:27.321082,1034,futex(0xb6816580, FUTEX_WAKE_PRIVATE, 2147483647 <unfinished ...>
22:38:27.321503,1030,<... futex resumed> ) = 0
22:38:27.321834,1030,futex(0xb681657c, FUTEX_WAIT_PRIVATE, 2, NULL <unfinished ...>
22:38:27.322164,1034,<... futex resumed> ) = 1
22:38:27.322448,1034,futex(0xb681657c, FUTEX_WAKE_PRIVATE, 1 <unfinished ...>
22:38:27.325775,1030,<... futex resumed> ) = 0
22:38:27.326151,1030,futex(0xb681657c, FUTEX_WAKE_PRIVATE, 1) = 0
22:38:27.329618,1034,<... futex resumed> ) = 1
22:38:27.330002,1034,futex(0xb70df9a8, FUTEX_WAIT_PRIVATE, 0, NULL <unfinished ...>
22:38:27.332190,1030,clock_gettime(CLOCK_MONOTONIC, {147, 329147126}) = 0
22:38:27.335790,1030,clock_gettime(CLOCK_MONOTONIC, {147, 330782226}) = 0
22:38:27.343955,1030,mmap2(NULL, 1048576, PROT_READ|PROT_WRITE, MAP_PRIVATE|MAP_ANONYMOUS|MAP_NORESERVE, -1, 0) = 0xaf311000
22:38:27.347513,1030,madvise(0xaf311000, 1048576, 0xc /* MADV_??? */) = -1 EINVAL (Invalid argument)
22:38:27.348063,1030,mprotect(0xaf311000, 4096, PROT_NONE) = 0
22:38:27.348668,1030,clone(child_stack=0xaf410f00, flags=CLONE_VM|CLONE_FS|CLONE_FILES|CLONE_SIGHAND|CLONE_THREAD|CLONE_SYSVSEM|0x400000) = 1035
22:38:27.351843,1030,futex(0xb6816580, FUTEX_WAIT_PRIVATE, -326, NULL <unfinished ...>
22:38:27.352305,1035,set_tls(0xaf410f00, 0xb71cebe8, 0xaf410ffc, 0x40, 0xaf410f00) = 0
22:38:27.352804,1035,prctl(PR_SET_NAME, 0xaf410eac, 0, 0, 0) = 0
22:38:27.353341,1035,mmap2(NULL, 32768, PROT_READ|PROT_WRITE, MAP_PRIVATE|MAP_ANONYMOUS, -1, 0) = 0xaf309000
22:38:27.353885,1035,madvise(0xaf309000, 32768, 0xc /* MADV_??? */) = -1 EINVAL (Invalid argument)
22:38:27.354389,1035,gettid() = 1035
22:38:27.355137,1035,getpriority(PRIO_PROCESS, 0) = 20
22:38:27.355674,1035,futex(0xb6816580, FUTEX_WAKE_PRIVATE, 2147483647 <unfinished ...>
22:38:27.356015,1030,<... futex resumed> ) = 0
22:38:27.356304,1030,futex(0xb681657c, FUTEX_WAIT_PRIVATE, 2, NULL <unfinished ...>
22:38:27.369442,1035,<... futex resumed> ) = 1
22:38:27.386197,1035,futex(0xb681657c, FUTEX_WAKE_PRIVATE, 1 <unfinished ...>
22:38:27.386608,1030,<... futex resumed> ) = 0
22:38:27.386970,1030,futex(0xb681657c, FUTEX_WAKE_PRIVATE, 1) = 0
22:38:27.387416,1030,clock_gettime(CLOCK_MONOTONIC, {147, 382119314}) = 0
22:38:27.387964,1030,clock_gettime(CLOCK_MONOTONIC, {147, 382666291}) = 0
22:38:27.388889,1030,mmap2(NULL, 1048576, PROT_READ|PROT_WRITE, MAP_PRIVATE|MAP_ANONYMOUS|MAP_NORESERVE, -1, 0) = 0xaf209000
22:38:27.389445,1030,madvise(0xaf209000, 1048576, 0xc /* MADV_??? */) = -1 EINVAL (Invalid argument)
22:38:27.389982,1030,mprotect(0xaf209000, 4096, PROT_NONE) = 0
22:38:27.390545,1030,clone(child_stack=0xaf308f00, flags=CLONE_VM|CLONE_FS|CLONE_FILES|CLONE_SIGHAND|CLONE_THREAD|CLONE_SYSVSEM|0x400000) = 1036
22:38:27.394346,1030,futex(0xb6816580, FUTEX_WAIT_PRIVATE, -328, NULL <unfinished ...>
22:38:27.394633,1035,<... futex resumed> ) = 1
22:38:27.394980,1035,rt_sigtimedwait([QUIT USR1 RT_7 RT_14 RT_16 RT_25 RT_26 RT_27 RT_29 RT_30], NULL, NULL, 8 <unfinished ...>
22:38:27.396703,1036,set_tls(0xaf308f00, 0xb71dad38, 0xaf308ffc, 0x40, 0xaf308f00) = 0
22:38:27.397249,1036,prctl(PR_SET_NAME, 0xaf308eac, 0, 0, 0) = 0
22:38:27.397823,1036,mmap2(NULL, 32768, PROT_READ|PROT_WRITE, MAP_PRIVATE|MAP_ANONYMOUS, -1, 0) = 0xaf201000
22:38:27.399604,1036,madvise(0xaf201000, 32768, 0xc /* MADV_??? */) = -1 EINVAL (Invalid argument)
22:38:27.400126,1036,gettid() = 1036
22:38:27.400910,1036,getpriority(PRIO_PROCESS, 0) = 20
22:38:27.401571,1036,futex(0xb6816580, FUTEX_WAKE_PRIVATE, 2147483647 <unfinished ...>
22:38:27.401929,1030,<... futex resumed> ) = 0
22:38:27.402256,1030,futex(0xb681657c, FUTEX_WAIT_PRIVATE, 2, NULL <unfinished ...>
22:38:27.402545,1036,<... futex resumed> ) = 1
22:38:27.402905,1036,futex(0xb681657c, FUTEX_WAKE_PRIVATE, 1 <unfinished ...>
22:38:27.403180,1030,<... futex resumed> ) = 0
22:38:27.403463,1030,futex(0xb681657c, FUTEX_WAKE_PRIVATE, 1) = 0
22:38:27.403982,1030,futex(0xb71d2874, FUTEX_WAIT_PRIVATE, 0, NULL <unfinished ...>
22:38:27.404251,1036,<... futex resumed> ) = 1
22:38:27.404526,1036,futex(0xb71d2874, FUTEX_WAKE_PRIVATE, 2147483647 <unfinished ...>
22:38:27.404873,1030,<... futex resumed> ) = 0
22:38:27.405152,1030,futex(0xb71d2870, FUTEX_WAIT_PRIVATE, 2, NULL <unfinished ...>
22:38:27.405420,1036,<... futex resumed> ) = 1
22:38:27.415705,1036,futex(0xb71d2870, FUTEX_WAKE_PRIVATE, 1) = 1
22:38:27.417257,1030,<... futex resumed> ) = 0
22:38:27.417542,1036,socket(PF_UNIX, SOCK_STREAM, 0 <unfinished ...>
22:38:27.418019,1030,futex(0xb71d2870, FUTEX_WAKE_PRIVATE, 1 <unfinished ...>
22:38:27.418327,1036,<... socket resumed> ) = 26
22:38:27.418631,1030,<... futex resumed> ) = 0
22:38:27.418958,1036,pipe( <unfinished ...>
22:38:27.419253,1030,clock_gettime(CLOCK_MONOTONIC, <unfinished ...>
22:38:27.419552,1036,<... pipe resumed> [27, 28]) = 0
22:38:27.419959,1030,<... clock_gettime resumed> {147, 414417156}) = 0
22:38:27.420442,1036,getpid( <unfinished ...>
22:38:27.421998,1030,mmap2(NULL, 32768, PROT_READ|PROT_WRITE, MAP_PRIVATE|MAP_ANONYMOUS, -1, 0 <unfinished ...>
22:38:27.422454,1036,<... getpid resumed> ) = 1030
22:38:27.422837,1030,<... mmap2 resumed> ) = 0xaf1f9000
22:38:27.423328,1036,connect(26, {sa_family=AF_UNIX, path=@"jdwp-control"...}, 15 <unfinished ...>
22:38:27.424008,1030,madvise(0xaf1f9000, 32768, 0xc /* MADV_??? */) = -1 EINVAL (Invalid argument)
22:38:27.425104,1036,<... connect resumed> ) = 0
22:38:27.425467,1030,mmap2(NULL, 1048576, PROT_READ|PROT_WRITE, MAP_PRIVATE|MAP_ANONYMOUS|MAP_NORESERVE, -1, 0 <unfinished ...>
22:38:27.425833,1036,getsockopt(26, SOL_SOCKET, SO_PEERCRED, <unfinished ...>
22:38:27.426171,1030,<... mmap2 resumed> ) = 0xad26c000
22:38:27.426419,1036,<... getsockopt resumed> {pid=69, uid=0, gid=0}, [12]) = 0
22:38:27.426895,1030,madvise(0xad26c000, 1048576, 0xc /* MADV_??? */ <unfinished ...>
22:38:27.427175,1036,sendto(26, "0406", 4, 0, NULL, 0 <unfinished ...>
22:38:27.427507,1030,<... madvise resumed> ) = -1 EINVAL (Invalid argument)
22:38:27.437398,1036,<... sendto resumed> ) = 4
22:38:27.437960,1030,mprotect(0xad26c000, 4096, PROT_NONE <unfinished ...>
22:38:27.438260,1036,recvmsg(26, <unfinished ...>
22:38:27.438527,1030,<... mprotect resumed> ) = 0
22:38:27.438956,1030,clone(child_stack=0xad36bf00, flags=CLONE_VM|CLONE_FS|CLONE_FILES|CLONE_SIGHAND|CLONE_THREAD|CLONE_SYSVSEM|0x400000) = 1038
22:38:27.443051,1030,futex(0xb6816580, FUTEX_WAIT_PRIVATE, -330, NULL <unfinished ...>
22:38:27.447200,1038,set_tls(0xad36bf00, 0xb70fdd38, 0xad36bffc, 0x40, 0xad36bf00) = 0
22:38:27.448054,1038,prctl(PR_SET_NAME, 0xad36be8c, 0, 0, 0) = 0
22:38:27.448589,1038,gettid() = 1038
22:38:27.449444,1038,futex(0xb6816580, FUTEX_WAKE_PRIVATE, 2147483647 <unfinished ...>
22:38:27.449787,1030,<... futex resumed> ) = 0
22:38:27.450096,1030,futex(0xb681657c, FUTEX_WAIT_PRIVATE, 2, NULL <unfinished ...>
22:38:27.451196,1038,<... futex resumed> ) = 1
22:38:27.451525,1038,futex(0xb681657c, FUTEX_WAKE_PRIVATE, 1 <unfinished ...>
22:38:27.451903,1030,<... futex resumed> ) = 0
22:38:27.452197,1030,futex(0xb681657c, FUTEX_WAKE_PRIVATE, 1) = 0
22:38:27.452669,1030,futex(0xb6816580, FUTEX_WAKE_PRIVATE, 2147483647) = 0
22:38:27.453610,1030,mmap2(NULL, 32768, PROT_READ|PROT_WRITE, MAP_PRIVATE|MAP_ANONYMOUS, -1, 0) = 0xad264000
22:38:27.454182,1030,madvise(0xad264000, 32768, 0xc /* MADV_??? */) = -1 EINVAL (Invalid argument)
22:38:27.454836,1030,mmap2(NULL, 1048576, PROT_READ|PROT_WRITE, MAP_PRIVATE|MAP_ANONYMOUS|MAP_NORESERVE, -1, 0) = 0xad164000
22:38:27.455346,1030,madvise(0xad164000, 1048576, 0xc /* MADV_??? */ <unfinished ...>
22:38:27.465696,1038,<... futex resumed> ) = 1
22:38:27.466003,1030,<... madvise resumed> ) = -1 EINVAL (Invalid argument)
22:38:27.466307,1030,mprotect(0xad164000, 4096, PROT_NONE) = 0
22:38:27.466896,1030,clone(child_stack=0xad263f00, flags=CLONE_VM|CLONE_FS|CLONE_FILES|CLONE_SIGHAND|CLONE_THREAD|CLONE_SYSVSEM|0x400000) = 1040
22:38:27.471972,1030,futex(0xb6816580, FUTEX_WAIT_PRIVATE, -334, NULL <unfinished ...>
22:38:27.474353,1038,futex(0xb6816580, FUTEX_WAIT_PRIVATE, -332, NULL) = -1 EAGAIN (Try again)
22:38:27.475079,1038,getpriority(PRIO_PROCESS, 1038) = 20
22:38:27.475580,1038,setpriority(PRIO_PROCESS, 1038, 0) = 0
22:38:27.476300,1038,futex(0xb71de7c0, FUTEX_WAIT_PRIVATE, 0, NULL <unfinished ...>
22:38:27.477618,1040,set_tls(0xad263f00, 0xb71f5c90, 0xad263ffc, 0x40, 0xad263f00) = 0
22:38:27.478148,1040,prctl(PR_SET_NAME, 0xad263e8c, 0, 0, 0) = 0
22:38:27.478606,1040,gettid() = 1040
22:38:27.479184,1040,futex(0xb6816580, FUTEX_WAKE_PRIVATE, 2147483647 <unfinished ...>
22:38:27.479476,1030,<... futex resumed> ) = 0
22:38:27.479854,1030,futex(0xb681657c, FUTEX_WAIT_PRIVATE, 2, NULL <unfinished ...>
22:38:27.480117,1040,<... futex resumed> ) = 1
22:38:27.480385,1040,futex(0xb681657c, FUTEX_WAKE_PRIVATE, 1 <unfinished ...>
22:38:27.480688,1030,<... futex resumed> ) = 0
22:38:27.481039,1030,futex(0xb681657c, FUTEX_WAKE_PRIVATE, 1) = 0
22:38:27.481490,1030,futex(0xb6816580, FUTEX_WAKE_PRIVATE, 2147483647) = 0
22:38:27.483004,1030,mmap2(NULL, 32768, PROT_READ|PROT_WRITE, MAP_PRIVATE|MAP_ANONYMOUS, -1, 0) = 0xad15c000
22:38:27.483562,1030,madvise(0xad15c000, 32768, 0xc /* MADV_??? */) = -1 EINVAL (Invalid argument)
22:38:27.484181,1030,mmap2(NULL, 1048576, PROT_READ|PROT_WRITE, MAP_PRIVATE|MAP_ANONYMOUS|MAP_NORESERVE, -1, 0) = 0xad05c000
22:38:27.484673,1030,madvise(0xad05c000, 1048576, 0xc /* MADV_??? */) = -1 EINVAL (Invalid argument)
22:38:27.485280,1030,mprotect(0xad05c000, 4096, PROT_NONE) = 0
22:38:27.485850,1030,clone(child_stack=0xad15bf00, flags=CLONE_VM|CLONE_FS|CLONE_FILES|CLONE_SIGHAND|CLONE_THREAD|CLONE_SYSVSEM|0x400000) = 1041
22:38:27.487846,1030,futex(0xb6816580, FUTEX_WAIT_PRIVATE, -338, NULL <unfinished ...>
22:38:27.488128,1040,<... futex resumed> ) = 1
22:38:27.488401,1040,futex(0xb6816580, FUTEX_WAIT_PRIVATE, -336, NULL) = -1 EAGAIN (Try again)
22:38:27.488923,1040,getpriority(PRIO_PROCESS, 1040) = 20
22:38:27.490241,1040,setpriority(PRIO_PROCESS, 1040, 0) = 0
22:38:27.490907,1040,futex(0xb71f9298, FUTEX_WAIT_PRIVATE, 0, NULL <unfinished ...>
22:38:27.491365,1041,set_tls(0xad15bf00, 0xb7220d90, 0xad15bffc, 0x40, 0xad15bf00) = 0
22:38:27.492063,1041,prctl(PR_SET_NAME, 0xad15be8c, 0, 0, 0) = 0
22:38:27.492528,1041,gettid() = 1041
22:38:27.493159,1041,futex(0xb6816580, FUTEX_WAKE_PRIVATE, 2147483647 <unfinished ...>
22:38:27.493496,1030,<... futex resumed> ) = 0
22:38:27.493902,1030,futex(0xb681657c, FUTEX_WAIT_PRIVATE, 2, NULL <unfinished ...>
22:38:27.494201,1041,<... futex resumed> ) = 1
22:38:27.494510,1041,futex(0xb681657c, FUTEX_WAKE_PRIVATE, 1 <unfinished ...>
22:38:27.494856,1030,<... futex resumed> ) = 0
22:38:27.495139,1030,futex(0xb681657c, FUTEX_WAKE_PRIVATE, 1) = 0
22:38:27.495600,1030,futex(0xb6816580, FUTEX_WAKE_PRIVATE, 2147483647) = 0
22:38:27.497439,1041,<... futex resumed> ) = 1
22:38:27.497819,1041,futex(0xb6816580, FUTEX_WAIT_PRIVATE, -340, NULL) = -1 EAGAIN (Try again)
22:38:27.498302,1041,getpriority(PRIO_PROCESS, 1041) = 20
22:38:27.498833,1041,setpriority(PRIO_PROCESS, 1041, 0) = 0
22:38:27.499389,1041,futex(0xb71ff5f0, FUTEX_WAIT_PRIVATE, 0, NULL <unfinished ...>
22:38:27.508346,1030,close(23) = 0
22:38:27.512390,1030,close(9) = 0
22:38:27.518057,1030,open("/dev/binder", O_RDWR) = 9
22:38:27.518899,1030,fcntl64(9, F_SETFD, FD_CLOEXEC) = 0
22:38:27.519504,1030,ioctl(9, 0xc0046209, 0xbeb07638) = 0
22:38:27.520145,1030,ioctl(9, 0x40046205, 0xbeb0763c) = 0
22:38:27.520695,1030,mmap2(NULL, 1040384, PROT_READ, MAP_PRIVATE|MAP_NORESERVE, 9, 0) = 0xacf5e000
22:38:27.521356,1030,madvise(0xacf5e000, 1040384, 0xc /* MADV_??? */) = -1 EINVAL (Invalid argument)
22:38:27.522012,1030,prctl(PR_SET_NAME, 0xb71f9366, 0, 0, 0) = 0
22:38:27.522517,1030,open("/sys/qemu_trace/process_name", O_RDWR) = 23
22:38:27.523351,1030,write(23, "com.arbstudios.tikigolf3dfree\0", 30) = 30
22:38:27.524057,1030,close(23) = 0
22:38:27.719550,1030,mmap2(NULL, 1048576, PROT_READ|PROT_WRITE, MAP_PRIVATE|MAP_ANONYMOUS|MAP_NORESERVE, -1, 0) = 0xace5e000
22:38:27.720561,1030,madvise(0xace5e000, 1048576, 0xc /* MADV_??? */) = -1 EINVAL (Invalid argument)
22:38:27.721139,1030,mprotect(0xace5e000, 4096, PROT_NONE) = 0
22:38:27.721659,1030,clone(child_stack=0xacf5df00, flags=CLONE_VM|CLONE_FS|CLONE_FILES|CLONE_SIGHAND|CLONE_THREAD|CLONE_SYSVSEM|0x400000) = 1044
22:38:27.724810,1030,writev(3, [{"\4", 1}, {"dalvikvm\0", 9}, {"Turning on JNI app bug workaroun"..., 63}], 3) = 73
22:38:27.729159,1044,set_tls(0xacf5df00, 0xb71b7aa8, 0xacf5dffc, 0x40, 0xacf5df00) = 0
22:38:27.729656,1044,setpriority(PRIO_PROCESS, 0, 0) = 0
22:38:27.730303,1044,futex(0xb6e5a0b0, FUTEX_WAKE_PRIVATE, 2147483647) = 0
22:38:27.730842,1044,gettid() = 1044
22:38:27.731302,1044,write(24, "1044", 4) = 4
22:38:27.732264,1044,prctl(PR_SET_NAME, 0xb71dafa0, 0, 0, 0) = 0
22:38:27.732837,1044,mmap2(NULL, 32768, PROT_READ|PROT_WRITE, MAP_PRIVATE|MAP_ANONYMOUS, -1, 0) = 0xace56000
22:38:27.737232,1044,madvise(0xace56000, 32768, 0xc /* MADV_??? */) = -1 EINVAL (Invalid argument)
22:38:27.738141,1044,gettid() = 1044
22:38:27.738945,1044,getpriority(PRIO_PROCESS, 0) = 20
22:38:27.739510,1044,gettid() = 1044
22:38:27.740308,1044,gettid() = 1044
22:38:27.740937,1044,getpid() = 1030
22:38:27.741414,1044,getuid32() = 10050
22:38:27.742065,1044,write(24, "1044", 4) = 4
22:38:27.742648,1044,ioctl(9, 0xc0186201, 0xacf5de28) = 0
22:38:27.743327,1044,mmap2(NULL, 1048576, PROT_READ|PROT_WRITE, MAP_PRIVATE|MAP_ANONYMOUS|MAP_NORESERVE, -1, 0) = 0xacd56000
22:38:27.743878,1044,madvise(0xacd56000, 1048576, 0xc /* MADV_??? */) = -1 EINVAL (Invalid argument)
22:38:27.744355,1044,mprotect(0xacd56000, 4096, PROT_NONE) = 0
22:38:27.745812,1044,clone( <unfinished ...>
22:38:27.757406,1030,prctl(PR_SET_NAME, 0xb71b174a, 0, 0, 0) = 0
22:38:27.759616,1044,<... clone resumed> child_stack=0xace55f00, flags=CLONE_VM|CLONE_FS|CLONE_FILES|CLONE_SIGHAND|CLONE_THREAD|CLONE_SYSVSEM|0x400000) = 1045
22:38:27.759993,1030,open("/sys/qemu_trace/process_name", O_RDWR <unfinished ...>
22:38:27.760455,1044,write(24, "1044", 4 <unfinished ...>
22:38:27.763112,1030,<... open resumed> ) = 23
22:38:27.764202,1044,<... write resumed> ) = 4
22:38:27.764508,1030,write(23, "<pre-initialized>\0", 18 <unfinished ...>
22:38:27.766207,1044,ioctl(9, 0xc0186201 <unfinished ...>
22:38:27.766506,1030,<... write resumed> ) = 18
22:38:27.766958,1030,close(23) = 0
22:38:27.768612,1030,futex(0xb6e5a0c0, FUTEX_WAKE_PRIVATE, 2147483647) = 0
22:38:27.769402,1030,pipe([23, 29]) = 0
22:38:27.770087,1030,fcntl64(23, F_SETFL, O_RDONLY|O_NONBLOCK) = 0
22:38:27.770623,1030,fcntl64(29, F_SETFL, O_RDONLY|O_NONBLOCK) = 0
22:38:27.771159,1030,epoll_create(0x8) = 30
22:38:27.771684,1030,epoll_ctl(0x1e, 0x1, 0x17, 0xbeb07300) = 0
22:38:27.786367,1045,set_tls(0xace55f00, 0xb71c03d8, 0xace55ffc, 0x40, 0xace55f00) = 0
22:38:27.786914,1045,setpriority(PRIO_PROCESS, 0, 0) = 0
22:38:27.787382,1045,gettid() = 1045
22:38:27.787899,1045,write(24, "1045", 4) = 4
22:38:27.788479,1045,prctl(PR_SET_NAME, 0xb71bf4b8, 0, 0, 0) = 0
22:38:27.789197,1045,mmap2(NULL, 32768, PROT_READ|PROT_WRITE, MAP_PRIVATE|MAP_ANONYMOUS, -1, 0) = 0xacd4e000
22:38:27.789681,1045,madvise(0xacd4e000, 32768, 0xc /* MADV_??? */) = -1 EINVAL (Invalid argument)
22:38:27.790223,1045,gettid() = 1045
22:38:27.790962,1045,getpriority(PRIO_PROCESS, 0) = 20
22:38:27.791591,1045,gettid() = 1045
22:38:27.792213,1045,gettid() = 1045
22:38:27.792671,1045,getpid() = 1030
22:38:27.793247,1045,getuid32() = 10050
22:38:27.793843,1045,write(24, "1045", 4) = 4
22:38:27.794361,1045,ioctl(9, 0xc0186201, 0xace55e28) = 0
22:38:27.794880,1045,write(24, "1045", 4) = 4
22:38:27.795384,1045,ioctl(9, 0xc0186201 <unfinished ...>
22:38:27.796536,1030,gettid() = 1030
22:38:27.806261,1030,getpid() = 1030
22:38:27.806874,1030,getuid32() = 10050
22:38:27.809550,1030,getpid() = 1030
22:38:27.810401,1030,gettid() = 1030
22:38:27.810912,1030,clock_gettime(CLOCK_MONOTONIC, {147, 805624216}) = 0
22:38:27.811459,1030,ioctl(9, 0xc0186201, 0xbeb071f0) = 0
22:38:27.812237,1030,clock_gettime(CLOCK_MONOTONIC, {147, 806949456}) = 0
22:38:27.814115,1030,getpid() = 1030
22:38:27.814633,1030,gettid() = 1030
22:38:27.815211,1030,clock_gettime(CLOCK_MONOTONIC, {147, 809925077}) = 0
22:38:27.826980,1030,ioctl(9, 0xc0186201, 0xbeb071f0) = 0
22:38:27.832211,1030,ioctl(9, 0xc0186201 <unfinished ...>
22:38:27.837591,1044,<... ioctl resumed> , 0xacf5de28) = 0
22:38:27.838412,1044,write(24, "1044", 4) = 4
22:38:27.839031,1044,getpriority(PRIO_PROCESS, 1044) = 20
22:38:27.858038,1044,clock_gettime(CLOCK_MONOTONIC, {147, 853824200}) = 0
22:38:27.860558,1044,clock_gettime(CLOCK_MONOTONIC, {147, 855702179}) = 0
22:38:27.886527,1044,write(24, "1044", 4) = 4
22:38:27.898115,1044,ioctl(9, 0xc0186201 <unfinished ...>
22:38:28.003243,1045,<... ioctl resumed> , 0xace55e28) = 0
22:38:28.003642,1045,write(24, "1045", 4) = 4
22:38:28.004218,1045,getpriority(PRIO_PROCESS, 1045) = 20
22:38:28.006401,1045,clock_gettime(CLOCK_MONOTONIC, {148, 1115374}) = 0
22:38:28.007063,1045,write(24, "1045", 4) = 4
22:38:28.007575,1045,ioctl(9, 0xc0186201 <unfinished ...>
22:38:28.553818,1044,<... ioctl resumed> , 0xacf5de28) = 0
22:38:28.554361,1044,write(24, "1044", 4) = 4
22:38:28.554955,1044,getpriority(PRIO_PROCESS, 1044) = 20
22:38:28.627742,1044,clock_gettime(CLOCK_MONOTONIC, {148, 622539081}) = 0
22:38:28.628535,1044,write(24, "1044", 4) = 4
22:38:28.629229,1044,ioctl(9, 0xc0186201 <unfinished ...>
22:38:28.664822,1030,<... ioctl resumed> , 0xbeb071f0) = 0
22:38:28.665440,1030,clock_gettime(CLOCK_MONOTONIC, {148, 660398797}) = 0
22:38:28.666395,1030,getpid() = 1030
22:38:28.675902,1030,open("/proc/1030/cmdline", O_RDONLY) = 31
22:38:28.677187,1030,fstat64(31, {st_mode=S_IFREG|0444, st_size=0, ...}) = 0
22:38:28.678817,1030,mprotect(0xb64ff000, 4096, PROT_READ|PROT_WRITE) = 0
22:38:28.679345,1030,mprotect(0xb64ff000, 4096, PROT_READ) = 0
22:38:28.679866,1030,read(31, "<pre-initialized>\0\0\0\0\0\0\0\0\0\0\0\0\0\0\0"..., 1024) = 76
22:38:28.680892,1030,close(31) = 0
22:38:28.681765,1030,ioctl(9, 0xc0186201, 0xbeb06110) = 0
22:38:28.682796,1030,ioctl(9, 0xc0186201, 0xbeb06110) = 0
22:38:28.683361,1030,writev(5, [{"$Ë\0\0", 4}, {"\3\5\2\34\0\0\0android.app.IActivityMana"..., 73}], 2) = 77
22:38:28.685555,1030,mprotect(0xb15b8000, 8192, PROT_READ|PROT_WRITE) = 0
22:38:28.699843,1030,getpid() = 1030
22:38:28.700398,1030,getuid32() = 10050
22:38:28.701349,1030,getpid() = 1030
22:38:28.701858,1030,getuid32() = 10050
22:38:28.705477,1030,epoll_wait(0x1e, 0xbeb071f8, 0x10, 0) = 0
22:38:28.736853,1030,clock_gettime(CLOCK_MONOTONIC, {148, 732715797}) = 0
22:38:28.742880,1030,open("/sys/kernel/debug/tracing/trace_marker", O_WRONLY) = -1 ENOENT (No such file or directory)
22:38:28.747963,1030,writev(3, [{"\6", 1}, {"Trace\0", 6}, {"error opening trace file: No suc"..., 56}], 3) = 63
22:38:28.750160,1030,getpid() = 1030
22:38:28.750736,1030,getuid32() = 10050
22:38:28.751408,1030,epoll_wait(0x1e, 0xbeb071f8, 0x10, 0) = 0
22:38:28.752001,1030,clock_gettime(CLOCK_MONOTONIC, {148, 746713834}) = 0
22:38:28.753345,1030,prctl(PR_SET_NAME, 0xb71f87e6, 0, 0, 0) = 0
22:38:28.755463,1030,open("/sys/qemu_trace/process_name", O_RDWR) = 31
22:38:28.767340,1030,write(31, "com.arbstudios.tikigolf3dfree\0", 30) = 30
22:38:28.768215,1030,close(31) = 0
22:38:28.772690,1030,ioctl(9, 0xc0186201, 0xbeb070c8) = 0
22:38:28.773668,1030,ioctl(9, 0xc0186201, 0xbeb07108) = 0
22:38:28.774481,1030,ioctl(9, 0xc0186201, 0xbeb07108) = 0
22:38:28.775347,1030,ioctl(9, 0xc0186201, 0xbeb070c8) = 0
22:38:28.776181,1030,ioctl(9, 0xc0186201, 0xbeb070c8) = 0
22:38:28.788297,1030,dup(31) = 32
22:38:28.788906,1030,mmap2(NULL, 4096, PROT_READ, MAP_SHARED, 32, 0) = 0xacd4d000
22:38:28.789960,1030,close(31) = 0
22:38:28.790459,1030,dup(32) = 31
22:38:28.791724,1030,getpid() = 1030
22:38:28.792271,1030,gettid() = 1030
22:38:28.792810,1030,clock_gettime(CLOCK_MONOTONIC, {148, 787530607}) = 0
22:38:28.793381,1030,ioctl(9, 0xc0186201, 0xbeb071f0) = 0
22:38:28.794842,1030,ioctl(9, 0xc0186201, 0xbeb071f0) = 0
22:38:28.795419,1030,clock_gettime(CLOCK_MONOTONIC, {148, 790131704}) = 0
22:38:28.822452,1030,getuid32() = 10050
22:38:28.826871,1030,stat64("/system/framework/framework-res.apk", {st_mode=S_IFREG|0644, st_size=8749696, ...}) = 0
22:38:28.830262,1030,access("/vendor/overlay/framework/framework-res.apk", R_OK) = -1 ENOENT (No such file or directory)
22:38:28.833499,1030,stat64("/data/app/com.arbstudios.tikigolf3dfree-1.apk", {st_mode=S_IFREG|0644, st_size=11743532, ...}) = 0
22:38:28.838530,1030,stat64("/system/framework/framework-res.apk", {st_mode=S_IFREG|0644, st_size=8749696, ...}) = 0
22:38:28.839991,1030,stat64("/data/app/com.arbstudios.tikigolf3dfree-1.apk", {st_mode=S_IFREG|0644, st_size=11743532, ...}) = 0
22:38:28.841649,1030,open("/data/app/com.arbstudios.tikigolf3dfree-1.apk", O_RDONLY) = 33
22:38:28.842557,1030,_llseek(33, 0, [11743532], SEEK_END) = 0
22:38:28.843378,1030,mmap2(NULL, 69632, PROT_READ|PROT_WRITE, MAP_PRIVATE|MAP_ANONYMOUS, -1, 0) = 0xacd3c000
22:38:28.844012,1030,madvise(0xacd3c000, 69632, 0xc /* MADV_??? */) = -1 EINVAL (Invalid argument)
22:38:28.844617,1030,_llseek(33, 0, [0], SEEK_SET) = 0
22:38:28.845423,1030,read(33, "PK\3\4", 4) = 4
22:38:28.857977,1030,_llseek(33, 11677975, [11677975], SEEK_SET) = 0
22:38:28.858570,1030,read(33, "}|¨ØbyÅW±õP\207Ma×\221Q-\\\33\202A\202\233â\2î\204\217 .$"..., 65557) = 65557
22:38:28.859827,1030,munmap(0xacd3c000, 69632) = 0
22:38:28.860377,1030,mmap2(NULL, 16662, PROT_READ, MAP_SHARED, 33, 0xb2f) = 0xacd48000
22:38:28.861359,1030,pread(33, "PK\3\4\n\0\0\0\0\0s\212\204@\215fPE\f\f\0\0\f\f\0\0\16\0\3\0", 30, 42995633405034496) = 30
22:38:28.862476,1030,mmap2(NULL, 3208, PROT_READ, MAP_SHARED, 33, 0x98c) = 0xacd47000
22:38:28.863647,1030,gettimeofday({1741387108, 863894}, NULL) = 0
22:38:28.864915,1030,access("/data/data/com.arbstudios.tikigolf3dfree/cache", F_OK) = -1 ENOENT (No such file or directory)
22:38:28.879293,1030,access("/data/data/com.arbstudios.tikigolf3dfree/cache", F_OK) = -1 ENOENT (No such file or directory)
22:38:28.881297,1030,mkdir("/data/data/com.arbstudios.tikigolf3dfree/cache", 0700) = 0
22:38:28.883614,1030,chmod("/data/data/com.arbstudios.tikigolf3dfree/cache", 0771) = 0
22:38:28.884895,1030,getuid32() = 10050
22:38:28.885488,1030,getuid32() = 10050
22:38:28.892081,1030,getpid() = 1030
22:38:28.896051,1030,gettid() = 1030
22:38:28.896567,1030,clock_gettime(CLOCK_MONOTONIC, {148, 891338751}) = 0
22:38:28.897252,1030,ioctl(9, 0xc0186201, 0xbeb071f0) = 0
22:38:28.898974,1030,clock_gettime(CLOCK_MONOTONIC, {148, 893693027}) = 0
22:38:28.901121,1030,access("/data/data/com.arbstudios.tikigolf3dfree/cache/com.android.renderscript.cache", F_OK) = -1 ENOENT (No such file or directory)
22:38:28.902436,1030,mkdir("/data/data/com.arbstudios.tikigolf3dfree/cache/com.android.renderscript.cache", 0700) = 0
22:38:28.904062,1030,getpid() = 1030
22:38:28.904540,1030,gettid() = 1030
22:38:28.905139,1030,clock_gettime(CLOCK_MONOTONIC, {148, 899852071}) = 0
22:38:28.917344,1030,ioctl(9, 0xc0186201, 0xbeb071f0) = 0
22:38:28.919626,1030,clock_gettime(CLOCK_MONOTONIC, {148, 914567829}) = 0
22:38:28.921336,1030,getpid() = 1030
22:38:28.922397,1030,gettid() = 1030
22:38:28.923150,1030,clock_gettime(CLOCK_MONOTONIC, {148, 917915585}) = 0
22:38:28.923855,1030,ioctl(9, 0xc0186201, 0xbeb071f0) = 0
22:38:28.925241,1030,ioctl(9, 0xc0186201, 0xbeb071f0) = 0
22:38:28.926224,1030,clock_gettime(CLOCK_MONOTONIC, {148, 920976711}) = 0
22:38:28.938825,1030,writev(3, [{"\5", 1}, {"DroidBox\0", 9}, {"DroidBox: { \"DexClassLoader\": { "..., 92}], 3) = 102
22:38:28.941536,1030,access("/data/app/com.arbstudios.tikigolf3dfree-1.apk", F_OK) = 0
22:38:28.942425,1030,access("/data/app/com.arbstudios.tikigolf3dfree-1.apk", R_OK) = 0
22:38:28.944073,1030,stat64("/data/app/com.arbstudios.tikigolf3dfree-1.apk", {st_mode=S_IFREG|0644, st_size=11743532, ...}) = 0
22:38:28.947382,1030,open("/data/app/com.arbstudios.tikigolf3dfree-1.apk", O_RDONLY) = 34
22:38:28.948380,1030,fstat64(34, {st_mode=S_IFREG|0644, st_size=11743532, ...}) = 0
22:38:28.950489,1030,fstat64(34, {st_mode=S_IFREG|0644, st_size=11743532, ...}) = 0
22:38:28.951807,1030,_llseek(34, 11743510, [11743510], SEEK_SET) = 0
22:38:28.952537,1030,read(34, "PK\5\6", 4) = 4
22:38:28.954140,1030,fgetxattr(34, "user.taint", 0xbeb07484, 4) = -1 ENODATA (No data available)
22:38:28.955992,1030,clock_gettime(CLOCK_MONOTONIC, {148, 950723274}) = 0
22:38:28.965938,1030,getpid() = 1030
22:38:28.976226,1030,readlink("/proc/1030/fd/34", "/data/app/com.arbstudios.tikigolf3dfree-1.apk"..., 120) = 45
22:38:28.978490,1030,read(34, "\0\0\0\0±\0±\0|4\0\0\232ü²\0\0\0", 18) = 18
22:38:28.979270,1030,fgetxattr(34, "user.taint", 0xbeb07484, 4) = -1 ENODATA (No data available)
22:38:28.980972,1030,clock_gettime(CLOCK_MONOTONIC, {148, 975703873}) = 0
22:38:28.981634,1030,getpid() = 1030
22:38:28.982219,1030,readlink("/proc/1030/fd/34", "/data/app/com.arbstudios.tikigolf3dfree-1.apk"..., 120) = 45
22:38:28.983381,1030,fstat64(34, {st_mode=S_IFREG|0644, st_size=11743532, ...}) = 0
22:38:28.984614,1030,_llseek(34, 11730074, [11730074], SEEK_SET) = 0
22:38:28.985338,1030,read(34, "PK\1\2\24\0\24\0\10\0\10\0v\212\204@³±\2319I\2\0\0³\24\0\0\30\0\4\0"..., 4096) = 4096
22:38:28.996455,1030,fgetxattr(34, "user.taint", 0xbeb07484, 4) = -1 ENODATA (No data available)
22:38:28.998035,1030,clock_gettime(CLOCK_MONOTONIC, {148, 992753859}) = 0
22:38:28.998622,1030,getpid() = 1030
22:38:28.999168,1030,readlink("/proc/1030/fd/34", "/data/app/com.arbstudios.tikigolf3dfree-1.apk"..., 120) = 45
22:38:29.018624,1030,_llseek(34, 11734170, [11734170], SEEK_SET) = 0
22:38:29.020501,1030,read(34, "ets/tikigolf_loopdeloop.AXXPK\1\2\24"..., 4096) = 4096
22:38:29.025292,1030,fgetxattr(34, "user.taint", 0xbeb07484, 4) = -1 ENODATA (No data available)
22:38:29.037983,1030,clock_gettime(CLOCK_MONOTONIC, {149, 32832351}) = 0
22:38:29.040514,1030,getpid() = 1030
22:38:29.042326,1030,readlink("/proc/1030/fd/34", "/data/app/com.arbstudios.tikigolf3dfree-1.apk"..., 120) = 45
22:38:29.061566,1030,_llseek(34, 11738266, [11738266], SEEK_SET) = 0
22:38:29.062372,1030,read(34, "\0\0\0\0\0\207ãX\0assets/Images/NC_Tiki.j"..., 4096) = 4096
22:38:29.063248,1030,fgetxattr(34, "user.taint", 0xbeb07484, 4) = -1 ENODATA (No data available)
22:38:29.065115,1030,clock_gettime(CLOCK_MONOTONIC, {149, 59862184}) = 0
22:38:29.076904,1030,getpid() = 1030
22:38:29.078071,1030,readlink("/proc/1030/fd/34", "/data/app/com.arbstudios.tikigolf3dfree-1.apk"..., 120) = 45
22:38:29.117033,1030,_llseek(34, 11742362, [11742362], SEEK_SET) = 0
22:38:29.117858,1030,read(34, "\204@²DØ\205°'\5\0\30\3\21\0\22\0\0\0\0\0\0\0\0\0\0\0\0\0Iw\223\0"..., 1170) = 1170
22:38:29.118669,1030,fgetxattr(34, "user.taint", 0xbeb07484, 4) = -1 ENODATA (No data available)
22:38:29.120231,1030,clock_gettime(CLOCK_MONOTONIC, {149, 114963779}) = 0
22:38:29.120908,1030,getpid() = 1030
22:38:29.121452,1030,readlink("/proc/1030/fd/34", "/data/app/com.arbstudios.tikigolf3dfree-1.apk"..., 120) = 45
22:38:29.125446,1030,open("/data/app/com.arbstudios.tikigolf3dfree-1.apk", O_RDONLY) = 35
22:38:29.138413,1030,lseek(35, 0, SEEK_END) = 11743532
22:38:29.139104,1030,mmap2(NULL, 69632, PROT_READ|PROT_WRITE, MAP_PRIVATE|MAP_ANONYMOUS, -1, 0) = 0xacd36000
22:38:29.139788,1030,madvise(0xacd36000, 69632, 0xc /* MADV_??? */) = -1 EINVAL (Invalid argument)
22:38:29.140436,1030,lseek(35, 11677975, SEEK_SET) = 11677975
22:38:29.141177,1030,read(35, "}|¨ØbyÅW±õP\207Ma×\221Q-\\\33\202A\202\233â\2î\204\217 .$"..., 65557) = 65557
22:38:29.142918,1030,mmap2(NULL, 16662, PROT_READ, MAP_SHARED, 35, 0xb2f) = 0xacd31000
22:38:29.143487,1030,munmap(0xacd36000, 69632) = 0
22:38:29.144457,1030,fcntl64(35, F_GETFD) = 0
22:38:29.145115,1030,fcntl64(35, F_SETFD, FD_CLOEXEC) = 0
22:38:29.145683,1030,open("/data/app/com.arbstudios.tikigolf3dfree-1.odex", O_RDONLY) = -1 ENOENT (No such file or directory)
22:38:29.197448,1030,open("/data/dalvik-cache/data@app@com.arbstudios.tikigolf3dfree-1.apk@classes.dex", O_RDWR|O_CREAT, 0644) = -1 EACCES (Permission denied)
22:38:29.198811,1030,open("/data/dalvik-cache/data@app@com.arbstudios.tikigolf3dfree-1.apk@classes.dex", O_RDONLY) = 36
22:38:29.199887,1030,flock(36, LOCK_EX|LOCK_NB) = 0
22:38:29.200841,1030,fstat64(36, {st_mode=S_IFREG|0644, st_size=1257584, ...}) = 0
22:38:29.202017,1030,stat64("/data/dalvik-cache/data@app@com.arbstudios.tikigolf3dfree-1.apk@classes.dex", {st_mode=S_IFREG|0644, st_size=1257584, ...}) = 0
22:38:29.203511,1030,lseek(36, 0, SEEK_SET) = 0
22:38:29.204110,1030,read(36, "dey\n036\0(\0\0\0XÎ\22\0\200Î\22\0Ö\1\0\0XÐ\22\0\30`\0\0"..., 40) = 40
22:38:29.205036,1030,lseek(36, 1232512, SEEK_SET) = 1232512
22:38:29.205574,1030,read(36, "v\212\204@ì´OÑ\34\0\0\0\10\0\0\0\34\0\0\0/system/fram"..., 470) = 470
22:38:29.206661,1030,lseek(36, 0, SEEK_SET) = 0
22:38:29.207193,1030,lseek(36, 0, SEEK_CUR) = 0
22:38:29.207660,1030,lseek(36, 0, SEEK_END) = 1257584
22:38:29.216462,1030,lseek(36, 0, SEEK_SET) = 0
22:38:29.228375,1030,mmap2(NULL, 1257584, PROT_READ|PROT_WRITE, MAP_PRIVATE, 36, 0) = 0xacbfd000
22:38:29.229037,1030,madvise(0xacbfd000, 1257584, 0xc /* MADV_??? */) = -1 EINVAL (Invalid argument)
22:38:29.229573,1030,mprotect(0xacbfd000, 1257584, PROT_READ) = 0
22:38:29.230318,1030,open("/dev/ashmem", O_RDWR) = 37
22:38:29.231072,1030,ioctl(37, 0x41007701, 0xbeb07254) = 0
22:38:29.231555,1030,ioctl(37, 0x40047703, 0x18000) = 0
22:38:29.232123,1030,mmap2(NULL, 98304, PROT_READ|PROT_WRITE, MAP_PRIVATE, 37, 0) = 0xacbe5000
22:38:29.232805,1030,madvise(0xacbe5000, 98304, 0xc /* MADV_??? */) = -1 EINVAL (Invalid argument)
22:38:29.233350,1030,close(37) = 0
22:38:29.234101,1030,flock(36, LOCK_UN) = 0
22:38:29.234674,1030,close(36) = 0
22:38:29.236160,1030,access("/data/data/com.arbstudios.tikigolf3dfree/lib", F_OK) = 0
22:38:29.249011,1030,access("/data/data/com.arbstudios.tikigolf3dfree/lib", R_OK) = 0
22:38:29.250146,1030,stat64("/data/data/com.arbstudios.tikigolf3dfree/lib", {st_mode=S_IFDIR|0755, st_size=4096, ...}) = 0
22:38:29.252335,1030,access("/vendor/lib", F_OK) = -1 ENOENT (No such file or directory)
22:38:29.253329,1030,access("/system/lib", F_OK) = 0
22:38:29.254398,1030,access("/system/lib", R_OK) = 0
22:38:29.255534,1030,stat64("/system/lib", {st_mode=S_IFDIR|0755, st_size=8192, ...}) = 0
22:38:29.269616,1030,getuid32() = 10050
22:38:29.270507,1030,getpid() = 1030
22:38:29.271087,1030,gettid() = 1030
22:38:29.271630,1030,clock_gettime(CLOCK_MONOTONIC, {149, 266380838}) = 0
22:38:29.272422,1030,ioctl(9, 0xc0186201, 0xbeb071f0) = 0
22:38:29.288204,1030,clock_gettime(CLOCK_MONOTONIC, {149, 283051987}) = 0
22:38:29.291983,1030,gettimeofday({1741387109, 292258}, NULL) = 0
22:38:29.293385,1030,getpid() = 1030
22:38:29.293931,1030,getuid32() = 10050
22:38:29.294455,1030,epoll_wait(0x1e, 0xbeb071f8, 0x10, 0) = 0
22:38:29.295013,1030,clock_gettime(CLOCK_MONOTONIC, {149, 289730904}) = 0
22:38:29.296013,1030,getpid() = 1030
22:38:29.296510,1030,gettid() = 1030
22:38:29.306790,1030,clock_gettime(CLOCK_MONOTONIC, {149, 301512553}) = 0
22:38:29.307386,1030,ioctl(9, 0xc0186201, 0xbeb071f0) = 0
22:38:29.308601,1030,ioctl(9, 0xc0186201, 0xbeb071f0) = 0
22:38:29.309487,1030,clock_gettime(CLOCK_MONOTONIC, {149, 304200410}) = 0
22:38:29.311087,1030,getpid() = 1030
22:38:29.311600,1030,getuid32() = 10050
22:38:29.312217,1030,epoll_wait(0x1e, 0xbeb071f8, 0x10, 0) = 0
22:38:29.312815,1030,clock_gettime(CLOCK_MONOTONIC, {149, 307526035}) = 0
22:38:29.313440,1030,stat64("/system/framework/framework-res.apk", {st_mode=S_IFREG|0644, st_size=8749696, ...}) = 0
22:38:29.315134,1030,stat64("/data/app/com.arbstudios.tikigolf3dfree-1.apk", {st_mode=S_IFREG|0644, st_size=11743532, ...}) = 0
22:38:29.328274,1030,mprotect(0xb15b9000, 8192, PROT_READ|PROT_WRITE) = 0
22:38:29.334360,1030,gettimeofday({1741387109, 334538}, NULL) = 0
22:38:29.335347,1030,getuid32() = 10050
22:38:29.336406,1030,stat64("/system/framework/framework-res.apk", {st_mode=S_IFREG|0644, st_size=8749696, ...}) = 0
22:38:29.337844,1030,stat64("/data/app/com.arbstudios.tikigolf3dfree-1.apk", {st_mode=S_IFREG|0644, st_size=11743532, ...}) = 0
22:38:29.343411,1030,writev(3, [{"\4", 1}, {"AX\0", 3}, {"OnCreate() 2.0.0.1\0", 19}], 3) = 23
22:38:29.344565,1030,getuid32() = 10050
22:38:29.345382,1030,getpid() = 1030
22:38:29.345941,1030,gettid() = 1030
22:38:29.346415,1030,clock_gettime(CLOCK_MONOTONIC, {149, 351292904}) = 0
22:38:29.357327,1030,ioctl(9, 0xc0186201, 0xbeb071f0) = 0
22:38:29.361975,1030,ioctl(9, 0xc0186201, 0xbeb071f0) = 0
22:38:29.362685,1030,clock_gettime(CLOCK_MONOTONIC, {149, 357444698}) = 0
22:38:29.370892,1030,getpid() = 1030
22:38:29.371406,1030,gettid() = 1030
22:38:29.371914,1030,clock_gettime(CLOCK_MONOTONIC, {149, 366625186}) = 0
22:38:29.372456,1030,ioctl(9, 0xc0186201, 0xbeb071f0) = 0
22:38:29.373444,1030,clock_gettime(CLOCK_MONOTONIC, {149, 368157309}) = 0
22:38:29.375191,1030,getpid() = 1030
22:38:29.385671,1030,gettid() = 1030
22:38:29.386300,1030,clock_gettime(CLOCK_MONOTONIC, {149, 381097187}) = 0
22:38:29.387082,1030,ioctl(9, 0xc0186201, 0xbeb071f0) = 0
22:38:29.388983,1030,ioctl(9, 0xc0186201, 0xbeb071f0) = 0
22:38:29.389496,1030,clock_gettime(CLOCK_MONOTONIC, {149, 384207360}) = 0
22:38:29.393945,1030,mprotect(0xb15ba000, 8192, PROT_READ|PROT_WRITE) = 0
22:38:29.417456,1030,mprotect(0xb15bb000, 8192, PROT_READ|PROT_WRITE) = 0
22:38:29.422637,1030,getpid() = 1030
22:38:29.423182,1030,gettid() = 1030
22:38:29.423649,1030,clock_gettime(CLOCK_MONOTONIC, {149, 418401631}) = 0
22:38:29.424238,1030,ioctl(9, 0xc0186201, 0xbeb071f0) = 0
22:38:29.425542,1030,clock_gettime(CLOCK_MONOTONIC, {149, 420291859}) = 0
22:38:29.426398,1030,getpid() = 1030
22:38:29.436429,1030,gettid() = 1030
22:38:29.436980,1030,clock_gettime(CLOCK_MONOTONIC, {149, 431691510}) = 0
22:38:29.437594,1030,ioctl(9, 0xc0186201, 0xbeb071f0) = 0
22:38:29.438875,1030,ioctl(9, 0xc0186201, 0xbeb071f0) = 0
22:38:29.439382,1030,clock_gettime(CLOCK_MONOTONIC, {149, 434093294}) = 0
22:38:29.444170,1030,getpid() = 1030
22:38:29.444768,1030,gettid() = 1030
22:38:29.445491,1030,clock_gettime(CLOCK_MONOTONIC, {149, 440205569}) = 0
22:38:29.446084,1030,ioctl(9, 0xc0186201, 0xbeb071f0) = 0
22:38:29.446848,1030,clock_gettime(CLOCK_MONOTONIC, {149, 441559826}) = 0
22:38:29.448069,1030,getpid() = 1030
22:38:29.455984,1030,gettid() = 1030
22:38:29.456585,1030,clock_gettime(CLOCK_MONOTONIC, {149, 451363230}) = 0
22:38:29.457329,1030,ioctl(9, 0xc0186201, 0xbeb071f0) = 0
22:38:29.458894,1030,ioctl(9, 0xc0186201, 0xbeb071f0) = 0
22:38:29.459462,1030,clock_gettime(CLOCK_MONOTONIC, {149, 454181760}) = 0
22:38:29.462031,1030,mprotect(0xb15bc000, 8192, PROT_READ|PROT_WRITE) = 0
22:38:29.463574,1030,writev(3, [{"\6", 1}, {"AX\0", 3}, {"DEVICE ORI:1\0", 13}], 3) = 17
22:38:29.465879,1030,access("/vendor/lib/libsoundpool.so", F_OK) = -1 ENOENT (No such file or directory)
22:38:29.466886,1030,access("/system/lib/libsoundpool.so", F_OK) = 0
22:38:29.468039,1030,stat64("/system/lib/libsoundpool.so", {st_mode=S_IFREG|0644, st_size=9600, ...}) = 0
22:38:29.489860,1030,open("/system/lib/libsoundpool.so", O_RDONLY) = 36
22:38:29.490667,1030,lseek(36, 0, SEEK_SET) = 0
22:38:29.491182,1030,read(36, "\177ELF\1\1\1\0\0\0\0\0\0\0\0\0\3\0(\0\1\0\0\0\0\0\0\0004\0\0\0"..., 4096) = 4096
22:38:29.492212,1030,lseek(36, -8, SEEK_END) = 9592
22:38:29.492731,1030,read(36, "\1\0\0\0\0\0\0\0", 8) = 8
22:38:29.493530,1030,mmap2(NULL, 16384, PROT_NONE, MAP_PRIVATE|MAP_ANONYMOUS, -1, 0) = 0xb0e86000
22:38:29.494133,1030,madvise(0xb0e86000, 16384, 0xc /* MADV_??? */) = -1 EINVAL (Invalid argument)
22:38:29.494647,1030,mmap2(0xb0e86000, 5222, PROT_READ|PROT_EXEC, MAP_PRIVATE|MAP_FIXED, 36, 0) = 0xb0e86000
22:38:29.495261,1030,madvise(0xb0e86000, 5222, 0xc /* MADV_??? */) = -1 EINVAL (Invalid argument)
22:38:29.495798,1030,mprotect(0xb0e86000, 8192, PROT_READ|PROT_WRITE|PROT_EXEC) = 0
22:38:29.496314,1030,mmap2(0xb0e88000, 4276, PROT_READ|PROT_WRITE, MAP_PRIVATE|MAP_FIXED, 36, 0x1) = 0xb0e88000
22:38:29.496900,1030,madvise(0xb0e88000, 4276, 0xc /* MADV_??? */) = -1 EINVAL (Invalid argument)
22:38:29.506957,1030,close(36) = 0
22:38:29.509275,1030,mprotect(0xb0e86000, 8192, PROT_READ|PROT_EXEC) = 0
22:38:29.510009,1030,mprotect(0xb0e88000, 4096, PROT_READ) = 0
22:38:29.511121,1030,futex(0xb71b9b50, FUTEX_WAKE_PRIVATE, 2147483647) = 0
22:38:29.512076,1030,mmap2(NULL, 1048576, PROT_READ|PROT_WRITE, MAP_PRIVATE|MAP_ANONYMOUS|MAP_NORESERVE, -1, 0) = 0xacae5000
22:38:29.512716,1030,madvise(0xacae5000, 1048576, 0xc /* MADV_??? */) = -1 EINVAL (Invalid argument)
22:38:29.513577,1030,mprotect(0xacae5000, 4096, PROT_NONE) = 0
22:38:29.514198,1030,clone(child_stack=0xacbe4f00, flags=CLONE_VM|CLONE_FS|CLONE_FILES|CLONE_SIGHAND|CLONE_THREAD|CLONE_SYSVSEM|0x400000) = 1049
22:38:29.516400,1030,mmap2(NULL, 1048576, PROT_READ|PROT_WRITE, MAP_PRIVATE|MAP_ANONYMOUS|MAP_NORESERVE, -1, 0) = 0xac9e5000
22:38:29.529655,1030,madvise(0xac9e5000, 1048576, 0xc /* MADV_??? */) = -1 EINVAL (Invalid argument)
22:38:29.530203,1030,mprotect(0xac9e5000, 4096, PROT_NONE) = 0
22:38:29.530779,1030,clone(child_stack=0xacae4f00, flags=CLONE_VM|CLONE_FS|CLONE_FILES|CLONE_SIGHAND|CLONE_THREAD|CLONE_SYSVSEM|0x400000) = 1050
22:38:29.537538,1049,set_tls(0xacbe4f00, 0xb71dd2f8, 0xacbe4ffc, 0x40, 0xacbe4f00) = 0
22:38:29.538155,1049,setpriority(PRIO_PROCESS, 0, 0) = 0
22:38:29.538613,1049,gettid() = 1049
22:38:29.539121,1049,write(24, "1049", 4) = 4
22:38:29.539651,1049,prctl(PR_SET_NAME, 0xb70fa550, 0, 0, 0) = 0
22:38:29.540257,1049,mmap2(NULL, 32768, PROT_READ|PROT_WRITE, MAP_PRIVATE|MAP_ANONYMOUS, -1, 0) = 0xacd3f000
22:38:29.540871,1049,madvise(0xacd3f000, 32768, 0xc /* MADV_??? */) = -1 EINVAL (Invalid argument)
22:38:29.541537,1049,gettid() = 1049
22:38:29.542205,1049,getpriority(PRIO_PROCESS, 0) = 20
22:38:29.542800,1049,futex(0xb71d2e20, FUTEX_WAIT_PRIVATE, 0, NULL <unfinished ...>
22:38:29.543735,1050,set_tls(0xacae4f00, 0xb71e08a0, 0xacae4ffc, 0x40, 0xacae4f00) = 0
22:38:29.544229,1050,setpriority(PRIO_PROCESS, 0, 0) = 0
22:38:29.544766,1050,gettid() = 1050
22:38:29.545310,1050,write(24, "1050", 4) = 4
22:38:29.545911,1050,prctl(PR_SET_NAME, 0xb71e0888, 0, 0, 0) = 0
22:38:29.556943,1030,mprotect(0xb15bd000, 8192, PROT_READ|PROT_WRITE <unfinished ...>
22:38:29.557531,1050,mmap2(NULL, 32768, PROT_READ|PROT_WRITE, MAP_PRIVATE|MAP_ANONYMOUS, -1, 0) = 0xacd37000
22:38:29.558238,1050,madvise(0xacd37000, 32768, 0xc /* MADV_??? */) = -1 EINVAL (Invalid argument)
22:38:29.558731,1050,gettid() = 1050
22:38:29.559679,1050,getpriority(PRIO_PROCESS, 0) = 20
22:38:29.560364,1050,futex(0xb71d2e8c, FUTEX_WAIT_PRIVATE, 0, NULL <unfinished ...>
22:38:29.560717,1030,<... mprotect resumed> ) = 0
22:38:29.561765,1030,mmap2(NULL, 32768, PROT_READ|PROT_WRITE, MAP_PRIVATE|MAP_ANONYMOUS, -1, 0) = 0xac9dd000
22:38:29.562383,1030,madvise(0xac9dd000, 32768, 0xc /* MADV_??? */) = -1 EINVAL (Invalid argument)
22:38:29.562948,1030,mmap2(NULL, 1048576, PROT_READ|PROT_WRITE, MAP_PRIVATE|MAP_ANONYMOUS|MAP_NORESERVE, -1, 0) = 0xac8dd000
22:38:29.563482,1030,madvise(0xac8dd000, 1048576, 0xc /* MADV_??? */) = -1 EINVAL (Invalid argument)
22:38:29.564028,1030,mprotect(0xac8dd000, 4096, PROT_NONE) = 0
22:38:29.564586,1030,clone(child_stack=0xac9dcf00, flags=CLONE_VM|CLONE_FS|CLONE_FILES|CLONE_SIGHAND|CLONE_THREAD|CLONE_SYSVSEM|0x400000) = 1051
22:38:29.567163,1030,futex(0xb6816580, FUTEX_WAIT_PRIVATE, -342, NULL <unfinished ...>
22:38:29.567640,1051,set_tls(0xac9dcf00, 0xb71dfe18, 0xac9dcffc, 0x40, 0xac9dcf00) = 0
22:38:29.568215,1051,prctl(PR_SET_NAME, 0xac9dce8c, 0, 0, 0) = 0
22:38:29.568776,1051,gettid() = 1051
22:38:29.569295,1051,futex(0xb6816580, FUTEX_WAKE_PRIVATE, 2147483647 <unfinished ...>
22:38:29.569635,1030,<... futex resumed> ) = 0
22:38:29.570040,1030,futex(0xb681657c, FUTEX_WAIT_PRIVATE, 2, NULL <unfinished ...>
22:38:29.570475,1051,<... futex resumed> ) = 1
22:38:29.570824,1051,futex(0xb681657c, FUTEX_WAKE_PRIVATE, 1 <unfinished ...>
22:38:29.571120,1030,<... futex resumed> ) = 0
22:38:29.571428,1030,futex(0xb681657c, FUTEX_WAKE_PRIVATE, 1) = 0
22:38:29.572089,1030,futex(0xb6816580, FUTEX_WAKE_PRIVATE, 2147483647) = 0
22:38:29.573604,1030,ioctl(9, 0xc0186201, 0xbeb07108) = 0
22:38:29.574778,1030,ioctl(9, 0xc0186201, 0xbeb07298) = 0
22:38:29.575336,1030,ioctl(9, 0xc0186201, 0xbeb07120) = 0
22:38:29.576165,1030,ioctl(9, 0xc0186201, 0xbeb07120) = 0
22:38:29.579010,1051,<... futex resumed> ) = 1
22:38:29.579328,1051,futex(0xb6816580, FUTEX_WAIT_PRIVATE, -344, NULL) = -1 EAGAIN (Try again)
22:38:29.580582,1051,getpriority(PRIO_PROCESS, 1051) = 20
22:38:29.581239,1051,setpriority(PRIO_PROCESS, 1051, 0) = 0
22:38:29.581854,1051,futex(0xb68165f4, FUTEX_WAIT_PRIVATE, 2, NULL <unfinished ...>
22:38:29.582524,1030,futex(0xb68165f4, FUTEX_WAKE_PRIVATE, 1 <unfinished ...>
22:38:29.582838,1051,<... futex resumed> ) = 0
22:38:29.583120,1051,futex(0xb68165f4, FUTEX_WAKE_PRIVATE, 1) = 0
22:38:29.583991,1051,futex(0xb7211258, FUTEX_WAIT_PRIVATE, 0, NULL <unfinished ...>
22:38:29.584281,1030,<... futex resumed> ) = 1
22:38:29.595780,1030,mprotect(0xb15be000, 8192, PROT_READ|PROT_WRITE) = 0
22:38:29.607252,1030,mmap2(NULL, 32768, PROT_READ|PROT_WRITE, MAP_PRIVATE|MAP_ANONYMOUS, -1, 0) = 0xac8d5000
22:38:29.607957,1030,madvise(0xac8d5000, 32768, 0xc /* MADV_??? */) = -1 EINVAL (Invalid argument)
22:38:29.608523,1030,mmap2(NULL, 1048576, PROT_READ|PROT_WRITE, MAP_PRIVATE|MAP_ANONYMOUS|MAP_NORESERVE, -1, 0) = 0xac7d5000
22:38:29.609359,1030,madvise(0xac7d5000, 1048576, 0xc /* MADV_??? */) = -1 EINVAL (Invalid argument)
22:38:29.609898,1030,mprotect(0xac7d5000, 4096, PROT_NONE) = 0
22:38:29.610467,1030,clone(child_stack=0xac8d4f00, flags=CLONE_VM|CLONE_FS|CLONE_FILES|CLONE_SIGHAND|CLONE_THREAD|CLONE_SYSVSEM|0x400000) = 1052
22:38:29.612537,1030,futex(0xb6816580, FUTEX_WAIT_PRIVATE, -346, NULL <unfinished ...>
22:38:29.613010,1052,set_tls(0xac8d4f00, 0xb71d3298, 0xac8d4ffc, 0x40, 0xac8d4f00) = 0
22:38:29.616066,1052,prctl(PR_SET_NAME, 0xac8d4e8c, 0, 0, 0) = 0
22:38:29.616821,1052,gettid() = 1052
22:38:29.617342,1052,futex(0xb6816580, FUTEX_WAKE_PRIVATE, 2147483647 <unfinished ...>
22:38:29.617647,1030,<... futex resumed> ) = 0
22:38:29.618052,1030,futex(0xb681657c, FUTEX_WAIT_PRIVATE, 2, NULL <unfinished ...>
22:38:29.618336,1052,<... futex resumed> ) = 1
22:38:29.618652,1052,futex(0xb681657c, FUTEX_WAKE_PRIVATE, 1 <unfinished ...>
22:38:29.619004,1030,<... futex resumed> ) = 0
22:38:29.619332,1030,futex(0xb681657c, FUTEX_WAKE_PRIVATE, 1) = 0
22:38:29.619859,1030,futex(0xb6816580, FUTEX_WAKE_PRIVATE, 2147483647) = 0
22:38:29.620468,1030,futex(0xb70e1da0, FUTEX_WAIT_PRIVATE, -118, NULL <unfinished ...>
22:38:29.620904,1052,<... futex resumed> ) = 1
22:38:29.621280,1052,futex(0xb6816580, FUTEX_WAIT_PRIVATE, -348, NULL) = -1 EAGAIN (Try again)
22:38:29.621789,1052,getpriority(PRIO_PROCESS, 1052) = 20
22:38:29.622271,1052,setpriority(PRIO_PROCESS, 1052, 0) = 0
22:38:29.622904,1052,gettid() = 1052
22:38:29.623358,1052,getpriority(PRIO_PROCESS, 1052) = 20
22:38:29.623846,1052,setpriority(PRIO_PROCESS, 1052, -8) = 0
22:38:29.624466,1052,gettid() = 1052
22:38:29.624957,1052,getpid() = 1030
22:38:29.625565,1052,getuid32() = 10050
22:38:29.626099,1052,ioctl(9, 0xc0186201, 0xac8d48a8) = 0
22:38:29.628043,1052,ioctl(9, 0xc0186201, 0xac8d4890) = 0
22:38:29.629316,1052,dup(36) = 37
22:38:29.629845,1052,setsockopt(37, SOL_SOCKET, SO_SNDBUF, [4096], 4) = 0
22:38:29.630868,1052,setsockopt(37, SOL_SOCKET, SO_RCVBUF, [4096], 4) = 0
22:38:29.631368,1052,fcntl64(37, F_SETFL, O_RDONLY|O_NONBLOCK) = 0
22:38:29.631900,1052,close(36) = 0
22:38:29.632494,1052,futex(0xb70e1da0, FUTEX_WAKE_PRIVATE, 1 <unfinished ...>
22:38:29.632826,1030,<... futex resumed> ) = 0
22:38:29.633117,1030,futex(0xb70e1d90, FUTEX_WAIT_PRIVATE, 2, NULL <unfinished ...>
22:38:29.633458,1052,<... futex resumed> ) = 1
22:38:29.633772,1052,futex(0xb70e1d90, FUTEX_WAKE_PRIVATE, 1 <unfinished ...>
22:38:29.634055,1030,<... futex resumed> ) = 0
22:38:29.634343,1030,futex(0xb70e1d90, FUTEX_WAKE_PRIVATE, 1) = 0
22:38:29.634896,1030,futex(0xb71f0f28, FUTEX_WAIT_PRIVATE, 2, NULL <unfinished ...>
22:38:29.635165,1052,<... futex resumed> ) = 1
22:38:29.635503,1052,futex(0xb71f0f28, FUTEX_WAKE_PRIVATE, 1 <unfinished ...>
22:38:29.635844,1030,<... futex resumed> ) = 0
22:38:29.647548,1052,<... futex resumed> ) = 1
22:38:29.647874,1030,futex(0xb71f0f28, FUTEX_WAKE_PRIVATE, 1 <unfinished ...>
22:38:29.648405,1052,recvfrom(37, <unfinished ...>
22:38:29.648741,1030,<... futex resumed> ) = 0
22:38:29.649221,1052,<... recvfrom resumed> 0xac8d4a00, 104, 64, 0, 0) = -1 EAGAIN (Try again)
22:38:29.649725,1030,ioctl(9, 0xc0186201 <unfinished ...>
22:38:29.650274,1052,pipe( <unfinished ...>
22:38:29.650459,1030,<... ioctl resumed> , 0xbeb07178) = 0
22:38:29.651601,1030,ioctl(9, 0xc0186201 <unfinished ...>
22:38:29.651942,1052,<... pipe resumed> [36, 38]) = 0
22:38:29.652389,1030,<... ioctl resumed> , 0xbeb07178) = 0
22:38:29.652711,1052,fcntl64(36, F_SETFL, O_RDONLY|O_NONBLOCK <unfinished ...>
22:38:29.653255,1030,ioctl(9, 0xc0186201 <unfinished ...>
22:38:29.653518,1052,<... fcntl64 resumed> ) = 0
22:38:29.653975,1030,<... ioctl resumed> , 0xbeb07170) = 0
22:38:29.654260,1052,fcntl64(38, F_SETFL, O_RDONLY|O_NONBLOCK <unfinished ...>
22:38:29.654836,1030,ioctl(9, 0xc0186201 <unfinished ...>
22:38:29.655098,1052,<... fcntl64 resumed> ) = 0
22:38:29.655377,1030,<... ioctl resumed> , 0xbeb07170) = 0
22:38:29.655653,1052,epoll_create(0x8 <unfinished ...>
22:38:29.656248,1030,getpid( <unfinished ...>
22:38:29.656519,1052,<... epoll_create resumed> ) = 39
22:38:29.665818,1030,<... getpid resumed> ) = 1030
22:38:29.666179,1052,epoll_ctl(0x27, 0x1, 0x24, 0xac8d4990 <unfinished ...>
22:38:29.666480,1030,gettid( <unfinished ...>
22:38:29.666818,1052,<... epoll_ctl resumed> ) = 0
22:38:29.667151,1030,<... gettid resumed> ) = 1030
22:38:29.667475,1052,epoll_ctl(0x27, 0x1, 0x25, 0xac8d4918 <unfinished ...>
22:38:29.667845,1030,clock_gettime(CLOCK_MONOTONIC, <unfinished ...>
22:38:29.668106,1052,<... epoll_ctl resumed> ) = 0
22:38:29.668371,1030,<... clock_gettime resumed> {149, 662822068}) = 0
22:38:29.668806,1052,epoll_wait(0x27, 0xac8d4888, 0x10, 0xffffffff <unfinished ...>
22:38:29.669117,1030,ioctl(9, 0xc0186201 <unfinished ...>
22:38:29.669376,1052,<... epoll_wait resumed> ) = 1
22:38:29.670097,1052,recvfrom(37, <unfinished ...>
22:38:29.670441,1030,<... ioctl resumed> , 0xbeb071f0) = 0
22:38:29.670772,1052,<... recvfrom resumed> "h\0\0\0\0\0\0\0\0\0\0\0\0\0\0\0²Ù7µ\"\0\0\0\0\0\0\0fk\34A"..., 104, MSG_DONTWAIT, NULL, NULL) = 104
22:38:29.671403,1030,clock_gettime(CLOCK_MONOTONIC, <unfinished ...>
22:38:29.671898,1052,clock_gettime(CLOCK_MONOTONIC, <unfinished ...>
22:38:29.672169,1030,<... clock_gettime resumed> {149, 666616157}) = 0
22:38:29.672528,1052,<... clock_gettime resumed> {149, 666989127}) = 0
22:38:29.674502,1030,mprotect(0xb15bf000, 8192, PROT_READ|PROT_WRITE <unfinished ...>
22:38:29.674892,1052,recvfrom(37, <unfinished ...>
22:38:29.675212,1030,<... mprotect resumed> ) = 0
22:38:29.675485,1052,<... recvfrom resumed> 0xac8d4a00, 104, 64, 0, 0) = -1 EAGAIN (Try again)
22:38:29.676197,1030,mprotect(0xb15c0000, 8192, PROT_READ|PROT_WRITE <unfinished ...>
22:38:29.676519,1052,epoll_wait(0x27, 0xac8d4888, 0x10, 0xffffffff <unfinished ...>
22:38:29.676867,1030,<... mprotect resumed> ) = 0
22:38:29.699978,1030,getpid() = 1030
22:38:29.700630,1030,gettid() = 1030
22:38:29.701211,1030,clock_gettime(CLOCK_MONOTONIC, {149, 696211801}) = 0
22:38:29.702180,1030,ioctl(9, 0xc0186201, 0xbeb071f0) = 0
22:38:29.704041,1030,clock_gettime(CLOCK_MONOTONIC, {149, 698760221}) = 0
22:38:29.705130,1030,mprotect(0xb15c1000, 8192, PROT_READ|PROT_WRITE) = 0
22:38:29.709958,1030,getpid() = 1030
22:38:29.710485,1030,gettid() = 1030
22:38:29.711033,1030,clock_gettime(CLOCK_MONOTONIC, {149, 705756920}) = 0
22:38:29.711621,1030,ioctl(9, 0xc0186201, 0xbeb071f0) = 0
22:38:29.712449,1030,clock_gettime(CLOCK_MONOTONIC, {149, 707174212}) = 0
22:38:29.713674,1030,mprotect(0xb15c2000, 8192, PROT_READ|PROT_WRITE) = 0
22:38:29.714867,1030,getuid32() = 10050
22:38:29.717112,1030,getpid() = 1030
22:38:29.717643,1030,gettid() = 1030
22:38:29.718385,1030,clock_gettime(CLOCK_MONOTONIC, {149, 713101199}) = 0
22:38:29.719021,1030,ioctl(9, 0xc0186201, 0xbeb071f0) = 0
22:38:29.724263,1030,clock_gettime(CLOCK_MONOTONIC, {149, 718985415}) = 0
22:38:29.728504,1030,getpid() = 1030
22:38:29.729159,1030,gettid() = 1030
22:38:29.729664,1030,clock_gettime(CLOCK_MONOTONIC, {149, 724461518}) = 0
22:38:29.730324,1030,ioctl(9, 0xc0186201, 0xbeb071f0) = 0
22:38:29.732159,1030,clock_gettime(CLOCK_MONOTONIC, {149, 726885197}) = 0
22:38:29.735914,1030,getpid() = 1030
22:38:29.736430,1030,gettid() = 1030
22:38:29.737038,1030,clock_gettime(CLOCK_MONOTONIC, {149, 731761708}) = 0
22:38:29.737810,1030,ioctl(9, 0xc0186201, 0xbeb071f0) = 0
22:38:29.739134,1030,clock_gettime(CLOCK_MONOTONIC, {149, 733852644}) = 0
22:38:29.740186,1030,writev(3, [{"\4", 1}, {"AX\0", 3}, {"Display Density Detected 1.5\0", 29}], 3) = 33
22:38:29.745150,1030,pread(18, "PK\3\4\24\0\10\0\10\0\31\r\2208¿Ìm\4»\1\0\0 \3\0\0\34\0\0\0", 30, 13579900610936832) = 30
22:38:29.769396,1030,mmap2(NULL, 4302, PROT_READ, MAP_SHARED, 18, 0x303) = 0xb0e84000
22:38:29.770930,1030,munmap(0xb0e84000, 4302) = 0
22:38:29.773636,1030,mprotect(0xb3d60000, 331776, PROT_READ|PROT_WRITE) = 0
22:38:29.774510,1030,mprotect(0xb3db1000, 41213952, PROT_NONE) = 0
22:38:29.783380,1030,writev(3, [{"\6", 1}, {"AX\0", 3}, {"Final class name:com/arbstudios/"..., 54}], 3) = 58
22:38:29.785342,1030,mprotect(0xb15c3000, 8192, PROT_READ|PROT_WRITE) = 0
22:38:29.797031,1030,mmap2(NULL, 69632, PROT_READ|PROT_WRITE, MAP_PRIVATE|MAP_ANONYMOUS, -1, 0) = 0xac7c4000
22:38:29.797903,1030,madvise(0xac7c4000, 69632, 0xc /* MADV_??? */) = -1 EINVAL (Invalid argument)
22:38:29.799640,1030,access("/data/data/com.arbstudios.tikigolf3dfree/lib/libopenal.so", F_OK) = 0
22:38:29.801018,1030,stat64("/data/data/com.arbstudios.tikigolf3dfree/lib/libopenal.so", {st_mode=S_IFREG|0755, st_size=284548, ...}) = 0
22:38:29.803082,1030,access("/data/data/com.arbstudios.tikigolf3dfree/lib/libopenal.so", R_OK) = 0
22:38:29.804112,1030,writev(3, [{"\3", 1}, {"dalvikvm\0", 9}, {"Trying to load lib /data/data/co"..., 88}], 3) = 98
22:38:29.805280,1030,writev(3, [{"\5", 1}, {"dalvikvm\0", 9}, {"Denying lib /data/data/com.arbst"..., 94}], 3) = 104
22:38:29.817026,1030,writev(3, [{"\5", 1}, {"dalvikvm\0", 9}, {"Exception Ljava/lang/Unsatisfied"..., 102}], 3) = 112
22:38:29.819748,1030,writev(3, [{"\3", 1}, {"AndroidRuntime\0", 15}, {"Shutting down VM\n\0", 18}], 3) = 34
22:38:29.822619,1030,writev(3, [{"\5", 1}, {"dalvikvm\0", 9}, {"threadid=1: thread exiting with "..., 70}], 3) = 80
22:38:29.842224,1030,writev(6, [{"\6", 1}, {"AndroidRuntime\0", 15}, {"FATAL EXCEPTION: main\njava.lang."..., 1271}], 3) = 1287
22:38:29.846050,1030,mprotect(0xb3d60000, 397312, PROT_READ|PROT_WRITE) = 0
22:38:29.856855,1030,mprotect(0xb3dc1000, 41148416, PROT_NONE) = 0
22:38:29.859413,1030,getpid() = 1030
22:38:29.859999,1030,gettid() = 1030
22:38:29.860483,1030,clock_gettime(CLOCK_MONOTONIC, {149, 855198423}) = 0
22:38:29.861106,1030,ioctl(9, 0xc0186201, 0xbeb07530) = 0
22:38:29.865930,1030,ioctl(9, 0xc0186201 <unfinished ...>
22:38:29.876781,1052,<... epoll_wait resumed> ) = 1
22:38:29.877831,1052,recvfrom(37, "h\0\0\0\0\0\0\0\0\0\0\0\0\0\0\0r¼çä\"\0\0\0\0\0\0\0fk\34A"..., 104, MSG_DONTWAIT, NULL, NULL) = 104
22:38:29.878677,1052,clock_gettime(CLOCK_MONOTONIC, {149, 873452041}) = 0
22:38:29.879292,1052,recvfrom(37, 0xac8d4a00, 104, 64, 0, 0) = -1 EAGAIN (Try again)
22:38:29.879863,1052,epoll_wait(0x27, 0xac8d4888, 0x10, 0xffffffff <unfinished ...>
22:38:29.935439,1045,<... ioctl resumed> , 0xace55e28) = 0
22:38:29.938046,1045,write(24, "1045", 4) = 4
22:38:29.940347,1045,getpriority(PRIO_PROCESS, 1045) = 20
22:38:29.942708,1045,clock_gettime(CLOCK_MONOTONIC, {149, 937656047}) = 0
22:38:29.943837,1045,write(24, "1045", 4) = 4
22:38:29.944418,1045,ioctl(9, 0xc0186201 <unfinished ...>
22:38:29.946879,1030,<... ioctl resumed> , 0xbeb07530) = 0
22:38:29.947260,1030,clock_gettime(CLOCK_MONOTONIC, {149, 941996223}) = 0
22:38:29.948096,1030,getpid() = 1030
22:38:29.948826,1030,writev(3, [{"\4", 1}, {"Process\0", 8}, {"Sending signal. PID: 1030 SIG: 9"..., 33}], 3) = 42
22:38:29.950034,1030,kill(1030, SIGKILL <unfinished ...>
22:38:29.953857,1034,+++ killed by SIGKILL +++
22:38:29.956802,1035,+++ killed by SIGKILL +++
22:38:29.957353,1036,+++ killed by SIGKILL +++
22:38:29.957849,1038,+++ killed by SIGKILL +++
22:38:29.958179,1040,+++ killed by SIGKILL +++
22:38:29.958500,1041,+++ killed by SIGKILL +++
22:38:29.958876,1044,+++ killed by SIGKILL +++
22:38:29.959188,1045,+++ killed by SIGKILL +++
22:38:29.959484,1049,+++ killed by SIGKILL +++
22:38:29.959837,1050,+++ killed by SIGKILL +++
22:38:29.960130,1051,+++ killed by SIGKILL +++
22:38:29.976035,1052,+++ killed by SIGKILL +++
22:38:29.976390,1030,+++ killed by SIGKILL +++
22:38:29.981239,62,<... select resumed> ) = ? ERESTARTNOHAND (To be restarted)
22:38:29.982501,62,--- {si_signo=SIGCHLD, si_code=CLD_KILLED, si_pid=1030, si_status=SIGKILL, si_utime=17, si_stime=22} (Child exited) ---
22:38:29.985890,62,wait4(-1, [{WIFSIGNALED(s) && WTERMSIG(s) == SIGKILL}], WNOHANG, NULL) = 1030
22:38:29.986788,62,wait4(-1, 0xbeb072dc, WNOHANG, NULL) = 0
22:38:29.987258,62,sigreturn() = ? (mask now [INT FPE KILL ALRM TERM CHLD CONT STOP TSTP TTIN TTOU URG VTALRM PROF IO PWR RTMIN])
22:38:29.989128,62,select(24, [9 23], NULL, NULL, NULL) = ? ERESTARTNOHAND (To be restarted)
22:38:46.324299,62,--- {si_signo=SIGCHLD, si_code=CLD_KILLED, si_pid=696, si_status=SIGKILL, si_utime=27, si_stime=32} (Child exited) ---
22:38:46.324823,62,wait4(-1, [{WIFSIGNALED(s) && WTERMSIG(s) == SIGKILL}], WNOHANG, NULL) = 696
22:38:46.325565,62,wait4(-1, 0xbeb072dc, WNOHANG, NULL) = 0
22:38:46.326027,62,sigreturn() = ? (mask now [INT FPE KILL ALRM TERM CHLD CONT STOP TSTP TTIN TTOU URG VTALRM PROF IO PWR RTMIN])
22:38:46.326956,62,select(24, [9 23], NULL, NULL, NULL