18:27:08.148313,987,futex(0xb71e7ef0, FUTEX_WAIT_PRIVATE, 0, NULL <unfinished ...>
18:27:08.200353,986,futex(0xb71e4808, FUTEX_WAIT_PRIVATE, 0, NULL <unfinished ...>
18:27:08.200790,985,futex(0xb71dfbb8, FUTEX_WAIT_PRIVATE, 0, NULL <unfinished ...>
18:27:08.201159,59,select(24, [9 23], NULL, NULL, NULL) = ? ERESTARTNOHAND (To be restarted)
18:27:10.736330,59,--- {si_signo=SIGCHLD, si_code=CLD_KILLED, si_pid=578, si_status=SIGKILL, si_utime=10, si_stime=11} (Child exited) ---
18:27:10.757649,59,wait4(-1, [{WIFSIGNALED(s) && WTERMSIG(s) == SIGKILL}], WNOHANG, NULL) = 578
18:27:10.759259,59,wait4(-1, 0xbef8b2dc, WNOHANG, NULL) = 0
18:27:10.759781,59,sigreturn() = ? (mask now [INT FPE KILL ALRM TERM CHLD CONT STOP XCPU VTALRM PROF IO PWR RTMIN])
18:27:10.761419,59,select(24, [9 23], NULL, NULL, NULL) = 1 (in [23])
18:27:11.456336,59,ioctl(23, FIONREAD, [155]) = 0
18:27:11.467823,59,recvmsg(23, {msg_name(0)=NULL, msg_iov(1)=[{"7\n--runtime-init\n--setuid=10050\n"..., 4217}], msg_controllen=0, msg_flags=0}, MSG_NOSIGNAL) = 155
18:27:11.469993,59,ioctl(23, FIONREAD, [0]) = 0
18:27:11.471508,59,futex(0xb71dfbb8, FUTEX_WAKE_PRIVATE, 1 <unfinished ...>
18:27:11.471828,985,<... futex resumed> ) = 0
18:27:11.472218,985,futex(0xb71dfba8, FUTEX_WAIT_PRIVATE, 2, NULL <unfinished ...>
18:27:11.472495,59,<... futex resumed> ) = 1
18:27:11.472782,59,futex(0xb71dfba8, FUTEX_WAKE_PRIVATE, 1 <unfinished ...>
18:27:11.473080,985,<... futex resumed> ) = 0
18:27:11.473387,985,futex(0xb71dfba8, FUTEX_WAKE_PRIVATE, 1) = 0
18:27:11.474614,985,futex(0xb689657c, FUTEX_WAIT_PRIVATE, 2, NULL <unfinished ...>
18:27:11.474887,59,<... futex resumed> ) = 1
18:27:11.475158,59,futex(0xb689657c, FUTEX_WAKE_PRIVATE, 1 <unfinished ...>
18:27:11.475476,985,<... futex resumed> ) = 0
18:27:11.475734,985,futex(0xb689657c, FUTEX_WAKE_PRIVATE, 1) = 0
18:27:11.476144,985,munmap(0xb0f02000, 32768) = 0
18:27:11.476727,985,sigprocmask(SIG_SETMASK, ~[SEGV], NULL) = 0
18:27:11.477604,985,munmap(0xaf499000, 1048576) = 0
18:27:11.478230,59,<... futex resumed> ) = 1
18:27:11.478538,59,futex(0xb71e4808, FUTEX_WAKE_PRIVATE, 1 <unfinished ...>
18:27:11.478795,986,<... futex resumed> ) = 0
18:27:11.479042,986,futex(0xb71e47f8, FUTEX_WAIT_PRIVATE, 2, NULL <unfinished ...>
18:27:11.479354,59,<... futex resumed> ) = 1
18:27:11.479659,59,futex(0xb71e47f8, FUTEX_WAKE_PRIVATE, 1 <unfinished ...>
18:27:11.479899,986,<... futex resumed> ) = 0
18:27:11.480146,986,futex(0xb71e47f8, FUTEX_WAKE_PRIVATE, 1) = 0
18:27:11.480826,986,futex(0xb689657c, FUTEX_WAIT_PRIVATE, 2, NULL <unfinished ...>
18:27:11.481514,59,<... futex resumed> ) = 1
18:27:11.481948,59,futex(0xb689657c, FUTEX_WAKE_PRIVATE, 1 <unfinished ...>
18:27:11.482291,986,<... futex resumed> ) = 0
18:27:11.482547,986,futex(0xb689657c, FUTEX_WAKE_PRIVATE, 1) = 0
18:27:11.482971,986,munmap(0xaf491000, 32768) = 0
18:27:11.483516,986,sigprocmask(SIG_SETMASK, ~[SEGV], NULL) = 0
18:27:11.483960,986,munmap(0xaf391000, 1048576) = 0
18:27:11.484536,986,exit(0) = ?
18:27:11.486628,59,<... futex resumed> ) = 1
18:27:11.486932,59,futex(0xb71e7ef0, FUTEX_WAKE_PRIVATE, 1 <unfinished ...>
18:27:11.487224,987,<... futex resumed> ) = 0
18:27:11.487499,987,futex(0xb71e7ee0, FUTEX_WAIT_PRIVATE, 2, NULL <unfinished ...>
18:27:11.487740,59,<... futex resumed> ) = 1
18:27:11.487987,59,futex(0xb71e7ee0, FUTEX_WAKE_PRIVATE, 1 <unfinished ...>
18:27:11.488297,987,<... futex resumed> ) = 0
18:27:11.488542,987,futex(0xb71e7ee0, FUTEX_WAKE_PRIVATE, 1) = 0
18:27:11.489069,987,futex(0xb689657c, FUTEX_WAIT_PRIVATE, 2, NULL <unfinished ...>
18:27:11.489387,59,<... futex resumed> ) = 1
18:27:11.497616,985,exit(0) = ?
18:27:11.499128,59,futex(0xb689657c, FUTEX_WAKE_PRIVATE, 1 <unfinished ...>
18:27:11.500205,987,<... futex resumed> ) = 0
18:27:11.500502,987,futex(0xb689657c, FUTEX_WAKE_PRIVATE, 1) = 0
18:27:11.500902,987,munmap(0xaf389000, 32768) = 0
18:27:11.501480,987,sigprocmask(SIG_SETMASK, ~[SEGV], NULL) = 0
18:27:11.501979,987,munmap(0xaf289000, 1048576) = 0
18:27:11.502535,987,exit(0) = ?
18:27:11.503942,59,<... futex resumed> ) = 1
18:27:11.504431,59,open("/proc/self/task", O_RDONLY|O_DIRECTORY) = 24
18:27:11.506673,59,getdents64(24, /* 3 entries */, 4200) = 72
18:27:11.507797,59,getdents64(24, /* 0 entries */, 4200) = 0
18:27:11.508360,59,close(24) = 0
18:27:11.509000,59,sigaction(SIGCHLD, {0xb684e3dd, [], 0}, NULL, 0) = 0
18:27:11.509811,59,fork() = 1028
18:27:11.534730,59,mmap2(NULL, 32768, PROT_READ|PROT_WRITE, MAP_PRIVATE|MAP_ANONYMOUS, -1, 0) = 0xb0f02000
18:27:11.535515,59,madvise(0xb0f02000, 32768, 0xc /* MADV_??? */) = -1 EINVAL (Invalid argument)
18:27:11.536357,59,mmap2(NULL, 1048576, PROT_READ|PROT_WRITE, MAP_PRIVATE|MAP_ANONYMOUS|MAP_NORESERVE, -1, 0) = 0xaf499000
18:27:11.544847,59,madvise(0xaf499000, 1048576, 0xc /* MADV_??? */) = -1 EINVAL (Invalid argument)
18:27:11.546689,1028,gettid( <unfinished ...>
18:27:11.547363,59,mprotect(0xaf499000, 4096, PROT_NONE <unfinished ...>
18:27:11.547672,1028,<... gettid resumed> ) = 1028
18:27:11.547958,59,<... mprotect resumed> ) = 0
18:27:11.548368,1028,getuid32( <unfinished ...>
18:27:11.548596,59,clone( <unfinished ...>
18:27:11.548911,1028,<... getuid32 resumed> ) = 0
18:27:11.551232,1028,open("/acct/uid/0/tasks", O_RDWR|O_CREAT, 0666 <unfinished ...>
18:27:11.551691,59,<... clone resumed> child_stack=0xaf598f00, flags=CLONE_VM|CLONE_FS|CLONE_FILES|CLONE_SIGHAND|CLONE_THREAD|CLONE_SYSVSEM|0x400000) = 1029
18:27:11.552284,1028,<... open resumed> ) = 24
18:27:11.554581,59,futex(0xb6896580, FUTEX_WAIT_PRIVATE, -324, NULL <unfinished ...>
18:27:11.554911,1028,write(24, "0", 1) = 1
18:27:11.556417,1028,close(24) = 0
18:27:11.557381,1029,set_tls(0xaf598f00, 0xb70c8068, 0xaf598ffc, 0x40, 0xaf598f00) = 0
18:27:11.558101,1029,prctl(PR_SET_NAME, 0xaf598e8c, 0, 0, 0) = 0
18:27:11.558773,1029,gettid() = 1029
18:27:11.559660,1029,futex(0xb6896580, FUTEX_WAKE_PRIVATE, 2147483647 <unfinished ...>
18:27:11.559944,59,<... futex resumed> ) = 0
18:27:11.560275,59,futex(0xb689657c, FUTEX_WAIT_PRIVATE, 2, NULL <unfinished ...>
18:27:11.560554,1029,<... futex resumed> ) = 1
18:27:11.560832,1029,futex(0xb689657c, FUTEX_WAKE_PRIVATE, 1 <unfinished ...>
18:27:11.561245,59,<... futex resumed> ) = 0
18:27:11.561539,59,futex(0xb689657c, FUTEX_WAKE_PRIVATE, 1) = 0
18:27:11.561966,59,futex(0xb6896580, FUTEX_WAKE_PRIVATE, 2147483647) = 0
18:27:11.563039,59,mmap2(NULL, 32768, PROT_READ|PROT_WRITE, MAP_PRIVATE|MAP_ANONYMOUS, -1, 0) = 0xaf491000
18:27:11.563552,59,madvise(0xaf491000, 32768, 0xc /* MADV_??? */) = -1 EINVAL (Invalid argument)
18:27:11.564049,59,mmap2(NULL, 1048576, PROT_READ|PROT_WRITE, MAP_PRIVATE|MAP_ANONYMOUS|MAP_NORESERVE, -1, 0) = 0xaf391000
18:27:11.564536,59,madvise(0xaf391000, 1048576, 0xc /* MADV_??? */) = -1 EINVAL (Invalid argument)
18:27:11.564955,59,mprotect(0xaf391000, 4096, PROT_NONE) = 0
18:27:11.565490,59,clone(child_stack=0xaf490f00, flags=CLONE_VM|CLONE_FS|CLONE_FILES|CLONE_SIGHAND|CLONE_THREAD|CLONE_SYSVSEM|0x400000) = 1030
18:27:11.567402,59,futex(0xb6896580, FUTEX_WAIT_PRIVATE, -328, NULL <unfinished ...>
18:27:11.567697,1029,<... futex resumed> ) = 1
18:27:11.567973,1029,futex(0xb6896580, FUTEX_WAIT_PRIVATE, -326, NULL) = -1 EAGAIN (Try again)
18:27:11.569536,1029,getpriority(PRIO_PROCESS, 1029) = 20
18:27:11.570041,1029,setpriority(PRIO_PROCESS, 1029, 0) = 0
18:27:11.570781,1029,futex(0xb71dfbb8, FUTEX_WAIT_PRIVATE, 0, NULL <unfinished ...>
18:27:11.571319,1030,set_tls(0xaf490f00, 0xb70cd548, 0xaf490ffc, 0x40, 0xaf490f00) = 0
18:27:11.571869,1030,prctl(PR_SET_NAME, 0xaf490e8c, 0, 0, 0) = 0
18:27:11.572381,1030,gettid() = 1030
18:27:11.572908,1030,futex(0xb6896580, FUTEX_WAKE_PRIVATE, 2147483647 <unfinished ...>
18:27:11.573239,59,<... futex resumed> ) = 0
18:27:11.573501,59,futex(0xb689657c, FUTEX_WAIT_PRIVATE, 2, NULL <unfinished ...>
18:27:11.573877,1030,<... futex resumed> ) = 1
18:27:11.574202,1030,futex(0xb689657c, FUTEX_WAKE_PRIVATE, 1 <unfinished ...>
18:27:11.574477,59,<... futex resumed> ) = 0
18:27:11.574730,59,futex(0xb689657c, FUTEX_WAKE_PRIVATE, 1) = 0
18:27:11.575126,59,futex(0xb6896580, FUTEX_WAKE_PRIVATE, 2147483647) = 0
18:27:11.575740,59,mmap2(NULL, 32768, PROT_READ|PROT_WRITE, MAP_PRIVATE|MAP_ANONYMOUS, -1, 0) = 0xaf389000
18:27:11.576186,59,madvise(0xaf389000, 32768, 0xc /* MADV_??? */) = -1 EINVAL (Invalid argument)
18:27:11.576686,59,mmap2(NULL, 1048576, PROT_READ|PROT_WRITE, MAP_PRIVATE|MAP_ANONYMOUS|MAP_NORESERVE, -1, 0) = 0xaf289000
18:27:11.577147,59,madvise(0xaf289000, 1048576, 0xc /* MADV_??? */ <unfinished ...>
18:27:11.589863,1030,<... futex resumed> ) = 1
18:27:11.590350,1030,futex(0xb6896580, FUTEX_WAIT_PRIVATE, -330, NULL) = -1 EAGAIN (Try again)
18:27:11.591050,1030,getpriority(PRIO_PROCESS, 1030) = 20
18:27:11.591606,1030,setpriority(PRIO_PROCESS, 1030, 0) = 0
18:27:11.592673,1030,futex(0xb71e4808, FUTEX_WAIT_PRIVATE, 0, NULL <unfinished ...>
18:27:11.592948,1028,prctl(PR_SET_KEEPCAPS, 1 <unfinished ...>
18:27:11.593201,59,<... madvise resumed> ) = -1 EINVAL (Invalid argument)
18:27:11.593638,1028,<... prctl resumed> ) = 0
18:27:11.593902,59,mprotect(0xaf289000, 4096, PROT_NONE <unfinished ...>
18:27:11.594362,1028,setgroups32(3, [3003, 1015, 1028] <unfinished ...>
18:27:11.594780,59,<... mprotect resumed> ) = 0
18:27:11.595440,1028,<... setgroups32 resumed> ) = 0
18:27:11.595643,59,clone( <unfinished ...>
18:27:11.596063,1028,setgid32(10050) = 0
18:27:11.597682,59,<... clone resumed> child_stack=0xaf388f00, flags=CLONE_VM|CLONE_FS|CLONE_FILES|CLONE_SIGHAND|CLONE_THREAD|CLONE_SYSVSEM|0x400000) = 1031
18:27:11.598104,1028,open("/acct/uid/10050/tasks", O_RDWR|O_CREAT, 0666 <unfinished ...>
18:27:11.598495,59,futex(0xb6896580, FUTEX_WAIT_PRIVATE, -332, NULL <unfinished ...>
18:27:11.598865,1028,<... open resumed> ) = 24
18:27:11.599142,1028,write(24, "0", 1) = 1
18:27:11.599792,1028,close(24) = 0
18:27:11.600410,1028,setuid32(10050) = 0
18:27:11.601054,1028,personality(0xffffffff /* PER_??? */) = 8388608
18:27:11.601722,1028,personality(0x840000 /* PER_??? */) = 8388608
18:27:11.602307,1028,capset(0xbef8b794, 0xbef8b7a4) = 0
18:27:11.602845,1028,gettid() = 1028
18:27:11.603423,1028,access("/dev/cpuctl/tasks", F_OK) = 0
18:27:11.604267,1028,open("/dev/cpuctl/apps/tasks", O_WRONLY) = 24
18:27:11.605104,1028,open("/dev/cpuctl/apps/bg_non_interactive/tasks", O_WRONLY) = 25
18:27:11.605980,1028,futex(0xb6eeb29c, FUTEX_WAKE_PRIVATE, 2147483647) = 0
18:27:11.606516,1028,write(24, "1028", 4 <unfinished ...>
18:27:11.618322,1031,set_tls(0xaf388f00, 0xb719ebc8, 0xaf388ffc, 0x40, 0xaf388f00) = 0
18:27:11.618889,1031,prctl(PR_SET_NAME, 0xaf388e8c, 0, 0, 0) = 0
18:27:11.619387,1031,gettid() = 1031
18:27:11.619834,1031,futex(0xb6896580, FUTEX_WAKE_PRIVATE, 2147483647) = 1
18:27:11.620328,1031,futex(0xb6896580, FUTEX_WAIT_PRIVATE, -334, NULL <unfinished ...>
18:27:11.620614,1028,<... write resumed> ) = 4
18:27:11.620812,59,<... futex resumed> ) = 0
18:27:11.621121,59,futex(0xb6896580, FUTEX_WAKE_PRIVATE, 2147483647 <unfinished ...>
18:27:11.621440,1031,<... futex resumed> ) = 0
18:27:11.621690,1031,futex(0xb689657c, FUTEX_WAIT_PRIVATE, 2, NULL <unfinished ...>
18:27:11.621921,59,<... futex resumed> ) = 1
18:27:11.622299,59,futex(0xb689657c, FUTEX_WAKE_PRIVATE, 1 <unfinished ...>
18:27:11.622590,1031,<... futex resumed> ) = 0
18:27:11.622835,1031,futex(0xb689657c, FUTEX_WAKE_PRIVATE, 1) = 0
18:27:11.623305,1031,getpriority(PRIO_PROCESS, 1031) = 20
18:27:11.623713,1031,setpriority(PRIO_PROCESS, 1031, 0) = 0
18:27:11.624268,1031,futex(0xb70ae450, FUTEX_WAIT_PRIVATE, 2, NULL <unfinished ...>
18:27:11.624501,59,<... futex resumed> ) = 1
18:27:11.624768,59,futex(0xb70ae450, FUTEX_WAKE_PRIVATE, 1 <unfinished ...>
18:27:11.625021,1031,<... futex resumed> ) = 0
18:27:11.625364,1031,futex(0xb70ae450, FUTEX_WAKE_PRIVATE, 1) = 0
18:27:11.625797,1031,futex(0xb71e7ef0, FUTEX_WAIT_PRIVATE, 0, NULL <unfinished ...>
18:27:11.626055,59,<... futex resumed> ) = 1
18:27:11.626514,59,getpgid(0xe7) = 59
18:27:11.627006,59,setpgid(1028, 59) = 0
18:27:11.636942,59,sendmsg(23, {msg_name(0)=NULL, msg_iov(1)=[{"\0\0\4\4", 4}], msg_controllen=0, msg_flags=0}, MSG_NOSIGNAL <unfinished ...>
18:27:11.637863,1028,gettid( <unfinished ...>
18:27:11.638081,59,<... sendmsg resumed> ) = 4
18:27:11.638509,59,sendmsg(23, {msg_name(0)=NULL, msg_iov(1)=[{"\0", 1}], msg_controllen=0, msg_flags=0}, MSG_NOSIGNAL) = 1
18:27:11.639352,59,select(24, [9 23], NULL, NULL, NULL <unfinished ...>
18:27:11.640505,1028,<... gettid resumed> ) = 1028
18:27:11.642768,1028,prctl(PR_SET_DUMPABLE, 1) = 0
18:27:11.651569,1028,setrlimit(RLIMIT_CORE, {rlim_cur=0, rlim_max=RLIM64_INFINITY}) = 0
18:27:11.655510,1028,sigaction(SIGCHLD, {SIG_DFL, , NULL, 0) = 0
18:27:11.657915,1028,clock_gettime(CLOCK_MONOTONIC, {107, 715103399}) = 0
18:27:11.671348,1028,mmap2(NULL, 1048576, PROT_READ|PROT_WRITE, MAP_PRIVATE|MAP_ANONYMOUS|MAP_NORESERVE, -1, 0) = 0xaf499000
18:27:11.675681,1028,madvise(0xaf499000, 1048576, 0xc /* MADV_??? */) = -1 EINVAL (Invalid argument)
18:27:11.677250,1028,mprotect(0xaf499000, 4096, PROT_NONE) = 0
18:27:11.677824,1028,clone(child_stack=0xaf598f00, flags=CLONE_VM|CLONE_FS|CLONE_FILES|CLONE_SIGHAND|CLONE_THREAD|CLONE_SYSVSEM|0x400000) = 1032
18:27:11.680831,1028,futex(0xb6896580, FUTEX_WAIT_PRIVATE, -324, NULL <unfinished ...>
18:27:11.698652,1032,set_tls(0xaf598f00, 0xb70c8068, 0xaf598ffc, 0x40, 0xaf598f00) = 0
18:27:11.699213,1032,prctl(PR_SET_NAME, 0xaf598eac, 0, 0, 0) = 0
18:27:11.699942,1032,mmap2(NULL, 32768, PROT_READ|PROT_WRITE, MAP_PRIVATE|MAP_ANONYMOUS, -1, 0) = 0xaf491000
18:27:11.700541,1032,madvise(0xaf491000, 32768, 0xc /* MADV_??? */) = -1 EINVAL (Invalid argument)
18:27:11.701077,1032,gettid() = 1032
18:27:11.702964,1032,getpriority(PRIO_PROCESS, 0) = 20
18:27:11.704380,1032,futex(0xb6896580, FUTEX_WAKE_PRIVATE, 2147483647 <unfinished ...>
18:27:11.704694,1028,<... futex resumed> ) = 0
18:27:11.704990,1028,futex(0xb689657c, FUTEX_WAIT_PRIVATE, 2, NULL <unfinished ...>
18:27:11.705310,1032,<... futex resumed> ) = 1
18:27:11.705595,1032,futex(0xb689657c, FUTEX_WAKE_PRIVATE, 1 <unfinished ...>
18:27:11.705903,1028,<... futex resumed> ) = 0
18:27:11.706211,1028,futex(0xb689657c, FUTEX_WAKE_PRIVATE, 1) = 0
18:27:11.706678,1028,clock_gettime(CLOCK_MONOTONIC, {107, 760481703}) = 0
18:27:11.718438,1028,clock_gettime(CLOCK_MONOTONIC, <unfinished ...>
18:27:11.718665,1032,<... futex resumed> ) = 1
18:27:11.723107,1028,<... clock_gettime resumed> {107, 776646723}) = 0
18:27:11.727425,1028,mmap2(NULL, 1048576, PROT_READ|PROT_WRITE, MAP_PRIVATE|MAP_ANONYMOUS|MAP_NORESERVE, -1, 0) = 0xaf391000
18:27:11.746603,1028,madvise(0xaf391000, 1048576, 0xc /* MADV_??? */) = -1 EINVAL (Invalid argument)
18:27:11.747535,1028,mprotect(0xaf391000, 4096, PROT_NONE) = 0
18:27:11.748111,1028,clone(child_stack=0xaf490f00, flags=CLONE_VM|CLONE_FS|CLONE_FILES|CLONE_SIGHAND|CLONE_THREAD|CLONE_SYSVSEM|0x400000) = 1033
18:27:11.750768,1028,futex(0xb6896580, FUTEX_WAIT_PRIVATE, -326, NULL <unfinished ...>
18:27:11.752005,1032,futex(0xb70af9a8, FUTEX_WAIT_PRIVATE, 0, NULL <unfinished ...>
18:27:11.769216,1033,set_tls(0xaf490f00, 0xb70cd548, 0xaf490ffc, 0x40, 0xaf490f00) = 0
18:27:11.769719,1033,prctl(PR_SET_NAME, 0xaf490eac, 0, 0, 0) = 0
18:27:11.770208,1033,mmap2(NULL, 32768, PROT_READ|PROT_WRITE, MAP_PRIVATE|MAP_ANONYMOUS, -1, 0) = 0xaf389000
18:27:11.770787,1033,madvise(0xaf389000, 32768, 0xc /* MADV_??? */) = -1 EINVAL (Invalid argument)
18:27:11.771281,1033,gettid() = 1033
18:27:11.772105,1033,getpriority(PRIO_PROCESS, 0) = 20
18:27:11.772731,1033,futex(0xb6896580, FUTEX_WAKE_PRIVATE, 2147483647 <unfinished ...>
18:27:11.773587,1028,<... futex resumed> ) = 0
18:27:11.773904,1028,futex(0xb689657c, FUTEX_WAIT_PRIVATE, 2, NULL <unfinished ...>
18:27:11.774201,1033,<... futex resumed> ) = 1
18:27:11.774492,1033,futex(0xb689657c, FUTEX_WAKE_PRIVATE, 1 <unfinished ...>
18:27:11.774807,1028,<... futex resumed> ) = 0
18:27:11.775117,1028,futex(0xb689657c, FUTEX_WAKE_PRIVATE, 1) = 0
18:27:11.775628,1028,clock_gettime(CLOCK_MONOTONIC, {107, 829433042}) = 0
18:27:11.776145,1028,clock_gettime(CLOCK_MONOTONIC, {107, 830019962}) = 0
18:27:11.777231,1028,mmap2(NULL, 1048576, PROT_READ|PROT_WRITE, MAP_PRIVATE|MAP_ANONYMOUS|MAP_NORESERVE, -1, 0) = 0xaf289000
18:27:11.777745,1028,madvise(0xaf289000, 1048576, 0xc /* MADV_??? */ <unfinished ...>
18:27:11.789829,1033,<... futex resumed> ) = 1
18:27:11.790102,1028,<... madvise resumed> ) = -1 EINVAL (Invalid argument)
18:27:11.790442,1028,mprotect(0xaf289000, 4096, PROT_NONE) = 0
18:27:11.790934,1028,clone(child_stack=0xaf388f00, flags=CLONE_VM|CLONE_FS|CLONE_FILES|CLONE_SIGHAND|CLONE_THREAD|CLONE_SYSVSEM|0x400000) = 1034
18:27:11.795242,1028,futex(0xb6896580, FUTEX_WAIT_PRIVATE, -328, NULL <unfinished ...>
18:27:11.797095,1033,rt_sigtimedwait([QUIT USR1 RT_7 RT_14 RT_15 RT_18 RT_19 RT_21 RT_22 RT_23 RT_24 RT_26 RT_27 RT_29 RT_30], NULL, NULL, 8 <unfinished ...>
18:27:11.797950,1034,set_tls(0xaf388f00, 0xb719ebc8, 0xaf388ffc, 0x40, 0xaf388f00) = 0
18:27:11.798480,1034,prctl(PR_SET_NAME, 0xaf388eac, 0, 0, 0) = 0
18:27:11.799393,1034,mmap2(NULL, 32768, PROT_READ|PROT_WRITE, MAP_PRIVATE|MAP_ANONYMOUS, -1, 0) = 0xaf281000
18:27:11.799859,1034,madvise(0xaf281000, 32768, 0xc /* MADV_??? */) = -1 EINVAL (Invalid argument)
18:27:11.800378,1034,gettid() = 1034
18:27:11.801052,1034,getpriority(PRIO_PROCESS, 0) = 20
18:27:11.801660,1034,futex(0xb6896580, FUTEX_WAKE_PRIVATE, 2147483647 <unfinished ...>
18:27:11.802018,1028,<... futex resumed> ) = 0
18:27:11.802359,1028,futex(0xb689657c, FUTEX_WAIT_PRIVATE, 2, NULL <unfinished ...>
18:27:11.802615,1034,<... futex resumed> ) = 1
18:27:11.802885,1034,futex(0xb689657c, FUTEX_WAKE_PRIVATE, 1 <unfinished ...>
18:27:11.803249,1028,<... futex resumed> ) = 0
18:27:11.803558,1028,futex(0xb689657c, FUTEX_WAKE_PRIVATE, 1) = 0
18:27:11.804015,1028,futex(0xb71a2854, FUTEX_WAIT_PRIVATE, 0, NULL <unfinished ...>
18:27:11.804348,1034,<... futex resumed> ) = 1
18:27:11.804620,1034,futex(0xb71a2854, FUTEX_WAKE_PRIVATE, 2147483647 <unfinished ...>
18:27:11.804906,1028,<... futex resumed> ) = 0
18:27:11.805226,1028,futex(0xb71a2850, FUTEX_WAIT_PRIVATE, 2, NULL <unfinished ...>
18:27:11.805533,1034,<... futex resumed> ) = 1
18:27:11.805790,1034,futex(0xb71a2850, FUTEX_WAKE_PRIVATE, 1 <unfinished ...>
18:27:11.806050,1028,<... futex resumed> ) = 0
18:27:11.806386,1028,futex(0xb71a2850, FUTEX_WAKE_PRIVATE, 1) = 0
18:27:11.806822,1028,clock_gettime(CLOCK_MONOTONIC, <unfinished ...>
18:27:11.817717,1034,<... futex resumed> ) = 1
18:27:11.818045,1028,<... clock_gettime resumed> {107, 871595717}) = 0
18:27:11.819782,1028,mmap2(NULL, 32768, PROT_READ|PROT_WRITE, MAP_PRIVATE|MAP_ANONYMOUS, -1, 0) = 0xaf279000
18:27:11.820370,1028,madvise(0xaf279000, 32768, 0xc /* MADV_??? */) = -1 EINVAL (Invalid argument)
18:27:11.820855,1028,mmap2(NULL, 1048576, PROT_READ|PROT_WRITE, MAP_PRIVATE|MAP_ANONYMOUS|MAP_NORESERVE, -1, 0) = 0xad2ec000
18:27:11.821461,1028,madvise(0xad2ec000, 1048576, 0xc /* MADV_??? */) = -1 EINVAL (Invalid argument)
18:27:11.822007,1028,mprotect(0xad2ec000, 4096, PROT_NONE) = 0
18:27:11.822584,1028,clone(child_stack=0xad3ebf00, flags=CLONE_VM|CLONE_FS|CLONE_FILES|CLONE_SIGHAND|CLONE_THREAD|CLONE_SYSVSEM|0x400000) = 1035
18:27:11.824639,1028,futex(0xb6896580, FUTEX_WAIT_PRIVATE, -330, NULL <unfinished ...>
18:27:11.825067,1034,socket(PF_UNIX, SOCK_STREAM, 0) = 26
18:27:11.827229,1034,pipe([27, 28]) = 0
18:27:11.827856,1034,getpid() = 1028
18:27:11.828470,1034,connect(26, {sa_family=AF_UNIX, path=@"jdwp-control"...}, 15) = 0
18:27:11.830360,1034,getsockopt(26, SOL_SOCKET, SO_PEERCRED, {pid=67, uid=0, gid=0}, [12]) = 0
18:27:11.832410,1034,sendto(26, "0404", 4, 0, NULL, 0) = 4
18:27:11.833471,1034,recvmsg(26, <unfinished ...>
18:27:11.837985,1035,set_tls(0xad3ebf00, 0xb71aad18, 0xad3ebffc, 0x40, 0xad3ebf00) = 0
18:27:11.838732,1035,prctl(PR_SET_NAME, 0xad3ebe8c, 0, 0, 0) = 0
18:27:11.839279,1035,gettid() = 1035
18:27:11.840069,1035,futex(0xb6896580, FUTEX_WAKE_PRIVATE, 2147483647 <unfinished ...>
18:27:11.840436,1028,<... futex resumed> ) = 0
18:27:11.840745,1028,futex(0xb689657c, FUTEX_WAIT_PRIVATE, 2, NULL <unfinished ...>
18:27:11.841048,1035,<... futex resumed> ) = 1
18:27:11.841384,1035,futex(0xb689657c, FUTEX_WAKE_PRIVATE, 1 <unfinished ...>
18:27:11.841685,1028,<... futex resumed> ) = 0
18:27:11.841972,1028,futex(0xb689657c, FUTEX_WAKE_PRIVATE, 1) = 0
18:27:11.842509,1028,futex(0xb6896580, FUTEX_WAKE_PRIVATE, 2147483647) = 0
18:27:11.843572,1028,mmap2(NULL, 32768, PROT_READ|PROT_WRITE, MAP_PRIVATE|MAP_ANONYMOUS, -1, 0) = 0xad2e4000
18:27:11.844117,1028,madvise(0xad2e4000, 32768, 0xc /* MADV_??? */) = -1 EINVAL (Invalid argument)
18:27:11.844718,1028,mmap2(NULL, 1048576, PROT_READ|PROT_WRITE, MAP_PRIVATE|MAP_ANONYMOUS|MAP_NORESERVE, -1, 0) = 0xad1e4000
18:27:11.845321,1028,madvise(0xad1e4000, 1048576, 0xc /* MADV_??? */) = -1 EINVAL (Invalid argument)
18:27:11.845830,1028,mprotect(0xad1e4000, 4096, PROT_NONE) = 0
18:27:11.846395,1028,clone( <unfinished ...>
18:27:11.860401,1035,<... futex resumed> ) = 1
18:27:11.860715,1028,<... clone resumed> child_stack=0xad2e3f00, flags=CLONE_VM|CLONE_FS|CLONE_FILES|CLONE_SIGHAND|CLONE_THREAD|CLONE_SYSVSEM|0x400000) = 1036
18:27:11.861226,1028,futex(0xb6896580, FUTEX_WAIT_PRIVATE, -334, NULL <unfinished ...>
18:27:11.862548,1035,futex(0xb6896580, FUTEX_WAIT_PRIVATE, -332, NULL) = -1 EAGAIN (Try again)
18:27:11.863075,1035,getpriority(PRIO_PROCESS, 1035) = 20
18:27:11.863595,1035,setpriority(PRIO_PROCESS, 1035, 0) = 0
18:27:11.864311,1035,futex(0xb71ae7a0, FUTEX_WAIT_PRIVATE, 0, NULL <unfinished ...>
18:27:11.864622,1036,set_tls(0xad2e3f00, 0xb71c5c70, 0xad2e3ffc, 0x40, 0xad2e3f00) = 0
18:27:11.865501,1036,prctl(PR_SET_NAME, 0xad2e3e8c, 0, 0, 0) = 0
18:27:11.865972,1036,gettid() = 1036
18:27:11.866537,1036,futex(0xb6896580, FUTEX_WAKE_PRIVATE, 2147483647 <unfinished ...>
18:27:11.866868,1028,<... futex resumed> ) = 0
18:27:11.897367,1036,<... futex resumed> ) = 1
18:27:11.917558,1028,futex(0xb689657c, FUTEX_WAIT_PRIVATE, 2, NULL <unfinished ...>
18:27:11.919982,1036,futex(0xb689657c, FUTEX_WAKE_PRIVATE, 1 <unfinished ...>
18:27:11.920379,1028,<... futex resumed> ) = 0
18:27:11.920679,1028,futex(0xb689657c, FUTEX_WAKE_PRIVATE, 1) = 0
18:27:11.921435,1028,futex(0xb6896580, FUTEX_WAKE_PRIVATE, 2147483647) = 0
18:27:11.924280,1028,mmap2(NULL, 32768, PROT_READ|PROT_WRITE, MAP_PRIVATE|MAP_ANONYMOUS, -1, 0) = 0xad1dc000
18:27:11.924843,1028,madvise(0xad1dc000, 32768, 0xc /* MADV_??? */) = -1 EINVAL (Invalid argument)
18:27:11.926324,1028,mmap2(NULL, 1048576, PROT_READ|PROT_WRITE, MAP_PRIVATE|MAP_ANONYMOUS|MAP_NORESERVE, -1, 0) = 0xad0dc000
18:27:11.926902,1036,<... futex resumed> ) = 1
18:27:11.927253,1036,futex(0xb6896580, FUTEX_WAIT_PRIVATE, -336, NULL) = -1 EAGAIN (Try again)
18:27:11.927731,1036,getpriority(PRIO_PROCESS, 1036) = 20
18:27:11.928264,1036,setpriority(PRIO_PROCESS, 1036, 0) = 0
18:27:11.928867,1036,futex(0xb71c9278, FUTEX_WAIT_PRIVATE, 0, NULL <unfinished ...>
18:27:11.937335,1028,madvise(0xad0dc000, 1048576, 0xc /* MADV_??? */) = -1 EINVAL (Invalid argument)
18:27:11.937960,1028,mprotect(0xad0dc000, 4096, PROT_NONE) = 0
18:27:11.938545,1028,clone(child_stack=0xad1dbf00, flags=CLONE_VM|CLONE_FS|CLONE_FILES|CLONE_SIGHAND|CLONE_THREAD|CLONE_SYSVSEM|0x400000) = 1037
18:27:11.940603,1028,futex(0xb6896580, FUTEX_WAIT_PRIVATE, -338, NULL <unfinished ...>
18:27:12.017935,1037,set_tls(0xad1dbf00, 0xb71f0d70, 0xad1dbffc, 0x40, 0xad1dbf00) = 0
18:27:12.018514,1037,prctl(PR_SET_NAME, 0xad1dbe8c, 0, 0, 0) = 0
18:27:12.018971,1037,gettid() = 1037
18:27:12.019544,1037,futex(0xb6896580, FUTEX_WAKE_PRIVATE, 2147483647 <unfinished ...>
18:27:12.019838,1028,<... futex resumed> ) = 0
18:27:12.020209,1028,futex(0xb689657c, FUTEX_WAIT_PRIVATE, 2, NULL <unfinished ...>
18:27:12.020510,1037,<... futex resumed> ) = 1
18:27:12.020807,1037,futex(0xb689657c, FUTEX_WAKE_PRIVATE, 1 <unfinished ...>
18:27:12.021098,1028,<... futex resumed> ) = 0
18:27:12.021445,1028,futex(0xb689657c, FUTEX_WAKE_PRIVATE, 1) = 0
18:27:12.021893,1028,futex(0xb6896580, FUTEX_WAKE_PRIVATE, 2147483647) = 0
18:27:12.023789,1028,close(23) = 0
18:27:12.024706,1028,close(9) = 0
18:27:12.026562,1028,open("/dev/binder", O_RDWR <unfinished ...>
18:27:12.037410,1037,<... futex resumed> ) = 1
18:27:12.037812,1028,<... open resumed> ) = 9
18:27:12.038274,1028,fcntl64(9, F_SETFD, FD_CLOEXEC) = 0
18:27:12.039199,1028,ioctl(9, 0xc0046209, 0xbef8b638) = 0
18:27:12.039776,1028,ioctl(9, 0x40046205, 0xbef8b63c) = 0
18:27:12.040340,1028,mmap2(NULL, 1040384, PROT_READ, MAP_PRIVATE|MAP_NORESERVE, 9, 0) = 0xacfde000
18:27:12.040924,1028,madvise(0xacfde000, 1040384, 0xc /* MADV_??? */) = -1 EINVAL (Invalid argument)
18:27:12.041517,1028,prctl(PR_SET_NAME, 0xb71990f3, 0, 0, 0) = 0
18:27:12.045074,1028,open("/sys/qemu_trace/process_name", O_RDWR <unfinished ...>
18:27:12.057546,1037,futex(0xb6896580, FUTEX_WAIT_PRIVATE, -340, NULL <unfinished ...>
18:27:12.057769,1028,<... open resumed> ) = 23
18:27:12.058056,1028,write(23, "com.ps.keepaccount\0", 19) = 19
18:27:12.058863,1028,close(23) = 0
18:27:12.067816,1037,<... futex resumed> ) = -1 EAGAIN (Try again)
18:27:12.068123,1037,getpriority(PRIO_PROCESS, 1037) = 20
18:27:12.068660,1037,setpriority(PRIO_PROCESS, 1037, 0) = 0
18:27:12.069338,1037,futex(0xb71cf5d0, FUTEX_WAIT_PRIVATE, 0, NULL <unfinished ...>
18:27:12.296133,1028,mmap2(NULL, 1048576, PROT_READ|PROT_WRITE, MAP_PRIVATE|MAP_ANONYMOUS|MAP_NORESERVE, -1, 0) = 0xacede000
18:27:12.307730,1028,madvise(0xacede000, 1048576, 0xc /* MADV_??? */) = -1 EINVAL (Invalid argument)
18:27:12.308339,1028,mprotect(0xacede000, 4096, PROT_NONE) = 0
18:27:12.308997,1028,clone(child_stack=0xacfddf00, flags=CLONE_VM|CLONE_FS|CLONE_FILES|CLONE_SIGHAND|CLONE_THREAD|CLONE_SYSVSEM|0x400000) = 1041
18:27:12.314981,1028,writev(3, [{"\4", 1}, {"dalvikvm\0", 9}, {"Turning on JNI app bug workaroun"..., 63}], 3) = 73
18:27:12.327583,1041,set_tls(0xacfddf00, 0xb7187a88, 0xacfddffc, 0x40, 0xacfddf00) = 0
18:27:12.328079,1041,setpriority(PRIO_PROCESS, 0, 0) = 0
18:27:12.328818,1041,futex(0xb6eda0b0, FUTEX_WAKE_PRIVATE, 2147483647) = 0
18:27:12.329410,1041,gettid() = 1041
18:27:12.329925,1041,write(24, "1041", 4) = 4
18:27:12.330549,1041,prctl(PR_SET_NAME, 0xb71823a8, 0, 0, 0) = 0
18:27:12.331037,1041,mmap2(NULL, 32768, PROT_READ|PROT_WRITE, MAP_PRIVATE|MAP_ANONYMOUS, -1, 0) = 0xaced6000
18:27:12.331577,1041,madvise(0xaced6000, 32768, 0xc /* MADV_??? */) = -1 EINVAL (Invalid argument)
18:27:12.332121,1041,gettid() = 1041
18:27:12.333484,1041,getpriority(PRIO_PROCESS, 0) = 20
18:27:12.334182,1041,gettid() = 1041
18:27:12.334754,1041,gettid() = 1041
18:27:12.335267,1041,getpid() = 1028
18:27:12.335695,1041,getuid32() = 10050
18:27:12.336248,1041,write(24, "1041", 4) = 4
18:27:12.336768,1041,ioctl(9, 0xc0186201, 0xacfdde28) = 0
18:27:12.347554,1041,mmap2(NULL, 1048576, PROT_READ|PROT_WRITE, MAP_PRIVATE|MAP_ANONYMOUS|MAP_NORESERVE, -1, 0 <unfinished ...>
18:27:12.347867,1028,prctl(PR_SET_NAME, 0xb71afcea, 0, 0, 0 <unfinished ...>
18:27:12.348143,1041,<... mmap2 resumed> ) = 0xacdd6000
18:27:12.348470,1028,<... prctl resumed> ) = 0
18:27:12.348805,1041,madvise(0xacdd6000, 1048576, 0xc /* MADV_??? */ <unfinished ...>
18:27:12.349135,1028,open("/sys/qemu_trace/process_name", O_RDWR <unfinished ...>
18:27:12.349988,1041,<... madvise resumed> ) = -1 EINVAL (Invalid argument)
18:27:12.350423,1028,<... open resumed> ) = 23
18:27:12.350705,1041,mprotect(0xacdd6000, 4096, PROT_NONE <unfinished ...>
18:27:12.351001,1028,write(23, "<pre-initialized>\0", 18 <unfinished ...>
18:27:12.351442,1041,<... mprotect resumed> ) = 0
18:27:12.351762,1028,<... write resumed> ) = 18
18:27:12.352080,1041,clone( <unfinished ...>
18:27:12.352436,1028,close(23) = 0
18:27:12.376817,1041,<... clone resumed> child_stack=0xaced5f00, flags=CLONE_VM|CLONE_FS|CLONE_FILES|CLONE_SIGHAND|CLONE_THREAD|CLONE_SYSVSEM|0x400000) = 1042
18:27:12.377246,1028,futex(0xb6eda0c0, FUTEX_WAKE_PRIVATE, 2147483647 <unfinished ...>
18:27:12.377635,1041,write(24, "1041", 4 <unfinished ...>
18:27:12.378030,1028,<... futex resumed> ) = 0
18:27:12.378365,1041,<... write resumed> ) = 4
18:27:12.378840,1028,pipe( <unfinished ...>
18:27:12.379115,1041,ioctl(9, 0xc0186201 <unfinished ...>
18:27:12.379656,1028,<... pipe resumed> [23, 29]) = 0
18:27:12.380053,1028,fcntl64(23, F_SETFL, O_RDONLY|O_NONBLOCK) = 0
18:27:12.380691,1028,fcntl64(29, F_SETFL, O_RDONLY|O_NONBLOCK) = 0
18:27:12.381275,1028,epoll_create(0x8) = 30
18:27:12.382253,1028,epoll_ctl(0x1e, 0x1, 0x17, 0xbef8b300) = 0
18:27:12.387093,1028,gettid() = 1028
18:27:12.397340,1028,getpid() = 1028
18:27:12.398079,1028,getuid32() = 10050
18:27:12.400791,1028,getpid() = 1028
18:27:12.401376,1028,gettid() = 1028
18:27:12.402080,1028,clock_gettime(CLOCK_MONOTONIC, {108, 455960012}) = 0
18:27:12.402698,1028,ioctl(9, 0xc0186201, 0xbef8b1f0) = 0
18:27:12.403546,1028,clock_gettime(CLOCK_MONOTONIC, {108, 457357176}) = 0
18:27:12.405233,1028,getpid() = 1028
18:27:12.405856,1028,gettid() = 1028
18:27:12.406400,1028,clock_gettime(CLOCK_MONOTONIC, {108, 460205708}) = 0
18:27:12.406935,1028,ioctl(9, 0xc0186201, 0xbef8b1f0) = 0
18:27:12.417929,1041,<... ioctl resumed> , 0xacfdde28) = 0
18:27:12.418253,1028,ioctl(9, 0xc0186201 <unfinished ...>
18:27:12.418682,1041,write(24, "1041", 4) = 4
18:27:12.419311,1041,getpriority(PRIO_PROCESS, 1041) = 20
18:27:12.427435,1042,set_tls(0xaced5f00, 0xb70ca518, 0xaced5ffc, 0x40, 0xaced5f00) = 0
18:27:12.427959,1042,futex(0xb6f5d698, FUTEX_WAIT_PRIVATE, 2, NULL <unfinished ...>
18:27:12.435618,1041,futex(0xb6f5d698, FUTEX_WAKE_PRIVATE, 1 <unfinished ...>
18:27:12.436316,1042,<... futex resumed> ) = 0
18:27:12.436595,1042,futex(0xb6f5d698, FUTEX_WAKE_PRIVATE, 1) = 0
18:27:12.437035,1042,setpriority(PRIO_PROCESS, 0, 0 <unfinished ...>
18:27:12.438637,1041,<... futex resumed> ) = 1
18:27:12.441265,1041,clock_gettime(CLOCK_MONOTONIC, {108, 495726740}) = 0
18:27:12.443528,1041,clock_gettime(CLOCK_MONOTONIC, {108, 497652738}) = 0
18:27:12.448018,1041,write(24, "1041", 4) = 4
18:27:12.448723,1041,ioctl(9, 0xc0186201, 0xacfdde28) = 0
18:27:12.449317,1041,write(24, "1041", 4) = 4
18:27:12.450281,1041,getpriority(PRIO_PROCESS, 1041) = 20
18:27:12.457377,1042,<... setpriority resumed> ) = 0
18:27:12.457684,1042,gettid() = 1042
18:27:12.458231,1042,write(24, "1042", 4) = 4
18:27:12.458801,1042,prctl(PR_SET_NAME, 0xb70cdd70, 0, 0, 0) = 0
18:27:12.459460,1042,mmap2(NULL, 32768, PROT_READ|PROT_WRITE, MAP_PRIVATE|MAP_ANONYMOUS, -1, 0) = 0xacdce000
18:27:12.459944,1042,madvise(0xacdce000, 32768, 0xc /* MADV_??? */) = -1 EINVAL (Invalid argument)
18:27:12.460456,1042,gettid() = 1042
18:27:12.461209,1042,getpriority(PRIO_PROCESS, 0) = 20
18:27:12.461757,1042,gettid() = 1042
18:27:12.462442,1042,gettid() = 1042
18:27:12.462896,1042,getpid() = 1028
18:27:12.463907,1042,getuid32() = 10050
18:27:12.464458,1042,write(24, "1042", 4) = 4
18:27:12.465018,1042,ioctl(9, 0xc0186201, 0xaced5e28) = 0
18:27:12.465662,1042,mmap2(NULL, 1048576, PROT_READ|PROT_WRITE, MAP_PRIVATE|MAP_ANONYMOUS|MAP_NORESERVE, -1, 0) = 0xaccce000
18:27:12.466265,1042,madvise(0xaccce000, 1048576, 0xc /* MADV_??? */) = -1 EINVAL (Invalid argument)
18:27:12.466713,1042,mprotect(0xaccce000, 4096, PROT_NONE) = 0
18:27:12.467294,1042,clone(child_stack=0xacdcdf00, flags=CLONE_VM|CLONE_FS|CLONE_FILES|CLONE_SIGHAND|CLONE_THREAD|CLONE_SYSVSEM|0x400000) = 1043
18:27:12.469912,1042,write(24, "1042", 4) = 4
18:27:12.470820,1042,ioctl(9, 0xc0186201 <unfinished ...>
18:27:12.471428,1043,set_tls(0xacdcdf00, 0xb7198718, 0xacdcdffc, 0x40, 0xacdcdf00) = 0
18:27:12.471982,1043,setpriority(PRIO_PROCESS, 0, 0) = 0
18:27:12.472509,1043,gettid() = 1043
18:27:12.473027,1043,write(24, "1043", 4) = 4
18:27:12.473659,1043,prctl(PR_SET_NAME, 0xb718f498, 0, 0, 0) = 0
18:27:12.474274,1043,mmap2(NULL, 32768, PROT_READ|PROT_WRITE, MAP_PRIVATE|MAP_ANONYMOUS, -1, 0) = 0xaccc6000
18:27:12.474814,1043,madvise(0xaccc6000, 32768, 0xc /* MADV_??? */) = -1 EINVAL (Invalid argument)
18:27:12.475360,1043,gettid() = 1043
18:27:12.476121,1043,getpriority(PRIO_PROCESS, 0) = 20
18:27:12.476778,1043,gettid() = 1043
18:27:12.487463,1043,gettid( <unfinished ...>
18:27:12.487720,1041,clock_gettime(CLOCK_MONOTONIC, <unfinished ...>
18:27:12.489009,1043,<... gettid resumed> ) = 1043
18:27:12.489351,1041,<... clock_gettime resumed> {108, 542900366}) = 0
18:27:12.489868,1043,getpid( <unfinished ...>
18:27:12.490499,1041,write(24, "1041", 4 <unfinished ...>
18:27:12.490887,1043,<... getpid resumed> ) = 1028
18:27:12.491249,1041,<... write resumed> ) = 4
18:27:12.491534,1043,getuid32( <unfinished ...>
18:27:12.491818,1041,ioctl(9, 0xc0186201 <unfinished ...>
18:27:12.492076,1043,<... getuid32 resumed> ) = 10050
18:27:12.492472,1043,write(24, "1043", 4) = 4
18:27:12.493002,1043,ioctl(9, 0xc0186201, 0xacdcde28) = 0
18:27:12.493670,1043,write(24, "1043", 4) = 4
18:27:12.494368,1043,ioctl(9, 0xc0186201 <unfinished ...>
18:27:12.530884,1028,<... ioctl resumed> , 0xbef8b1f0) = 0
18:27:12.531308,1028,clock_gettime(CLOCK_MONOTONIC, {108, 585120823}) = 0
18:27:12.531875,1028,getpid() = 1028
18:27:12.532999,1028,open("/proc/1028/cmdline", O_RDONLY) = 31
18:27:12.533901,1028,fstat64(31, {st_mode=S_IFREG|0444, st_size=0, ...}) = 0
18:27:12.535454,1028,mprotect(0xb657f000, 4096, PROT_READ|PROT_WRITE) = 0
18:27:12.535977,1028,mprotect(0xb657f000, 4096, PROT_READ) = 0
18:27:12.536514,1028,read(31, "<pre-initialized>\0\0\0\0\0\0\0\0\0\0\0\0\0\0\0"..., 1024) = 76
18:27:12.537488,1028,close(31) = 0
18:27:12.544326,1028,ioctl(9, 0xc0186201, 0xbef8a110) = 0
18:27:12.545485,1028,writev(5, [{"$Ë\0\0", 4}, {"\3\5\2\34\0\0\0android.app.IActivityMana"..., 73}], 2) = 77
18:27:12.597049,1028,mprotect(0xb1638000, 8192, PROT_READ|PROT_WRITE) = 0
18:27:12.600582,1028,getpid() = 1028
18:27:12.601072,1028,getuid32() = 10050
18:27:12.601639,1028,getpid() = 1028
18:27:12.602240,1028,getuid32() = 10050
18:27:12.602735,1028,epoll_wait(0x1e, 0xbef8b1f8, 0x10, 0) = 0
18:27:12.603265,1028,clock_gettime(CLOCK_MONOTONIC, {108, 657072244}) = 0
18:27:12.605101,1028,open("/sys/kernel/debug/tracing/trace_marker", O_WRONLY) = -1 ENOENT (No such file or directory)
18:27:12.606228,1028,writev(3, [{"\6", 1}, {"Trace\0", 6}, {"error opening trace file: No suc"..., 56}], 3) = 63
18:27:12.657498,1028,getpid() = 1028
18:27:12.664005,1028,getuid32() = 10050
18:27:12.664588,1028,epoll_wait(0x1e, 0xbef8b1f8, 0x10, 0) = 0
18:27:12.665101,1028,clock_gettime(CLOCK_MONOTONIC, {108, 762139513}) = 0
18:27:12.709400,1028,prctl(PR_SET_NAME, 0xb718ae3b, 0, 0, 0) = 0
18:27:12.709936,1028,open("/sys/qemu_trace/process_name", O_RDWR) = 31
18:27:12.710811,1028,write(31, "com.ps.keepaccount\0", 19) = 19
18:27:12.711582,1028,close(31) = 0
18:27:12.729811,1028,ioctl(9, 0xc0186201, 0xbef8b0c8) = 0
18:27:12.730840,1028,ioctl(9, 0xc0186201, 0xbef8b108) = 0
18:27:12.731852,1028,ioctl(9, 0xc0186201, 0xbef8b0c8) = 0
18:27:12.732701,1028,dup(31) = 32
18:27:12.733284,1028,mmap2(NULL, 4096, PROT_READ, MAP_SHARED, 32, 0) = 0xaccc5000
18:27:12.733801,1028,close(31) = 0
18:27:12.747391,1028,dup(32) = 31
18:27:12.748791,1028,getpid() = 1028
18:27:12.749369,1028,gettid() = 1028
18:27:12.750226,1028,clock_gettime(CLOCK_MONOTONIC, {108, 804226876}) = 0
18:27:12.750991,1028,ioctl(9, 0xc0186201, 0xbef8b1f0) = 0
18:27:12.752549,1028,clock_gettime(CLOCK_MONOTONIC, {108, 806391669}) = 0
18:27:12.755066,1028,getuid32() = 10050
18:27:12.756716,1028,stat64("/system/framework/framework-res.apk", {st_mode=S_IFREG|0644, st_size=8749696, ...}) = 0
18:27:12.766761,1028,access("/vendor/overlay/framework/framework-res.apk", R_OK) = -1 ENOENT (No such file or directory)
18:27:12.767838,1028,stat64("/data/app/com.ps.keepaccount-1.apk", {st_mode=S_IFREG|0644, st_size=377865, ...}) = 0
18:27:12.769964,1028,stat64("/system/framework/framework-res.apk", {st_mode=S_IFREG|0644, st_size=8749696, ...}) = 0
18:27:12.771511,1028,stat64("/data/app/com.ps.keepaccount-1.apk", {st_mode=S_IFREG|0644, st_size=377865, ...}) = 0
18:27:12.772722,1028,open("/data/app/com.ps.keepaccount-1.apk", O_RDONLY) = 33
18:27:12.773648,1028,_llseek(33, 0, [377865], SEEK_END) = 0
18:27:12.774424,1028,mmap2(NULL, 69632, PROT_READ|PROT_WRITE, MAP_PRIVATE|MAP_ANONYMOUS, -1, 0) = 0xaccb4000
18:27:12.774959,1028,madvise(0xaccb4000, 69632, 0xc /* MADV_??? */) = -1 EINVAL (Invalid argument)
18:27:12.775571,1028,_llseek(33, 0, [0], SEEK_SET) = 0
18:27:12.776118,1028,read(33, "PK\3\4", 4) = 4
18:27:12.776697,1028,_llseek(33, 312308, [312308], SEEK_SET) = 0
18:27:12.787442,1028,read(33, "@lÎ\32ß\35\202\227s´oÏÐ_±\237x\25Ð%m`}!5\203Vzè\5\0l"..., 65557) = 65557
18:27:12.788430,1028,munmap(0xaccb4000, 69632) = 0
18:27:12.788971,1028,mmap2(NULL, 9203, PROT_READ, MAP_SHARED, 33, 0x5a) = 0xaccc2000
18:27:12.789893,1028,pread(33, "PK\3\4\n\0\0\0\0\0ÂZ$?\31H°/t>\0\0t>\0\0\16\0\0\0", 30, 85602993176576) = 30
18:27:12.790819,1028,mmap2(NULL, 19579, PROT_READ, MAP_SHARED, 33, 0x4) = 0xaccbd000
18:27:12.792332,1028,gettimeofday({1741112832, 792515}, NULL) = 0
18:27:12.793424,1028,access("/data/data/com.ps.keepaccount/cache", F_OK) = -1 ENOENT (No such file or directory)
18:27:12.794649,1028,access("/data/data/com.ps.keepaccount/cache", F_OK) = -1 ENOENT (No such file or directory)
18:27:12.796188,1028,mkdir("/data/data/com.ps.keepaccount/cache", 0700) = 0
18:27:12.808792,1028,chmod("/data/data/com.ps.keepaccount/cache", 0771) = 0
18:27:12.814432,1028,getuid32() = 10050
18:27:12.818669,1028,getuid32() = 10050
18:27:12.821176,1028,getpid() = 1028
18:27:12.822112,1028,gettid() = 1028
18:27:12.825955,1028,clock_gettime(CLOCK_MONOTONIC, {108, 880258470}) = 0
18:27:12.827179,1028,ioctl(9, 0xc0186201, 0xbef8b1f0) = 0
18:27:12.838055,1028,ioctl(9, 0xc0186201, 0xbef8b1f0) = 0
18:27:12.838664,1028,clock_gettime(CLOCK_MONOTONIC, {108, 892571840}) = 0
18:27:12.840761,1028,access("/data/data/com.ps.keepaccount/cache/com.android.renderscript.cache", F_OK) = -1 ENOENT (No such file or directory)
18:27:12.841986,1028,mkdir("/data/data/com.ps.keepaccount/cache/com.android.renderscript.cache", 0700) = 0
18:27:12.843713,1028,getpid() = 1028
18:27:12.844229,1028,gettid() = 1028
18:27:12.844696,1028,clock_gettime(CLOCK_MONOTONIC, {108, 898501210}) = 0
18:27:12.845643,1028,ioctl(9, 0xc0186201, 0xbef8b1f0) = 0
18:27:12.846432,1028,clock_gettime(CLOCK_MONOTONIC, {108, 900248275}) = 0
18:27:12.858612,1028,getpid() = 1028
18:27:12.859293,1028,gettid() = 1028
18:27:12.859833,1028,clock_gettime(CLOCK_MONOTONIC, {108, 913641204}) = 0
18:27:12.860434,1028,ioctl(9, 0xc0186201, 0xbef8b1f0) = 0
18:27:12.861856,1028,clock_gettime(CLOCK_MONOTONIC, {108, 925772516}) = 0
18:27:12.874300,1028,writev(3, [{"\5", 1}, {"DroidBox\0", 9}, {"DroidBox: { \"DexClassLoader\": { "..., 81}], 3) = 91
18:27:12.877045,1028,access("/data/app/com.ps.keepaccount-1.apk", F_OK) = 0
18:27:12.886850,1028,access("/data/app/com.ps.keepaccount-1.apk", R_OK) = 0
18:27:12.887730,1028,stat64("/data/app/com.ps.keepaccount-1.apk", {st_mode=S_IFREG|0644, st_size=377865, ...}) = 0
18:27:12.889897,1028,open("/data/app/com.ps.keepaccount-1.apk", O_RDONLY) = 34
18:27:12.890967,1028,fstat64(34, {st_mode=S_IFREG|0644, st_size=377865, ...}) = 0
18:27:12.892072,1028,fstat64(34, {st_mode=S_IFREG|0644, st_size=377865, ...}) = 0
18:27:12.893394,1028,_llseek(34, 377843, [377843], SEEK_SET) = 0
18:27:12.894504,1028,read(34, "PK\5\6", 4) = 4
18:27:12.895133,1028,fgetxattr(34, "user.taint", 0xbef8b484, 4) = -1 ENODATA (No data available)
18:27:12.896802,1028,clock_gettime(CLOCK_MONOTONIC, {108, 950613749}) = 0
18:27:12.897390,1028,getpid() = 1028
18:27:12.907348,1028,readlink("/proc/1028/fd/34", "/data/app/com.ps.keepaccount-1.apk", 120) = 34
18:27:12.908680,1028,read(34, "\0\0\0\0e\0e\0\1\36\0\0ò¥\5\0\0\0", 18) = 18
18:27:12.909431,1028,fgetxattr(34, "user.taint", 0xbef8b484, 4) = -1 ENODATA (No data available)
18:27:12.911389,1028,clock_gettime(CLOCK_MONOTONIC, {108, 965381917}) = 0
18:27:12.912121,1028,getpid() = 1028
18:27:12.912651,1028,readlink("/proc/1028/fd/34", "/data/app/com.ps.keepaccount-1.apk", 120) = 34
18:27:12.913861,1028,fstat64(34, {st_mode=S_IFREG|0644, st_size=377865, ...}) = 0
18:27:12.915643,1028,_llseek(34, 370162, [370162], SEEK_SET) = 0
18:27:12.916343,1028,read(34, "PK\1\2\24\0\24\0\10\0\10\0è\\$?ö\177ç*e\t\0\0; \0\0\24\0\0\0"..., 4096) = 4096
18:27:12.917106,1028,fgetxattr(34, "user.taint", 0xbef8b484, 4) = -1 ENODATA (No data available)
18:27:12.930134,1028,clock_gettime(CLOCK_MONOTONIC, {108, 984061427}) = 0
18:27:12.930841,1028,getpid() = 1028
18:27:12.931394,1028,readlink("/proc/1028/fd/34", "/data/app/com.ps.keepaccount-1.apk", 120) = 34
18:27:12.940109,1028,_llseek(34, 374258, [374258], SEEK_SET) = 0
18:27:12.940901,1028,read(34, "\1\0res/drawable-ldpi/tabbar_wirel"..., 3607) = 3607
18:27:12.942069,1028,fgetxattr(34, "user.taint", 0xbef8b484, 4) = -1 ENODATA (No data available)
18:27:12.943633,1028,clock_gettime(CLOCK_MONOTONIC, {108, 997452830}) = 0
18:27:12.944243,1028,getpid() = 1028
18:27:12.944756,1028,readlink("/proc/1028/fd/34", "/data/app/com.ps.keepaccount-1.apk", 120) = 34
18:27:12.952229,1028,open("/data/app/com.ps.keepaccount-1.apk", O_RDONLY) = 35
18:27:12.952948,1028,lseek(35, 0, SEEK_END) = 377865
18:27:12.953573,1028,mmap2(NULL, 69632, PROT_READ|PROT_WRITE, MAP_PRIVATE|MAP_ANONYMOUS, -1, 0) = 0xaccac000
18:27:12.954340,1028,madvise(0xaccac000, 69632, 0xc /* MADV_??? */) = -1 EINVAL (Invalid argument)
18:27:12.954888,1028,lseek(35, 312308, SEEK_SET) = 312308
18:27:12.955417,1028,read(35, "@lÎ\32ß\35\202\227s´oÏÐ_±\237x\25Ð%m`}!5\203Vzè\5\0l"..., 65557) = 65557
18:27:12.956480,1028,mmap2(NULL, 9203, PROT_READ, MAP_SHARED, 35, 0x5a) = 0xacca9000
18:27:12.957219,1028,munmap(0xaccac000, 69632) = 0
18:27:12.958130,1028,fcntl64(35, F_GETFD) = 0
18:27:12.959031,1028,fcntl64(35, F_SETFD, FD_CLOEXEC) = 0
18:27:12.959544,1028,open("/data/app/com.ps.keepaccount-1.odex", O_RDONLY) = -1 ENOENT (No such file or directory)
18:27:12.960876,1028,open("/data/dalvik-cache/data@app@com.ps.keepaccount-1.apk@classes.dex", O_RDWR|O_CREAT, 0644) = -1 EACCES (Permission denied)
18:27:12.962227,1028,open("/data/dalvik-cache/data@app@com.ps.keepaccount-1.apk@classes.dex", O_RDONLY) = 36
18:27:12.963125,1028,flock(36, LOCK_EX|LOCK_NB) = 0
18:27:12.964136,1028,fstat64(36, {st_mode=S_IFREG|0644, st_size=286552, ...}) = 0
18:27:12.965127,1028,stat64("/data/dalvik-cache/data@app@com.ps.keepaccount-1.apk@classes.dex", {st_mode=S_IFREG|0644, st_size=286552, ...}) = 0
18:27:12.966875,1028,lseek(36, 0, SEEK_SET) = 0
18:27:12.967391,1028,read(36, "dey\n036\0(\0\0\0@E\4\0hE\4\0Ö\1\0\0@G\4\0\30\30\0\0"..., 40) = 40
18:27:12.968084,1028,lseek(36, 279912, SEEK_SET) = 279912
18:27:12.968692,1028,read(36, "ÃZ$?sæ&7\34\0\0\0\10\0\0\0\34\0\0\0/system/fram"..., 470) = 470
18:27:12.969873,1028,lseek(36, 0, SEEK_SET) = 0
18:27:12.970457,1028,lseek(36, 0, SEEK_CUR) = 0
18:27:12.970924,1028,lseek(36, 0, SEEK_END) = 286552
18:27:12.971435,1028,lseek(36, 0, SEEK_SET) = 0
18:27:12.971899,1028,mmap2(NULL, 286552, PROT_READ|PROT_WRITE, MAP_PRIVATE, 36, 0) = 0xacc63000
18:27:12.972468,1028,madvise(0xacc63000, 286552, 0xc /* MADV_??? */) = -1 EINVAL (Invalid argument)
18:27:12.972942,1028,mprotect(0xacc63000, 286552, PROT_READ) = 0
18:27:12.973630,1028,open("/dev/ashmem", O_RDWR) = 37
18:27:12.974279,1028,ioctl(37, 0x41007701, 0xbef8b254) = 0
18:27:12.974782,1028,ioctl(37, 0x40047703, 0x7000) = 0
18:27:12.975311,1028,mmap2(NULL, 28672, PROT_READ|PROT_WRITE, MAP_PRIVATE, 37, 0) = 0xb0f03000
18:27:12.975889,1028,madvise(0xb0f03000, 28672, 0xc /* MADV_??? */) = -1 EINVAL (Invalid argument)
18:27:12.976931,1028,close(37) = 0
18:27:12.977631,1028,flock(36, LOCK_UN) = 0
18:27:12.978283,1028,close(36) = 0
18:27:12.979670,1028,access("/data/data/com.ps.keepaccount/lib", F_OK) = 0
18:27:12.980532,1028,access("/data/data/com.ps.keepaccount/lib", R_OK) = 0
18:27:12.981433,1028,stat64("/data/data/com.ps.keepaccount/lib", {st_mode=S_IFDIR|0755, st_size=4096, ...}) = 0
18:27:12.983641,1028,access("/vendor/lib", F_OK) = -1 ENOENT (No such file or directory)
18:27:12.984465,1028,access("/system/lib", F_OK) = 0
18:27:12.985072,1028,access("/system/lib", R_OK) = 0
18:27:12.985708,1028,stat64("/system/lib", {st_mode=S_IFDIR|0755, st_size=8192, ...}) = 0
18:27:12.987177,1028,getuid32() = 10050
18:27:13.011621,1028,getpid() = 1028
18:27:13.012167,1028,gettid() = 1028
18:27:13.012648,1028,clock_gettime(CLOCK_MONOTONIC, {109, 66452593}) = 0
18:27:13.013228,1028,ioctl(9, 0xc0186201, 0xbef8b1f0) = 0
18:27:13.016843,1028,ioctl(9, 0xc0186201, 0xbef8b1f0) = 0
18:27:13.028998,1028,clock_gettime(CLOCK_MONOTONIC, {109, 82883042}) = 0
18:27:13.032272,1028,gettimeofday({1741112833, 32437}, NULL) = 0
18:27:13.033388,1028,getpid() = 1028
18:27:13.033968,1028,getuid32() = 10050
18:27:13.034506,1028,epoll_wait(0x1e, 0xbef8b1f8, 0x10, 0) = 0
18:27:13.034996,1028,clock_gettime(CLOCK_MONOTONIC, {109, 88825072}) = 0
18:27:13.035647,1028,stat64("/system/framework/framework-res.apk", {st_mode=S_IFREG|0644, st_size=8749696, ...}) = 0
18:27:13.036891,1028,stat64("/data/app/com.ps.keepaccount-1.apk", {st_mode=S_IFREG|0644, st_size=377865, ...}) = 0
18:27:13.051017,1028,mprotect(0xb1639000, 8192, PROT_READ|PROT_WRITE) = 0
18:27:13.053242,1028,mprotect(0xb163a000, 8192, PROT_READ|PROT_WRITE) = 0
18:27:13.069254,1028,gettimeofday({1741112833, 69707}, NULL) = 0
18:27:13.070514,1028,getuid32() = 10050
18:27:13.071330,1028,stat64("/system/framework/framework-res.apk", {st_mode=S_IFREG|0644, st_size=8749696, ...}) = 0
18:27:13.072578,1028,stat64("/data/app/com.ps.keepaccount-1.apk", {st_mode=S_IFREG|0644, st_size=377865, ...}) = 0
18:27:13.078763,1028,getpid() = 1028
18:27:13.079402,1028,gettid() = 1028
18:27:13.079871,1028,clock_gettime(CLOCK_MONOTONIC, {109, 133675581}) = 0
18:27:13.080472,1028,ioctl(9, 0xc0186201, 0xbef8b1f0) = 0
18:27:13.081752,1028,clock_gettime(CLOCK_MONOTONIC, {109, 135625783}) = 0
18:27:13.082652,1028,getpid() = 1028
18:27:13.083119,1028,gettid() = 1028
18:27:13.083663,1028,clock_gettime(CLOCK_MONOTONIC, {109, 137466800}) = 0
18:27:13.084266,1028,ioctl(9, 0xc0186201, 0xbef8b1f0) = 0
18:27:13.085485,1028,clock_gettime(CLOCK_MONOTONIC, {109, 139300708}) = 0
18:27:13.088332,1028,getpid() = 1028
18:27:13.088821,1028,gettid() = 1028
18:27:13.089591,1028,clock_gettime(CLOCK_MONOTONIC, {109, 143398401}) = 0
18:27:13.090223,1028,ioctl(9, 0xc0186201, 0xbef8b1f0) = 0
18:27:13.091396,1028,clock_gettime(CLOCK_MONOTONIC, {109, 145202599}) = 0
18:27:13.092609,1028,getpid() = 1028
18:27:13.093084,1028,gettid() = 1028
18:27:13.093689,1028,clock_gettime(CLOCK_MONOTONIC, {109, 147494368}) = 0
18:27:13.094296,1028,ioctl(9, 0xc0186201, 0xbef8b1f0) = 0
18:27:13.095836,1028,clock_gettime(CLOCK_MONOTONIC, {109, 149689396}) = 0
18:27:13.101307,1028,pread(18, "PK\3\4\24\0\10\0\10\0\31\r\2208¿Ìm\4»\1\0\0 \3\0\0\34\0\0\0", 30, 13579900610936832) = 30
18:27:13.102365,1028,mmap2(NULL, 4302, PROT_READ, MAP_SHARED, 18, 0x303) = 0xaccbb000
18:27:13.103747,1028,munmap(0xaccbb000, 4302) = 0
18:27:13.113972,1028,clock_gettime(CLOCK_MONOTONIC, {109, 167830282}) = 0
18:27:13.115525,1028,pread(33, "PK\3\4\24\0\10\0\10\0ÃZ$?\0\0\0\0\0\0\0\0\0\0\0\0\25\0\0\0", 30, 50740743634944) = 30
18:27:13.116516,1028,mmap2(NULL, 4189, PROT_READ, MAP_SHARED, 33, 0x2) = 0xaccbb000
18:27:13.117914,1028,munmap(0xaccbb000, 4189) = 0
18:27:13.124748,1028,pread(33, "PK\3\4\n\0\0\0\0\0ÂZ$?ûñn0¬\1\0\0¬\1\0\0\"\0\0\0", 30, 416766446534656) = 30
18:27:13.125602,1028,mmap2(NULL, 3320, PROT_READ, MAP_SHARED, 33, 0x17) = 0xaccbc000
18:27:13.138104,1028,sigprocmask(SIG_BLOCK, [], [QUIT USR1 PIPE]) = 0
18:27:13.139040,1028,sigprocmask(SIG_BLOCK, [], [QUIT USR1 PIPE]) = 0
18:27:13.139794,1028,sigprocmask(SIG_BLOCK, [], [QUIT USR1 PIPE]) = 0
18:27:13.140885,1028,sigprocmask(SIG_BLOCK, [], [QUIT USR1 PIPE]) = 0
18:27:13.143000,1028,brk(0xb71fa000) = 0xb71fa000
18:27:13.160869,1028,mprotect(0xb3de0000, 462848, PROT_READ|PROT_WRITE) = 0
18:27:13.161468,1028,mprotect(0xb3e51000, 41082880, PROT_NONE) = 0
18:27:13.166485,1028,munmap(0xaccbc000, 3320) = 0
18:27:13.179815,1028,pread(33, "PK\3\4\24\0\10\0\10\0ÃZ$?\0\0\0\0\0\0\0\0\0\0\0\0000\0\0\0", 30, 450533479415808) = 30
18:27:13.180727,1028,mmap2(NULL, 2855, PROT_READ, MAP_SHARED, 33, 0x19) = 0xaccbc000
18:27:13.181496,1028,munmap(0xaccbc000, 2855) = 0
18:27:13.184830,1028,pread(33, "PK\3\4\24\0\10\0\10\0ÃZ$?\0\0\0\0\0\0\0\0\0\0\0\0000\0\0\0", 30, 448905686810624) = 30
18:27:13.185905,1028,mmap2(NULL, 2482, PROT_READ, MAP_SHARED, 33, 0x19) = 0xaccbc000
18:27:13.198113,1028,munmap(0xaccbc000, 2482) = 0
18:27:13.199889,1028,pread(18, "PK\3\4\n\0\0\0\0\0\31\r\2208e}|u\26\1\0\0\26\1\0\0001\0\2\0", 30, 6627576919359488) = 30
18:27:13.200768,1028,mmap2(NULL, 3366, PROT_READ, MAP_SHARED, 18, 0x178) = 0xaccbc000
18:27:13.201686,1028,sigprocmask(SIG_BLOCK, [], [QUIT USR1 PIPE]) = 0
18:27:13.202421,1028,sigprocmask(SIG_BLOCK, [], [QUIT USR1 PIPE]) = 0
18:27:13.202977,1028,sigprocmask(SIG_BLOCK, [], [QUIT USR1 PIPE]) = 0
18:27:13.203609,1028,sigprocmask(SIG_BLOCK, [], [QUIT USR1 PIPE]) = 0
18:27:13.217641,1028,munmap(0xaccbc000, 3366) = 0
18:27:13.221073,1028,mprotect(0xb163b000, 8192, PROT_READ|PROT_WRITE) = 0
18:27:13.223839,1028,gettimeofday({1741112833, 224038}, NULL) = 0
18:27:13.241541,1028,gettimeofday({1741112833, 241741}, NULL) = 0
18:27:13.242536,1028,gettimeofday({1741112833, 242699}, NULL) = 0
18:27:13.256249,1028,mprotect(0xb163c000, 8192, PROT_READ|PROT_WRITE) = 0
18:27:13.257689,1028,mprotect(0xb163d000, 8192, PROT_READ|PROT_WRITE) = 0
18:27:13.260174,1028,pread(18, "PK\3\4\n\0\0\0\0\0\31\r\2208\17Ç,\20¢\0\0\0¢\0\0\0002\0\2\0", 30, 2271599612919808) = 30
18:27:13.260947,1028,mmap2(NULL, 758, PROT_READ, MAP_SHARED, 18, 0x81) = 0xaccbc000
18:27:13.261915,1028,sigprocmask(SIG_BLOCK, [], [QUIT USR1 PIPE]) = 0
18:27:13.262594,1028,sigprocmask(SIG_BLOCK, [], [QUIT USR1 PIPE]) = 0
18:27:13.263191,1028,sigprocmask(SIG_BLOCK, [], [QUIT USR1 PIPE]) = 0
18:27:13.264038,1028,sigprocmask(SIG_BLOCK, [], [QUIT USR1 PIPE]) = 0
18:27:13.267322,1028,munmap(0xaccbc000, 758) = 0
18:27:13.272455,1028,pread(18, "PK\3\4\24\0\10\0\10\0\31\r\2208\0066Èyz\1\0\0\224\5\0\0\32\0\0\0", 30, 12751903930712064) = 30
18:27:13.273449,1028,mmap2(NULL, 3964, PROT_READ, MAP_SHARED, 18, 0x2d4) = 0xaccbc000
18:27:13.274369,1028,munmap(0xaccbc000, 3964) = 0
18:27:13.276184,1028,pread(18, "PK\3\4\n\0\0\0\0\0\31\r\2208¹âÚËÛ\5\0\0Û\5\0\0\"\0\2\0", 30, 2338910340382720) = 30
18:27:13.276970,1028,mmap2(NULL, 5463, PROT_READ, MAP_SHARED, 18, 0x84) = 0xaccbb000
18:27:13.277907,1028,sigprocmask(SIG_BLOCK, [], [QUIT USR1 PIPE]) = 0
18:27:13.309455,1028,sigprocmask(SIG_BLOCK, [], [QUIT USR1 PIPE]) = 0
18:27:13.310322,1028,sigprocmask(SIG_BLOCK, [], [QUIT USR1 PIPE]) = 0
18:27:13.311453,1028,sigprocmask(SIG_BLOCK, [], [QUIT USR1 PIPE]) = 0
18:27:13.314971,1028,munmap(0xaccbb000, 5463) = 0
18:27:13.316223,1028,pread(18, "PK\3\4\n\0\0\0\0\0\31\r\2208\34\200E¦Ö\5\0\0Ö\5\0\0#\0\1\0", 30, 2272647584940032) = 30
18:27:13.316986,1028,mmap2(NULL, 2318, PROT_READ, MAP_SHARED, 18, 0x81) = 0xaccbc000
18:27:13.318096,1028,sigprocmask(SIG_BLOCK, [], [QUIT USR1 PIPE]) = 0
18:27:13.318799,1028,sigprocmask(SIG_BLOCK, [], [QUIT USR1 PIPE]) = 0
18:27:13.319942,1028,sigprocmask(SIG_BLOCK, [], [QUIT USR1 PIPE]) = 0
18:27:13.320902,1028,sigprocmask(SIG_BLOCK, [], [QUIT USR1 PIPE]) = 0
18:27:13.321656,1028,mprotect(0xb3de0000, 528384, PROT_READ|PROT_WRITE) = 0
18:27:13.322266,1028,mprotect(0xb3e61000, 41017344, PROT_NONE) = 0
18:27:13.323015,1028,futex(0xb70af9a8, FUTEX_WAKE_PRIVATE, 1 <unfinished ...>
18:27:13.323350,1032,<... futex resumed> ) = 0
18:27:13.323660,1032,futex(0xb68965f4, FUTEX_WAIT_PRIVATE, 2, NULL <unfinished ...>
18:27:13.323937,1028,<... futex resumed> ) = 1
18:27:13.324272,1028,futex(0xb68965f4, FUTEX_WAKE_PRIVATE, 1 <unfinished ...>
18:27:13.324569,1032,<... futex resumed> ) = 0
18:27:13.324846,1032,clock_gettime(CLOCK_MONOTONIC, {109, 378650063}) = 0
18:27:13.325450,1032,clock_gettime(CLOCK_MONOTONIC, {109, 379254063}) = 0
18:27:13.326031,1032,clock_gettime(CLOCK_MONOTONIC, {109, 379905925}) = 0
18:27:13.326620,1032,nanosleep({0, 10000000}, <unfinished ...>
18:27:13.327030,1028,<... futex resumed> ) = 1
18:27:13.327404,1028,futex(0xb689658c, FUTEX_WAIT_PRIVATE, -434, NULL <unfinished ...>
18:27:13.337583,1032,<... nanosleep resumed> 0xaf598d88) = 0
18:27:13.338063,1032,madvise(0xb23ff000, 3107101, MADV_NORMAL) = 0
18:27:13.343841,1032,futex(0xb68965f4, FUTEX_WAKE_PRIVATE, 1) = 0
18:27:13.344388,1032,futex(0xb689658c, FUTEX_WAKE_PRIVATE, 2147483647) = 1
18:27:13.345030,1028,<... futex resumed> ) = 0
18:27:13.345433,1032,clock_gettime(CLOCK_MONOTONIC, {109, 400259244}) = 0
18:27:13.349005,1028,munmap(0xaccbc000, 2318) = 0
18:27:13.357903,1028,pread(18, "PK\3\4\n\0\0\0\0\0\31\r\2208\207\210ûú\206\10\0\0\206\10\0\0*\0\2\0", 30, 2384213655420928) = 30
18:27:13.358736,1028,mmap2(NULL, 4414, PROT_READ, MAP_SHARED, 18, 0x87) = 0xaccbb000
18:27:13.359653,1028,sigprocmask(SIG_BLOCK, [], [QUIT USR1 PIPE]) = 0
18:27:13.360356,1028,sigprocmask(SIG_BLOCK, [], [QUIT USR1 PIPE]) = 0
18:27:13.360944,1028,sigprocmask(SIG_BLOCK, [], [QUIT USR1 PIPE]) = 0
18:27:13.361566,1028,sigprocmask(SIG_BLOCK, [], [QUIT USR1 PIPE]) = 0
18:27:13.365800,1028,munmap(0xaccbb000, 4414) = 0
18:27:13.366987,1028,pread(18, "PK\3\4\n\0\0\0\0\0\31\r\2208Ç|\230Vu\10\0\0u\10\0\0+\0\3\0", 30, 2304507652341760) = 30
18:27:13.368462,1028,mmap2(NULL, 2225, PROT_READ, MAP_SHARED, 18, 0x83) = 0xaccbc000
18:27:13.369583,1028,sigprocmask(SIG_BLOCK, [], [QUIT USR1 PIPE]) = 0
18:27:13.370296,1028,sigprocmask(SIG_BLOCK, [], [QUIT USR1 PIPE]) = 0
18:27:13.370849,1028,sigprocmask(SIG_BLOCK, [], [QUIT USR1 PIPE]) = 0
18:27:13.371485,1028,sigprocmask(SIG_BLOCK, [], [QUIT USR1 PIPE]) = 0
18:27:13.374608,1028,clock_gettime(CLOCK_MONOTONIC, {109, 428422159}) = 0
18:27:13.375189,1028,futex(0xb68965f8, FUTEX_WAIT_PRIVATE, -216, NULL <unfinished ...>
18:27:13.404613,1032,clock_gettime(CLOCK_MONOTONIC, {109, 458522709}) = 0
18:27:13.408804,1032,futex(0xb689658c, FUTEX_WAKE_PRIVATE, 2147483647) = 0
18:27:13.409362,1032,clock_gettime(CLOCK_MONOTONIC, {109, 470474685}) = 0
18:27:13.418956,1032,madvise(0xb33ff000, 786432, MADV_DONTNEED) = 0
18:27:13.419553,1032,madvise(0xb23ff000, 16777216, MADV_DONTNEED) = 0
18:27:13.420110,1032,futex(0xb68965f8, FUTEX_WAKE_PRIVATE, 2147483647) = 1
18:27:13.420632,1028,<... futex resumed> ) = 0
18:27:13.420986,1032,futex(0xb71ae7a0, FUTEX_WAKE_PRIVATE, 1 <unfinished ...>
18:27:13.421320,1028,futex(0xb68965f4, FUTEX_WAIT_PRIVATE, 2, NULL <unfinished ...>
18:27:13.421924,1032,<... futex resumed> ) = 1
18:27:13.422246,1035,<... futex resumed> ) = 0
18:27:13.422539,1032,clock_gettime(CLOCK_MONOTONIC, <unfinished ...>
18:27:13.422834,1035,futex(0xb71c9278, FUTEX_WAKE_PRIVATE, 1 <unfinished ...>
18:27:13.423090,1032,<... clock_gettime resumed> {109, 476642702}) = 0
18:27:13.423472,1035,<... futex resumed> ) = 1
18:27:13.423833,1032,writev(3, [{"\3", 1}, {"dalvikvm\0", 9}, {"GC_CONCURRENT freed 166K, 3% fre"..., 76}], 3 <unfinished ...>
18:27:13.424523,1036,<... futex resumed> ) = 0
18:27:13.425005,1035,futex(0xb71ae7a0, FUTEX_WAIT_PRIVATE, -2, NULL <unfinished ...>
18:27:13.425508,1036,clock_gettime(CLOCK_MONOTONIC, <unfinished ...>
18:27:13.425781,1032,<... writev resumed> ) = 86
18:27:13.426032,1036,<... clock_gettime resumed> {109, 479591985}) = 0
18:27:13.426453,1032,futex(0xb68965f4, FUTEX_WAKE_PRIVATE, 1 <unfinished ...>
18:27:13.426737,1036,futex(0xb71cf5d0, FUTEX_WAKE_PRIVATE, 1 <unfinished ...>
18:27:13.426998,1032,<... futex resumed> ) = 1
18:27:13.448308,1036,<... futex resumed> ) = 1
18:27:13.448535,1037,<... futex resumed> ) = 0
18:27:13.448790,1032,clock_gettime(CLOCK_MONOTONIC, <unfinished ...>
18:27:13.448968,1028,<... futex resumed> ) = 0
18:27:13.454972,1036,gettid( <unfinished ...>
18:27:13.455424,1037,clock_gettime(CLOCK_MONOTONIC, <unfinished ...>
18:27:13.455706,1032,<... clock_gettime resumed> {109, 509237851}) = 0
18:27:13.456114,1028,clock_gettime(CLOCK_MONOTONIC, <unfinished ...>
18:27:13.457835,1036,<... gettid resumed> ) = 1036
18:27:13.458103,1037,<... clock_gettime resumed> {109, 511659927}) = 0
18:27:13.458534,1032,clock_gettime(CLOCK_MONOTONIC, <unfinished ...>
18:27:13.458793,1028,<... clock_gettime resumed> {109, 512340428}) = 0
18:27:13.459576,1036,getpid( <unfinished ...>
18:27:13.459869,1037,clock_gettime(CLOCK_MONOTONIC, <unfinished ...>
18:27:13.460124,1032,<... clock_gettime resumed> {109, 513676811}) = 0
18:27:13.460737,1028,writev(3, [{"\3", 1}, {"dalvikvm\0", 9}, {"WAIT_FOR_CONCURRENT_GC blocked 8"..., 36}], 3 <unfinished ...>
18:27:13.461547,1036,<... getpid resumed> ) = 1028
18:27:13.461872,1037,<... clock_gettime resumed> {109, 515429605}) = 0
18:27:13.462275,1032,futex(0xb70af9a8, FUTEX_WAIT_PRIVATE, -2, {4, 995561040} <unfinished ...>
18:27:13.462787,1036,getuid32( <unfinished ...>
18:27:13.463067,1037,clock_gettime(CLOCK_MONOTONIC, <unfinished ...>
18:27:13.463405,1028,<... writev resumed> ) = 46
18:27:13.463743,1036,<... getuid32 resumed> ) = 10050
18:27:13.463999,1037,<... clock_gettime resumed> {109, 517558066}) = 0
18:27:13.464508,1028,futex(0xb68965f4, FUTEX_WAKE_PRIVATE, 1 <unfinished ...>
18:27:13.464919,1036,ioctl(9, 0xc0186201 <unfinished ...>
18:27:13.465340,1037,futex(0xb71cf5d0, FUTEX_WAIT_PRIVATE, -2, {9, 965871539} <unfinished ...>
18:27:13.465688,1028,<... futex resumed> ) = 0
18:27:13.466135,1036,<... ioctl resumed> , 0xad2e3a58) = 0
18:27:13.467820,1036,clock_gettime(CLOCK_MONOTONIC, {109, 521637527}) = 0
18:27:13.468844,1036,clock_gettime(CLOCK_MONOTONIC, {109, 522713376}) = 0
18:27:13.469629,1036,clock_gettime(CLOCK_MONOTONIC, {109, 523471045}) = 0
18:27:13.470631,1036,clock_gettime(CLOCK_MONOTONIC, {109, 524439372}) = 0
18:27:13.471251,1036,clock_gettime(CLOCK_MONOTONIC, {109, 525064344}) = 0
18:27:13.471830,1036,clock_gettime(CLOCK_MONOTONIC, {109, 525643147}) = 0
18:27:13.472460,1036,clock_gettime(CLOCK_MONOTONIC, {109, 526272077}) = 0
18:27:13.473049,1036,clock_gettime(CLOCK_MONOTONIC, {109, 526899412}) = 0
18:27:13.473662,1036,clock_gettime(CLOCK_MONOTONIC, {109, 527473754}) = 0
18:27:13.474610,1036,clock_gettime(CLOCK_MONOTONIC, {109, 528475134}) = 0
18:27:13.475310,1036,clock_gettime(CLOCK_MONOTONIC, {109, 529116865}) = 0
18:27:13.475876,1036,clock_gettime(CLOCK_MONOTONIC, {109, 529714092}) = 0
18:27:13.497951,1028,munmap(0xaccbc000, 2225 <unfinished ...>
18:27:13.498356,1036,clock_gettime(CLOCK_MONOTONIC, <unfinished ...>
18:27:13.500132,1028,<... munmap resumed> ) = 0
18:27:13.500486,1036,<... clock_gettime resumed> {109, 554033349}) = 0
18:27:13.503582,1028,pread(18, <unfinished ...>
18:27:13.503917,1036,clock_gettime(CLOCK_MONOTONIC, {109, 558930453}) = 0
18:27:13.505802,1028,<... pread resumed> "PK\3\4\n\0\0\0\0\0\31\r\2208\223¿\223IÌ\10\0\0Ì\10\0\0+\0\2\0", 30, 2410116603183104) = 30
18:27:13.506496,1036,clock_gettime(CLOCK_MONOTONIC, <unfinished ...>
18:27:13.506805,1028,mmap2(NULL, 2324, PROT_READ, MAP_SHARED, 18, 0x89 <unfinished ...>
18:27:13.507071,1036,<... clock_gettime resumed> {109, 560628582}) = 0
18:27:13.507496,1028,<... mmap2 resumed> ) = 0xaccbc000
18:27:13.507784,1036,sched_yield() = 0
18:27:13.508641,1036,nanosleep({0, 1000000}, <unfinished ...>
18:27:13.509400,1028,sigprocmask(SIG_BLOCK, [], [QUIT USR1 PIPE]) = 0
18:27:13.509975,1028,sigprocmask(SIG_BLOCK, [], <unfinished ...>
18:27:13.510490,1036,<... nanosleep resumed> NULL) = 0
18:27:13.510849,1036,clock_gettime(CLOCK_MONOTONIC, {109, 564655624}) = 0
18:27:13.511492,1036,clock_gettime(CLOCK_MONOTONIC, {109, 565297589}) = 0
18:27:13.512022,1036,clock_gettime(CLOCK_MONOTONIC, {109, 565869061}) = 0
18:27:13.512605,1036,clock_gettime(CLOCK_MONOTONIC, {109, 566438764}) = 0
18:27:13.513307,1036,clock_gettime(CLOCK_MONOTONIC, {109, 567163560}) = 0
18:27:13.513915,1036,clock_gettime(CLOCK_MONOTONIC, {109, 567720526}) = 0
18:27:13.514500,1036,clock_gettime(CLOCK_MONOTONIC, {109, 568304841}) = 0
18:27:13.515215,1036,futex(0xb71c9278, FUTEX_WAIT_PRIVATE, -2, NULL <unfinished ...>
18:27:13.515500,1028,<... sigprocmask resumed> [QUIT USR1 PIPE]) = 0
18:27:13.515853,1028,sigprocmask(SIG_BLOCK, [], [QUIT USR1 PIPE]) = 0
18:27:13.516461,1028,sigprocmask(SIG_BLOCK, [], [QUIT USR1 PIPE]) = 0
18:27:13.521301,1028,munmap(0xaccbc000, 2324) = 0
18:27:13.522498,1028,pread(18, "PK\3\4\n\0\0\0\0\0\31\r\2208A=\200\36¶\10\0\0¶\10\0\0,\0\0\0", 30, 2329014735732736) = 30
18:27:13.523293,1028,mmap2(NULL, 3898, PROT_READ, MAP_SHARED, 18, 0x84) = 0xaccbc000
18:27:13.524226,1028,sigprocmask(SIG_BLOCK, [], [QUIT USR1 PIPE]) = 0
18:27:13.524837,1028,sigprocmask(SIG_BLOCK, [], [QUIT USR1 PIPE]) = 0
18:27:13.525470,1028,sigprocmask(SIG_BLOCK, [], [QUIT USR1 PIPE]) = 0
18:27:13.526160,1028,sigprocmask(SIG_BLOCK, [], [QUIT USR1 PIPE]) = 0
18:27:13.530308,1028,munmap(0xaccbc000, 3898) = 0
18:27:13.531564,1028,clock_gettime(CLOCK_MONOTONIC, {109, 585378140}) = 0
18:27:13.533530,1028,pread(33, "PK\3\4\n\0\0\0\0\0ÂZ$?s\2\233\237%\10\0\0%\10\0\0&\0\0\0", 30, 562593471135744) = 30
18:27:13.534557,1028,mmap2(NULL, 6166, PROT_READ, MAP_SHARED, 33, 0x1f) = 0xaccbb000
18:27:13.535586,1028,sigprocmask(SIG_BLOCK, [], [QUIT USR1 PIPE]) = 0
18:27:13.536222,1028,sigprocmask(SIG_BLOCK, [], [QUIT USR1 PIPE]) = 0
18:27:13.536772,1028,sigprocmask(SIG_BLOCK, [], [QUIT USR1 PIPE]) = 0
18:27:13.547442,1028,sigprocmask(SIG_BLOCK, [], [QUIT USR1 PIPE]) = 0
18:27:13.551180,1028,munmap(0xaccbb000, 6166) = 0
18:27:13.552741,1028,pread(33, "PK\3\4\n\0\0\0\0\0ÂZ$?s\2\233\237%\10\0\0%\10\0\0&\0\0\0", 30, 562593471135744) = 30
18:27:13.554178,1028,mmap2(NULL, 6166, PROT_READ, MAP_SHARED, 33, 0x1f) = 0xaccbb000
18:27:13.555362,1028,sigprocmask(SIG_BLOCK, [], [QUIT USR1 PIPE]) = 0
18:27:13.556336,1028,sigprocmask(SIG_BLOCK, [], [QUIT USR1 PIPE]) = 0
18:27:13.556922,1028,sigprocmask(SIG_BLOCK, [], [QUIT USR1 PIPE]) = 0
18:27:13.570874,1028,sigprocmask(SIG_BLOCK, [], [QUIT USR1 PIPE]) = 0
18:27:13.574560,1028,munmap(0xaccbb000, 6166) = 0
18:27:13.575459,1028,pread(33, "PK\3\4\n\0\0\0\0\0ÂZ$?s\2\233\237%\10\0\0%\10\0\0&\0\0\0", 30, 562593471135744) = 30
18:27:13.576300,1028,mmap2(NULL, 6166, PROT_READ, MAP_SHARED, 33, 0x1f) = 0xaccbb000
18:27:13.578212,1028,sigprocmask(SIG_BLOCK, [], [QUIT USR1 PIPE]) = 0
18:27:13.578951,1028,sigprocmask(SIG_BLOCK, [], [QUIT USR1 PIPE]) = 0
18:27:13.579619,1028,sigprocmask(SIG_BLOCK, [], [QUIT USR1 PIPE]) = 0
18:27:13.580260,1028,sigprocmask(SIG_BLOCK, [], [QUIT USR1 PIPE]) = 0
18:27:13.584310,1028,munmap(0xaccbb000, 6166) = 0
18:27:13.585532,1028,pread(33, "PK\3\4\n\0\0\0\0\0ÂZ$?n×Võ\231\1\0\0\231\1\0\0,\0\0\0", 30, 418879570444288) = 30
18:27:13.586713,1028,mmap2(NULL, 3803, PROT_READ, MAP_SHARED, 33, 0x17) = 0xaccbc000
18:27:13.587611,1028,sigprocmask(SIG_BLOCK, [], [QUIT USR1 PIPE]) = 0
18:27:13.617942,1028,sigprocmask(SIG_BLOCK, [], [QUIT USR1 PIPE]) = 0
18:27:13.618956,1028,sigprocmask(SIG_BLOCK, [], [QUIT USR1 PIPE]) = 0
18:27:13.619664,1028,sigprocmask(SIG_BLOCK, [], [QUIT USR1 PIPE]) = 0
18:27:13.622929,1028,mprotect(0xb3de0000, 593920, PROT_READ|PROT_WRITE) = 0
18:27:13.623504,1028,mprotect(0xb3e71000, 40951808, PROT_NONE) = 0
18:27:13.625385,1028,munmap(0xaccbc000, 3803) = 0
18:27:13.626569,1028,clock_gettime(CLOCK_MONOTONIC, {109, 680383562}) = 0
18:27:13.627635,1028,clock_gettime(CLOCK_MONOTONIC, {109, 681448995}) = 0
18:27:13.628369,1028,clock_gettime(CLOCK_MONOTONIC, {109, 682177617}) = 0
18:27:13.629474,1028,mprotect(0xb163e000, 8192, PROT_READ|PROT_WRITE) = 0
18:27:13.632329,1028,clock_gettime(CLOCK_MONOTONIC, {109, 686154174}) = 0
18:27:13.633464,1028,pread(33, "PK\3\4\n\0\0\0\0\0ÂZ$?\6P\203Sñ\7\0\0ñ\7\0\0 \0\0\0", 30, 547732884291584) = 30
18:27:13.634329,1028,mmap2(NULL, 2648, PROT_READ, MAP_SHARED, 33, 0x1f) = 0xaccbc000
18:27:13.635283,1028,sigprocmask(SIG_BLOCK, [], [QUIT USR1 PIPE]) = 0
18:27:13.635861,1028,sigprocmask(SIG_BLOCK, [], [QUIT USR1 PIPE]) = 0
18:27:13.636452,1028,sigprocmask(SIG_BLOCK, [], [QUIT USR1 PIPE]) = 0
18:27:13.637018,1028,sigprocmask(SIG_BLOCK, [], [QUIT USR1 PIPE]) = 0
18:27:13.651665,1028,munmap(0xaccbc000, 2648) = 0
18:27:13.652950,1028,pread(33, "PK\3\4\n\0\0\0\0\0ÂZ$?\6P\203Sñ\7\0\0ñ\7\0\0 \0\0\0", 30, 547732884291584) = 30
18:27:13.654280,1028,mmap2(NULL, 2648, PROT_READ, MAP_SHARED, 33, 0x1f) = 0xaccbc000
18:27:13.655190,1028,sigprocmask(SIG_BLOCK, [], [QUIT USR1 PIPE]) = 0
18:27:13.655806,1028,sigprocmask(SIG_BLOCK, [], [QUIT USR1 PIPE]) = 0
18:27:13.656422,1028,sigprocmask(SIG_BLOCK, [], [QUIT USR1 PIPE]) = 0
18:27:13.657013,1028,sigprocmask(SIG_BLOCK, [], [QUIT USR1 PIPE]) = 0
18:27:13.689446,1028,munmap(0xaccbc000, 2648) = 0
18:27:13.690447,1028,pread(33, "PK\3\4\n\0\0\0\0\0ÂZ$?\6P\203Sñ\7\0\0ñ\7\0\0 \0\0\0", 30, 547732884291584) = 30
18:27:13.691211,1028,mmap2(NULL, 2648, PROT_READ, MAP_SHARED, 33, 0x1f) = 0xaccbc000
18:27:13.692072,1028,sigprocmask(SIG_BLOCK, [], [QUIT USR1 PIPE]) = 0
18:27:13.692687,1028,sigprocmask(SIG_BLOCK, [], [QUIT USR1 PIPE]) = 0
18:27:13.693278,1028,sigprocmask(SIG_BLOCK, [], [QUIT USR1 PIPE]) = 0
18:27:13.693952,1028,sigprocmask(SIG_BLOCK, [], [QUIT USR1 PIPE]) = 0
18:27:13.697820,1028,munmap(0xaccbc000, 2648) = 0
18:27:13.698915,1028,clock_gettime(CLOCK_MONOTONIC, {109, 752736275}) = 0
18:27:13.699875,1028,clock_gettime(CLOCK_MONOTONIC, {109, 753691239}) = 0
18:27:13.700654,1028,clock_gettime(CLOCK_MONOTONIC, {109, 754471423}) = 0
18:27:13.703302,1028,mprotect(0xb163f000, 8192, PROT_READ|PROT_WRITE) = 0
18:27:13.706111,1028,clock_gettime(CLOCK_MONOTONIC, {109, 759986072}) = 0
18:27:13.707239,1028,pread(33, "PK\3\4\n\0\0\0\0\0ÂZ$?(Á½à\r\5\0\0\r\5\0\0*\0\0\0", 30, 556730840776704) = 30
18:27:13.707962,1028,mmap2(NULL, 4013, PROT_READ, MAP_SHARED, 33, 0x1f) = 0xaccbc000
18:27:13.708865,1028,sigprocmask(SIG_BLOCK, [], [QUIT USR1 PIPE]) = 0
18:27:13.709499,1028,sigprocmask(SIG_BLOCK, [], [QUIT USR1 PIPE]) = 0
18:27:13.721801,1028,sigprocmask(SIG_BLOCK, [], [QUIT USR1 PIPE]) = 0
18:27:13.722730,1028,sigprocmask(SIG_BLOCK, [], [QUIT USR1 PIPE]) = 0
18:27:13.725104,1028,mprotect(0xb3de0000, 659456, PROT_READ|PROT_WRITE) = 0
18:27:13.725934,1028,mprotect(0xb3e81000, 40886272, PROT_NONE) = 0
18:27:13.727260,1028,munmap(0xaccbc000, 4013) = 0
18:27:13.728252,1028,pread(33, "PK\3\4\n\0\0\0\0\0ÂZ$?(Á½à\r\5\0\0\r\5\0\0*\0\0\0", 30, 556730840776704) = 30
18:27:13.729053,1028,mmap2(NULL, 4013, PROT_READ, MAP_SHARED, 33, 0x1f) = 0xaccbc000
18:27:13.750510,1028,sigprocmask(SIG_BLOCK, [], [QUIT USR1 PIPE]) = 0
18:27:13.751323,1028,sigprocmask(SIG_BLOCK, [], [QUIT USR1 PIPE]) = 0
18:27:13.751880,1028,sigprocmask(SIG_BLOCK, [], [QUIT USR1 PIPE]) = 0
18:27:13.752675,1028,sigprocmask(SIG_BLOCK, [], [QUIT USR1 PIPE]) = 0
18:27:13.755981,1028,munmap(0xaccbc000, 4013) = 0
18:27:13.756808,1028,pread(33, "PK\3\4\n\0\0\0\0\0ÂZ$?(Á½à\r\5\0\0\r\5\0\0*\0\0\0", 30, 556730840776704) = 30
18:27:13.769831,1028,mmap2(NULL, 4013, PROT_READ, MAP_SHARED, 33, 0x1f) = 0xaccbc000
18:27:13.770894,1028,sigprocmask(SIG_BLOCK, [], [QUIT USR1 PIPE]) = 0
18:27:13.771584,1028,sigprocmask(SIG_BLOCK, [], [QUIT USR1 PIPE]) = 0
18:27:13.772331,1028,sigprocmask(SIG_BLOCK, [], [QUIT USR1 PIPE]) = 0
18:27:13.773097,1028,sigprocmask(SIG_BLOCK, [], [QUIT USR1 PIPE]) = 0
18:27:13.776184,1028,munmap(0xaccbc000, 4013) = 0
18:27:13.787557,1028,clock_gettime(CLOCK_MONOTONIC, {109, 841476480}) = 0
18:27:13.788652,1028,clock_gettime(CLOCK_MONOTONIC, {109, 842538959}) = 0
18:27:13.789471,1028,clock_gettime(CLOCK_MONOTONIC, {109, 843280819}) = 0
18:27:13.792850,1028,clock_gettime(CLOCK_MONOTONIC, {109, 846763021}) = 0
18:27:13.794346,1028,pread(33, "PK\3\4\n\0\0\0\0\0ÂZ$?(¡mË\213\7\0\0\213\7\0\0)\0\0\0", 30, 458208585973760) = 30
18:27:13.795297,1028,mmap2(NULL, 2191, PROT_READ, MAP_SHARED, 33, 0x1a) = 0xaccbc000
18:27:13.796589,1028,sigprocmask(SIG_BLOCK, [], [QUIT USR1 PIPE]) = 0
18:27:13.808928,1028,sigprocmask(SIG_BLOCK, [], [QUIT USR1 PIPE]) = 0
18:27:13.809571,1028,sigprocmask(SIG_BLOCK, [], [QUIT USR1 PIPE]) = 0
18:27:13.810394,1028,sigprocmask(SIG_BLOCK, [], [QUIT USR1 PIPE]) = 0
18:27:13.814292,1028,munmap(0xaccbc000, 2191) = 0
18:27:13.815340,1028,pread(33, "PK\3\4\n\0\0\0\0\0ÂZ$?(¡mË\213\7\0\0\213\7\0\0)\0\0\0", 30, 458208585973760) = 30
18:27:13.816172,1028,mmap2(NULL, 2191, PROT_READ, MAP_SHARED, 33, 0x1a) = 0xaccbc000
18:27:13.817130,1028,sigprocmask(SIG_BLOCK, [], [QUIT USR1 PIPE]) = 0
18:27:13.817805,1028,sigprocmask(SIG_BLOCK, [], [QUIT USR1 PIPE]) = 0
18:27:13.827337,1028,sigprocmask(SIG_BLOCK, [], [QUIT USR1 PIPE]) = 0
18:27:13.828721,1028,sigprocmask(SIG_BLOCK, [], [QUIT USR1 PIPE]) = 0
18:27:13.832740,1028,munmap(0xaccbc000, 2191) = 0
18:27:13.833854,1028,pread(33, "PK\3\4\n\0\0\0\0\0ÂZ$?(¡mË\213\7\0\0\213\7\0\0)\0\0\0", 30, 458208585973760) = 30
18:27:13.834668,1028,mmap2(NULL, 2191, PROT_READ, MAP_SHARED, 33, 0x1a) = 0xaccbc000
18:27:13.835554,1028,sigprocmask(SIG_BLOCK, [], [QUIT USR1 PIPE]) = 0
18:27:13.836987,1028,sigprocmask(SIG_BLOCK, [], [QUIT USR1 PIPE]) = 0
18:27:13.838094,1028,sigprocmask(SIG_BLOCK, [], [QUIT USR1 PIPE]) = 0
18:27:13.838862,1028,sigprocmask(SIG_BLOCK, [], [QUIT USR1 PIPE]) = 0
18:27:13.841606,1028,mprotect(0xb3de0000, 724992, PROT_READ|PROT_WRITE) = 0
18:27:13.842252,1028,mprotect(0xb3e91000, 40820736, PROT_NONE) = 0
18:27:13.843357,1028,munmap(0xaccbc000, 2191) = 0
18:27:13.844445,1028,clock_gettime(CLOCK_MONOTONIC, {109, 898258651}) = 0
18:27:13.845376,1028,clock_gettime(CLOCK_MONOTONIC, {109, 899186543}) = 0
18:27:13.846221,1028,clock_gettime(CLOCK_MONOTONIC, {109, 900049546}) = 0
18:27:13.859816,1028,clock_gettime(CLOCK_MONOTONIC, {109, 913657138}) = 0
18:27:13.861344,1028,pread(33, "PK\3\4\n\0\0\0\0\0ÂZ$?p§¶.}\t\0\0}\t\0\0\"\0\0\0", 30, 473769252487168) = 30
18:27:13.862124,1028,mmap2(NULL, 6305, PROT_READ, MAP_SHARED, 33, 0x1a) = 0xaccbb000
18:27:13.863092,1028,sigprocmask(SIG_BLOCK, [], [QUIT USR1 PIPE]) = 0
18:27:13.864066,1028,sigprocmask(SIG_BLOCK, [], [QUIT USR1 PIPE]) = 0
18:27:13.864729,1028,sigprocmask(SIG_BLOCK, [], [QUIT USR1 PIPE]) = 0
18:27:13.865502,1028,sigprocmask(SIG_BLOCK, [], [QUIT USR1 PIPE]) = 0
18:27:13.869519,1028,munmap(0xaccbb000, 6305) = 0
18:27:13.870987,1028,pread(33, "PK\3\4\n\0\0\0\0\0ÂZ$?p§¶.}\t\0\0}\t\0\0\"\0\0\0", 30, 473769252487168) = 30
18:27:13.871883,1028,mmap2(NULL, 6305, PROT_READ, MAP_SHARED, 33, 0x1a) = 0xaccbb000
18:27:13.872805,1028,sigprocmask(SIG_BLOCK, [], [QUIT USR1 PIPE]) = 0
18:27:13.873470,1028,sigprocmask(SIG_BLOCK, [], [QUIT USR1 PIPE]) = 0
18:27:13.874151,1028,sigprocmask(SIG_BLOCK, [], [QUIT USR1 PIPE]) = 0
18:27:13.874778,1028,sigprocmask(SIG_BLOCK, [], [QUIT USR1 PIPE]) = 0
18:27:13.878310,1028,munmap(0xaccbb000, 6305) = 0
18:27:13.879125,1028,pread(33, "PK\3\4\n\0\0\0\0\0ÂZ$?p§¶.}\t\0\0}\t\0\0\"\0\0\0", 30, 473769252487168) = 30
18:27:13.879892,1028,mmap2(NULL, 6305, PROT_READ, MAP_SHARED, 33, 0x1a) = 0xaccbb000
18:27:13.880804,1028,sigprocmask(SIG_BLOCK, [], [QUIT USR1 PIPE]) = 0
18:27:13.881457,1028,sigprocmask(SIG_BLOCK, [], [QUIT USR1 PIPE]) = 0
18:27:13.882159,1028,sigprocmask(SIG_BLOCK, [], [QUIT USR1 PIPE]) = 0
18:27:13.882776,1028,sigprocmask(SIG_BLOCK, [], [QUIT USR1 PIPE]) = 0
18:27:13.887232,1028,munmap(0xaccbb000, 6305) = 0
18:27:13.888363,1028,clock_gettime(CLOCK_MONOTONIC, {109, 942176852}) = 0
18:27:13.889341,1028,clock_gettime(CLOCK_MONOTONIC, {109, 943250776}) = 0
18:27:13.890241,1028,clock_gettime(CLOCK_MONOTONIC, {109, 944050493}) = 0
18:27:13.891059,1028,clock_gettime(CLOCK_MONOTONIC, {109, 944892948}) = 0
18:27:13.891919,1028,getpid() = 1028
18:27:13.892455,1028,gettid() = 1028
18:27:13.892991,1028,clock_gettime(CLOCK_MONOTONIC, {109, 946825053}) = 0
18:27:13.893639,1028,ioctl(9, 0xc0186201, 0xbef8b1f0) = 0
18:27:13.895021,1028,clock_gettime(CLOCK_MONOTONIC, {109, 948871627}) = 0
18:27:13.896705,1028,clock_gettime(CLOCK_MONOTONIC, {109, 950518308}) = 0
18:27:13.897650,1028,getuid32() = 10050
18:27:13.908841,1028,getpid() = 1028
18:27:13.909390,1028,gettid() = 1028
18:27:13.910021,1028,clock_gettime(CLOCK_MONOTONIC, {109, 963968503}) = 0
18:27:13.910873,1028,ioctl(9, 0xc0186201, 0xbef8b1f0) = 0
18:27:13.912213,1028,ioctl(9, 0xc0186201, 0xbef8b1f0) = 0
18:27:13.912735,1028,clock_gettime(CLOCK_MONOTONIC, {109, 966550167}) = 0
18:27:13.913891,1028,mprotect(0xb1640000, 8192, PROT_READ|PROT_WRITE) = 0
18:27:13.916769,1028,writev(3, [{"\3", 1}, {"AndroidRuntime\0", 15}, {"Shutting down VM\n\0", 18}], 3) = 34
18:27:13.927995,1028,writev(3, [{"\5", 1}, {"dalvikvm\0", 9}, {"threadid=1: thread exiting with "..., 70}], 3) = 80
18:27:13.937211,1028,mprotect(0xb3de0000, 790528, PROT_READ|PROT_WRITE) = 0
18:27:13.947203,1028,mprotect(0xb3ea1000, 40755200, PROT_NONE) = 0
18:27:13.967691,1028,writev(6, [{"\6", 1}, {"AndroidRuntime\0", 15}, {"FATAL EXCEPTION: main\njava.lang."..., 2586}], 3) = 2602
18:27:13.970960,1028,mprotect(0xb3de0000, 856064, PROT_READ|PROT_WRITE) = 0
18:27:13.971541,1028,mprotect(0xb3eb1000, 40689664, PROT_NONE) = 0
18:27:13.972405,1028,futex(0xb70af9a8, FUTEX_WAKE_PRIVATE, 1 <unfinished ...>
18:27:13.972705,1032,<... futex resumed> ) = 0
18:27:13.973027,1032,futex(0xb68965f4, FUTEX_WAIT_PRIVATE, 2, NULL <unfinished ...>
18:27:13.973343,1028,<... futex resumed> ) = 1
18:27:13.973624,1028,futex(0xb68965f4, FUTEX_WAKE_PRIVATE, 1 <unfinished ...>
18:27:13.973975,1032,<... futex resumed> ) = 0
18:27:13.977103,1032,clock_gettime(CLOCK_MONOTONIC, {110, 31109503}) = 0
18:27:13.978043,1032,clock_gettime(CLOCK_MONOTONIC, {110, 31949550}) = 0
18:27:13.978742,1032,clock_gettime(CLOCK_MONOTONIC, {110, 32557907}) = 0
18:27:13.979346,1032,nanosleep({0, 10000000}, <unfinished ...>
18:27:13.979705,1028,<... futex resumed> ) = 1
18:27:13.980001,1028,futex(0xb689658c, FUTEX_WAIT_PRIVATE, -438, NULL <unfinished ...>
18:27:13.989919,1032,<... nanosleep resumed> 0xaf598d88) = 0
18:27:13.990318,1032,madvise(0xb23ff000, 3218088, MADV_NORMAL) = 0
18:27:13.994879,1032,futex(0xb68965f4, FUTEX_WAKE_PRIVATE, 1) = 0
18:27:13.995397,1032,futex(0xb689658c, FUTEX_WAKE_PRIVATE, 2147483647) = 1
18:27:13.996152,1032,clock_gettime(CLOCK_MONOTONIC, {110, 49990695}) = 0
18:27:13.997258,1028,<... futex resumed> ) = 0
18:27:14.002998,1028,getpid() = 1028
18:27:14.003563,1028,gettid() = 1028
18:27:14.004049,1028,clock_gettime(CLOCK_MONOTONIC, {110, 57897850}) = 0
18:27:14.004651,1028,ioctl(9, 0xc0186201, 0xbef8b530) = 0
18:27:14.007678,1028,ioctl(9, 0xc0186201 <unfinished ...>
18:27:14.059972,1032,clock_gettime(CLOCK_MONOTONIC, {110, 113998225}) = 0
18:27:14.064100,1032,futex(0xb689658c, FUTEX_WAKE_PRIVATE, 2147483647) = 0
18:27:14.064627,1032,clock_gettime(CLOCK_MONOTONIC, {110, 118432295}) = 0
18:27:14.076733,1032,madvise(0xb34bf000, 786432, MADV_DONTNEED) = 0
18:27:14.077399,1032,madvise(0xb23ff000, 16777216, MADV_DONTNEED) = 0
18:27:14.078106,1032,futex(0xb68965f8, FUTEX_WAKE_PRIVATE, 2147483647) = 0
18:27:14.078891,1032,futex(0xb71ae7a0, FUTEX_WAKE_PRIVATE, 1) = 1
18:27:14.079401,1035,<... futex resumed> ) = 0
18:27:14.079759,1032,clock_gettime(CLOCK_MONOTONIC, <unfinished ...>
18:27:14.080056,1035,futex(0xb71c9278, FUTEX_WAKE_PRIVATE, 1 <unfinished ...>
18:27:14.080372,1032,<... clock_gettime resumed> {110, 133908727}) = 0
18:27:14.080709,1035,<... futex resumed> ) = 1
18:27:14.081063,1032,writev(3, [{"\3", 1}, {"dalvikvm\0", 9}, {"GC_CONCURRENT freed 674K, 9% fre"..., 76}], 3 <unfinished ...>
18:27:14.081764,1036,<... futex resumed> ) = 0
18:27:14.082517,1035,futex(0xb71ae7a0, FUTEX_WAIT_PRIVATE, -4, NULL <unfinished ...>
18:27:14.083034,1036,clock_gettime(CLOCK_MONOTONIC, <unfinished ...>
18:27:14.083385,1032,<... writev resumed> ) = 86
18:27:14.083667,1036,<... clock_gettime resumed> {110, 137225350}) = 0
18:27:14.084017,1032,clock_gettime(CLOCK_MONOTONIC, <unfinished ...>
18:27:14.084450,1036,ioctl(9, 0xc0186201 <unfinished ...>
18:27:14.084708,1032,<... clock_gettime resumed> {110, 138260849}) = 0
18:27:14.085078,1036,<... ioctl resumed> , 0xad2e3a58) = 0
18:27:14.085404,1032,clock_gettime(CLOCK_MONOTONIC, <unfinished ...>
18:27:14.086341,1036,clock_gettime(CLOCK_MONOTONIC, {110, 140303964}) = 0
18:27:14.097181,1032,<... clock_gettime resumed> {110, 140274594}) = 0
18:27:14.097826,1036,clock_gettime(CLOCK_MONOTONIC, <unfinished ...>
18:27:14.098123,1032,futex(0xb70af9a8, FUTEX_WAIT_PRIVATE, -4, {4, 997986255} <unfinished ...>
18:27:14.098494,1036,<... clock_gettime resumed> {110, 152045312}) = 0
18:27:14.098965,1036,clock_gettime(CLOCK_MONOTONIC, {110, 153030394}) = 0
18:27:14.099826,1036,clock_gettime(CLOCK_MONOTONIC, {110, 153640469}) = 0
18:27:14.102290,1036,clock_gettime(CLOCK_MONOTONIC, {110, 156140825}) = 0
18:27:14.104111,1036,clock_gettime(CLOCK_MONOTONIC, {110, 157965083}) = 0
18:27:14.104774,1036,clock_gettime(CLOCK_MONOTONIC, {110, 158582261}) = 0
18:27:14.105373,1036,clock_gettime(CLOCK_MONOTONIC, {110, 159264300}) = 0
18:27:14.106124,1036,clock_gettime(CLOCK_MONOTONIC, {110, 159984014}) = 0
18:27:14.106739,1036,clock_gettime(CLOCK_MONOTONIC, {110, 160550764}) = 0
18:27:14.107491,1036,clock_gettime(CLOCK_MONOTONIC, {110, 161318920}) = 0
18:27:14.108085,1036,clock_gettime(CLOCK_MONOTONIC, {110, 161936379}) = 0
18:27:14.108699,1036,clock_gettime(CLOCK_MONOTONIC, {110, 162511024}) = 0
18:27:14.109304,1036,clock_gettime(CLOCK_MONOTONIC, {110, 163115077}) = 0
18:27:14.110731,1036,clock_gettime(CLOCK_MONOTONIC, {110, 164995865}) = 0
18:27:14.112243,1036,clock_gettime(CLOCK_MONOTONIC, {110, 166584285}) = 0
18:27:14.113829,1036,clock_gettime(CLOCK_MONOTONIC, {110, 168267284}) = 0
18:27:14.114979,1042,<... ioctl resumed> , 0xaced5e28) = 0
18:27:14.115304,1042,write(24, "1042", 4) = 4
18:27:14.115825,1042,getpriority(PRIO_PROCESS, 1042) = 20
18:27:14.116840,1042,clock_gettime(CLOCK_MONOTONIC, {110, 170649976}) = 0
18:27:14.126758,1042,write(24, "1042", 4 <unfinished ...>
18:27:14.127111,1036,clock_gettime(CLOCK_MONOTONIC, <unfinished ...>
18:27:14.127323,1028,<... ioctl resumed> , 0xbef8b530) = 0
18:27:14.127707,1042,<... write resumed> ) = 4
18:27:14.127979,1036,<... clock_gettime resumed> {110, 181530946}) = 0
18:27:14.128418,1028,clock_gettime(CLOCK_MONOTONIC, <unfinished ...>
18:27:14.128822,1042,ioctl(9, 0xc0186201 <unfinished ...>
18:27:14.129230,1036,clock_gettime(CLOCK_MONOTONIC, {110, 184687987}) = 0
18:27:14.132282,1028,<... clock_gettime resumed> {110, 183138852}) = 0
18:27:14.132929,1036,clock_gettime(CLOCK_MONOTONIC, <unfinished ...>
18:27:14.133420,1028,getpid( <unfinished ...>
18:27:14.133670,1036,<... clock_gettime resumed> {110, 187227361}) = 0
18:27:14.133992,1028,<... getpid resumed> ) = 1028
18:27:14.134473,1036,clock_gettime(CLOCK_MONOTONIC, <unfinished ...>
18:27:14.134883,1028,writev(3, [{"\4", 1}, {"Process\0", 8}, {"Sending signal. PID: 1028 SIG: 9"..., 33}], 3 <unfinished ...>
18:27:14.135664,1036,<... clock_gettime resumed> {110, 189219132}) = 0
18:27:14.136276,1036,clock_gettime(CLOCK_MONOTONIC, <unfinished ...>
18:27:14.137076,1028,<... writev resumed> ) = 42
18:27:14.137407,1036,<... clock_gettime resumed> {110, 190950467}) = 0
18:27:14.137869,1028,kill(1028, SIGKILL <unfinished ...>
18:27:14.138336,1036,clock_gettime(CLOCK_MONOTONIC, <unfinished ...>
18:27:14.140892,1036,+++ killed by SIGKILL +++
18:27:14.144742,1032,+++ killed by SIGKILL +++
18:27:14.147225,1034,+++ killed by SIGKILL +++
18:27:14.147922,1035,+++ killed by SIGKILL +++
18:27:14.148394,1037,+++ killed by SIGKILL +++
18:27:14.148751,1041,+++ killed by SIGKILL +++
18:27:14.149964,1042,+++ killed by SIGKILL +++
18:27:14.150945,1043,+++ killed by SIGKILL +++
18:27:14.221964,1033,+++ killed by SIGKILL +++
18:27:14.222333,1028,+++ killed by SIGKILL +++
18:27:14.222970,59,<... select resumed> ) = ? ERESTARTNOHAND (To be restarted)
18:27:14.223892,59,--- {si_signo=SIGCHLD, si_code=CLD_KILLED, si_pid=1028, si_status=SIGKILL, si_utime=42, si_stime=20} (Child exited) ---
18:27:14.224280,59,wait4(-1, [{WIFSIGNALED(s) && WTERMSIG(s) == SIGKILL}], WNOHANG, NULL) = 1028
18:27:14.224942,59,wait4(-1, 0xbef8b2dc, WNOHANG, NULL) = 0
18:27:14.226359,59,sigreturn() = ? (mask now [INT FPE KILL ALRM TERM CHLD CONT STOP XCPU VTALRM PROF IO PWR RTMIN])
18:27:14.237997,59,select(24, [9 23], NULL, NULL, NULL) = ? ERESTARTNOHAND (To be restarted)
18:27:43.159241,59,--- {si_signo=SIGCHLD, si_code=CLD_KILLED, si_pid=711, si_status=SIGKILL, si_utime=29, si_stime=17} (Child exited) ---
18:27:43.159571,59,wait4(-1, [{WIFSIGNALED(s) && WTERMSIG(s) == SIGKILL}], WNOHANG, NULL) = 711
18:27:43.160210,59,wait4(-1, 0xbef8b2dc, WNOHANG, NULL) = 0
18:27:43.160634,59,sigreturn() = ? (mask now [INT FPE KILL ALRM TERM CHLD CONT STOP XCPU VTALRM PROF IO PWR RTMIN])
18:27:43.161595,59,select(24, [9 23], NULL, NULL, NULL