20:12:54.412234,1056,futex(0xb835af10, FUTEX_WAIT_PRIVATE, 0, NULL <unfinished ...>
20:12:54.445376,1054,futex(0xb8357828, FUTEX_WAIT_PRIVATE, 0, NULL <unfinished ...>
20:12:54.447011,1053,futex(0xb8352bd8, FUTEX_WAIT_PRIVATE, 0, NULL <unfinished ...>
20:12:54.449191,60,select(24, [9 23], NULL, NULL, NULL) = ? ERESTARTNOHAND (To be restarted)
20:12:55.898152,60,--- {si_signo=SIGCHLD, si_code=CLD_KILLED, si_pid=576, si_status=SIGKILL, si_utime=7, si_stime=8} (Child exited) ---
20:12:55.899262,60,wait4(-1, [{WIFSIGNALED(s) && WTERMSIG(s) == SIGKILL}], WNOHANG, NULL) = 576
20:12:55.909704,60,wait4(-1, 0xbe9e32dc, WNOHANG, NULL) = 0
20:12:55.910214,60,sigreturn() = ? (mask now [INT FPE KILL PIPE ALRM CHLD CONT STOP TSTP TTIN TTOU URG VTALRM PROF IO PWR RTMIN])
20:12:55.911750,60,select(24, [9 23], NULL, NULL, NULL) = 1 (in [23])
20:12:58.549941,60,ioctl(23, FIONREAD, [162]) = 0
20:12:58.551874,60,recvmsg(23, {msg_name(0)=NULL, msg_iov(1)=[{"7\n--runtime-init\n--setuid=10050\n"..., 4217}], msg_controllen=0, msg_flags=0}, MSG_NOSIGNAL) = 162
20:12:58.555179,60,ioctl(23, FIONREAD, [0]) = 0
20:12:58.571419,60,futex(0xb8352bd8, FUTEX_WAKE_PRIVATE, 1 <unfinished ...>
20:12:58.575540,1053,<... futex resumed> ) = 0
20:12:58.576175,1053,futex(0xb8352bc8, FUTEX_WAIT_PRIVATE, 2, NULL <unfinished ...>
20:12:58.576656,60,<... futex resumed> ) = 1
20:12:58.577033,60,futex(0xb8352bc8, FUTEX_WAKE_PRIVATE, 1 <unfinished ...>
20:12:58.577421,1053,<... futex resumed> ) = 0
20:12:58.577807,1053,futex(0xb8352bc8, FUTEX_WAKE_PRIVATE, 1) = 0
20:12:58.579243,1053,futex(0xb681357c, FUTEX_WAIT_PRIVATE, 2, NULL <unfinished ...>
20:12:58.589141,60,<... futex resumed> ) = 1
20:12:58.589686,60,futex(0xb681357c, FUTEX_WAKE_PRIVATE, 1 <unfinished ...>
20:12:58.590219,1053,<... futex resumed> ) = 0
20:12:58.590676,1053,futex(0xb681357c, FUTEX_WAKE_PRIVATE, 1) = 0
20:12:58.591375,1053,munmap(0xb0e7f000, 32768) = 0
20:12:58.592295,1053,sigprocmask(SIG_SETMASK, ~[SEGV], NULL) = 0
20:12:58.593622,1053,munmap(0xaf416000, 1048576) = 0
20:12:58.594495,1053,exit(0) = ?
20:12:58.599030,60,<... futex resumed> ) = 1
20:12:58.599428,60,futex(0xb8357828, FUTEX_WAKE_PRIVATE, 1 <unfinished ...>
20:12:58.599726,1054,<... futex resumed> ) = 0
20:12:58.600003,1054,futex(0xb8357818, FUTEX_WAIT_PRIVATE, 2, NULL <unfinished ...>
20:12:58.600248,60,<... futex resumed> ) = 1
20:12:58.600564,60,futex(0xb8357818, FUTEX_WAKE_PRIVATE, 1 <unfinished ...>
20:12:58.600833,1054,<... futex resumed> ) = 0
20:12:58.601104,1054,futex(0xb8357818, FUTEX_WAKE_PRIVATE, 1) = 0
20:12:58.602203,1054,futex(0xb681357c, FUTEX_WAIT_PRIVATE, 2, NULL <unfinished ...>
20:12:58.602520,60,<... futex resumed> ) = 1
20:12:58.602823,60,futex(0xb681357c, FUTEX_WAKE_PRIVATE, 1 <unfinished ...>
20:12:58.603204,1054,<... futex resumed> ) = 0
20:12:58.603555,1054,futex(0xb681357c, FUTEX_WAKE_PRIVATE, 1) = 0
20:12:58.604084,1054,munmap(0xaf40e000, 32768) = 0
20:12:58.604689,1054,sigprocmask(SIG_SETMASK, ~[SEGV], NULL) = 0
20:12:58.605353,1054,munmap(0xaf30e000, 1048576) = 0
20:12:58.605899,1054,exit(0) = ?
20:12:58.607123,60,<... futex resumed> ) = 1
20:12:58.607613,60,futex(0xb835af10, FUTEX_WAKE_PRIVATE, 1 <unfinished ...>
20:12:58.608099,1056,<... futex resumed> ) = 0
20:12:58.608727,1056,futex(0xb835af00, FUTEX_WAIT_PRIVATE, 2, NULL <unfinished ...>
20:12:58.609154,60,<... futex resumed> ) = 1
20:12:58.609599,60,futex(0xb835af00, FUTEX_WAKE_PRIVATE, 1 <unfinished ...>
20:12:58.610031,1056,<... futex resumed> ) = 0
20:12:58.614373,1056,futex(0xb835af00, FUTEX_WAKE_PRIVATE, 1) = 0
20:12:58.619106,1056,futex(0xb681357c, FUTEX_WAIT_PRIVATE, 2, NULL <unfinished ...>
20:12:58.619415,60,<... futex resumed> ) = 1
20:12:58.619738,60,futex(0xb681357c, FUTEX_WAKE_PRIVATE, 1 <unfinished ...>
20:12:58.620021,1056,<... futex resumed> ) = 0
20:12:58.620310,1056,futex(0xb681357c, FUTEX_WAKE_PRIVATE, 1) = 0
20:12:58.620802,1056,munmap(0xaf306000, 32768) = 0
20:12:58.621323,1056,sigprocmask(SIG_SETMASK, ~[SEGV], NULL) = 0
20:12:58.621955,1056,munmap(0xaf206000, 1048576) = 0
20:12:58.622554,1056,exit(0) = ?
20:12:58.624269,60,<... futex resumed> ) = 1
20:12:58.624828,60,open("/proc/self/task", O_RDONLY|O_DIRECTORY) = 24
20:12:58.639040,60,getdents64(24, /* 3 entries */, 4200) = 72
20:12:58.640213,60,getdents64(24, /* 0 entries */, 4200) = 0
20:12:58.640700,60,close(24) = 0
20:12:58.641357,60,sigaction(SIGCHLD, {0xb67cb3dd, [], 0}, NULL, 0) = 0
20:12:58.642120,60,fork( <unfinished ...>
20:12:58.657936,1088,gettid() = 1088
20:12:58.658680,1088,getuid32() = 0
20:12:58.659380,1088,open("/acct/uid/0/tasks", O_RDWR|O_CREAT, 0666) = 24
20:12:58.660305,1088,write(24, "0", 1) = 1
20:12:58.661008,1088,close(24) = 0
20:12:58.661878,60,<... fork resumed> ) = 1088
20:12:58.663720,60,mmap2(NULL, 32768, PROT_READ|PROT_WRITE, MAP_PRIVATE|MAP_ANONYMOUS, -1, 0) = 0xb0e7f000
20:12:58.664820,60,madvise(0xb0e7f000, 32768, 0xc /* MADV_??? */) = -1 EINVAL (Invalid argument)
20:12:58.665934,60,mmap2(NULL, 1048576, PROT_READ|PROT_WRITE, MAP_PRIVATE|MAP_ANONYMOUS|MAP_NORESERVE, -1, 0) = 0xaf416000
20:12:58.666809,60,madvise(0xaf416000, 1048576, 0xc /* MADV_??? */) = -1 EINVAL (Invalid argument)
20:12:58.667320,60,mprotect(0xaf416000, 4096, PROT_NONE) = 0
20:12:58.668077,60,clone(child_stack=0xaf515f00, flags=CLONE_VM|CLONE_FS|CLONE_FILES|CLONE_SIGHAND|CLONE_THREAD|CLONE_SYSVSEM|0x400000) = 1089
20:12:58.670712,60,futex(0xb6813580, FUTEX_WAIT_PRIVATE, -324, NULL <unfinished ...>
20:12:58.671822,1089,set_tls(0xaf515f00, 0xb82df818, 0xaf515ffc, 0x40, 0xaf515f00) = 0
20:12:58.672649,1089,prctl(PR_SET_NAME, 0xaf515e8c, 0, 0, 0) = 0
20:12:58.673334,1089,gettid() = 1089
20:12:58.674099,1089,futex(0xb6813580, FUTEX_WAKE_PRIVATE, 2147483647 <unfinished ...>
20:12:58.674457,60,<... futex resumed> ) = 0
20:12:58.674749,60,futex(0xb681357c, FUTEX_WAIT_PRIVATE, 2, NULL <unfinished ...>
20:12:58.675031,1089,<... futex resumed> ) = 1
20:12:58.675320,1089,futex(0xb681357c, FUTEX_WAKE_PRIVATE, 1 <unfinished ...>
20:12:58.675645,60,<... futex resumed> ) = 0
20:12:58.675937,60,futex(0xb681357c, FUTEX_WAKE_PRIVATE, 1) = 0
20:12:58.676447,60,futex(0xb6813580, FUTEX_WAKE_PRIVATE, 2147483647) = 0
20:12:58.677301,60,mmap2(NULL, 32768, PROT_READ|PROT_WRITE, MAP_PRIVATE|MAP_ANONYMOUS, -1, 0) = 0xaf40e000
20:12:58.678155,60,madvise(0xaf40e000, 32768, 0xc /* MADV_??? */) = -1 EINVAL (Invalid argument)
20:12:58.678771,60,mmap2(NULL, 1048576, PROT_READ|PROT_WRITE, MAP_PRIVATE|MAP_ANONYMOUS|MAP_NORESERVE, -1, 0) = 0xaf30e000
20:12:58.679265,60,madvise(0xaf30e000, 1048576, 0xc /* MADV_??? */) = -1 EINVAL (Invalid argument)
20:12:58.679769,60,mprotect(0xaf30e000, 4096, PROT_NONE) = 0
20:12:58.690513,1089,<... futex resumed> ) = 1
20:12:58.690888,1089,futex(0xb6813580, FUTEX_WAIT_PRIVATE, -326, NULL) = -1 EAGAIN (Try again)
20:12:58.691510,1089,getpriority(PRIO_PROCESS, 1089) = 20
20:12:58.692078,1089,setpriority(PRIO_PROCESS, 1089, 0) = 0
20:12:58.692833,1089,futex(0xb8352bd8, FUTEX_WAIT_PRIVATE, 0, NULL <unfinished ...>
20:12:58.693147,60,clone(child_stack=0xaf40df00, flags=CLONE_VM|CLONE_FS|CLONE_FILES|CLONE_SIGHAND|CLONE_THREAD|CLONE_SYSVSEM|0x400000) = 1090
20:12:58.696216,60,futex(0xb6813580, FUTEX_WAIT_PRIVATE, -328, NULL <unfinished ...>
20:12:58.696771,1090,set_tls(0xaf40df00, 0xb8240548, 0xaf40dffc, 0x40, 0xaf40df00) = 0
20:12:58.697550,1090,prctl(PR_SET_NAME, 0xaf40de8c, 0, 0, 0) = 0
20:12:58.698140,1090,gettid() = 1090
20:12:58.702788,1090,futex(0xb6813580, FUTEX_WAKE_PRIVATE, 2147483647) = 1
20:12:58.706519,1090,futex(0xb6813580, FUTEX_WAIT_PRIVATE, -330, NULL <unfinished ...>
20:12:58.707115,1088,prctl(PR_SET_KEEPCAPS, 1) = 0
20:12:58.709351,1088,setgroups32(2, [3003, 1028]) = 0
20:12:58.710188,1088,setgid32(10050) = 0
20:12:58.710789,1088,open("/acct/uid/10050/tasks", O_RDWR|O_CREAT, 0666) = 24
20:12:58.711481,1088,write(24, "0", 1) = 1
20:12:58.712012,1088,close(24) = 0
20:12:58.712516,1088,setuid32(10050) = 0
20:12:58.713257,1088,personality(0xffffffff /* PER_??? */) = 8388608
20:12:58.713881,1088,personality(0x840000 /* PER_??? */) = 8388608
20:12:58.714292,1088,capset(0xbe9e3794, 0xbe9e37a4) = 0
20:12:58.714850,1088,gettid() = 1088
20:12:58.715316,1088,access("/dev/cpuctl/tasks", F_OK) = 0
20:12:58.716010,1088,open("/dev/cpuctl/apps/tasks", O_WRONLY) = 24
20:12:58.717130,1088,open("/dev/cpuctl/apps/bg_non_interactive/tasks", O_WRONLY) = 25
20:12:58.717886,1088,futex(0xb6e6829c, FUTEX_WAKE_PRIVATE, 2147483647) = 0
20:12:58.718561,1088,write(24, "1088", 4) = 4
20:12:58.719005,60,<... futex resumed> ) = 0
20:12:58.719273,60,futex(0xb6813580, FUTEX_WAKE_PRIVATE, 2147483647 <unfinished ...>
20:12:58.719599,1090,<... futex resumed> ) = 0
20:12:58.719848,1090,futex(0xb681357c, FUTEX_WAIT_PRIVATE, 2, NULL <unfinished ...>
20:12:58.720074,60,<... futex resumed> ) = 1
20:12:58.720322,60,futex(0xb681357c, FUTEX_WAKE_PRIVATE, 1 <unfinished ...>
20:12:58.720718,1090,<... futex resumed> ) = 0
20:12:58.736406,1090,futex(0xb681357c, FUTEX_WAKE_PRIVATE, 1) = 0
20:12:58.736915,1090,getpriority(PRIO_PROCESS, 1090) = 20
20:12:58.737337,1090,setpriority(PRIO_PROCESS, 1090, 0) = 0
20:12:58.737856,1090,sched_yield() = 0
20:12:58.738278,1090,nanosleep({0, 1000000}, <unfinished ...>
20:12:58.738739,1088,gettid( <unfinished ...>
20:12:58.738973,60,<... futex resumed> ) = 1
20:12:58.739478,60,mmap2(NULL, 32768, PROT_READ|PROT_WRITE, MAP_PRIVATE|MAP_ANONYMOUS, -1, 0) = 0xaf306000
20:12:58.751592,60,madvise(0xaf306000, 32768, 0xc /* MADV_??? */ <unfinished ...>
20:12:58.751894,1090,<... nanosleep resumed> NULL) = 0
20:12:58.752313,1090,futex(0xb8357828, FUTEX_WAIT_PRIVATE, 0, NULL <unfinished ...>
20:12:58.752619,1088,<... gettid resumed> ) = 1088
20:12:58.752833,60,<... madvise resumed> ) = -1 EINVAL (Invalid argument)
20:12:58.753170,60,mmap2(NULL, 1048576, PROT_READ|PROT_WRITE, MAP_PRIVATE|MAP_ANONYMOUS|MAP_NORESERVE, -1, 0) = 0xaf206000
20:12:58.753712,60,madvise(0xaf206000, 1048576, 0xc /* MADV_??? */) = -1 EINVAL (Invalid argument)
20:12:58.754180,60,mprotect(0xaf206000, 4096, PROT_NONE) = 0
20:12:58.754897,60,clone(child_stack=0xaf305f00, flags=CLONE_VM|CLONE_FS|CLONE_FILES|CLONE_SIGHAND|CLONE_THREAD|CLONE_SYSVSEM|0x400000) = 1091
20:12:58.759267,60,futex(0xb6813580, FUTEX_WAIT_PRIVATE, -332, NULL <unfinished ...>
20:12:58.759769,1091,set_tls(0xaf305f00, 0xb823b068, 0xaf305ffc, 0x40, 0xaf305f00) = 0
20:12:58.760326,1091,prctl(PR_SET_NAME, 0xaf305e8c, 0, 0, 0) = 0
20:12:58.760880,1091,gettid() = 1091
20:12:58.761443,1091,futex(0xb6813580, FUTEX_WAKE_PRIVATE, 2147483647 <unfinished ...>
20:12:58.761769,60,<... futex resumed> ) = 0
20:12:58.762054,60,futex(0xb681357c, FUTEX_WAIT_PRIVATE, 2, NULL <unfinished ...>
20:12:58.762348,1091,<... futex resumed> ) = 1
20:12:58.762639,1091,futex(0xb681357c, FUTEX_WAKE_PRIVATE, 1 <unfinished ...>
20:12:58.762913,60,<... futex resumed> ) = 0
20:12:58.763228,60,futex(0xb681357c, FUTEX_WAKE_PRIVATE, 1) = 0
20:12:58.763704,60,futex(0xb6813580, FUTEX_WAKE_PRIVATE, 2147483647) = 0
20:12:58.764362,60,getpgid(0xe2) = 60
20:12:58.764890,60,setpgid(1088, 60) = 0
20:12:58.765744,60,sendmsg(23, {msg_name(0)=NULL, msg_iov(1)=[{"\0\0\4@", 4}], msg_controllen=0, msg_flags=0}, MSG_NOSIGNAL) = 4
20:12:58.767220,60,sendmsg(23, {msg_name(0)=NULL, msg_iov(1)=[{"\0", 1}], msg_controllen=0, msg_flags=0}, MSG_NOSIGNAL) = 1
20:12:58.768122,60,select(24, [9 23], NULL, NULL, NULL <unfinished ...>
20:12:58.768574,1091,<... futex resumed> ) = 1
20:12:58.768880,1091,futex(0xb6813580, FUTEX_WAIT_PRIVATE, -334, NULL) = -1 EAGAIN (Try again)
20:12:58.772171,1091,getpriority(PRIO_PROCESS, 1091) = 20
20:12:58.789115,1091,setpriority(PRIO_PROCESS, 1091, 0) = 0
20:12:58.789830,1091,futex(0xb835af10, FUTEX_WAIT_PRIVATE, 0, NULL <unfinished ...>
20:12:58.790199,1088,prctl(PR_SET_DUMPABLE, 1) = 0
20:12:58.791543,1088,setrlimit(RLIMIT_CORE, {rlim_cur=0, rlim_max=RLIM64_INFINITY}) = 0
20:12:58.792287,1088,sigaction(SIGCHLD, {SIG_DFL, , NULL, 0) = 0
20:12:58.793009,1088,clock_gettime(CLOCK_MONOTONIC, {176, 54727842}) = 0
20:12:58.794561,1088,mmap2(NULL, 1048576, PROT_READ|PROT_WRITE, MAP_PRIVATE|MAP_ANONYMOUS|MAP_NORESERVE, -1, 0) = 0xaf416000
20:12:58.795103,1088,madvise(0xaf416000, 1048576, 0xc /* MADV_??? */) = -1 EINVAL (Invalid argument)
20:12:58.795588,1088,mprotect(0xaf416000, 4096, PROT_NONE) = 0
20:12:58.796175,1088,clone(child_stack=0xaf515f00, flags=CLONE_VM|CLONE_FS|CLONE_FILES|CLONE_SIGHAND|CLONE_THREAD|CLONE_SYSVSEM|0x400000) = 1092
20:12:58.798470,1088,futex(0xb6813580, FUTEX_WAIT_PRIVATE, -324, NULL <unfinished ...>
20:12:58.849657,1092,set_tls(0xaf515f00, 0xb82df818, 0xaf515ffc, 0x40, 0xaf515f00) = 0
20:12:58.850263,1092,prctl(PR_SET_NAME, 0xaf515eac, 0, 0, 0) = 0
20:12:58.851536,1092,mmap2(NULL, 32768, PROT_READ|PROT_WRITE, MAP_PRIVATE|MAP_ANONYMOUS, -1, 0) = 0xaf40e000
20:12:58.852066,1092,madvise(0xaf40e000, 32768, 0xc /* MADV_??? */) = -1 EINVAL (Invalid argument)
20:12:58.852715,1092,gettid() = 1092
20:12:58.854599,1092,getpriority(PRIO_PROCESS, 0) = 20
20:12:58.856157,1092,futex(0xb6813580, FUTEX_WAKE_PRIVATE, 2147483647 <unfinished ...>
20:12:58.856536,1088,<... futex resumed> ) = 0
20:12:58.856833,1088,futex(0xb681357c, FUTEX_WAIT_PRIVATE, 2, NULL <unfinished ...>
20:12:58.857220,1092,<... futex resumed> ) = 1
20:12:58.857628,1092,futex(0xb681357c, FUTEX_WAKE_PRIVATE, 1 <unfinished ...>
20:12:58.858093,1088,<... futex resumed> ) = 0
20:12:58.858383,1088,futex(0xb681357c, FUTEX_WAKE_PRIVATE, 1) = 0
20:12:58.858900,1088,clock_gettime(CLOCK_MONOTONIC, {176, 120463291}) = 0
20:12:58.859469,1088,clock_gettime(CLOCK_MONOTONIC, <unfinished ...>
20:12:58.870206,1092,<... futex resumed> ) = 1
20:12:58.870449,1088,<... clock_gettime resumed> {176, 121190250}) = 0
20:12:58.871207,1088,mmap2(NULL, 1048576, PROT_READ|PROT_WRITE, MAP_PRIVATE|MAP_ANONYMOUS|MAP_NORESERVE, -1, 0) = 0xaf30e000
20:12:58.871752,1088,madvise(0xaf30e000, 1048576, 0xc /* MADV_??? */) = -1 EINVAL (Invalid argument)
20:12:58.872431,1088,mprotect(0xaf30e000, 4096, PROT_NONE) = 0
20:12:58.873018,1088,clone(child_stack=0xaf40df00, flags=CLONE_VM|CLONE_FS|CLONE_FILES|CLONE_SIGHAND|CLONE_THREAD|CLONE_SYSVSEM|0x400000) = 1093
20:12:58.878530,1088,futex(0xb6813580, FUTEX_WAIT_PRIVATE, -326, NULL <unfinished ...>
20:12:58.878948,1092,futex(0xb82229a8, FUTEX_WAIT_PRIVATE, 0, NULL <unfinished ...>
20:12:58.908142,1093,set_tls(0xaf40df00, 0xb8240548, 0xaf40dffc, 0x40, 0xaf40df00) = 0
20:12:58.909654,1093,prctl(PR_SET_NAME, 0xaf40deac, 0, 0, 0) = 0
20:12:58.910783,1093,mmap2(NULL, 32768, PROT_READ|PROT_WRITE, MAP_PRIVATE|MAP_ANONYMOUS, -1, 0) = 0xaf306000
20:12:58.911671,1093,madvise(0xaf306000, 32768, 0xc /* MADV_??? */) = -1 EINVAL (Invalid argument)
20:12:58.912376,1093,gettid() = 1093
20:12:58.913530,1093,getpriority(PRIO_PROCESS, 0) = 20
20:12:58.914610,1093,futex(0xb6813580, FUTEX_WAKE_PRIVATE, 2147483647 <unfinished ...>
20:12:58.915043,1088,<... futex resumed> ) = 0
20:12:58.915617,1088,futex(0xb681357c, FUTEX_WAIT_PRIVATE, 2, NULL <unfinished ...>
20:12:58.916147,1093,<... futex resumed> ) = 1
20:12:58.916700,1093,futex(0xb681357c, FUTEX_WAKE_PRIVATE, 1 <unfinished ...>
20:12:58.917205,1088,<... futex resumed> ) = 0
20:12:58.917735,1088,futex(0xb681357c, FUTEX_WAKE_PRIVATE, 1) = 0
20:12:58.918518,1088,clock_gettime(CLOCK_MONOTONIC, {176, 180151267}) = 0
20:12:58.919264,1088,clock_gettime(CLOCK_MONOTONIC, {176, 180950161}) = 0
20:12:58.920994,1088,mmap2(NULL, 1048576, PROT_READ|PROT_WRITE, MAP_PRIVATE|MAP_ANONYMOUS|MAP_NORESERVE, -1, 0) = 0xaf206000
20:12:58.939551,1093,<... futex resumed> ) = 1
20:12:58.942237,1088,madvise(0xaf206000, 1048576, 0xc /* MADV_??? */) = -1 EINVAL (Invalid argument)
20:12:58.944685,1088,mprotect(0xaf206000, 4096, PROT_NONE) = 0
20:12:58.945338,1088,clone(child_stack=0xaf305f00, flags=CLONE_VM|CLONE_FS|CLONE_FILES|CLONE_SIGHAND|CLONE_THREAD|CLONE_SYSVSEM|0x400000) = 1094
20:12:58.949535,1088,futex(0xb6813580, FUTEX_WAIT_PRIVATE, -328, NULL <unfinished ...>
20:12:58.961816,1093,rt_sigtimedwait([QUIT USR1 RT_7 RT_14 RT_15 RT_16 RT_17 RT_19 RT_20 RT_21 RT_22 RT_23 RT_24 RT_26 RT_27 RT_29 RT_30], NULL, NULL, 8 <unfinished ...>
20:12:58.999349,1094,set_tls(0xaf305f00, 0xb823b068, 0xaf305ffc, 0x40, 0xaf305f00) = 0
20:12:59.000047,1094,prctl(PR_SET_NAME, 0xaf305eac, 0, 0, 0) = 0
20:12:59.001597,1094,mmap2(NULL, 32768, PROT_READ|PROT_WRITE, MAP_PRIVATE|MAP_ANONYMOUS, -1, 0) = 0xaf1fe000
20:12:59.002217,1094,madvise(0xaf1fe000, 32768, 0xc /* MADV_??? */) = -1 EINVAL (Invalid argument)
20:12:59.002836,1094,gettid() = 1094
20:12:59.003468,1094,getpriority(PRIO_PROCESS, 0) = 20
20:12:59.004057,1094,futex(0xb6813580, FUTEX_WAKE_PRIVATE, 2147483647 <unfinished ...>
20:12:59.004374,1088,<... futex resumed> ) = 0
20:12:59.004679,1088,futex(0xb681357c, FUTEX_WAIT_PRIVATE, 2, NULL <unfinished ...>
20:12:59.004963,1094,<... futex resumed> ) = 1
20:12:59.005299,1094,futex(0xb681357c, FUTEX_WAKE_PRIVATE, 1 <unfinished ...>
20:12:59.005977,1088,<... futex resumed> ) = 0
20:12:59.006276,1088,futex(0xb681357c, FUTEX_WAKE_PRIVATE, 1) = 0
20:12:59.006854,1088,futex(0xb8313d64, FUTEX_WAIT_PRIVATE, 0, NULL <unfinished ...>
20:12:59.007159,1094,<... futex resumed> ) = 1
20:12:59.007509,1094,futex(0xb8313d64, FUTEX_WAKE_PRIVATE, 2147483647 <unfinished ...>
20:12:59.007827,1088,<... futex resumed> ) = 0
20:12:59.008132,1088,futex(0xb8313d60, FUTEX_WAIT_PRIVATE, 2, NULL <unfinished ...>
20:12:59.008503,1094,<... futex resumed> ) = 1
20:12:59.008791,1094,futex(0xb8313d60, FUTEX_WAKE_PRIVATE, 1 <unfinished ...>
20:12:59.009081,1088,<... futex resumed> ) = 0
20:12:59.009393,1088,futex(0xb8313d60, FUTEX_WAKE_PRIVATE, 1 <unfinished ...>
20:12:59.023014,1094,<... futex resumed> ) = 1
20:12:59.023377,1088,<... futex resumed> ) = 0
20:12:59.023766,1088,clock_gettime(CLOCK_MONOTONIC, {176, 285343166}) = 0
20:12:59.025870,1088,mmap2(NULL, 32768, PROT_READ|PROT_WRITE, MAP_PRIVATE|MAP_ANONYMOUS, -1, 0) = 0xaf1f6000
20:12:59.026487,1088,madvise(0xaf1f6000, 32768, 0xc /* MADV_??? */) = -1 EINVAL (Invalid argument)
20:12:59.027004,1088,mmap2(NULL, 1048576, PROT_READ|PROT_WRITE, MAP_PRIVATE|MAP_ANONYMOUS|MAP_NORESERVE, -1, 0) = 0xad269000
20:12:59.027552,1088,madvise(0xad269000, 1048576, 0xc /* MADV_??? */) = -1 EINVAL (Invalid argument)
20:12:59.028099,1088,mprotect(0xad269000, 4096, PROT_NONE) = 0
20:12:59.028677,1088,clone(child_stack=0xad368f00, flags=CLONE_VM|CLONE_FS|CLONE_FILES|CLONE_SIGHAND|CLONE_THREAD|CLONE_SYSVSEM|0x400000) = 1095
20:12:59.030312,1088,futex(0xb6813580, FUTEX_WAIT_PRIVATE, -330, NULL <unfinished ...>
20:12:59.030757,1094,socket(PF_UNIX, SOCK_STREAM, 0) = 26
20:12:59.031452,1094,pipe([27, 28]) = 0
20:12:59.032363,1094,getpid() = 1088
20:12:59.033114,1094,connect(26, {sa_family=AF_UNIX, path=@"jdwp-control"...}, 15) = 0
20:12:59.037373,1094,getsockopt(26, SOL_SOCKET, SO_PEERCRED, {pid=67, uid=0, gid=0}, [12]) = 0
20:12:59.038645,1094,sendto(26, "0440", 4, 0, NULL, 0) = 4
20:12:59.040508,1094,recvmsg(26, <unfinished ...>
20:12:59.042242,1095,set_tls(0xad368f00, 0xb8303278, 0xad368ffc, 0x40, 0xad368f00) = 0
20:12:59.043069,1095,prctl(PR_SET_NAME, 0xad368e8c, 0, 0, 0) = 0
20:12:59.043671,1095,gettid() = 1095
20:12:59.044350,1095,futex(0xb6813580, FUTEX_WAKE_PRIVATE, 2147483647 <unfinished ...>
20:12:59.044755,1088,<... futex resumed> ) = 0
20:12:59.045095,1088,futex(0xb681357c, FUTEX_WAIT_PRIVATE, 2, NULL <unfinished ...>
20:12:59.045448,1095,<... futex resumed> ) = 1
20:12:59.045790,1095,futex(0xb681357c, FUTEX_WAKE_PRIVATE, 1 <unfinished ...>
20:12:59.046103,1088,<... futex resumed> ) = 0
20:12:59.046447,1088,futex(0xb681357c, FUTEX_WAKE_PRIVATE, 1) = 0
20:12:59.046960,1088,futex(0xb6813580, FUTEX_WAKE_PRIVATE, 2147483647) = 0
20:12:59.047844,1088,mmap2(NULL, 32768, PROT_READ|PROT_WRITE, MAP_PRIVATE|MAP_ANONYMOUS, -1, 0) = 0xad261000
20:12:59.048594,1088,madvise(0xad261000, 32768, 0xc /* MADV_??? */) = -1 EINVAL (Invalid argument)
20:12:59.049067,1088,mmap2(NULL, 1048576, PROT_READ|PROT_WRITE, MAP_PRIVATE|MAP_ANONYMOUS|MAP_NORESERVE, -1, 0 <unfinished ...>
20:12:59.058962,1095,<... futex resumed> ) = 1
20:12:59.059200,1088,<... mmap2 resumed> ) = 0xad161000
20:12:59.059819,1088,madvise(0xad161000, 1048576, 0xc /* MADV_??? */) = -1 EINVAL (Invalid argument)
20:12:59.060343,1088,mprotect(0xad161000, 4096, PROT_NONE) = 0
20:12:59.061118,1088,clone(child_stack=0xad260f00, flags=CLONE_VM|CLONE_FS|CLONE_FILES|CLONE_SIGHAND|CLONE_THREAD|CLONE_SYSVSEM|0x400000) = 1096
20:12:59.062237,1088,futex(0xb6813580, FUTEX_WAIT_PRIVATE, -334, NULL <unfinished ...>
20:12:59.063560,1095,futex(0xb6813580, FUTEX_WAIT_PRIVATE, -332, NULL) = -1 EAGAIN (Try again)
20:12:59.064095,1095,getpriority(PRIO_PROCESS, 1095) = 20
20:12:59.064641,1095,setpriority(PRIO_PROCESS, 1095, 0) = 0
20:12:59.079592,1095,futex(0xb83217c0, FUTEX_WAIT_PRIVATE, 0, NULL <unfinished ...>
20:12:59.080069,1096,set_tls(0xad260f00, 0xb8338c90, 0xad260ffc, 0x40, 0xad260f00) = 0
20:12:59.080679,1096,prctl(PR_SET_NAME, 0xad260e8c, 0, 0, 0) = 0
20:12:59.081868,1096,gettid() = 1096
20:12:59.082738,1096,futex(0xb6813580, FUTEX_WAKE_PRIVATE, 2147483647 <unfinished ...>
20:12:59.083065,1088,<... futex resumed> ) = 0
20:12:59.083341,1088,futex(0xb681357c, FUTEX_WAIT_PRIVATE, 2, NULL <unfinished ...>
20:12:59.083641,1096,<... futex resumed> ) = 1
20:12:59.083935,1096,futex(0xb681357c, FUTEX_WAKE_PRIVATE, 1 <unfinished ...>
20:12:59.084238,1088,<... futex resumed> ) = 0
20:12:59.084553,1088,futex(0xb681357c, FUTEX_WAKE_PRIVATE, 1) = 0
20:12:59.085252,1088,futex(0xb6813580, FUTEX_WAKE_PRIVATE, 2147483647) = 0
20:12:59.086845,1088,mmap2(NULL, 32768, PROT_READ|PROT_WRITE, MAP_PRIVATE|MAP_ANONYMOUS, -1, 0) = 0xad159000
20:12:59.087573,1088,madvise(0xad159000, 32768, 0xc /* MADV_??? */) = -1 EINVAL (Invalid argument)
20:12:59.088167,1088,mmap2(NULL, 1048576, PROT_READ|PROT_WRITE, MAP_PRIVATE|MAP_ANONYMOUS|MAP_NORESERVE, -1, 0) = 0xad059000
20:12:59.089048,1088,madvise(0xad059000, 1048576, 0xc /* MADV_??? */) = -1 EINVAL (Invalid argument)
20:12:59.101676,1096,<... futex resumed> ) = 1
20:12:59.102122,1088,mprotect(0xad059000, 4096, PROT_NONE) = 0
20:12:59.103055,1088,clone(child_stack=0xad158f00, flags=CLONE_VM|CLONE_FS|CLONE_FILES|CLONE_SIGHAND|CLONE_THREAD|CLONE_SYSVSEM|0x400000) = 1097
20:12:59.105326,1088,futex(0xb6813580, FUTEX_WAIT_PRIVATE, -338, NULL <unfinished ...>
20:12:59.108804,1096,futex(0xb6813580, FUTEX_WAIT_PRIVATE, -336, NULL) = -1 EAGAIN (Try again)
20:12:59.109319,1096,getpriority(PRIO_PROCESS, 1096) = 20
20:12:59.119694,1096,setpriority(PRIO_PROCESS, 1096, 0) = 0
20:12:59.120347,1096,futex(0xb833c298, FUTEX_WAIT_PRIVATE, 0, NULL <unfinished ...>
20:12:59.148910,1097,set_tls(0xad158f00, 0xb8363d90, 0xad158ffc, 0x40, 0xad158f00) = 0
20:12:59.228132,1097,prctl(PR_SET_NAME, 0xad158e8c, 0, 0, 0) = 0
20:12:59.228835,1097,gettid() = 1097
20:12:59.229327,1097,futex(0xb6813580, FUTEX_WAKE_PRIVATE, 2147483647) = 1
20:12:59.242241,1088,<... futex resumed> ) = 0
20:12:59.242635,1097,futex(0xb6813580, FUTEX_WAIT_PRIVATE, -340, NULL <unfinished ...>
20:12:59.242953,1088,futex(0xb6813580, FUTEX_WAKE_PRIVATE, 2147483647 <unfinished ...>
20:12:59.243290,1097,<... futex resumed> ) = -1 EAGAIN (Try again)
20:12:59.243641,1088,<... futex resumed> ) = 0
20:12:59.243922,1097,futex(0xb681357c, FUTEX_WAIT_PRIVATE, 2, NULL <unfinished ...>
20:12:59.244273,1088,futex(0xb681357c, FUTEX_WAKE_PRIVATE, 1 <unfinished ...>
20:12:59.244542,1097,<... futex resumed> ) = -1 EAGAIN (Try again)
20:12:59.244809,1088,<... futex resumed> ) = 0
20:12:59.248227,1097,futex(0xb681357c, FUTEX_WAKE_PRIVATE, 1) = 0
20:12:59.249304,1097,getpriority(PRIO_PROCESS, 1097) = 20
20:12:59.251068,1097,setpriority(PRIO_PROCESS, 1097, 0) = 0
20:12:59.252489,1097,futex(0xb83425f0, FUTEX_WAIT_PRIVATE, 0, NULL <unfinished ...>
20:12:59.315630,1088,close(23) = 0
20:12:59.316609,1088,close(9) = 0
20:12:59.318218,1088,open("/dev/binder", O_RDWR) = 9
20:12:59.319191,1088,fcntl64(9, F_SETFD, FD_CLOEXEC) = 0
20:12:59.319852,1088,ioctl(9, 0xc0046209, 0xbe9e3638) = 0
20:12:59.329903,1088,ioctl(9, 0x40046205, 0xbe9e363c) = 0
20:12:59.330452,1088,mmap2(NULL, 1040384, PROT_READ, MAP_PRIVATE|MAP_NORESERVE, 9, 0) = 0xacf5b000
20:12:59.331091,1088,madvise(0xacf5b000, 1040384, 0xc /* MADV_??? */) = -1 EINVAL (Invalid argument)
20:12:59.331889,1088,prctl(PR_SET_NAME, 0xb833c367, 0, 0, 0) = 0
20:12:59.332445,1088,open("/sys/qemu_trace/process_name", O_RDWR) = 23
20:12:59.333483,1088,write(23, "com.favasben.insectfightergold\0", 31) = 31
20:12:59.334252,1088,close(23) = 0
20:12:59.377668,1088,mmap2(NULL, 1048576, PROT_READ|PROT_WRITE, MAP_PRIVATE|MAP_ANONYMOUS|MAP_NORESERVE, -1, 0) = 0xace5b000
20:12:59.378295,1088,madvise(0xace5b000, 1048576, 0xc /* MADV_??? */) = -1 EINVAL (Invalid argument)
20:12:59.378886,1088,mprotect(0xace5b000, 4096, PROT_NONE) = 0
20:12:59.390326,1088,clone(child_stack=0xacf5af00, flags=CLONE_VM|CLONE_FS|CLONE_FILES|CLONE_SIGHAND|CLONE_THREAD|CLONE_SYSVSEM|0x400000) = 1101
20:12:59.393033,1088,writev(3, [{"\4", 1}, {"dalvikvm\0", 9}, {"Turning on JNI app bug workaroun"..., 63}], 3) = 73
20:12:59.410622,1101,set_tls(0xacf5af00, 0xb82faaa8, 0xacf5affc, 0x40, 0xacf5af00) = 0
20:12:59.411153,1101,setpriority(PRIO_PROCESS, 0, 0) = 0
20:12:59.411780,1101,futex(0xb6e570b0, FUTEX_WAKE_PRIVATE, 2147483647) = 0
20:12:59.412281,1101,gettid() = 1101
20:12:59.412770,1101,write(24, "1101", 4) = 4
20:12:59.413329,1101,prctl(PR_SET_NAME, 0xb8322810, 0, 0, 0) = 0
20:12:59.413904,1101,mmap2(NULL, 32768, PROT_READ|PROT_WRITE, MAP_PRIVATE|MAP_ANONYMOUS, -1, 0) = 0xace53000
20:12:59.414509,1101,madvise(0xace53000, 32768, 0xc /* MADV_??? */) = -1 EINVAL (Invalid argument)
20:12:59.415006,1101,gettid() = 1101
20:12:59.415724,1101,getpriority(PRIO_PROCESS, 0) = 20
20:12:59.416312,1101,gettid() = 1101
20:12:59.416844,1101,gettid() = 1101
20:12:59.417344,1101,getpid() = 1088
20:12:59.417826,1101,getuid32() = 10050
20:12:59.418428,1101,write(24, "1101", 4) = 4
20:12:59.418998,1101,ioctl(9, 0xc0186201 <unfinished ...>
20:12:59.431635,1088,prctl(PR_SET_NAME, 0xb830c112, 0, 0, 0 <unfinished ...>
20:12:59.431972,1101,<... ioctl resumed> , 0xacf5ae28) = 0
20:12:59.432285,1088,<... prctl resumed> ) = 0
20:12:59.432708,1101,mmap2(NULL, 1048576, PROT_READ|PROT_WRITE, MAP_PRIVATE|MAP_ANONYMOUS|MAP_NORESERVE, -1, 0 <unfinished ...>
20:12:59.433124,1088,open("/sys/qemu_trace/process_name", O_RDWR <unfinished ...>
20:12:59.433630,1101,<... mmap2 resumed> ) = 0xacd53000
20:12:59.434007,1088,<... open resumed> ) = 23
20:12:59.434306,1101,madvise(0xacd53000, 1048576, 0xc /* MADV_??? */ <unfinished ...>
20:12:59.434633,1088,write(23, "<pre-initialized>\0", 18 <unfinished ...>
20:12:59.435053,1101,<... madvise resumed> ) = -1 EINVAL (Invalid argument)
20:12:59.435356,1088,<... write resumed> ) = 18
20:12:59.435662,1101,mprotect(0xacd53000, 4096, PROT_NONE <unfinished ...>
20:12:59.435971,1088,close(23 <unfinished ...>
20:12:59.436250,1101,<... mprotect resumed> ) = 0
20:12:59.436797,1101,clone( <unfinished ...>
20:12:59.437078,1088,<... close resumed> ) = 0
20:12:59.439937,1088,futex(0xb6e570c0, FUTEX_WAKE_PRIVATE, 2147483647 <unfinished ...>
20:12:59.440258,1101,<... clone resumed> child_stack=0xace52f00, flags=CLONE_VM|CLONE_FS|CLONE_FILES|CLONE_SIGHAND|CLONE_THREAD|CLONE_SYSVSEM|0x400000) = 1102
20:12:59.459878,1088,<... futex resumed> ) = 0
20:12:59.460905,1101,write(24, "1101", 4 <unfinished ...>
20:12:59.461425,1088,pipe( <unfinished ...>
20:12:59.461768,1101,<... write resumed> ) = 4
20:12:59.462124,1088,<... pipe resumed> [23, 29]) = 0
20:12:59.462542,1101,ioctl(9, 0xc0186201 <unfinished ...>
20:12:59.462871,1088,fcntl64(23, F_SETFL, O_RDONLY|O_NONBLOCK) = 0
20:12:59.463498,1088,fcntl64(29, F_SETFL, O_RDONLY|O_NONBLOCK) = 0
20:12:59.464033,1088,epoll_create(0x8) = 30
20:12:59.464598,1088,epoll_ctl(0x1e, 0x1, 0x17, 0xbe9e3300) = 0
20:12:59.470146,1088,gettid() = 1088
20:12:59.479879,1102,set_tls(0xace52f00, 0xb8240d38, 0xace52ffc, 0x40, 0xace52f00 <unfinished ...>
20:12:59.480243,1088,getpid( <unfinished ...>
20:12:59.480515,1102,<... open resumed> ) = 0
20:12:59.480792,1088,<... getpid resumed> ) = 1088
20:12:59.481089,1102,setpriority(PRIO_PROCESS, 0, 0 <unfinished ...>
20:12:59.481613,1088,getuid32( <unfinished ...>
20:12:59.481885,1102,<... setpriority resumed> ) = 0
20:12:59.482163,1088,<... getuid32 resumed> ) = 10050
20:12:59.482517,1102,gettid( <unfinished ...>
20:12:59.484834,1088,getpid( <unfinished ...>
20:12:59.485161,1102,<... gettid resumed> ) = 1102
20:12:59.485535,1088,<... getpid resumed> ) = 1088
20:12:59.485842,1102,write(24, "1102", 4 <unfinished ...>
20:12:59.486255,1088,gettid( <unfinished ...>
20:12:59.486548,1102,<... write resumed> ) = 4
20:12:59.486826,1088,<... gettid resumed> ) = 1088
20:12:59.487133,1102,prctl(PR_SET_NAME, 0xb8322810, 0, 0, 0 <unfinished ...>
20:12:59.487470,1088,clock_gettime(CLOCK_MONOTONIC, <unfinished ...>
20:12:59.487762,1102,<... prctl resumed> ) = 0
20:12:59.488054,1088,<... clock_gettime resumed> {176, 749346741}) = 0
20:12:59.488626,1102,mmap2(NULL, 32768, PROT_READ|PROT_WRITE, MAP_PRIVATE|MAP_ANONYMOUS, -1, 0 <unfinished ...>
20:12:59.488992,1088,ioctl(9, 0xc0186201 <unfinished ...>
20:12:59.489301,1102,<... mmap2 resumed> ) = 0xacd4b000
20:12:59.501501,1102,madvise(0xacd4b000, 32768, 0xc /* MADV_??? */ <unfinished ...>
20:12:59.501745,1088,<... ioctl resumed> , 0xbe9e31f0) = 0
20:12:59.502021,1102,<... madvise resumed> ) = -1 EINVAL (Invalid argument)
20:12:59.502377,1088,clock_gettime(CLOCK_MONOTONIC, <unfinished ...>
20:12:59.502688,1102,gettid( <unfinished ...>
20:12:59.502966,1088,<... clock_gettime resumed> {176, 764261014}) = 0
20:12:59.503340,1102,<... gettid resumed> ) = 1102
20:12:59.504883,1088,getpid( <unfinished ...>
20:12:59.505320,1102,getpriority(PRIO_PROCESS, 0 <unfinished ...>
20:12:59.505659,1088,<... getpid resumed> ) = 1088
20:12:59.505986,1102,<... getpriority resumed> ) = 20
20:12:59.506296,1088,gettid( <unfinished ...>
20:12:59.506765,1102,gettid( <unfinished ...>
20:12:59.507088,1088,<... gettid resumed> ) = 1088
20:12:59.507379,1102,<... gettid resumed> ) = 1102
20:12:59.507703,1088,clock_gettime(CLOCK_MONOTONIC, <unfinished ...>
20:12:59.508028,1102,gettid( <unfinished ...>
20:12:59.508306,1088,<... clock_gettime resumed> {176, 769601374}) = 0
20:12:59.508653,1102,<... gettid resumed> ) = 1102
20:12:59.519857,1088,ioctl(9, 0xc0186201 <unfinished ...>
20:12:59.520220,1102,getpid( <unfinished ...>
20:12:59.520627,1088,<... ioctl resumed> , 0xbe9e31f0) = 0
20:12:59.520929,1102,<... getpid resumed> ) = 1088
20:12:59.529241,1088,ioctl(9, 0xc0186201 <unfinished ...>
20:12:59.529589,1102,getuid32() = 10050
20:12:59.531349,1102,write(24, "1102", 4) = 4
20:12:59.531961,1102,ioctl(9, 0xc0186201 <unfinished ...>
20:12:59.542284,1101,<... ioctl resumed> , 0xacf5ae28) = 0
20:12:59.542762,1101,write(24, "1101", 4 <unfinished ...>
20:12:59.543119,1102,<... ioctl resumed> , 0xace52e28) = 0
20:12:59.543425,1101,<... write resumed> ) = 4
20:12:59.544042,1102,mmap2(NULL, 1048576, PROT_READ|PROT_WRITE, MAP_PRIVATE|MAP_ANONYMOUS|MAP_NORESERVE, -1, 0 <unfinished ...>
20:12:59.544400,1101,getpriority(PRIO_PROCESS, 1101 <unfinished ...>
20:12:59.545440,1102,<... mmap2 resumed> ) = 0xacc4b000
20:12:59.545751,1101,<... getpriority resumed> ) = 20
20:12:59.546421,1102,madvise(0xacc4b000, 1048576, 0xc /* MADV_??? */) = -1 EINVAL (Invalid argument)
20:12:59.556226,1102,mprotect(0xacc4b000, 4096, PROT_NONE) = 0
20:12:59.557178,1102,clone(child_stack=0xacd4af00, flags=CLONE_VM|CLONE_FS|CLONE_FILES|CLONE_SIGHAND|CLONE_THREAD|CLONE_SYSVSEM|0x400000) = 1103
20:12:59.568077,1102,write(24, "1102", 4) = 4
20:12:59.571135,1102,ioctl(9, 0xc0186201 <unfinished ...>
20:12:59.599586,1103,set_tls(0xacd4af00, 0xb82fc1c0, 0xacd4affc, 0x40, 0xacd4af00) = 0
20:12:59.609313,1101,clock_gettime(CLOCK_MONOTONIC, <unfinished ...>
20:12:59.610021,1103,setpriority(PRIO_PROCESS, 0, 0 <unfinished ...>
20:12:59.610319,1101,<... clock_gettime resumed> {176, 871617064}) = 0
20:12:59.610721,1103,<... setpriority resumed> ) = 0
20:12:59.611228,1101,clock_gettime(CLOCK_MONOTONIC, <unfinished ...>
20:12:59.611537,1103,gettid( <unfinished ...>
20:12:59.611809,1101,<... clock_gettime resumed> {176, 873113533}) = 0
20:12:59.612149,1103,<... gettid resumed> ) = 1103
20:12:59.612594,1101,write(24, "1101", 4 <unfinished ...>
20:12:59.613336,1103,write(24, "1103", 4 <unfinished ...>
20:12:59.614288,1101,<... write resumed> ) = 4
20:12:59.614590,1103,<... write resumed> ) = 4
20:12:59.617626,1101,ioctl(9, 0xc0186201 <unfinished ...>
20:12:59.618000,1103,prctl(PR_SET_NAME, 0xb8312748, 0, 0, 0) = 0
20:12:59.619810,1103,mmap2(NULL, 32768, PROT_READ|PROT_WRITE, MAP_PRIVATE|MAP_ANONYMOUS, -1, 0) = 0xacc43000
20:12:59.620445,1103,madvise(0xacc43000, 32768, 0xc /* MADV_??? */) = -1 EINVAL (Invalid argument)
20:12:59.620993,1103,gettid() = 1103
20:12:59.623964,1103,getpriority(PRIO_PROCESS, 0) = 20
20:12:59.624622,1103,gettid() = 1103
20:12:59.625164,1103,gettid() = 1103
20:12:59.625659,1103,getpid() = 1088
20:12:59.626178,1103,getuid32() = 10050
20:12:59.626809,1103,write(24, "1103", 4) = 4
20:12:59.627422,1103,ioctl(9, 0xc0186201, 0xacd4ae28) = 0
20:12:59.627963,1103,write(24, "1103", 4) = 4
20:12:59.689519,1103,ioctl(9, 0xc0186201 <unfinished ...>
20:12:59.970548,1102,<... ioctl resumed> , 0xace52e28) = 0
20:12:59.975032,1102,write(24, "1102", 4) = 4
20:12:59.981173,1102,getpriority(PRIO_PROCESS, 1102) = 20
20:12:59.983572,1102,clock_gettime(CLOCK_MONOTONIC, {177, 245162233}) = 0
20:12:59.984272,1102,write(24, "1102", 4) = 4
20:12:59.985036,1102,ioctl(9, 0xc0186201 <unfinished ...>
20:13:00.377109,1101,<... ioctl resumed> , 0xacf5ae28) = 0
20:13:00.377617,1101,write(24, "1101", 4) = 4
20:13:00.378825,1101,getpriority(PRIO_PROCESS, 1101 <unfinished ...>
20:13:00.443097,1088,<... ioctl resumed> , 0xbe9e31f0) = 0
20:13:00.443494,1088,clock_gettime(CLOCK_MONOTONIC, {177, 705077922}) = 0
20:13:00.444092,1088,getpid() = 1088
20:13:00.444759,1088,open("/proc/1088/cmdline", O_RDONLY) = 31
20:13:00.445508,1088,fstat64(31, {st_mode=S_IFREG|0444, st_size=0, ...}) = 0
20:13:00.447077,1088,mprotect(0xb64fc000, 4096, PROT_READ|PROT_WRITE) = 0
20:13:00.447703,1088,mprotect(0xb64fc000, 4096, PROT_READ) = 0
20:13:00.448229,1088,read(31, "<pre-initialized>\0\0\0\0\0\0\0\0\0\0\0\0\0\0\0"..., 1024) = 76
20:13:00.449249,1088,close(31) = 0
20:13:00.463561,1088,ioctl(9, 0xc0186201, 0xbe9e2110) = 0
20:13:00.464733,1088,ioctl(9, 0xc0186201, 0xbe9e2110) = 0
20:13:00.465380,1088,writev(5, [{"$Ë\0\0", 4}, {"\3\5\2\34\0\0\0android.app.IActivityMana"..., 73}], 2) = 77
20:13:00.467381,1088,mprotect(0xb15b5000, 8192, PROT_READ|PROT_WRITE) = 0
20:13:00.470553,1088,getpid() = 1088
20:13:00.471104,1088,getuid32() = 10050
20:13:00.471670,1088,getpid() = 1088
20:13:00.472200,1088,getuid32() = 10050
20:13:00.472772,1088,epoll_wait(0x1e, 0xbe9e31f8, 0x10, 0) = 0
20:13:00.473337,1088,clock_gettime(CLOCK_MONOTONIC, {177, 734930027}) = 0
20:13:00.482200,1101,<... getpriority resumed> ) = 20
20:13:00.482478,1088,open("/sys/kernel/debug/tracing/trace_marker", O_WRONLY) = -1 ENOENT (No such file or directory)
20:13:00.483389,1088,writev(3, [{"\6", 1}, {"Trace\0", 6}, {"error opening trace file: No suc"..., 56}], 3) = 63
20:13:00.485295,1088,getpid() = 1088
20:13:00.485880,1088,getuid32() = 10050
20:13:00.486576,1088,epoll_wait(0x1e, 0xbe9e31f8, 0x10, 0) = 0
20:13:00.487508,1088,clock_gettime(CLOCK_MONOTONIC, {177, 749108662}) = 0
20:13:00.488881,1088,prctl(PR_SET_NAME, 0xb83224ef, 0, 0, 0 <unfinished ...>
20:13:00.510920,1101,clock_gettime(CLOCK_MONOTONIC, <unfinished ...>
20:13:00.513816,1088,<... prctl resumed> ) = 0
20:13:00.516136,1088,open("/sys/qemu_trace/process_name", O_RDWR) = 31
20:13:00.516984,1088,write(31, "com.favasben.insectfightergold\0", 31) = 31
20:13:00.517778,1088,close(31) = 0
20:13:00.519108,1101,<... clock_gettime resumed> {177, 780410632}) = 0
20:13:00.519688,1101,write(24, "1101", 4) = 4
20:13:00.520304,1101,ioctl(9, 0xc0186201 <unfinished ...>
20:13:00.581666,1088,ioctl(9, 0xc0186201, 0xbe9e30c8) = 0
20:13:00.582841,1088,ioctl(9, 0xc0186201, 0xbe9e3108) = 0
20:13:00.584336,1088,ioctl(9, 0xc0186201, 0xbe9e30c8) = 0
20:13:00.585438,1088,dup(31) = 32
20:13:00.586091,1088,mmap2(NULL, 4096, PROT_READ, MAP_SHARED, 32, 0) = 0xacc42000
20:13:00.586677,1088,close(31) = 0
20:13:00.587251,1088,dup(32) = 31
20:13:00.588591,1088,getpid() = 1088
20:13:00.599356,1088,gettid() = 1088
20:13:00.599901,1088,clock_gettime(CLOCK_MONOTONIC, {177, 861481191}) = 0
20:13:00.600515,1088,ioctl(9, 0xc0186201, 0xbe9e31f0) = 0
20:13:00.602210,1088,clock_gettime(CLOCK_MONOTONIC, {177, 863914585}) = 0
20:13:00.604766,1088,getuid32() = 10050
20:13:00.606519,1088,stat64("/system/framework/framework-res.apk", {st_mode=S_IFREG|0644, st_size=8749696, ...}) = 0
20:13:00.607953,1088,access("/vendor/overlay/framework/framework-res.apk", R_OK) = -1 ENOENT (No such file or directory)
20:13:00.609071,1088,stat64("/data/app/com.favasben.insectfightergold-1.apk", {st_mode=S_IFREG|0644, st_size=12723460, ...}) = 0
20:13:00.627469,1088,stat64("/system/framework/framework-res.apk", {st_mode=S_IFREG|0644, st_size=8749696, ...}) = 0
20:13:00.628905,1088,stat64("/data/app/com.favasben.insectfightergold-1.apk", {st_mode=S_IFREG|0644, st_size=12723460, ...}) = 0
20:13:00.630262,1088,open("/data/app/com.favasben.insectfightergold-1.apk", O_RDONLY) = 33
20:13:00.631095,1088,_llseek(33, 0, [12723460], SEEK_END) = 0
20:13:00.642318,1088,mmap2(NULL, 69632, PROT_READ|PROT_WRITE, MAP_PRIVATE|MAP_ANONYMOUS, -1, 0) = 0xacc31000
20:13:00.642979,1088,madvise(0xacc31000, 69632, 0xc /* MADV_??? */) = -1 EINVAL (Invalid argument)
20:13:00.643755,1088,_llseek(33, 0, [0], SEEK_SET) = 0
20:13:00.644520,1088,read(33, "PK\3\4", 4) = 4
20:13:00.645532,1088,_llseek(33, 12657903, [12657903], SEEK_SET) = 0
20:13:00.646271,1088,read(33, "\2363äy\\u-K®pMõ\217ZfÖÜ\10Øîöèù¨ëÍL95Ù\t¬"..., 65557) = 65557
20:13:00.647821,1088,munmap(0xacc31000, 69632) = 0
20:13:00.648498,1088,mmap2(NULL, 42222, PROT_READ, MAP_SHARED, 33, 0xc18) = 0xacc37000
20:13:00.674053,1088,pread(33, "PK\3\4\n\0\0\0\0\0\220\224]@Ë\3\200\211ÈH\0\0ÈH\0\0\16\0\3\0", 30, 46843597684736000) = 30
20:13:00.675717,1088,mmap2(NULL, 21752, PROT_READ, MAP_SHARED, 33, 0xa66) = 0xacc31000
20:13:00.678364,1088,gettimeofday({1724271180, 678627}, NULL) = 0
20:13:00.680131,1088,access("/data/data/com.favasben.insectfightergold/cache", F_OK) = -1 ENOENT (No such file or directory)
20:13:00.683724,1088,access("/data/data/com.favasben.insectfightergold/cache", F_OK) = -1 ENOENT (No such file or directory)
20:13:00.685804,1088,mkdir("/data/data/com.favasben.insectfightergold/cache", 0700) = 0
20:13:00.687446,1088,chmod("/data/data/com.favasben.insectfightergold/cache", 0771) = 0
20:13:00.688696,1088,getuid32() = 10050
20:13:00.699863,1088,getuid32() = 10050
20:13:00.701170,1088,getpid() = 1088
20:13:00.701707,1088,gettid() = 1088
20:13:00.702218,1088,clock_gettime(CLOCK_MONOTONIC, {177, 963803669}) = 0
20:13:00.702821,1088,ioctl(9, 0xc0186201, 0xbe9e31f0) = 0
20:13:00.704128,1088,ioctl(9, 0xc0186201, 0xbe9e31f0) = 0
20:13:00.705602,1088,clock_gettime(CLOCK_MONOTONIC, {177, 967239940}) = 0
20:13:00.707778,1088,access("/data/data/com.favasben.insectfightergold/cache/com.android.renderscript.cache", F_OK) = -1 ENOENT (No such file or directory)
20:13:00.709045,1088,mkdir("/data/data/com.favasben.insectfightergold/cache/com.android.renderscript.cache", 0700) = 0
20:13:00.710511,1088,getpid() = 1088
20:13:00.711030,1088,gettid() = 1088
20:13:00.711552,1088,clock_gettime(CLOCK_MONOTONIC, {177, 973130912}) = 0
20:13:00.712147,1088,ioctl(9, 0xc0186201, 0xbe9e31f0) = 0
20:13:00.748516,1088,clock_gettime(CLOCK_MONOTONIC, {178, 10365214}) = 0
20:13:00.750247,1088,getpid() = 1088
20:13:00.750793,1088,gettid() = 1088
20:13:00.751305,1088,clock_gettime(CLOCK_MONOTONIC, {178, 12918036}) = 0
20:13:00.751954,1088,ioctl(9, 0xc0186201, 0xbe9e31f0) = 0
20:13:00.753402,1088,clock_gettime(CLOCK_MONOTONIC, {178, 14997129}) = 0
20:13:00.755739,1088,writev(3, [{"\5", 1}, {"DroidBox\0", 9}, {"DroidBox: { \"DexClassLoader\": { "..., 93}], 3) = 103
20:13:00.781789,1088,access("/data/app/com.favasben.insectfightergold-1.apk", F_OK) = 0
20:13:00.782764,1088,access("/data/app/com.favasben.insectfightergold-1.apk", R_OK) = 0
20:13:00.783630,1088,stat64("/data/app/com.favasben.insectfightergold-1.apk", {st_mode=S_IFREG|0644, st_size=12723460, ...}) = 0
20:13:00.785870,1088,open("/data/app/com.favasben.insectfightergold-1.apk", O_RDONLY) = 34
20:13:00.786822,1088,fstat64(34, {st_mode=S_IFREG|0644, st_size=12723460, ...}) = 0
20:13:00.788020,1088,fstat64(34, {st_mode=S_IFREG|0644, st_size=12723460, ...}) = 0
20:13:00.799067,1088,_llseek(34, 12723438, [12723438], SEEK_SET) = 0
20:13:00.799866,1088,read(34, "PK\5\6", 4) = 4
20:13:00.800483,1088,fgetxattr(34, "user.taint", 0xbe9e3484, 4) = -1 ENODATA (No data available)
20:13:00.802451,1088,clock_gettime(CLOCK_MONOTONIC, {178, 64064291}) = 0
20:13:00.803088,1088,getpid() = 1088
20:13:00.803673,1088,readlink("/proc/1088/fd/34", "/data/app/com.favasben.insectfightergold-1.apk"..., 120) = 46
20:13:00.805342,1088,read(34, "\0\0\0\0\t\2\t\2Ò£\0\0\34\201Á\0\0\0", 18) = 18
20:13:00.806167,1088,fgetxattr(34, "user.taint", 0xbe9e3484, 4) = -1 ENODATA (No data available)
20:13:00.807635,1088,clock_gettime(CLOCK_MONOTONIC, {178, 69218331}) = 0
20:13:00.808230,1088,getpid() = 1088
20:13:00.808776,1088,readlink("/proc/1088/fd/34", "/data/app/com.favasben.insectfightergold-1.apk"..., 120) = 46
20:13:00.819576,1088,fstat64(34, {st_mode=S_IFREG|0644, st_size=12723460, ...}) = 0
20:13:00.820933,1088,_llseek(34, 12681500, [12681500], SEEK_SET) = 0
20:13:00.821727,1088,read(34, "PK\1\2\n\0\n\0\0\0\0\0\6f[@ÊÆ\17fÿ\207\1\0ÿ\207\1\0\26\0\4\0"..., 4096) = 4096
20:13:00.822562,1088,fgetxattr(34, "user.taint", 0xbe9e3484, 4) = -1 ENODATA (No data available)
20:13:00.824231,1088,clock_gettime(CLOCK_MONOTONIC, {178, 85831226}) = 0
20:13:00.824866,1088,getpid() = 1088
20:13:00.825437,1088,readlink("/proc/1088/fd/34", "/data/app/com.favasben.insectfightergold-1.apk"..., 120) = 46
20:13:00.846763,1088,_llseek(34, 12685596, [12685596], SEEK_SET) = 0
20:13:00.847499,1088,read(34, "\0\0\0a­[\0assets/hdpi/point3.pngPK\1"..., 4096) = 4096
20:13:00.848310,1088,fgetxattr(34, "user.taint", 0xbe9e3484, 4) = -1 ENODATA (No data available)
20:13:00.864453,1088,clock_gettime(CLOCK_MONOTONIC, {178, 126079564}) = 0
20:13:00.865128,1088,getpid() = 1088
20:13:00.865703,1088,readlink("/proc/1088/fd/34", "/data/app/com.favasben.insectfightergold-1.apk"..., 120) = 46
20:13:00.874652,1088,_llseek(34, 12689692, [12689692], SEEK_SET) = 0
20:13:00.875350,1088,read(34, "mdpi/p23.pngPK\1\2\n\0\n\0\0\0\0\0ø\213\\@Ñ.\205d"..., 4096) = 4096
20:13:00.876142,1088,fgetxattr(34, "user.taint", 0xbe9e3484, 4) = -1 ENODATA (No data available)
20:13:00.877811,1088,clock_gettime(CLOCK_MONOTONIC, {178, 139413651}) = 0
20:13:00.878512,1088,getpid() = 1088
20:13:00.879054,1088,readlink("/proc/1088/fd/34", "/data/app/com.favasben.insectfightergold-1.apk"..., 120) = 46
20:13:00.906977,1088,_llseek(34, 12693788, [12693788], SEEK_SET) = 0
20:13:00.907927,1088,read(34, "\10\0\0ð\35\0\0+\0\0\0\0\0\0\0\0\0\0\0\0\0ï?\231\0assets/"..., 4096) = 4096
20:13:00.908734,1088,fgetxattr(34, "user.taint", 0xbe9e3484, 4) = -1 ENODATA (No data available)
20:13:00.922143,1088,clock_gettime(CLOCK_MONOTONIC, {178, 183825062}) = 0
20:13:00.923431,1088,getpid() = 1088
20:13:00.924217,1088,readlink("/proc/1088/fd/34", "/data/app/com.favasben.insectfightergold-1.apk"..., 120) = 46
20:13:00.953898,1088,_llseek(34, 12697884, [12697884], SEEK_SET) = 0
20:13:00.961535,1088,read(34, "\235\0assets/webui/images/badge.hdpi"..., 4096) = 4096
20:13:00.962347,1088,fgetxattr(34, "user.taint", 0xbe9e3484, 4) = -1 ENODATA (No data available)
20:13:00.964119,1088,clock_gettime(CLOCK_MONOTONIC, {178, 225777954}) = 0
20:13:00.964823,1088,getpid() = 1088
20:13:00.965395,1088,readlink("/proc/1088/fd/34", "/data/app/com.favasben.insectfightergold-1.apk"..., 120) = 46
20:13:00.974181,1088,_llseek(34, 12701980, [12701980], SEEK_SET) = 0
20:13:00.974955,1088,read(34, "\217\37?Ö\r/8\212\0\0\0\212\0\0\0&\0\0\0\0\0\0\0\0\0\0\0\0\0ä\222\236"..., 4096) = 4096
20:13:00.975771,1088,fgetxattr(34, "user.taint", 0xbe9e3484, 4) = -1 ENODATA (No data available)
20:13:00.977442,1088,clock_gettime(CLOCK_MONOTONIC, {178, 239027368}) = 0
20:13:00.978044,1088,getpid() = 1088
20:13:00.978592,1088,readlink("/proc/1088/fd/34", "/data/app/com.favasben.insectfightergold-1.apk"..., 120) = 46
20:13:00.989333,1088,_llseek(34, 12706076, [12706076], SEEK_SET) = 0
20:13:01.004521,1088,read(34, "\0\200\3\0\0-\0\0\0\0\0\0\0\0\0\0\0\0\0C\35 \0assets/we"..., 4096) = 4096
20:13:01.005737,1088,fgetxattr(34, "user.taint", 0xbe9e3484, 4) = -1 ENODATA (No data available)
20:13:01.007659,1088,clock_gettime(CLOCK_MONOTONIC, {178, 269244066}) = 0
20:13:01.008264,1088,getpid() = 1088
20:13:01.008878,1088,readlink("/proc/1088/fd/34", "/data/app/com.favasben.insectfightergold-1.apk"..., 120) = 46
20:13:01.027025,1088,mprotect(0xb3d5d000, 331776, PROT_READ|PROT_WRITE) = 0
20:13:01.027684,1088,mprotect(0xb3dae000, 41213952, PROT_NONE) = 0
20:13:01.043250,1088,_llseek(34, 12710172, [12710172], SEEK_SET) = 0
20:13:01.044061,1088,read(34, "ets/webui/images/space.light.hdp"..., 4096) = 4096
20:13:01.044909,1088,fgetxattr(34, "user.taint", 0xbe9e3484, 4) = -1 ENODATA (No data available)
20:13:01.046515,1088,clock_gettime(CLOCK_MONOTONIC, {178, 308098593}) = 0
20:13:01.047117,1088,getpid() = 1088
20:13:01.047695,1088,readlink("/proc/1088/fd/34", "/data/app/com.favasben.insectfightergold-1.apk"..., 120) = 46
20:13:01.057091,1088,_llseek(34, 12714268, [12714268], SEEK_SET) = 0
20:13:01.057893,1088,read(34, "\0\0\0\0\234`£\0assets/webui/javascripts"..., 4096) = 4096
20:13:01.058672,1088,fgetxattr(34, "user.taint", 0xbe9e3484, 4) = -1 ENODATA (No data available)
20:13:01.070984,1088,clock_gettime(CLOCK_MONOTONIC, {178, 332571526}) = 0
20:13:01.072113,1088,getpid() = 1088
20:13:01.073008,1088,readlink("/proc/1088/fd/34", "/data/app/com.favasben.insectfightergold-1.apk"..., 120) = 46
20:13:01.093783,1088,_llseek(34, 12718364, [12718364], SEEK_SET) = 0
20:13:01.094706,1088,read(34, "able/of_achievement_icon_unlocke"..., 4096) = 4096
20:13:01.095597,1088,fgetxattr(34, "user.taint", 0xbe9e3484, 4) = -1 ENODATA (No data available)
20:13:01.097282,1088,clock_gettime(CLOCK_MONOTONIC, {178, 359151269}) = 0
20:13:01.098177,1088,getpid() = 1088
20:13:01.098764,1088,readlink("/proc/1088/fd/34", "/data/app/com.favasben.insectfightergold-1.apk"..., 120) = 46
20:13:01.101642,1088,mprotect(0xb3d5d000, 397312, PROT_READ|PROT_WRITE) = 0
20:13:01.102278,1088,mprotect(0xb3dbe000, 41148416, PROT_NONE) = 0
20:13:01.108951,1088,_llseek(34, 12722460, [12722460], SEEK_SET) = 0
20:13:01.109915,1088,read(34, "xlarge/of_native_loader.xmlPK\1\2\24"..., 1000) = 1000
20:13:01.110725,1088,fgetxattr(34, "user.taint", 0xbe9e3484, 4) = -1 ENODATA (No data available)
20:13:01.112371,1088,clock_gettime(CLOCK_MONOTONIC, {178, 373957393}) = 0
20:13:01.112998,1088,getpid() = 1088
20:13:01.113775,1088,readlink("/proc/1088/fd/34", "/data/app/com.favasben.insectfightergold-1.apk"..., 120) = 46
20:13:01.116675,1088,open("/data/app/com.favasben.insectfightergold-1.apk", O_RDONLY) = 35
20:13:01.117676,1088,lseek(35, 0, SEEK_END) = 12723460
20:13:01.118659,1088,mmap2(NULL, 69632, PROT_READ|PROT_WRITE, MAP_PRIVATE|MAP_ANONYMOUS, -1, 0) = 0xacc20000
20:13:01.119470,1088,madvise(0xacc20000, 69632, 0xc /* MADV_??? */) = -1 EINVAL (Invalid argument)
20:13:01.120808,1088,lseek(35, 12657903, SEEK_SET) = 12657903
20:13:01.121570,1088,read(35, "\2363äy\\u-K®pMõ\217ZfÖÜ\10Øîöèù¨ëÍL95Ù\t¬"..., 65557) = 65557
20:13:01.123241,1088,mmap2(NULL, 42222, PROT_READ, MAP_SHARED, 35, 0xc18) = 0xacc15000
20:13:01.124183,1088,munmap(0xacc20000, 69632) = 0
20:13:01.125808,1088,fcntl64(35, F_GETFD) = 0
20:13:01.126458,1088,fcntl64(35, F_SETFD, FD_CLOEXEC) = 0
20:13:01.126987,1088,open("/data/app/com.favasben.insectfightergold-1.odex", O_RDONLY) = -1 ENOENT (No such file or directory)
20:13:01.128453,1088,open("/data/dalvik-cache/data@app@com.favasben.insectfightergold-1.apk@classes.dex", O_RDWR|O_CREAT, 0644) = -1 EACCES (Permission denied)
20:13:01.129680,1088,open("/data/dalvik-cache/data@app@com.favasben.insectfightergold-1.apk@classes.dex", O_RDONLY) = 36
20:13:01.139870,1088,flock(36, LOCK_EX|LOCK_NB) = 0
20:13:01.140787,1088,fstat64(36, {st_mode=S_IFREG|0644, st_size=2869200, ...}) = 0
20:13:01.142103,1088,stat64("/data/dalvik-cache/data@app@com.favasben.insectfightergold-1.apk@classes.dex", {st_mode=S_IFREG|0644, st_size=2869200, ...}) = 0
20:13:01.143948,1088,lseek(36, 0, SEEK_SET) = 0
20:13:01.144521,1088,read(36, "dey\n036\0(\0\0\0¸E*\0àE*\0Ö\1\0\0¸G*\0\30\200\1\0"..., 40) = 40
20:13:01.145583,1088,lseek(36, 2770400, SEEK_SET) = 2770400
20:13:01.146235,1088,read(36, "\225\224]@\17$X\236\34\0\0\0\10\0\0\0\34\0\0\0/system/fram"..., 470) = 470
20:13:01.147408,1088,lseek(36, 0, SEEK_SET) = 0
20:13:01.147931,1088,lseek(36, 0, SEEK_CUR) = 0
20:13:01.148453,1088,lseek(36, 0, SEEK_END) = 2869200
20:13:01.161739,1088,lseek(36, 0, SEEK_SET) = 0
20:13:01.162425,1088,mmap2(NULL, 2869200, PROT_READ|PROT_WRITE, MAP_PRIVATE, 36, 0) = 0xac958000
20:13:01.163151,1088,madvise(0xac958000, 2869200, 0xc /* MADV_??? */) = -1 EINVAL (Invalid argument)
20:13:01.166829,1088,mprotect(0xac958000, 2869200, PROT_READ) = 0
20:13:01.167658,1088,open("/dev/ashmem", O_RDWR) = 37
20:13:01.168708,1088,ioctl(37, 0x41007701, 0xbe9e3254) = 0
20:13:01.169355,1088,ioctl(37, 0x40047703, 0x35000) = 0
20:13:01.180976,1088,mmap2(NULL, 217088, PROT_READ|PROT_WRITE, MAP_PRIVATE, 37, 0) = 0xac923000
20:13:01.181917,1088,madvise(0xac923000, 217088, 0xc /* MADV_??? */) = -1 EINVAL (Invalid argument)
20:13:01.182493,1088,close(37) = 0
20:13:01.183174,1088,flock(36, LOCK_UN) = 0
20:13:01.183780,1088,close(36) = 0
20:13:01.185306,1088,access("/data/data/com.favasben.insectfightergold/lib", F_OK) = 0
20:13:01.186248,1088,access("/data/data/com.favasben.insectfightergold/lib", R_OK) = 0
20:13:01.187148,1088,stat64("/data/data/com.favasben.insectfightergold/lib", {st_mode=S_IFDIR|0755, st_size=4096, ...}) = 0
20:13:01.189309,1088,access("/vendor/lib", F_OK) = -1 ENOENT (No such file or directory)
20:13:01.204446,1088,access("/system/lib", F_OK) = 0
20:13:01.205267,1088,access("/system/lib", R_OK) = 0
20:13:01.206034,1088,stat64("/system/lib", {st_mode=S_IFDIR|0755, st_size=8192, ...}) = 0
20:13:01.207345,1088,getuid32() = 10050
20:13:01.208310,1088,getpid() = 1088
20:13:01.208876,1088,gettid() = 1088
20:13:01.209397,1088,clock_gettime(CLOCK_MONOTONIC, {178, 470975253}) = 0
20:13:01.209993,1088,ioctl(9, 0xc0186201, 0xbe9e31f0) = 0
20:13:01.211747,1088,ioctl(9, 0xc0186201, 0xbe9e31f0) = 0
20:13:01.214556,1088,clock_gettime(CLOCK_MONOTONIC, {178, 476147842}) = 0
20:13:01.218449,1088,gettimeofday({1724271181, 218635}, NULL) = 0
20:13:01.219638,1088,getpid() = 1088
20:13:01.220159,1088,getuid32() = 10050
20:13:01.220717,1088,epoll_wait(0x1e, 0xbe9e31f8, 0x10, 0) = 0
20:13:01.229142,1088,clock_gettime(CLOCK_MONOTONIC, {178, 490761656}) = 0
20:13:01.230356,1088,getpid() = 1088
20:13:01.230894,1088,gettid() = 1088
20:13:01.231412,1088,clock_gettime(CLOCK_MONOTONIC, {178, 492988569}) = 0
20:13:01.232003,1088,ioctl(9, 0xc0186201, 0xbe9e31f0) = 0
20:13:01.233183,1088,ioctl(9, 0xc0186201, 0xbe9e31f0) = 0
20:13:01.233744,1088,clock_gettime(CLOCK_MONOTONIC, {178, 495320456}) = 0
20:13:01.235320,1088,getpid() = 1088
20:13:01.235849,1088,getuid32() = 10050
20:13:01.236401,1088,epoll_wait(0x1e, 0xbe9e31f8, 0x10, 0) = 0
20:13:01.236939,1088,clock_gettime(CLOCK_MONOTONIC, {178, 498515703}) = 0
20:13:01.237707,1088,stat64("/system/framework/framework-res.apk", {st_mode=S_IFREG|0644, st_size=8749696, ...}) = 0
20:13:01.239010,1088,stat64("/data/app/com.favasben.insectfightergold-1.apk", {st_mode=S_IFREG|0644, st_size=12723460, ...}) = 0
20:13:01.244065,1088,mprotect(0xb15b6000, 8192, PROT_READ|PROT_WRITE) = 0
20:13:01.247428,1088,mprotect(0xb15b7000, 8192, PROT_READ|PROT_WRITE) = 0
20:13:01.275159,1088,mprotect(0xb15b8000, 8192, PROT_READ|PROT_WRITE) = 0
20:13:01.276781,1088,gettimeofday({1724271181, 276973}, NULL) = 0
20:13:01.277812,1088,getuid32() = 10050
20:13:01.278472,1088,stat64("/system/framework/framework-res.apk", {st_mode=S_IFREG|0644, st_size=8749696, ...}) = 0
20:13:01.279839,1088,stat64("/data/app/com.favasben.insectfightergold-1.apk", {st_mode=S_IFREG|0644, st_size=12723460, ...}) = 0
20:13:01.284582,1088,getpid() = 1088
20:13:01.285140,1088,gettid() = 1088
20:13:01.285681,1088,clock_gettime(CLOCK_MONOTONIC, {178, 547266619}) = 0
20:13:01.286301,1088,ioctl(9, 0xc0186201, 0xbe9e31f0) = 0
20:13:01.292909,1088,ioctl(9, 0xc0186201, 0xbe9e31f0) = 0
20:13:01.293522,1088,clock_gettime(CLOCK_MONOTONIC, {178, 555112166}) = 0
20:13:01.296663,1088,mmap2(NULL, 32768, PROT_READ|PROT_WRITE, MAP_PRIVATE|MAP_ANONYMOUS, -1, 0) = 0xac91b000
20:13:01.297276,1088,madvise(0xac91b000, 32768, 0xc /* MADV_??? */) = -1 EINVAL (Invalid argument)
20:13:01.297872,1088,mmap2(NULL, 1048576, PROT_READ|PROT_WRITE, MAP_PRIVATE|MAP_ANONYMOUS|MAP_NORESERVE, -1, 0) = 0xac81b000
20:13:01.298448,1088,madvise(0xac81b000, 1048576, 0xc /* MADV_??? */) = -1 EINVAL (Invalid argument)
20:13:01.298972,1088,mprotect(0xac81b000, 4096, PROT_NONE) = 0
20:13:01.320301,1088,clone(child_stack=0xac91af00, flags=CLONE_VM|CLONE_FS|CLONE_FILES|CLONE_SIGHAND|CLONE_THREAD|CLONE_SYSVSEM|0x400000) = 1106
20:13:01.332033,1088,futex(0xb6813580, FUTEX_WAIT_PRIVATE, -342, NULL <unfinished ...>
20:13:01.370447,1106,set_tls(0xac91af00, 0xb8300d28, 0xac91affc, 0x40, 0xac91af00) = 0
20:13:01.371031,1106,prctl(PR_SET_NAME, 0xac91ae8c, 0, 0, 0) = 0
20:13:01.371573,1106,gettid() = 1106
20:13:01.372032,1106,futex(0xb6813580, FUTEX_WAKE_PRIVATE, 2147483647 <unfinished ...>
20:13:01.372334,1088,<... futex resumed> ) = 0
20:13:01.372661,1088,futex(0xb681357c, FUTEX_WAIT_PRIVATE, 2, NULL <unfinished ...>
20:13:01.372926,1106,<... futex resumed> ) = 1
20:13:01.373588,1106,futex(0xb681357c, FUTEX_WAKE_PRIVATE, 1 <unfinished ...>
20:13:01.373870,1088,<... futex resumed> ) = 0
20:13:01.374174,1088,futex(0xb681357c, FUTEX_WAKE_PRIVATE, 1) = 0
20:13:01.374702,1088,futex(0xb6813580, FUTEX_WAKE_PRIVATE, 2147483647) = 0
20:13:01.375691,1088,futex(0xb8224da0, FUTEX_WAIT_PRIVATE, -124, NULL <unfinished ...>
20:13:01.375967,1106,<... futex resumed> ) = 1
20:13:01.376321,1106,futex(0xb6813580, FUTEX_WAIT_PRIVATE, -344, NULL) = -1 EAGAIN (Try again)
20:13:01.376905,1106,getpriority(PRIO_PROCESS, 1106) = 20
20:13:01.377492,1106,setpriority(PRIO_PROCESS, 1106, 0) = 0
20:13:01.378075,1106,access("/data/data/com.favasben.insectfightergold/shared_prefs/SALAD_NINJA.xml.bak", F_OK) = -1 ENOENT (No such file or directory)
20:13:01.379487,1106,access("/data/data/com.favasben.insectfightergold/shared_prefs/SALAD_NINJA.xml", F_OK) = -1 ENOENT (No such file or directory)
20:13:01.380913,1106,stat64("/data/data/com.favasben.insectfightergold/shared_prefs/SALAD_NINJA.xml", 0xac91aa00) = -1 ENOENT (No such file or directory)
20:13:01.381865,1106,futex(0xb8224da0, FUTEX_WAKE_PRIVATE, 1 <unfinished ...>
20:13:01.382279,1088,<... futex resumed> ) = 0
20:13:01.382641,1088,futex(0xb8224d90, FUTEX_WAIT_PRIVATE, 2, NULL <unfinished ...>
20:13:01.382908,1106,<... futex resumed> ) = 1
20:13:01.383196,1106,futex(0xb8224d90, FUTEX_WAKE_PRIVATE, 1 <unfinished ...>
20:13:01.383532,1088,<... futex resumed> ) = 0
20:13:01.383817,1088,futex(0xb8224d90, FUTEX_WAKE_PRIVATE, 1) = 0
20:13:01.384288,1088,futex(0xb8300d78, FUTEX_WAIT_PRIVATE, 2, NULL <unfinished ...>
20:13:01.384655,1106,<... futex resumed> ) = 1
20:13:01.384993,1106,futex(0xb8300d78, FUTEX_WAKE_PRIVATE, 1 <unfinished ...>
20:13:01.385400,1088,<... futex resumed> ) = 0
20:13:01.385736,1088,futex(0xb8300d78, FUTEX_WAKE_PRIVATE, 1) = 0
20:13:01.387549,1088,mprotect(0xb15b9000, 8192, PROT_READ|PROT_WRITE) = 0
20:13:01.391387,1088,mprotect(0xb15ba000, 8192, PROT_READ|PROT_WRITE) = 0
20:13:01.393151,1106,<... futex resumed> ) = 1
20:13:01.394044,1106,munmap(0xac91b000, 32768) = 0
20:13:01.394618,1106,sigprocmask(SIG_SETMASK, ~[SEGV], NULL) = 0
20:13:01.395151,1106,munmap(0xac81b000, 1048576) = 0
20:13:01.395718,1106,exit(0) = ?
20:13:01.404613,1088,mprotect(0xb15bb000, 8192, PROT_READ|PROT_WRITE) = 0
20:13:01.407155,1088,mprotect(0xb3d5d000, 462848, PROT_READ|PROT_WRITE) = 0
20:13:01.408006,1088,mprotect(0xb3dce000, 41082880, PROT_NONE) = 0
20:13:01.412114,1088,mprotect(0xb15bc000, 8192, PROT_READ|PROT_WRITE) = 0
20:13:01.415815,1088,mprotect(0xb15bd000, 8192, PROT_READ|PROT_WRITE) = 0
20:13:01.417970,1088,mmap2(NULL, 69632, PROT_READ|PROT_WRITE, MAP_PRIVATE|MAP_ANONYMOUS, -1, 0) = 0xac912000
20:13:01.418624,1088,madvise(0xac912000, 69632, 0xc /* MADV_??? */) = -1 EINVAL (Invalid argument)
20:13:01.422227,1088,mprotect(0xb15be000, 8192, PROT_READ|PROT_WRITE) = 0
20:13:01.425202,1088,access("/vendor/lib/libsoundpool.so", F_OK) = -1 ENOENT (No such file or directory)
20:13:01.426255,1088,access("/system/lib/libsoundpool.so", F_OK) = 0
20:13:01.428021,1088,stat64("/system/lib/libsoundpool.so", {st_mode=S_IFREG|0644, st_size=9600, ...}) = 0
20:13:01.429423,1088,open("/system/lib/libsoundpool.so", O_RDONLY) = 36
20:13:01.430261,1088,lseek(36, 0, SEEK_SET) = 0
20:13:01.430861,1088,read(36, "\177ELF\1\1\1\0\0\0\0\0\0\0\0\0\3\0(\0\1\0\0\0\0\0\0\0004\0\0\0"..., 4096) = 4096
20:13:01.431707,1088,lseek(36, -8, SEEK_END) = 9592
20:13:01.432215,1088,read(36, "\1\0\0\0\0\0\0\0", 8) = 8
20:13:01.432994,1088,mmap2(NULL, 16384, PROT_NONE, MAP_PRIVATE|MAP_ANONYMOUS, -1, 0) = 0xac90e000
20:13:01.433666,1088,madvise(0xac90e000, 16384, 0xc /* MADV_??? */) = -1 EINVAL (Invalid argument)
20:13:01.434255,1088,mmap2(0xac90e000, 5222, PROT_READ|PROT_EXEC, MAP_PRIVATE|MAP_FIXED, 36, 0) = 0xac90e000
20:13:01.434875,1088,madvise(0xac90e000, 5222, 0xc /* MADV_??? */) = -1 EINVAL (Invalid argument)
20:13:01.435469,1088,mprotect(0xac90e000, 8192, PROT_READ|PROT_WRITE|PROT_EXEC) = 0
20:13:01.435962,1088,mmap2(0xac910000, 4276, PROT_READ|PROT_WRITE, MAP_PRIVATE|MAP_FIXED, 36, 0x1) = 0xac910000
20:13:01.436552,1088,madvise(0xac910000, 4276, 0xc /* MADV_??? */) = -1 EINVAL (Invalid argument)
20:13:01.437119,1088,close(36) = 0
20:13:01.439876,1088,mprotect(0xac90e000, 8192, PROT_READ|PROT_EXEC) = 0
20:13:01.440442,1088,mprotect(0xac910000, 4096, PROT_READ) = 0
20:13:01.442130,1088,futex(0xb82fad20, FUTEX_WAKE_PRIVATE, 2147483647) = 0
20:13:01.443042,1088,mmap2(NULL, 1048576, PROT_READ|PROT_WRITE, MAP_PRIVATE|MAP_ANONYMOUS|MAP_NORESERVE, -1, 0) = 0xac80e000
20:13:01.443618,1088,madvise(0xac80e000, 1048576, 0xc /* MADV_??? */) = -1 EINVAL (Invalid argument)
20:13:01.444161,1088,mprotect(0xac80e000, 4096, PROT_NONE) = 0
20:13:01.444723,1088,clone(child_stack=0xac90df00, flags=CLONE_VM|CLONE_FS|CLONE_FILES|CLONE_SIGHAND|CLONE_THREAD|CLONE_SYSVSEM|0x400000) = 1107
20:13:01.447129,1088,mmap2(NULL, 1048576, PROT_READ|PROT_WRITE, MAP_PRIVATE|MAP_ANONYMOUS|MAP_NORESERVE, -1, 0) = 0xac70e000
20:13:01.447729,1088,madvise(0xac70e000, 1048576, 0xc /* MADV_??? */) = -1 EINVAL (Invalid argument)
20:13:01.448217,1088,mprotect(0xac70e000, 4096, PROT_NONE) = 0
20:13:01.448784,1088,clone(child_stack=0xac80df00, flags=CLONE_VM|CLONE_FS|CLONE_FILES|CLONE_SIGHAND|CLONE_THREAD|CLONE_SYSVSEM|0x400000) = 1108
20:13:01.459731,1108,futex(0xac80df00, FUTEX_WAIT_PRIVATE, 2, NULL <unfinished ...>
20:13:01.460044,1107,set_tls(0xac90df00, 0xb8300d28, 0xac90dffc, 0x40, 0xac90df00 <unfinished ...>
20:13:01.460386,1088,futex(0xac80df00, FUTEX_WAKE_PRIVATE, 1 <unfinished ...>
20:13:01.460668,1108,<... futex resumed> ) = -1 EAGAIN (Try again)
20:13:01.461119,1088,<... futex resumed> ) = 0
20:13:01.461433,1108,set_tls(0xac80df00, 0xb82fae78, 0xac80dffc, 0x40, 0xac80df00 <unfinished ...>
20:13:01.461712,1107,<... set_tls resumed> ) = 0
20:13:01.463048,1088,mmap2(NULL, 32768, PROT_READ|PROT_WRITE, MAP_PRIVATE|MAP_ANONYMOUS, -1, 0 <unfinished ...>
20:13:01.463397,1108,<... open resumed> ) = 0
20:13:01.463703,1107,setpriority(PRIO_PROCESS, 0, 0 <unfinished ...>
20:13:01.464026,1088,<... mmap2 resumed> ) = 0xb0e7f000
20:13:01.464310,1108,setpriority(PRIO_PROCESS, 0, 0 <unfinished ...>
20:13:01.464611,1107,<... setpriority resumed> ) = 0
20:13:01.464953,1088,madvise(0xb0e7f000, 32768, 0xc /* MADV_??? */ <unfinished ...>
20:13:01.465222,1108,<... setpriority resumed> ) = 0
20:13:01.465566,1107,gettid( <unfinished ...>
20:13:01.465838,1088,<... madvise resumed> ) = -1 EINVAL (Invalid argument)
20:13:01.466210,1108,gettid( <unfinished ...>
20:13:01.466528,1107,<... gettid resumed> ) = 1107
20:13:01.466843,1088,mmap2(NULL, 1048576, PROT_READ|PROT_WRITE, MAP_PRIVATE|MAP_ANONYMOUS|MAP_NORESERVE, -1, 0 <unfinished ...>
20:13:01.467152,1108,<... gettid resumed> ) = 1108
20:13:01.467483,1107,write(24, "1107", 4 <unfinished ...>
20:13:01.467848,1088,<... mmap2 resumed> ) = 0xac60e000
20:13:01.468132,1108,write(24, "1108", 4 <unfinished ...>
20:13:01.468503,1107,<... write resumed> ) = 4
20:13:01.468801,1088,madvise(0xac60e000, 1048576, 0xc /* MADV_??? */ <unfinished ...>
20:13:01.489603,1108,<... write resumed> ) = 4
20:13:01.489856,1107,prctl(PR_SET_NAME, 0xb8313dd0, 0, 0, 0 <unfinished ...>
20:13:01.490057,1088,<... madvise resumed> ) = -1 EINVAL (Invalid argument)
20:13:01.491285,1108,prctl(PR_SET_NAME, 0xb82fae60, 0, 0, 0 <unfinished ...>
20:13:01.491765,1107,<... prctl resumed> ) = 0
20:13:01.492159,1088,mprotect(0xac60e000, 4096, PROT_NONE <unfinished ...>
20:13:01.492559,1108,<... prctl resumed> ) = 0
20:13:01.492977,1107,mmap2(NULL, 32768, PROT_READ|PROT_WRITE, MAP_PRIVATE|MAP_ANONYMOUS, -1, 0 <unfinished ...>
20:13:01.493484,1088,<... mprotect resumed> ) = 0
20:13:01.494103,1108,mmap2(NULL, 32768, PROT_READ|PROT_WRITE, MAP_PRIVATE|MAP_ANONYMOUS, -1, 0 <unfinished ...>
20:13:01.494518,1107,<... mmap2 resumed> ) = 0xacc29000
20:13:01.494871,1088,clone( <unfinished ...>
20:13:01.495545,1108,<... mmap2 resumed> ) = 0xacc21000
20:13:01.495834,1107,madvise(0xacc29000, 32768, 0xc /* MADV_??? */ <unfinished ...>
20:13:01.499538,1108,madvise(0xacc21000, 32768, 0xc /* MADV_??? */ <unfinished ...>
20:13:01.499838,1107,<... madvise resumed> ) = -1 EINVAL (Invalid argument)
20:13:01.500303,1088,<... clone resumed> child_stack=0xac70df00, flags=CLONE_VM|CLONE_FS|CLONE_FILES|CLONE_SIGHAND|CLONE_THREAD|CLONE_SYSVSEM|0x400000) = 1109
20:13:01.500751,1108,<... madvise resumed> ) = -1 EINVAL (Invalid argument)
20:13:01.501056,1107,gettid( <unfinished ...>
20:13:01.501392,1088,futex(0xb681357c, FUTEX_WAIT_PRIVATE, 2, NULL <unfinished ...>
20:13:01.501831,1108,futex(0xb681357c, FUTEX_WAIT_PRIVATE, 2, NULL <unfinished ...>
20:13:01.502109,1107,<... gettid resumed> ) = 1107
20:13:01.502664,1107,futex(0xb681357c, FUTEX_WAKE_PRIVATE, 1) = 1
20:13:01.503170,1088,<... futex resumed> ) = 0
20:13:01.503616,1107,getpriority(PRIO_PROCESS, 0 <unfinished ...>
20:13:01.503928,1088,futex(0xb681357c, FUTEX_WAKE_PRIVATE, 1 <unfinished ...>
20:13:01.504194,1107,<... getpriority resumed> ) = 20
20:13:01.504522,1088,<... futex resumed> ) = 1
20:13:01.504909,1107,futex(0xb82fad88, FUTEX_WAIT_PRIVATE, 0, NULL <unfinished ...>
20:13:01.505247,1108,<... futex resumed> ) = 0
20:13:01.505714,1088,futex(0xb6813580, FUTEX_WAIT_PRIVATE, -346, NULL <unfinished ...>
20:13:01.506033,1108,gettid() = 1108
20:13:01.506571,1108,futex(0xb681357c, FUTEX_WAKE_PRIVATE, 1) = 0
20:13:01.507124,1108,getpriority(PRIO_PROCESS, 0) = 20
20:13:01.507725,1108,futex(0xb830262c, FUTEX_WAIT_PRIVATE, 0, NULL <unfinished ...>
20:13:01.510231,1109,set_tls(0xac70df00, 0xb8316290, 0xac70dffc, 0x40, 0xac70df00) = 0
20:13:01.510811,1109,prctl(PR_SET_NAME, 0xac70de8c, 0, 0, 0) = 0
20:13:01.511497,1109,gettid() = 1109
20:13:01.512503,1109,futex(0xb6813580, FUTEX_WAKE_PRIVATE, 2147483647 <unfinished ...>
20:13:01.512896,1088,<... futex resumed> ) = 0
20:13:01.513312,1088,futex(0xb681357c, FUTEX_WAIT_PRIVATE, 2, NULL <unfinished ...>
20:13:01.513819,1109,<... futex resumed> ) = 1
20:13:01.514179,1109,futex(0xb681357c, FUTEX_WAKE_PRIVATE, 1 <unfinished ...>
20:13:01.514610,1088,<... futex resumed> ) = 0
20:13:01.515008,1088,futex(0xb681357c, FUTEX_WAKE_PRIVATE, 1) = 0
20:13:01.515696,1088,futex(0xb6813580, FUTEX_WAKE_PRIVATE, 2147483647) = 0
20:13:01.517081,1088,getpid() = 1088
20:13:01.517666,1088,gettid() = 1088
20:13:01.518226,1088,clock_gettime(CLOCK_MONOTONIC, {178, 779855691}) = 0
20:13:01.526659,1088,ioctl(9, 0xc0186201 <unfinished ...>
20:13:01.526948,1109,<... futex resumed> ) = 1
20:13:01.529325,1088,<... ioctl resumed> , 0xbe9e31f0) = 0
20:13:01.530055,1088,ioctl(9, 0xc0186201 <unfinished ...>
20:13:01.557821,1109,futex(0xb6813580, FUTEX_WAIT_PRIVATE, -348, NULL) = -1 EAGAIN (Try again)
20:13:01.558358,1109,getpriority(PRIO_PROCESS, 1109) = 20
20:13:01.558864,1109,setpriority(PRIO_PROCESS, 1109, 0) = 0
20:13:01.559494,1109,futex(0xb82e0a90, FUTEX_WAIT_PRIVATE, 0, NULL <unfinished ...>
20:13:01.571006,1088,<... ioctl resumed> , 0xbe9e31f0) = 0
20:13:01.571463,1088,clock_gettime(CLOCK_MONOTONIC, {178, 833034764}) = 0
20:13:01.572698,1088,mprotect(0xb15bf000, 8192, PROT_READ|PROT_WRITE) = 0
20:13:01.575835,1088,mprotect(0xb15c0000, 8192, PROT_READ|PROT_WRITE) = 0
20:13:01.589006,1088,getpid() = 1088
20:13:01.589683,1088,gettid() = 1088
20:13:01.590191,1088,clock_gettime(CLOCK_MONOTONIC, {178, 851793108}) = 0
20:13:01.590839,1088,ioctl(9, 0xc0186201, 0xbe9e31f0) = 0
20:13:01.592098,1088,ioctl(9, 0xc0186201, 0xbe9e31f0) = 0
20:13:01.592654,1088,clock_gettime(CLOCK_MONOTONIC, {178, 854228522}) = 0
20:13:01.593530,1088,getpid() = 1088
20:13:01.594069,1088,gettid() = 1088
20:13:01.594607,1088,clock_gettime(CLOCK_MONOTONIC, {178, 856186643}) = 0
20:13:01.595206,1088,ioctl(9, 0xc0186201, 0xbe9e31f0) = 0
20:13:01.596294,1088,ioctl(9, 0xc0186201, 0xbe9e31f0) = 0
20:13:01.596860,1088,clock_gettime(CLOCK_MONOTONIC, {178, 858440016}) = 0
20:13:01.601017,1088,getpid() = 1088
20:13:01.601663,1088,gettid() = 1088
20:13:01.602164,1088,clock_gettime(CLOCK_MONOTONIC, {178, 863735610}) = 0
20:13:01.602796,1088,ioctl(9, 0xc0186201, 0xbe9e31f0) = 0
20:13:01.603548,1088,clock_gettime(CLOCK_MONOTONIC, {178, 865121585}) = 0
20:13:01.604867,1088,getpid() = 1088
20:13:01.605382,1088,gettid() = 1088
20:13:01.605882,1088,clock_gettime(CLOCK_MONOTONIC, {178, 867453112}) = 0
20:13:01.606458,1088,ioctl(9, 0xc0186201, 0xbe9e31f0) = 0
20:13:01.607862,1088,clock_gettime(CLOCK_MONOTONIC, {178, 869437011}) = 0
20:13:01.609127,1088,mprotect(0xb15c1000, 8192, PROT_READ|PROT_WRITE) = 0
20:13:01.617200,1088,pread(18, "PK\3\4\24\0\10\0\10\0\31\r\2208¿Ìm\4»\1\0\0 \3\0\0\34\0\0\0", 30, 13579900610936832) = 30
20:13:01.618342,1088,mmap2(NULL, 4302, PROT_READ, MAP_SHARED, 18, 0x303) = 0xac60c000
20:13:01.620285,1088,munmap(0xac60c000, 4302) = 0
20:13:01.630867,1088,clock_gettime(CLOCK_MONOTONIC, {178, 892477274}) = 0
20:13:01.633216,1088,access("/data/data/com.favasben.insectfightergold/lib/libgdx.so", F_OK) = 0
20:13:01.634200,1088,stat64("/data/data/com.favasben.insectfightergold/lib/libgdx.so", {st_mode=S_IFREG|0755, st_size=416968, ...}) = 0
20:13:01.636046,1088,access("/data/data/com.favasben.insectfightergold/lib/libgdx.so", R_OK) = 0
20:13:01.637276,1088,writev(3, [{"\3", 1}, {"dalvikvm\0", 9}, {"Trying to load lib /data/data/co"..., 86}], 3) = 96
20:13:01.638644,1088,writev(3, [{"\5", 1}, {"dalvikvm\0", 9}, {"Denying lib /data/data/com.favas"..., 92}], 3) = 102
20:13:01.659109,1088,writev(3, [{"\3", 1}, {"AndroidRuntime\0", 15}, {"Shutting down VM\n\0", 18}], 3) = 34
20:13:01.662214,1088,writev(3, [{"\5", 1}, {"dalvikvm\0", 9}, {"threadid=1: thread exiting with "..., 70}], 3) = 80
20:13:01.666538,1088,futex(0xb82229a8, FUTEX_WAKE_PRIVATE, 1) = 1
20:13:01.671663,1092,<... futex resumed> ) = 0
20:13:01.672906,1088,futex(0xb82229a8, FUTEX_WAKE_PRIVATE, 1 <unfinished ...>
20:13:01.674441,1092,futex(0xb68135f4, FUTEX_WAIT_PRIVATE, 2, NULL <unfinished ...>
20:13:01.674779,1088,<... futex resumed> ) = 0
20:13:01.675223,1088,futex(0xb68135f4, FUTEX_WAKE_PRIVATE, 1) = 1
20:13:01.675766,1092,<... futex resumed> ) = 0
20:13:01.676132,1088,futex(0xb82229a8, FUTEX_WAKE_PRIVATE, 1 <unfinished ...>
20:13:01.676483,1092,futex(0xb68135f4, FUTEX_WAIT_PRIVATE, 2, NULL <unfinished ...>
20:13:01.676771,1088,<... futex resumed> ) = 0
20:13:01.677223,1088,futex(0xb68135f4, FUTEX_WAKE_PRIVATE, 1) = 1
20:13:01.677864,1092,<... futex resumed> ) = 0
20:13:01.678291,1088,futex(0xb82229a8, FUTEX_WAKE_PRIVATE, 1 <unfinished ...>
20:13:01.678640,1092,futex(0xb68135f4, FUTEX_WAIT_PRIVATE, 2, NULL <unfinished ...>
20:13:01.690544,1088,<... futex resumed> ) = 0
20:13:01.690899,1088,futex(0xb68135f4, FUTEX_WAKE_PRIVATE, 1) = 1
20:13:01.691526,1092,<... futex resumed> ) = 0
20:13:01.691873,1088,futex(0xb82229a8, FUTEX_WAKE_PRIVATE, 1 <unfinished ...>
20:13:01.692262,1092,futex(0xb68135f4, FUTEX_WAIT_PRIVATE, 2, NULL <unfinished ...>
20:13:01.692585,1088,<... futex resumed> ) = 0
20:13:01.693237,1088,futex(0xb68135f4, FUTEX_WAKE_PRIVATE, 1) = 1
20:13:01.693893,1092,<... futex resumed> ) = 0
20:13:01.694308,1088,futex(0xb82229a8, FUTEX_WAKE_PRIVATE, 1 <unfinished ...>
20:13:01.694666,1092,futex(0xb68135f4, FUTEX_WAIT_PRIVATE, 2, NULL <unfinished ...>
20:13:01.694950,1088,<... futex resumed> ) = 0
20:13:01.695292,1088,futex(0xb68135f4, FUTEX_WAKE_PRIVATE, 1) = 1
20:13:01.695826,1092,<... futex resumed> ) = 0
20:13:01.696137,1088,futex(0xb82229a8, FUTEX_WAKE_PRIVATE, 1 <unfinished ...>
20:13:01.696496,1092,futex(0xb68135f4, FUTEX_WAIT_PRIVATE, 2, NULL <unfinished ...>
20:13:01.696877,1088,<... futex resumed> ) = 0
20:13:01.697276,1088,futex(0xb68135f4, FUTEX_WAKE_PRIVATE, 1) = 1
20:13:01.697879,1092,<... futex resumed> ) = 0
20:13:01.698195,1088,futex(0xb82229a8, FUTEX_WAKE_PRIVATE, 1 <unfinished ...>
20:13:01.698535,1092,futex(0xb68135f4, FUTEX_WAIT_PRIVATE, 2, NULL <unfinished ...>
20:13:01.698817,1088,<... futex resumed> ) = 0
20:13:01.709929,1088,futex(0xb68135f4, FUTEX_WAKE_PRIVATE, 1) = 1
20:13:01.710494,1092,<... futex resumed> ) = 0
20:13:01.710854,1088,futex(0xb82229a8, FUTEX_WAKE_PRIVATE, 1 <unfinished ...>
20:13:01.711161,1092,futex(0xb68135f4, FUTEX_WAIT_PRIVATE, 2, NULL <unfinished ...>
20:13:01.711497,1088,<... futex resumed> ) = 0
20:13:01.711824,1088,futex(0xb68135f4, FUTEX_WAKE_PRIVATE, 1) = 1
20:13:01.712306,1092,<... futex resumed> ) = 0
20:13:01.712675,1088,futex(0xb82229a8, FUTEX_WAKE_PRIVATE, 1 <unfinished ...>
20:13:01.713034,1092,futex(0xb68135f4, FUTEX_WAIT_PRIVATE, 2, NULL <unfinished ...>
20:13:01.713324,1088,<... futex resumed> ) = 0
20:13:01.713944,1088,futex(0xb68135f4, FUTEX_WAKE_PRIVATE, 1) = 1
20:13:01.714564,1092,<... futex resumed> ) = 0
20:13:01.714962,1088,futex(0xb82229a8, FUTEX_WAKE_PRIVATE, 1 <unfinished ...>
20:13:01.715376,1092,futex(0xb68135f4, FUTEX_WAIT_PRIVATE, 2, NULL <unfinished ...>
20:13:01.715721,1088,<... futex resumed> ) = 0
20:13:01.716135,1088,futex(0xb68135f4, FUTEX_WAKE_PRIVATE, 1) = 1
20:13:01.716705,1092,<... futex resumed> ) = 0
20:13:01.717564,1088,futex(0xb82229a8, FUTEX_WAKE_PRIVATE, 1 <unfinished ...>
20:13:01.717887,1092,futex(0xb68135f4, FUTEX_WAIT_PRIVATE, 2, NULL <unfinished ...>
20:13:01.718318,1088,<... futex resumed> ) = 0
20:13:01.729512,1088,futex(0xb68135f4, FUTEX_WAKE_PRIVATE, 1) = 1
20:13:01.730478,1092,<... futex resumed> ) = 0
20:13:01.730855,1088,futex(0xb82229a8, FUTEX_WAKE_PRIVATE, 1 <unfinished ...>
20:13:01.731206,1092,futex(0xb68135f4, FUTEX_WAIT_PRIVATE, 2, NULL <unfinished ...>
20:13:01.731518,1088,<... futex resumed> ) = 0
20:13:01.731878,1088,futex(0xb68135f4, FUTEX_WAKE_PRIVATE, 1) = 1
20:13:01.732458,1092,<... futex resumed> ) = 0
20:13:01.732773,1088,futex(0xb82229a8, FUTEX_WAKE_PRIVATE, 1 <unfinished ...>
20:13:01.733539,1092,futex(0xb68135f4, FUTEX_WAIT_PRIVATE, 2, NULL <unfinished ...>
20:13:01.733852,1088,<... futex resumed> ) = 0
20:13:01.736734,1088,futex(0xb68135f4, FUTEX_WAKE_PRIVATE, 1) = 1
20:13:01.737471,1092,<... futex resumed> ) = 0
20:13:01.737887,1088,futex(0xb82229a8, FUTEX_WAKE_PRIVATE, 1 <unfinished ...>
20:13:01.738253,1092,futex(0xb68135f4, FUTEX_WAIT_PRIVATE, 2, NULL <unfinished ...>
20:13:01.738639,1088,<... futex resumed> ) = 0
20:13:01.738999,1088,futex(0xb68135f4, FUTEX_WAKE_PRIVATE, 1) = 1
20:13:01.739576,1092,<... futex resumed> ) = 0
20:13:01.740128,1092,clock_gettime(CLOCK_MONOTONIC, {179, 1701272}) = 0
20:13:01.740751,1092,clock_gettime(CLOCK_MONOTONIC, {179, 2326677}) = 0
20:13:01.741329,1092,clock_gettime(CLOCK_MONOTONIC, {179, 2945819}) = 0
20:13:01.741979,1092,nanosleep({0, 10000000}, 0xaf515d88) = 0
20:13:01.755800,1092,clock_gettime(CLOCK_MONOTONIC, {179, 17455928}) = 0
20:13:01.756523,1092,nanosleep({0, 20000000}, <unfinished ...>
20:13:01.761544,1088,futex(0xb68135f4, FUTEX_WAIT_PRIVATE, 2, NULL <unfinished ...>
20:13:01.777600,1092,<... nanosleep resumed> 0xaf515d88) = 0
20:13:01.777998,1092,madvise(0xb237c000, 3107101, MADV_NORMAL) = 0
20:13:01.785971,1092,futex(0xb68135f4, FUTEX_WAKE_PRIVATE, 1 <unfinished ...>
20:13:01.786500,1088,<... futex resumed> ) = 0
20:13:01.786826,1088,futex(0xb681358c, FUTEX_WAIT_PRIVATE, -434, NULL <unfinished ...>
20:13:01.787129,1092,<... futex resumed> ) = 1
20:13:01.787499,1092,futex(0xb681358c, FUTEX_WAKE_PRIVATE, 2147483647 <unfinished ...>
20:13:01.787801,1088,<... futex resumed> ) = 0
20:13:01.788090,1088,futex(0xb6813588, FUTEX_WAIT_PRIVATE, 2, NULL <unfinished ...>
20:13:01.788412,1092,<... futex resumed> ) = 1
20:13:01.788725,1092,futex(0xb6813588, FUTEX_WAKE_PRIVATE, 1 <unfinished ...>
20:13:01.789008,1088,<... futex resumed> ) = 0
20:13:01.789299,1088,futex(0xb6813588, FUTEX_WAKE_PRIVATE, 1) = 0
20:13:01.789827,1088,futex(0xb68135f4, FUTEX_WAKE_PRIVATE, 1) = 0
20:13:01.801510,1092,<... futex resumed> ) = 1
20:13:01.802733,1088,mprotect(0xb3d5d000, 528384, PROT_READ|PROT_WRITE) = 0
20:13:01.803603,1088,mprotect(0xb3dde000, 41017344, PROT_NONE) = 0
20:13:01.808153,1088,writev(6, [{"\6", 1}, {"AndroidRuntime\0", 15}, {"FATAL EXCEPTION: main\njava.lang."..., 1143}], 3) = 1159
20:13:01.829098,1092,clock_gettime(CLOCK_MONOTONIC, {179, 95477577}) = 0
20:13:01.835636,1088,getpid() = 1088
20:13:01.840319,1088,gettid() = 1088
20:13:01.840986,1088,clock_gettime(CLOCK_MONOTONIC, {179, 102965978}) = 0
20:13:01.842073,1088,ioctl(9, 0xc0186201, 0xbe9e3530) = 0
20:13:01.845582,1088,ioctl(9, 0xc0186201 <unfinished ...>
20:13:01.946063,1092,clock_gettime(CLOCK_MONOTONIC, {179, 207728971}) = 0
20:13:01.950679,1092,futex(0xb681358c, FUTEX_WAKE_PRIVATE, 2147483647) = 0
20:13:01.951260,1092,clock_gettime(CLOCK_MONOTONIC, {179, 212907768}) = 0
20:13:01.997883,1103,<... ioctl resumed> , 0xacd4ae28) = 0
20:13:01.998283,1103,write(24, "1103", 4) = 4
20:13:01.998970,1103,getpriority(PRIO_PROCESS, 1103) = 20
20:13:01.999788,1103,futex(0xb68135f4, FUTEX_WAIT_PRIVATE, 2, NULL <unfinished ...>
20:13:02.030160,1092,futex(0xb68135f4, FUTEX_WAKE_PRIVATE, 1 <unfinished ...>
20:13:02.030681,1103,<... futex resumed> ) = 0
20:13:02.031222,1103,futex(0xb68135f4, FUTEX_WAKE_PRIVATE, 1) = 0
20:13:02.032146,1103,clock_gettime(CLOCK_MONOTONIC, {179, 293716295}) = 0
20:13:02.032912,1103,write(24, "1103", 4) = 4
20:13:02.033654,1103,ioctl(9, 0xc0186201 <unfinished ...>
20:13:02.034040,1092,<... futex resumed> ) = 1
20:13:02.036517,1092,madvise(0xb337c000, 786432, MADV_DONTNEED) = 0
20:13:02.037522,1092,madvise(0xb237c000, 16777216, MADV_DONTNEED) = 0
20:13:02.038258,1092,futex(0xb68135f8, FUTEX_WAKE_PRIVATE, 2147483647) = 0
20:13:02.038926,1092,futex(0xb83217c0, FUTEX_WAKE_PRIVATE, 1 <unfinished ...>
20:13:02.039214,1095,<... futex resumed> ) = 0
20:13:02.039562,1095,futex(0xb83217b0, FUTEX_WAIT_PRIVATE, 2, NULL <unfinished ...>
20:13:02.039861,1092,<... futex resumed> ) = 1
20:13:02.040145,1092,futex(0xb83217b0, FUTEX_WAKE_PRIVATE, 1 <unfinished ...>
20:13:02.040569,1095,<... futex resumed> ) = 0
20:13:02.040850,1092,<... futex resumed> ) = 1
20:13:02.041221,1092,clock_gettime(CLOCK_MONOTONIC, {179, 303073942}) = 0
20:13:02.042268,1092,writev(3, [{"\3", 1}, {"dalvikvm\0", 9}, {"GC_CONCURRENT freed 230K, 4% fre"..., 76}], 3) = 86
20:13:02.043582,1092,clock_gettime(CLOCK_MONOTONIC, {179, 305240111}) = 0
20:13:02.044316,1092,clock_gettime(CLOCK_MONOTONIC, {179, 305941043}) = 0
20:13:02.044909,1092,futex(0xb82229a8, FUTEX_WAIT_PRIVATE, -30, {4, 999299068} <unfinished ...>
20:13:02.049818,1103,<... ioctl resumed> , 0xacd4ae28) = 0
20:13:02.053968,1103,write(24, "1103", 4) = 4
20:13:02.057903,1103,getpriority(PRIO_PROCESS, 1103) = 20
20:13:02.062195,1103,clock_gettime(CLOCK_MONOTONIC, {179, 323868200}) = 0
20:13:02.062982,1103,write(24, "1103", 4) = 4
20:13:02.063685,1103,ioctl(9, 0xc0186201 <unfinished ...>
20:13:02.125145,1095,futex(0xb83217b0, FUTEX_WAKE_PRIVATE, 1) = 0
20:13:02.160577,1095,futex(0xb833c298, FUTEX_WAKE_PRIVATE, 1 <unfinished ...>
20:13:02.161326,1096,<... futex resumed> ) = 0
20:13:02.161663,1096,futex(0xb833c288, FUTEX_WAIT_PRIVATE, 2, NULL <unfinished ...>
20:13:02.162160,1095,<... futex resumed> ) = 1
20:13:02.162610,1095,futex(0xb833c288, FUTEX_WAKE_PRIVATE, 1 <unfinished ...>
20:13:02.170600,1096,<... futex resumed> ) = 0
20:13:02.171007,1096,futex(0xb833c288, FUTEX_WAKE_PRIVATE, 1) = 0
20:13:02.171664,1096,futex(0xb8239a88, FUTEX_WAIT_PRIVATE, 2, NULL <unfinished ...>
20:13:02.173120,1095,<... futex resumed> ) = 1
20:13:02.173506,1095,futex(0xb8239a88, FUTEX_WAKE_PRIVATE, 1 <unfinished ...>
20:13:02.173800,1096,<... futex resumed> ) = 0
20:13:02.174649,1096,futex(0xb8239a88, FUTEX_WAKE_PRIVATE, 1) = 0
20:13:02.175440,1096,clock_gettime(CLOCK_MONOTONIC, {179, 437052888}) = 0
20:13:02.176225,1096,futex(0xb83425f0, FUTEX_WAKE_PRIVATE, 1) = 1
20:13:02.176719,1097,<... futex resumed> ) = 0
20:13:02.177160,1096,futex(0xb833c298, FUTEX_WAIT_PRIVATE, -2, NULL <unfinished ...>
20:13:02.177582,1097,futex(0xb83425f0, FUTEX_WAIT_PRIVATE, -2, NULL <unfinished ...>
20:13:02.177882,1095,<... futex resumed> ) = 1
20:13:02.178244,1095,futex(0xb833c298, FUTEX_WAKE_PRIVATE, 1 <unfinished ...>
20:13:02.178579,1096,<... futex resumed> ) = 0
20:13:02.178859,1096,futex(0xb833c288, FUTEX_WAIT_PRIVATE, 2, NULL <unfinished ...>
20:13:02.179199,1095,<... futex resumed> ) = 1
20:13:02.179543,1095,futex(0xb833c288, FUTEX_WAKE_PRIVATE, 1 <unfinished ...>
20:13:02.179820,1096,<... futex resumed> ) = 0
20:13:02.180157,1096,futex(0xb833c288, FUTEX_WAKE_PRIVATE, 1) = 0
20:13:02.180681,1096,futex(0xb8239a88, FUTEX_WAIT_PRIVATE, 2, NULL <unfinished ...>
20:13:02.180977,1095,<... futex resumed> ) = 1
20:13:02.181341,1095,futex(0xb8239a88, FUTEX_WAKE_PRIVATE, 1 <unfinished ...>
20:13:02.181640,1096,<... futex resumed> ) = 0
20:13:02.181943,1096,futex(0xb8239a88, FUTEX_WAKE_PRIVATE, 1) = 0
20:13:02.182534,1096,clock_gettime(CLOCK_MONOTONIC, {179, 444109016}) = 0
20:13:02.183099,1096,futex(0xb83425f0, FUTEX_WAKE_PRIVATE, 1) = 1
20:13:02.183576,1097,<... futex resumed> ) = 0
20:13:02.183952,1096,futex(0xb833c298, FUTEX_WAIT_PRIVATE, -4, NULL <unfinished ...>
20:13:02.184275,1097,futex(0xb83425f0, FUTEX_WAIT_PRIVATE, -4, NULL <unfinished ...>
20:13:02.184597,1095,<... futex resumed> ) = 1
20:13:02.184915,1095,futex(0xb833c298, FUTEX_WAKE_PRIVATE, 1 <unfinished ...>
20:13:02.185208,1096,<... futex resumed> ) = 0
20:13:02.185510,1096,futex(0xb833c288, FUTEX_WAIT_PRIVATE, 2, NULL <unfinished ...>
20:13:02.185807,1095,<... futex resumed> ) = 1
20:13:02.197300,1095,futex(0xb833c288, FUTEX_WAKE_PRIVATE, 1 <unfinished ...>
20:13:02.197725,1088,<... ioctl resumed> , 0xbe9e3530) = 0
20:13:02.199352,1088,clock_gettime(CLOCK_MONOTONIC, {179, 470866605}) = 0
20:13:02.210129,1088,getpid() = 1088
20:13:02.210849,1088,writev(3, [{"\4", 1}, {"Process\0", 8}, {"Sending signal. PID: 1088 SIG: 9"..., 33}], 3) = 42
20:13:02.212065,1088,kill(1088, SIGKILL <unfinished ...>
20:13:02.215094,1092,+++ killed by SIGKILL +++
20:13:02.216869,1093,+++ killed by SIGKILL +++
20:13:02.219657,1094,+++ killed by SIGKILL +++
20:13:02.220118,1096,+++ killed by SIGKILL +++
20:13:02.221479,1097,+++ killed by SIGKILL +++
20:13:02.221897,1101,+++ killed by SIGKILL +++
20:13:02.223820,1102,+++ killed by SIGKILL +++
20:13:02.225539,1103,+++ killed by SIGKILL +++
20:13:02.226004,1107,+++ killed by SIGKILL +++
20:13:02.226386,1108,+++ killed by SIGKILL +++
20:13:02.227558,1109,+++ killed by SIGKILL +++
20:13:02.302428,1095,+++ killed by SIGKILL +++
20:13:02.302907,1088,+++ killed by SIGKILL +++
20:13:02.303637,60,<... select resumed> ) = ? ERESTARTNOHAND (To be restarted)
20:13:02.304673,60,--- {si_signo=SIGCHLD, si_code=CLD_KILLED, si_pid=1088, si_status=SIGKILL, si_utime=20, si_stime=27} (Child exited) ---
20:13:02.304996,60,wait4(-1, [{WIFSIGNALED(s) && WTERMSIG(s) == SIGKILL}], WNOHANG, NULL) = 1088
20:13:02.307291,60,wait4(-1, 0xbe9e32dc, WNOHANG, NULL) = 0
20:13:02.308767,60,sigreturn() = ? (mask now [INT FPE KILL PIPE ALRM CHLD CONT STOP TSTP TTIN TTOU URG VTALRM PROF IO PWR RTMIN])
20:13:02.321090,60,select(24, [9 23], NULL, NULL, NULL) = ? ERESTARTNOHAND (To be restarted)
20:13:14.351454,60,--- {si_signo=SIGCHLD, si_code=CLD_KILLED, si_pid=750, si_status=SIGKILL, si_utime=38, si_stime=17} (Child exited) ---
20:13:14.351814,60,wait4(-1, [{WIFSIGNALED(s) && WTERMSIG(s) == SIGKILL}], WNOHANG, NULL) = 750
20:13:14.352457,60,wait4(-1, 0xbe9e32dc, WNOHANG, NULL) = 0
20:13:14.352925,60,sigreturn() = ? (mask now [INT FPE KILL PIPE ALRM CHLD CONT STOP TSTP TTIN TTOU URG VTALRM PROF IO PWR RTMIN])
20:13:14.358556,60,select(24, [9 23], NULL, NULL, NULL