20:38:44.342667,990,futex(0xb8591ed0, FUTEX_WAIT_PRIVATE, 0, NULL <unfinished ...>
20:38:44.424415,989,futex(0xb8589b98, FUTEX_WAIT_PRIVATE, 0, NULL <unfinished ...>
20:38:44.424979,987,futex(0xb858e7e8, FUTEX_WAIT_PRIVATE, 0, NULL <unfinished ...>
20:38:44.425412,59,select(24, [9 23], NULL, NULL, NULL) = 1 (in [23])
20:38:47.775145,59,ioctl(23, FIONREAD, [189]) = 0
20:38:47.776379,59,recvmsg(23, {msg_name(0)=NULL, msg_iov(1)=[{"9\n--runtime-init\n--setuid=10050\n"..., 4217}], msg_controllen=0, msg_flags=0}, MSG_NOSIGNAL) = 189
20:38:47.778662,59,ioctl(23, FIONREAD, [0]) = 0
20:38:47.791769,59,futex(0xb858e7e8, FUTEX_WAKE_PRIVATE, 1 <unfinished ...>
20:38:47.792219,987,<... futex resumed> ) = 0
20:38:47.792668,987,futex(0xb858e7d8, FUTEX_WAIT_PRIVATE, 2, NULL <unfinished ...>
20:38:47.792917,59,<... futex resumed> ) = 1
20:38:47.793169,59,futex(0xb858e7d8, FUTEX_WAKE_PRIVATE, 1 <unfinished ...>
20:38:47.793486,987,<... futex resumed> ) = 0
20:38:47.793735,987,futex(0xb858e7d8, FUTEX_WAKE_PRIVATE, 1) = 0
20:38:47.795787,987,futex(0xb685b57c, FUTEX_WAIT_PRIVATE, 2, NULL <unfinished ...>
20:38:47.796070,59,<... futex resumed> ) = 1
20:38:47.796543,59,futex(0xb685b57c, FUTEX_WAKE_PRIVATE, 1 <unfinished ...>
20:38:47.796977,987,<... futex resumed> ) = 0
20:38:47.797410,987,futex(0xb685b57c, FUTEX_WAKE_PRIVATE, 1) = 0
20:38:47.797824,987,munmap(0xb0ec7000, 32768) = 0
20:38:47.798443,987,sigprocmask(SIG_SETMASK, ~[SEGV], NULL) = 0
20:38:47.799589,987,munmap(0xaf45e000, 1048576) = 0
20:38:47.800130,987,exit(0) = ?
20:38:47.812193,59,<... futex resumed> ) = 1
20:38:47.813569,59,futex(0xb8589b98, FUTEX_WAKE_PRIVATE, 1 <unfinished ...>
20:38:47.813842,989,<... futex resumed> ) = 0
20:38:47.814093,989,futex(0xb8589b88, FUTEX_WAIT_PRIVATE, 2, NULL <unfinished ...>
20:38:47.814373,59,<... futex resumed> ) = 1
20:38:47.814659,59,futex(0xb8589b88, FUTEX_WAKE_PRIVATE, 1 <unfinished ...>
20:38:47.814916,989,<... futex resumed> ) = 0
20:38:47.815160,989,futex(0xb8589b88, FUTEX_WAKE_PRIVATE, 1) = 0
20:38:47.815797,989,futex(0xb685b57c, FUTEX_WAIT_PRIVATE, 2, NULL <unfinished ...>
20:38:47.816022,59,<... futex resumed> ) = 1
20:38:47.816322,59,futex(0xb685b57c, FUTEX_WAKE_PRIVATE, 1 <unfinished ...>
20:38:47.816575,989,<... futex resumed> ) = 0
20:38:47.816838,989,futex(0xb685b57c, FUTEX_WAKE_PRIVATE, 1) = 0
20:38:47.817248,989,munmap(0xaf456000, 32768) = 0
20:38:47.817746,989,sigprocmask(SIG_SETMASK, ~[SEGV], NULL) = 0
20:38:47.818197,989,munmap(0xaf356000, 1048576) = 0
20:38:47.818717,989,exit(0) = ?
20:38:47.821393,59,<... futex resumed> ) = 1
20:38:47.821871,59,futex(0xb8591ed0, FUTEX_WAKE_PRIVATE, 1 <unfinished ...>
20:38:47.822130,990,<... futex resumed> ) = 0
20:38:47.822487,990,futex(0xb8591ec0, FUTEX_WAIT_PRIVATE, 2, NULL <unfinished ...>
20:38:47.822725,59,<... futex resumed> ) = 1
20:38:47.822968,59,futex(0xb8591ec0, FUTEX_WAKE_PRIVATE, 1 <unfinished ...>
20:38:47.823254,990,<... futex resumed> ) = 0
20:38:47.823540,990,futex(0xb8591ec0, FUTEX_WAKE_PRIVATE, 1) = 0
20:38:47.824113,990,futex(0xb685b57c, FUTEX_WAIT_PRIVATE, 2, NULL <unfinished ...>
20:38:47.824403,59,<... futex resumed> ) = 1
20:38:47.824657,59,futex(0xb685b57c, FUTEX_WAKE_PRIVATE, 1 <unfinished ...>
20:38:47.824909,990,<... futex resumed> ) = 0
20:38:47.825173,990,futex(0xb685b57c, FUTEX_WAKE_PRIVATE, 1) = 0
20:38:47.825679,990,munmap(0xaf34e000, 32768) = 0
20:38:47.826185,990,sigprocmask(SIG_SETMASK, ~[SEGV], NULL) = 0
20:38:47.826731,990,munmap(0xaf24e000, 1048576) = 0
20:38:47.827195,990,exit(0) = ?
20:38:47.827721,59,<... futex resumed> ) = 1
20:38:47.828211,59,open("/proc/self/task", O_RDONLY|O_DIRECTORY) = 24
20:38:47.829549,59,getdents64(24, /* 3 entries */, 4200) = 72
20:38:47.834481,59,getdents64(24, /* 0 entries */, 4200) = 0
20:38:47.838120,59,close(24) = 0
20:38:47.841536,59,sigaction(SIGCHLD, {0xb68133dd, [], 0}, NULL, 0) = 0
20:38:47.842281,59,fork( <unfinished ...>
20:38:47.852938,1023,gettid() = 1023
20:38:47.856698,1023,getuid32() = 0
20:38:47.857490,1023,open("/acct/uid/0/tasks", O_RDWR|O_CREAT, 0666) = 24
20:38:47.858379,1023,write(24, "0", 1) = 1
20:38:47.859014,1023,close(24) = 0
20:38:47.859724,1023,prctl(PR_SET_KEEPCAPS, 1) = 0
20:38:47.860340,1023,setgroups32(3, [1015, 3003, 1028]) = 0
20:38:47.871580,1023,setgid32(10050) = 0
20:38:47.872214,1023,open("/acct/uid/10050/tasks", O_RDWR|O_CREAT, 0666) = 24
20:38:47.873753,1023,write(24, "0", 1) = 1
20:38:47.874288,1023,close(24) = 0
20:38:47.874778,1023,setuid32(10050) = 0
20:38:47.875345,1023,personality(0xffffffff /* PER_??? */) = 8388608
20:38:47.875852,1023,personality(0x840000 /* PER_??? */) = 8388608
20:38:47.876297,1023,capset(0xbed0e794, 0xbed0e7a4) = 0
20:38:47.876827,1023,gettid() = 1023
20:38:47.877361,1023,access("/dev/cpuctl/tasks", F_OK) = 0
20:38:47.878033,1023,open("/dev/cpuctl/apps/tasks", O_WRONLY) = 24
20:38:47.878762,1023,open("/dev/cpuctl/apps/bg_non_interactive/tasks", O_WRONLY) = 25
20:38:47.879483,1023,futex(0xb6eb029c, FUTEX_WAKE_PRIVATE, 2147483647) = 0
20:38:47.879902,1023,write(24, "1023", 4) = 4
20:38:47.880418,59,<... fork resumed> ) = 1023
20:38:47.881997,59,mmap2(NULL, 32768, PROT_READ|PROT_WRITE, MAP_PRIVATE|MAP_ANONYMOUS, -1, 0) = 0xb0ec7000
20:38:47.882801,59,madvise(0xb0ec7000, 32768, 0xc /* MADV_??? */) = -1 EINVAL (Invalid argument)
20:38:47.883759,59,mmap2(NULL, 1048576, PROT_READ|PROT_WRITE, MAP_PRIVATE|MAP_ANONYMOUS|MAP_NORESERVE, -1, 0) = 0xaf45e000
20:38:47.884285,59,madvise(0xaf45e000, 1048576, 0xc /* MADV_??? */) = -1 EINVAL (Invalid argument)
20:38:47.884774,59,mprotect(0xaf45e000, 4096, PROT_NONE) = 0
20:38:47.885431,59,clone(child_stack=0xaf55df00, flags=CLONE_VM|CLONE_FS|CLONE_FILES|CLONE_SIGHAND|CLONE_THREAD|CLONE_SYSVSEM|0x400000) = 1024
20:38:47.890245,1024,futex(0xaf55df00, FUTEX_WAIT_PRIVATE, 2, NULL <unfinished ...>
20:38:47.890700,59,futex(0xaf55df00, FUTEX_WAKE_PRIVATE, 1 <unfinished ...>
20:38:47.895098,1024,<... futex resumed> ) = -1 EAGAIN (Try again)
20:38:47.897140,1024,set_tls(0xaf55df00, 0xb8548ba8, 0xaf55dffc, 0x40, 0xaf55df00) = 0
20:38:47.903079,1024,prctl(PR_SET_NAME, 0xaf55de8c, 0, 0, 0) = 0
20:38:47.903593,1024,gettid() = 1024
20:38:47.904264,1024,futex(0xb685b580, FUTEX_WAKE_PRIVATE, 2147483647) = 0
20:38:47.904683,1024,futex(0xb685b580, FUTEX_WAIT_PRIVATE, -326, NULL <unfinished ...>
20:38:47.904919,1023,gettid( <unfinished ...>
20:38:47.905615,59,<... futex resumed> ) = 0
20:38:47.905876,59,futex(0xb685b580, FUTEX_WAKE_PRIVATE, 2147483647 <unfinished ...>
20:38:47.906139,1024,<... futex resumed> ) = 0
20:38:47.906426,1024,futex(0xb685b57c, FUTEX_WAIT_PRIVATE, 2, NULL <unfinished ...>
20:38:47.906677,59,<... futex resumed> ) = 1
20:38:47.906919,59,futex(0xb685b57c, FUTEX_WAKE_PRIVATE, 1 <unfinished ...>
20:38:47.907293,1024,<... futex resumed> ) = 0
20:38:47.907543,1024,futex(0xb685b57c, FUTEX_WAKE_PRIVATE, 1) = 0
20:38:47.907992,1024,getpriority(PRIO_PROCESS, 1024) = 20
20:38:47.908545,1024,setpriority(PRIO_PROCESS, 1024, 0) = 0
20:38:47.909096,1024,sched_yield() = 0
20:38:47.909548,1024,nanosleep({0, 1000000}, <unfinished ...>
20:38:47.923856,1023,<... gettid resumed> ) = 1023
20:38:47.924167,59,<... futex resumed> ) = 1
20:38:47.925028,59,mmap2(NULL, 32768, PROT_READ|PROT_WRITE, MAP_PRIVATE|MAP_ANONYMOUS, -1, 0) = 0xaf456000
20:38:47.925536,59,madvise(0xaf456000, 32768, 0xc /* MADV_??? */) = -1 EINVAL (Invalid argument)
20:38:47.926318,1024,<... nanosleep resumed> NULL) = 0
20:38:47.926810,1024,futex(0xb858e7e8, FUTEX_WAIT_PRIVATE, 0, NULL <unfinished ...>
20:38:47.927094,59,mmap2(NULL, 1048576, PROT_READ|PROT_WRITE, MAP_PRIVATE|MAP_ANONYMOUS|MAP_NORESERVE, -1, 0) = 0xaf356000
20:38:47.927696,59,madvise(0xaf356000, 1048576, 0xc /* MADV_??? */) = -1 EINVAL (Invalid argument)
20:38:47.928149,59,mprotect(0xaf356000, 4096, PROT_NONE) = 0
20:38:47.928682,59,clone( <unfinished ...>
20:38:47.941960,1025,futex(0xaf455f00, FUTEX_WAIT_PRIVATE, 2, NULL <unfinished ...>
20:38:47.943082,1023,writev(3, [{"\3", 1}, {"dalvikvm\0", 9}, {"Not late-enabling CheckJNI (alre"..., 40}], 3 <unfinished ...>
20:38:47.943896,59,<... clone resumed> child_stack=0xaf455f00, flags=CLONE_VM|CLONE_FS|CLONE_FILES|CLONE_SIGHAND|CLONE_THREAD|CLONE_SYSVSEM|0x400000) = 1025
20:38:47.944203,59,futex(0xaf455f00, FUTEX_WAKE_PRIVATE, 1 <unfinished ...>
20:38:47.944514,1025,<... futex resumed> ) = 0
20:38:47.944773,1025,set_tls(0xaf455f00, 0xb8472068, 0xaf455ffc, 0x40, 0xaf455f00) = 0
20:38:47.945349,1025,prctl(PR_SET_NAME, 0xaf455e8c, 0, 0, 0) = 0
20:38:47.945777,1025,gettid() = 1025
20:38:47.946214,1025,futex(0xb685b580, FUTEX_WAKE_PRIVATE, 2147483647) = 0
20:38:47.946747,1025,futex(0xb685b580, FUTEX_WAIT_PRIVATE, -330, NULL <unfinished ...>
20:38:47.946960,59,<... futex resumed> ) = 1
20:38:47.947195,59,futex(0xb685b580, FUTEX_WAKE_PRIVATE, 2147483647 <unfinished ...>
20:38:47.947498,1025,<... futex resumed> ) = 0
20:38:47.947729,1025,futex(0xb685b57c, FUTEX_WAIT_PRIVATE, 2, NULL <unfinished ...>
20:38:47.947935,59,<... futex resumed> ) = 1
20:38:47.948164,59,futex(0xb685b57c, FUTEX_WAKE_PRIVATE, 1 <unfinished ...>
20:38:47.948451,1025,<... futex resumed> ) = 0
20:38:47.948681,1025,futex(0xb685b57c, FUTEX_WAKE_PRIVATE, 1) = 0
20:38:47.949133,1025,getpriority(PRIO_PROCESS, 1025) = 20
20:38:47.949720,1025,setpriority(PRIO_PROCESS, 1025, 0) = 0
20:38:47.950377,1025,sched_yield() = 0
20:38:47.950847,1025,nanosleep({0, 1000000}, <unfinished ...>
20:38:47.952460,1023,<... writev resumed> ) = 50
20:38:47.952654,59,<... futex resumed> ) = 1
20:38:47.953583,59,mmap2(NULL, 32768, PROT_READ|PROT_WRITE, MAP_PRIVATE|MAP_ANONYMOUS, -1, 0 <unfinished ...>
20:38:47.954910,1025,<... nanosleep resumed> NULL) = 0
20:38:47.956059,1025,futex(0xb8589b98, FUTEX_WAIT_PRIVATE, 0, NULL <unfinished ...>
20:38:47.959398,1023,prctl(PR_SET_DUMPABLE, 1 <unfinished ...>
20:38:47.959617,59,<... mmap2 resumed> ) = 0xaf34e000
20:38:47.961847,1023,<... prctl resumed> ) = 0
20:38:47.962372,59,madvise(0xaf34e000, 32768, 0xc /* MADV_??? */) = -1 EINVAL (Invalid argument)
20:38:47.962897,59,mmap2(NULL, 1048576, PROT_READ|PROT_WRITE, MAP_PRIVATE|MAP_ANONYMOUS|MAP_NORESERVE, -1, 0) = 0xaf24e000
20:38:47.963423,59,madvise(0xaf24e000, 1048576, 0xc /* MADV_??? */) = -1 EINVAL (Invalid argument)
20:38:47.963890,59,mprotect(0xaf24e000, 4096, PROT_NONE) = 0
20:38:47.964399,59,clone(child_stack=0xaf34df00, flags=CLONE_VM|CLONE_FS|CLONE_FILES|CLONE_SIGHAND|CLONE_THREAD|CLONE_SYSVSEM|0x400000) = 1026
20:38:47.966388,59,futex(0xb685b580, FUTEX_WAIT_PRIVATE, -332, NULL <unfinished ...>
20:38:47.968871,1026,set_tls(0xaf34df00, 0xb8477548, 0xaf34dffc, 0x40, 0xaf34df00) = 0
20:38:47.969436,1026,prctl(PR_SET_NAME, 0xaf34de8c, 0, 0, 0) = 0
20:38:47.969889,1026,gettid() = 1026
20:38:47.981402,1026,futex(0xb685b580, FUTEX_WAKE_PRIVATE, 2147483647) = 1
20:38:47.981832,1026,futex(0xb685b580, FUTEX_WAIT_PRIVATE, -334, NULL <unfinished ...>
20:38:47.982121,1023,setrlimit(RLIMIT_CORE, {rlim_cur=0, rlim_max=RLIM64_INFINITY} <unfinished ...>
20:38:47.982658,59,<... futex resumed> ) = 0
20:38:47.982946,59,futex(0xb685b580, FUTEX_WAKE_PRIVATE, 2147483647 <unfinished ...>
20:38:47.983208,1026,<... futex resumed> ) = 0
20:38:47.983517,1026,futex(0xb685b57c, FUTEX_WAIT_PRIVATE, 2, NULL <unfinished ...>
20:38:47.983725,59,<... futex resumed> ) = 1
20:38:47.984013,59,futex(0xb685b57c, FUTEX_WAKE_PRIVATE, 1 <unfinished ...>
20:38:47.984287,1026,<... futex resumed> ) = 0
20:38:47.984585,1026,futex(0xb685b57c, FUTEX_WAKE_PRIVATE, 1) = 0
20:38:47.984989,1026,getpriority(PRIO_PROCESS, 1026) = 20
20:38:47.985463,1026,setpriority(PRIO_PROCESS, 1026, 0) = 0
20:38:47.985939,1026,futex(0xb8458450, FUTEX_WAIT_PRIVATE, 2, NULL <unfinished ...>
20:38:47.986158,59,<... futex resumed> ) = 1
20:38:47.986474,59,futex(0xb8458450, FUTEX_WAKE_PRIVATE, 1 <unfinished ...>
20:38:47.986736,1026,<... futex resumed> ) = 0
20:38:47.986984,1026,futex(0xb8458450, FUTEX_WAKE_PRIVATE, 1) = 0
20:38:47.987459,1026,futex(0xb8591ed0, FUTEX_WAIT_PRIVATE, 0, NULL <unfinished ...>
20:38:47.987678,59,<... futex resumed> ) = 1
20:38:47.988092,59,getpgid(0xe7) = 59
20:38:47.988601,59,setpgid(1023, 59) = 0
20:38:47.989144,59,sendmsg(23, {msg_name(0)=NULL, msg_iov(1)=[{"\0\0\3ÿ", 4}], msg_controllen=0, msg_flags=0}, MSG_NOSIGNAL) = 4
20:38:47.999988,1023,<... setrlimit resumed> ) = 0
20:38:48.000262,59,sendmsg(23, {msg_name(0)=NULL, msg_iov(1)=[{"\0", 1}], msg_controllen=0, msg_flags=0}, MSG_NOSIGNAL) = 1
20:38:48.002269,1023,sigaction(SIGCHLD, {SIG_DFL, , <unfinished ...>
20:38:48.002628,59,select(24, [9 23], NULL, NULL, NULL <unfinished ...>
20:38:48.003215,1023,<... sigaction resumed> NULL, 0xb6fae054) = 0
20:38:48.005425,1023,clock_gettime(CLOCK_MONOTONIC, {116, 226042267}) = 0
20:38:48.007422,1023,mmap2(NULL, 1048576, PROT_READ|PROT_WRITE, MAP_PRIVATE|MAP_ANONYMOUS|MAP_NORESERVE, -1, 0) = 0xaf45e000
20:38:48.008670,1023,madvise(0xaf45e000, 1048576, 0xc /* MADV_??? */) = -1 EINVAL (Invalid argument)
20:38:48.009422,1023,mprotect(0xaf45e000, 4096, PROT_NONE) = 0
20:38:48.010505,1023,clone(child_stack=0xaf55df00, flags=CLONE_VM|CLONE_FS|CLONE_FILES|CLONE_SIGHAND|CLONE_THREAD|CLONE_SYSVSEM|0x400000) = 1027
20:38:48.013275,1023,futex(0xb685b580, FUTEX_WAIT_PRIVATE, -324, NULL <unfinished ...>
20:38:48.051134,1027,set_tls(0xaf55df00, 0xb8548ba8, 0xaf55dffc, 0x40, 0xaf55df00) = 0
20:38:48.051818,1027,prctl(PR_SET_NAME, 0xaf55deac, 0, 0, 0) = 0
20:38:48.052694,1027,mmap2(NULL, 32768, PROT_READ|PROT_WRITE, MAP_PRIVATE|MAP_ANONYMOUS, -1, 0) = 0xaf456000
20:38:48.053475,1027,madvise(0xaf456000, 32768, 0xc /* MADV_??? */) = -1 EINVAL (Invalid argument)
20:38:48.054113,1027,gettid() = 1027
20:38:48.056044,1027,getpriority(PRIO_PROCESS, 0) = 20
20:38:48.057517,1027,futex(0xb685b580, FUTEX_WAKE_PRIVATE, 2147483647 <unfinished ...>
20:38:48.057821,1023,<... futex resumed> ) = 0
20:38:48.058104,1023,futex(0xb685b57c, FUTEX_WAIT_PRIVATE, 2, NULL <unfinished ...>
20:38:48.058811,1027,<... futex resumed> ) = 1
20:38:48.059152,1027,futex(0xb685b57c, FUTEX_WAKE_PRIVATE, 1 <unfinished ...>
20:38:48.059531,1023,<... futex resumed> ) = 0
20:38:48.059825,1023,futex(0xb685b57c, FUTEX_WAKE_PRIVATE, 1) = 0
20:38:48.069937,1027,<... futex resumed> ) = 1
20:38:48.070190,1023,clock_gettime(CLOCK_MONOTONIC, {116, 290717398}) = 0
20:38:48.070782,1023,clock_gettime(CLOCK_MONOTONIC, {116, 291262083}) = 0
20:38:48.071557,1023,mmap2(NULL, 1048576, PROT_READ|PROT_WRITE, MAP_PRIVATE|MAP_ANONYMOUS|MAP_NORESERVE, -1, 0) = 0xaf356000
20:38:48.072061,1023,madvise(0xaf356000, 1048576, 0xc /* MADV_??? */) = -1 EINVAL (Invalid argument)
20:38:48.072613,1023,mprotect(0xaf356000, 4096, PROT_NONE) = 0
20:38:48.073175,1023,clone(child_stack=0xaf455f00, flags=CLONE_VM|CLONE_FS|CLONE_FILES|CLONE_SIGHAND|CLONE_THREAD|CLONE_SYSVSEM|0x400000) = 1028
20:38:48.077477,1023,futex(0xb685b580, FUTEX_WAIT_PRIVATE, -326, NULL <unfinished ...>
20:38:48.077824,1027,futex(0xb84599a8, FUTEX_WAIT_PRIVATE, 0, NULL <unfinished ...>
20:38:48.092874,1028,set_tls(0xaf455f00, 0xb8472068, 0xaf455ffc, 0x40, 0xaf455f00) = 0
20:38:48.093497,1028,prctl(PR_SET_NAME, 0xaf455eac, 0, 0, 0) = 0
20:38:48.094004,1028,mmap2(NULL, 32768, PROT_READ|PROT_WRITE, MAP_PRIVATE|MAP_ANONYMOUS, -1, 0) = 0xaf34e000
20:38:48.094653,1028,madvise(0xaf34e000, 32768, 0xc /* MADV_??? */) = -1 EINVAL (Invalid argument)
20:38:48.095123,1028,gettid() = 1028
20:38:48.095848,1028,getpriority(PRIO_PROCESS, 0) = 20
20:38:48.096427,1028,futex(0xb685b580, FUTEX_WAKE_PRIVATE, 2147483647 <unfinished ...>
20:38:48.096711,1023,<... futex resumed> ) = 0
20:38:48.096978,1023,futex(0xb685b57c, FUTEX_WAIT_PRIVATE, 2, NULL <unfinished ...>
20:38:48.097258,1028,<... futex resumed> ) = 1
20:38:48.097543,1028,futex(0xb685b57c, FUTEX_WAKE_PRIVATE, 1 <unfinished ...>
20:38:48.097801,1023,<... futex resumed> ) = 0
20:38:48.098065,1023,futex(0xb685b57c, FUTEX_WAKE_PRIVATE, 1) = 0
20:38:48.098614,1023,clock_gettime(CLOCK_MONOTONIC, {116, 319110184}) = 0
20:38:48.099141,1023,clock_gettime(CLOCK_MONOTONIC, {116, 319668066}) = 0
20:38:48.100120,1023,mmap2(NULL, 1048576, PROT_READ|PROT_WRITE, MAP_PRIVATE|MAP_ANONYMOUS|MAP_NORESERVE, -1, 0) = 0xaf24e000
20:38:48.100655,1023,madvise(0xaf24e000, 1048576, 0xc /* MADV_??? */) = -1 EINVAL (Invalid argument)
20:38:48.101105,1023,mprotect(0xaf24e000, 4096, PROT_NONE) = 0
20:38:48.110395,1028,<... futex resumed> ) = 1
20:38:48.110745,1023,clone(child_stack=0xaf34df00, flags=CLONE_VM|CLONE_FS|CLONE_FILES|CLONE_SIGHAND|CLONE_THREAD|CLONE_SYSVSEM|0x400000) = 1029
20:38:48.113041,1023,futex(0xb685b580, FUTEX_WAIT_PRIVATE, -328, NULL <unfinished ...>
20:38:48.113388,1028,rt_sigtimedwait([QUIT USR1 RT_7 RT_14 RT_15 RT_16 RT_18 RT_20 RT_21 RT_22 RT_23 RT_24 RT_26 RT_27 RT_29 RT_30], NULL, NULL, 8 <unfinished ...>
20:38:48.148148,1029,set_tls(0xaf34df00, 0xb8477548, 0xaf34dffc, 0x40, 0xaf34df00) = 0
20:38:48.148748,1029,prctl(PR_SET_NAME, 0xaf34deac, 0, 0, 0) = 0
20:38:48.172433,1029,mmap2(NULL, 32768, PROT_READ|PROT_WRITE, MAP_PRIVATE|MAP_ANONYMOUS, -1, 0) = 0xaf246000
20:38:48.172918,1029,madvise(0xaf246000, 32768, 0xc /* MADV_??? */) = -1 EINVAL (Invalid argument)
20:38:48.173399,1029,gettid() = 1029
20:38:48.174092,1029,getpriority(PRIO_PROCESS, 0) = 20
20:38:48.174801,1029,futex(0xb685b580, FUTEX_WAKE_PRIVATE, 2147483647 <unfinished ...>
20:38:48.175133,1023,<... futex resumed> ) = 0
20:38:48.175480,1023,futex(0xb685b57c, FUTEX_WAIT_PRIVATE, 2, NULL <unfinished ...>
20:38:48.175769,1029,<... futex resumed> ) = 1
20:38:48.176027,1029,futex(0xb685b57c, FUTEX_WAKE_PRIVATE, 1 <unfinished ...>
20:38:48.176362,1023,<... futex resumed> ) = 0
20:38:48.176633,1023,futex(0xb685b57c, FUTEX_WAKE_PRIVATE, 1) = 0
20:38:48.177476,1023,futex(0xb854c834, FUTEX_WAIT_PRIVATE, 0, NULL <unfinished ...>
20:38:48.177730,1029,<... futex resumed> ) = 1
20:38:48.177991,1029,futex(0xb854c834, FUTEX_WAKE_PRIVATE, 2147483647 <unfinished ...>
20:38:48.178307,1023,<... futex resumed> ) = 0
20:38:48.178676,1023,futex(0xb854c830, FUTEX_WAIT_PRIVATE, 2, NULL <unfinished ...>
20:38:48.179047,1029,<... futex resumed> ) = 1
20:38:48.179383,1029,futex(0xb854c830, FUTEX_WAKE_PRIVATE, 1 <unfinished ...>
20:38:48.179720,1023,<... futex resumed> ) = 0
20:38:48.179994,1023,futex(0xb854c830, FUTEX_WAKE_PRIVATE, 1) = 0
20:38:48.180511,1023,clock_gettime(CLOCK_MONOTONIC, {116, 400984434}) = 0
20:38:48.182510,1029,<... futex resumed> ) = 1
20:38:48.182988,1029,socket(PF_UNIX, SOCK_STREAM, 0) = 26
20:38:48.183682,1029,pipe([27, 28]) = 0
20:38:48.184330,1029,getpid() = 1023
20:38:48.185063,1029,connect(26, {sa_family=AF_UNIX, path=@"jdwp-control"...}, 15) = 0
20:38:48.186596,1029,getsockopt(26, SOL_SOCKET, SO_PEERCRED, {pid=70, uid=0, gid=0}, [12]) = 0
20:38:48.187410,1029,sendto(26, "03ff", 4, 0, NULL, 0) = 4
20:38:48.188420,1029,recvmsg(26, <unfinished ...>
20:38:48.196900,1023,mmap2(NULL, 32768, PROT_READ|PROT_WRITE, MAP_PRIVATE|MAP_ANONYMOUS, -1, 0) = 0xaf23e000
20:38:48.197486,1023,madvise(0xaf23e000, 32768, 0xc /* MADV_??? */) = -1 EINVAL (Invalid argument)
20:38:48.197975,1023,mmap2(NULL, 1048576, PROT_READ|PROT_WRITE, MAP_PRIVATE|MAP_ANONYMOUS|MAP_NORESERVE, -1, 0) = 0xad2b1000
20:38:48.198527,1023,madvise(0xad2b1000, 1048576, 0xc /* MADV_??? */) = -1 EINVAL (Invalid argument)
20:38:48.199024,1023,mprotect(0xad2b1000, 4096, PROT_NONE) = 0
20:38:48.199569,1023,clone( <unfinished ...>
20:38:48.241850,1030,futex(0xad3b0f00, FUTEX_WAIT_PRIVATE, 2, NULL <unfinished ...>
20:38:48.242209,1023,<... clone resumed> child_stack=0xad3b0f00, flags=CLONE_VM|CLONE_FS|CLONE_FILES|CLONE_SIGHAND|CLONE_THREAD|CLONE_SYSVSEM|0x400000) = 1030
20:38:48.244163,1023,futex(0xad3b0f00, FUTEX_WAKE_PRIVATE, 1 <unfinished ...>
20:38:48.244499,1030,<... futex resumed> ) = 0
20:38:48.244765,1030,set_tls(0xad3b0f00, 0xb8554cf8, 0xad3b0ffc, 0x40, 0xad3b0f00) = 0
20:38:48.245563,1030,prctl(PR_SET_NAME, 0xad3b0e8c, 0, 0, 0) = 0
20:38:48.246014,1030,gettid() = 1030
20:38:48.246789,1030,futex(0xb685b580, FUTEX_WAKE_PRIVATE, 2147483647) = 0
20:38:48.247303,1030,futex(0xb685b580, FUTEX_WAIT_PRIVATE, -332, NULL <unfinished ...>
20:38:48.247587,1023,<... futex resumed> ) = 1
20:38:48.247982,1023,futex(0xb685b580, FUTEX_WAKE_PRIVATE, 2147483647 <unfinished ...>
20:38:48.248355,1030,<... futex resumed> ) = 0
20:38:48.248618,1030,futex(0xb685b57c, FUTEX_WAIT_PRIVATE, 2, NULL <unfinished ...>
20:38:48.248903,1023,<... futex resumed> ) = 1
20:38:48.249186,1023,futex(0xb685b57c, FUTEX_WAKE_PRIVATE, 1 <unfinished ...>
20:38:48.249567,1030,<... futex resumed> ) = 0
20:38:48.249837,1030,futex(0xb685b57c, FUTEX_WAKE_PRIVATE, 1) = 0
20:38:48.260906,1030,getpriority(PRIO_PROCESS, 1030 <unfinished ...>
20:38:48.261140,1023,<... futex resumed> ) = 1
20:38:48.261455,1030,<... getpriority resumed> ) = 20
20:38:48.262084,1023,mmap2(NULL, 32768, PROT_READ|PROT_WRITE, MAP_PRIVATE|MAP_ANONYMOUS, -1, 0 <unfinished ...>
20:38:48.262445,1030,setpriority(PRIO_PROCESS, 1030, 0 <unfinished ...>
20:38:48.262814,1023,<... mmap2 resumed> ) = 0xad2a9000
20:38:48.263100,1030,<... setpriority resumed> ) = 0
20:38:48.263462,1023,madvise(0xad2a9000, 32768, 0xc /* MADV_??? */ <unfinished ...>
20:38:48.263930,1030,futex(0xb8558780, FUTEX_WAIT_PRIVATE, 0, NULL <unfinished ...>
20:38:48.264185,1023,<... madvise resumed> ) = -1 EINVAL (Invalid argument)
20:38:48.264582,1023,mmap2(NULL, 1048576, PROT_READ|PROT_WRITE, MAP_PRIVATE|MAP_ANONYMOUS|MAP_NORESERVE, -1, 0) = 0xad1a9000
20:38:48.265158,1023,madvise(0xad1a9000, 1048576, 0xc /* MADV_??? */) = -1 EINVAL (Invalid argument)
20:38:48.265704,1023,mprotect(0xad1a9000, 4096, PROT_NONE) = 0
20:38:48.266251,1023,clone(child_stack=0xad2a8f00, flags=CLONE_VM|CLONE_FS|CLONE_FILES|CLONE_SIGHAND|CLONE_THREAD|CLONE_SYSVSEM|0x400000) = 1031
20:38:48.268367,1023,futex(0xb685b580, FUTEX_WAIT_PRIVATE, -334, NULL <unfinished ...>
20:38:48.274745,1031,set_tls(0xad2a8f00, 0xb856fc50, 0xad2a8ffc, 0x40, 0xad2a8f00) = 0
20:38:48.275350,1031,prctl(PR_SET_NAME, 0xad2a8e8c, 0, 0, 0) = 0
20:38:48.275872,1031,gettid() = 1031
20:38:48.276379,1031,futex(0xb685b580, FUTEX_WAKE_PRIVATE, 2147483647 <unfinished ...>
20:38:48.276668,1023,<... futex resumed> ) = 0
20:38:48.276941,1023,futex(0xb685b57c, FUTEX_WAIT_PRIVATE, 2, NULL <unfinished ...>
20:38:48.277196,1031,<... futex resumed> ) = 1
20:38:48.277856,1031,futex(0xb685b57c, FUTEX_WAKE_PRIVATE, 1 <unfinished ...>
20:38:48.278122,1023,<... futex resumed> ) = 0
20:38:48.278494,1023,futex(0xb685b57c, FUTEX_WAKE_PRIVATE, 1) = 0
20:38:48.279121,1023,futex(0xb685b580, FUTEX_WAKE_PRIVATE, 2147483647) = 0
20:38:48.280093,1023,mmap2(NULL, 32768, PROT_READ|PROT_WRITE, MAP_PRIVATE|MAP_ANONYMOUS, -1, 0 <unfinished ...>
20:38:48.300729,1031,<... futex resumed> ) = 1
20:38:48.300953,1023,<... mmap2 resumed> ) = 0xad1a1000
20:38:48.307874,1023,madvise(0xad1a1000, 32768, 0xc /* MADV_??? */) = -1 EINVAL (Invalid argument)
20:38:48.312626,1023,mmap2(NULL, 1048576, PROT_READ|PROT_WRITE, MAP_PRIVATE|MAP_ANONYMOUS|MAP_NORESERVE, -1, 0) = 0xad0a1000
20:38:48.315932,1023,madvise(0xad0a1000, 1048576, 0xc /* MADV_??? */) = -1 EINVAL (Invalid argument)
20:38:48.317374,1023,mprotect(0xad0a1000, 4096, PROT_NONE) = 0
20:38:48.317929,1023,clone(child_stack=0xad1a0f00, flags=CLONE_VM|CLONE_FS|CLONE_FILES|CLONE_SIGHAND|CLONE_THREAD|CLONE_SYSVSEM|0x400000) = 1032
20:38:48.319687,1023,futex(0xb685b580, FUTEX_WAIT_PRIVATE, -338, NULL <unfinished ...>
20:38:48.340133,1031,futex(0xb685b580, FUTEX_WAIT_PRIVATE, -336, NULL) = -1 EAGAIN (Try again)
20:38:48.350995,1031,getpriority(PRIO_PROCESS, 1031) = 20
20:38:48.351660,1031,setpriority(PRIO_PROCESS, 1031, 0) = 0
20:38:48.352354,1031,futex(0xb8573258, FUTEX_WAIT_PRIVATE, 0, NULL <unfinished ...>
20:38:48.359218,1032,set_tls(0xad1a0f00, 0xb859ad50, 0xad1a0ffc, 0x40, 0xad1a0f00) = 0
20:38:48.359752,1032,prctl(PR_SET_NAME, 0xad1a0e8c, 0, 0, 0) = 0
20:38:48.372809,1032,gettid() = 1032
20:38:48.373406,1032,futex(0xb685b580, FUTEX_WAKE_PRIVATE, 2147483647 <unfinished ...>
20:38:48.373703,1023,<... futex resumed> ) = 0
20:38:48.374005,1023,futex(0xb685b57c, FUTEX_WAIT_PRIVATE, 2, NULL <unfinished ...>
20:38:48.374324,1032,<... futex resumed> ) = 1
20:38:48.375115,1032,futex(0xb685b57c, FUTEX_WAKE_PRIVATE, 1 <unfinished ...>
20:38:48.375487,1023,<... futex resumed> ) = 0
20:38:48.375798,1023,futex(0xb685b57c, FUTEX_WAKE_PRIVATE, 1) = 0
20:38:48.376331,1023,futex(0xb685b580, FUTEX_WAKE_PRIVATE, 2147483647) = 0
20:38:48.378131,1023,close(23) = 0
20:38:48.379193,1023,close(9) = 0
20:38:48.380800,1023,open("/dev/binder", O_RDWR) = 9
20:38:48.381531,1023,fcntl64(9, F_SETFD, FD_CLOEXEC) = 0
20:38:48.389974,1032,<... futex resumed> ) = 1
20:38:48.390281,1023,ioctl(9, 0xc0046209 <unfinished ...>
20:38:48.390697,1032,futex(0xb685b580, FUTEX_WAIT_PRIVATE, -340, NULL <unfinished ...>
20:38:48.391391,1023,<... ioctl resumed> , 0xbed0e638) = 0
20:38:48.391703,1032,<... futex resumed> ) = -1 EAGAIN (Try again)
20:38:48.391996,1023,ioctl(9, 0x40046205 <unfinished ...>
20:38:48.392421,1032,getpriority(PRIO_PROCESS, 1032 <unfinished ...>
20:38:48.392696,1023,<... ioctl resumed> , 0xbed0e63c) = 0
20:38:48.392946,1032,<... getpriority resumed> ) = 20
20:38:48.393275,1023,mmap2(NULL, 1040384, PROT_READ, MAP_PRIVATE|MAP_NORESERVE, 9, 0 <unfinished ...>
20:38:48.393602,1032,setpriority(PRIO_PROCESS, 1032, 0 <unfinished ...>
20:38:48.393986,1023,<... mmap2 resumed> ) = 0xacfa3000
20:38:48.394276,1032,<... setpriority resumed> ) = 0
20:38:48.394580,1023,madvise(0xacfa3000, 1040384, 0xc /* MADV_??? */ <unfinished ...>
20:38:48.394948,1032,futex(0xb85795b0, FUTEX_WAIT_PRIVATE, 0, NULL <unfinished ...>
20:38:48.395287,1023,<... madvise resumed> ) = -1 EINVAL (Invalid argument)
20:38:48.395662,1023,prctl(PR_SET_NAME, 0xb8559cc9, 0, 0, 0) = 0
20:38:48.396260,1023,open("/sys/qemu_trace/process_name", O_RDWR) = 23
20:38:48.397028,1023,write(23, "com.soft.install\0", 17) = 17
20:38:48.397705,1023,close(23) = 0
20:38:48.567541,1023,mmap2(NULL, 1048576, PROT_READ|PROT_WRITE, MAP_PRIVATE|MAP_ANONYMOUS|MAP_NORESERVE, -1, 0) = 0xacea3000
20:38:48.568327,1023,madvise(0xacea3000, 1048576, 0xc /* MADV_??? */) = -1 EINVAL (Invalid argument)
20:38:48.568885,1023,mprotect(0xacea3000, 4096, PROT_NONE) = 0
20:38:48.569593,1023,clone(child_stack=0xacfa2f00, flags=CLONE_VM|CLONE_FS|CLONE_FILES|CLONE_SIGHAND|CLONE_THREAD|CLONE_SYSVSEM|0x400000) = 1036
20:38:48.572119,1023,writev(3, [{"\4", 1}, {"dalvikvm\0", 9}, {"Turning on JNI app bug workaroun"..., 63}], 3) = 73
20:38:48.577165,1023,prctl(PR_SET_NAME, 0xb852f622, 0, 0, 0) = 0
20:38:48.577798,1023,open("/sys/qemu_trace/process_name", O_RDWR) = 23
20:38:48.578700,1023,write(23, "<pre-initialized>\0", 18) = 18
20:38:48.579453,1023,close(23) = 0
20:38:48.580979,1023,futex(0xb6e9f0c0, FUTEX_WAKE_PRIVATE, 2147483647) = 0
20:38:48.581657,1023,pipe([23, 29]) = 0
20:38:48.582308,1023,fcntl64(23, F_SETFL, O_RDONLY|O_NONBLOCK) = 0
20:38:48.591666,1023,fcntl64(29, F_SETFL, O_RDONLY|O_NONBLOCK) = 0
20:38:48.592542,1023,epoll_create(0x8) = 30
20:38:48.593091,1023,epoll_ctl(0x1e, 0x1, 0x17, 0xbed0e300) = 0
20:38:48.599688,1023,gettid() = 1023
20:38:48.610329,1023,getpid( <unfinished ...>
20:38:48.610784,1036,set_tls(0xacfa2f00, 0xb8531a68, 0xacfa2ffc, 0x40, 0xacfa2f00 <unfinished ...>
20:38:48.611135,1023,<... syscall_20 resumed> ) = 0x3ff
20:38:48.611552,1023,getuid32() = 10050
20:38:48.614314,1023,getpid() = 1023
20:38:48.614901,1023,gettid() = 1023
20:38:48.615495,1023,clock_gettime(CLOCK_MONOTONIC, {116, 836035987}) = 0
20:38:48.616139,1023,ioctl(9, 0xc0186201 <unfinished ...>
20:38:48.616530,1036,<... open resumed> ) = 0
20:38:48.616896,1036,setpriority(PRIO_PROCESS, 0, 0) = 0
20:38:48.617515,1036,futex(0xb6e9f0b0, FUTEX_WAKE_PRIVATE, 2147483647) = 0
20:38:48.618043,1036,gettid() = 1036
20:38:48.618742,1036,write(24, "1036", 4) = 4
20:38:48.619634,1036,prctl(PR_SET_NAME, 0xb852c388, 0, 0, 0) = 0
20:38:48.620589,1036,mmap2(NULL, 32768, PROT_READ|PROT_WRITE, MAP_PRIVATE|MAP_ANONYMOUS, -1, 0) = 0xace9b000
20:38:48.621362,1036,madvise(0xace9b000, 32768, 0xc /* MADV_??? */ <unfinished ...>
20:38:48.640119,1023,<... ioctl resumed> , 0xbed0e1f0) = 0
20:38:48.640698,1036,<... madvise resumed> ) = -1 EINVAL (Invalid argument)
20:38:48.641053,1023,clock_gettime(CLOCK_MONOTONIC, <unfinished ...>
20:38:48.641963,1036,gettid( <unfinished ...>
20:38:48.642290,1023,<... clock_gettime resumed> {116, 862454211}) = 0
20:38:48.643788,1036,<... gettid resumed> ) = 1036
20:38:48.645278,1023,getpid( <unfinished ...>
20:38:48.647602,1036,getpriority(PRIO_PROCESS, 0 <unfinished ...>
20:38:48.647927,1023,<... getpid resumed> ) = 1023
20:38:48.660607,1036,<... getpriority resumed> ) = 20
20:38:48.660884,1023,gettid( <unfinished ...>
20:38:48.661358,1036,gettid( <unfinished ...>
20:38:48.661636,1023,<... gettid resumed> ) = 1023
20:38:48.661892,1036,<... gettid resumed> ) = 1036
20:38:48.662218,1023,clock_gettime(CLOCK_MONOTONIC, <unfinished ...>
20:38:48.662779,1036,gettid( <unfinished ...>
20:38:48.663073,1023,<... clock_gettime resumed> {116, 883269197}) = 0
20:38:48.663510,1036,<... gettid resumed> ) = 1036
20:38:48.663857,1023,ioctl(9, 0xc0186201 <unfinished ...>
20:38:48.664187,1036,getpid( <unfinished ...>
20:38:48.664647,1023,<... ioctl resumed> , 0xbed0e1f0) = 0
20:38:48.664973,1036,<... getpid resumed> ) = 1023
20:38:48.671176,1023,ioctl(9, 0xc0186201 <unfinished ...>
20:38:48.671655,1036,getuid32() = 10050
20:38:48.673121,1036,write(24, "1036", 4) = 4
20:38:48.673778,1036,ioctl(9, 0xc0186201, 0xacfa2e28) = 0
20:38:48.674526,1036,mmap2(NULL, 1048576, PROT_READ|PROT_WRITE, MAP_PRIVATE|MAP_ANONYMOUS|MAP_NORESERVE, -1, 0) = 0xacd9b000
20:38:48.675123,1036,madvise(0xacd9b000, 1048576, 0xc /* MADV_??? */) = -1 EINVAL (Invalid argument)
20:38:48.675682,1036,mprotect(0xacd9b000, 4096, PROT_NONE) = 0
20:38:48.676205,1036,clone(child_stack=0xace9af00, flags=CLONE_VM|CLONE_FS|CLONE_FILES|CLONE_SIGHAND|CLONE_THREAD|CLONE_SYSVSEM|0x400000) = 1037
20:38:48.678738,1036,write(24, "1036", 4) = 4
20:38:48.680178,1036,getpriority(PRIO_PROCESS, 1036) = 20
20:38:48.690859,1037,set_tls(0xace9af00, 0xb852cb58, 0xace9affc, 0x40, 0xace9af00) = 0
20:38:48.691539,1037,setpriority(PRIO_PROCESS, 0, 0) = 0
20:38:48.692007,1037,gettid() = 1037
20:38:48.692529,1037,write(24, "1037", 4) = 4
20:38:48.693065,1037,prctl(PR_SET_NAME, 0xb8538218, 0, 0, 0) = 0
20:38:48.693775,1037,mmap2(NULL, 32768, PROT_READ|PROT_WRITE, MAP_PRIVATE|MAP_ANONYMOUS, -1, 0) = 0xacd93000
20:38:48.694345,1037,madvise(0xacd93000, 32768, 0xc /* MADV_??? */) = -1 EINVAL (Invalid argument)
20:38:48.694853,1037,gettid() = 1037
20:38:48.695544,1037,getpriority(PRIO_PROCESS, 0) = 20
20:38:48.696142,1037,gettid() = 1037
20:38:48.696706,1037,gettid() = 1037
20:38:48.697234,1037,getpid() = 1023
20:38:48.697868,1037,getuid32() = 10050
20:38:48.698453,1037,write(24, "1037", 4) = 4
20:38:48.699071,1037,ioctl(9, 0xc0186201, 0xace9ae28) = 0
20:38:48.699680,1037,mmap2(NULL, 1048576, PROT_READ|PROT_WRITE, MAP_PRIVATE|MAP_ANONYMOUS|MAP_NORESERVE, -1, 0) = 0xacc93000
20:38:48.700179,1037,madvise(0xacc93000, 1048576, 0xc /* MADV_??? */) = -1 EINVAL (Invalid argument)
20:38:48.700688,1037,mprotect(0xacc93000, 4096, PROT_NONE) = 0
20:38:48.701180,1037,clone(child_stack=0xacd92f00, flags=CLONE_VM|CLONE_FS|CLONE_FILES|CLONE_SIGHAND|CLONE_THREAD|CLONE_SYSVSEM|0x400000) = 1038
20:38:48.703580,1037,write(24, "1037", 4) = 4
20:38:48.704106,1037,ioctl(9, 0xc0186201 <unfinished ...>
20:38:48.704603,1038,set_tls(0xacd92f00, 0xb8535a30, 0xacd92ffc, 0x40, 0xacd92f00) = 0
20:38:48.705045,1038,setpriority(PRIO_PROCESS, 0, 0) = 0
20:38:48.705577,1038,gettid() = 1038
20:38:48.706034,1038,write(24, "1038", 4) = 4
20:38:48.707480,1038,prctl(PR_SET_NAME, 0xb8520c88, 0, 0, 0) = 0
20:38:48.708013,1038,mmap2(NULL, 32768, PROT_READ|PROT_WRITE, MAP_PRIVATE|MAP_ANONYMOUS, -1, 0) = 0xacc8b000
20:38:48.708595,1038,madvise(0xacc8b000, 32768, 0xc /* MADV_??? */) = -1 EINVAL (Invalid argument)
20:38:48.709182,1038,gettid() = 1038
20:38:48.709895,1038,getpriority(PRIO_PROCESS, 0) = 20
20:38:48.710527,1038,gettid() = 1038
20:38:48.711059,1038,gettid() = 1038
20:38:48.720512,1038,getpid( <unfinished ...>
20:38:48.720743,1036,clock_gettime(CLOCK_MONOTONIC, {116, 942286080}) = 0
20:38:48.731215,1036,clock_gettime(CLOCK_MONOTONIC, {116, 951797425}) = 0
20:38:48.731964,1036,write(24, "1036", 4) = 4
20:38:48.732631,1036,ioctl(9, 0xc0186201 <unfinished ...>
20:38:48.733069,1038,<... getpid resumed> ) = 1023
20:38:48.733423,1038,getuid32() = 10050
20:38:48.733934,1038,write(24, "1038", 4) = 4
20:38:48.734534,1038,ioctl(9, 0xc0186201, 0xacd92e28) = 0
20:38:48.735260,1038,write(24, "1038", 4) = 4
20:38:48.735855,1038,ioctl(9, 0xc0186201 <unfinished ...>
20:38:48.737819,1037,<... ioctl resumed> , 0xace9ae28) = 0
20:38:48.738115,1037,write(24, "1037", 4) = 4
20:38:48.738748,1037,getpriority(PRIO_PROCESS, 1037) = 20
20:38:48.758427,1037,clock_gettime(CLOCK_MONOTONIC, {116, 979054581}) = 0
20:38:48.759303,1037,write(24, "1037", 4) = 4
20:38:48.759896,1037,ioctl(9, 0xc0186201 <unfinished ...>
20:38:48.812065,1023,<... ioctl resumed> , 0xbed0e1f0) = 0
20:38:48.812586,1023,clock_gettime(CLOCK_MONOTONIC, {117, 33083868}) = 0
20:38:48.814382,1023,mprotect(0xb15fd000, 8192, PROT_READ|PROT_WRITE) = 0
20:38:48.817613,1023,getpid() = 1023
20:38:48.818203,1023,getuid32() = 10050
20:38:48.818933,1023,getpid() = 1023
20:38:48.819506,1023,getuid32() = 10050
20:38:48.820136,1023,epoll_wait(0x1e, 0xbed0e1f8, 0x10, 0) = 0
20:38:48.830415,1023,clock_gettime(CLOCK_MONOTONIC, {117, 50950265}) = 0
20:38:48.832448,1023,open("/sys/kernel/debug/tracing/trace_marker", O_WRONLY) = -1 ENOENT (No such file or directory)
20:38:48.833340,1023,writev(3, [{"\6", 1}, {"Trace\0", 6}, {"error opening trace file: No suc"..., 56}], 3) = 63
20:38:48.835156,1023,getpid() = 1023
20:38:48.835727,1023,getuid32() = 10050
20:38:48.836307,1023,epoll_wait(0x1e, 0xbed0e1f8, 0x10, 0) = 0
20:38:48.836825,1023,clock_gettime(CLOCK_MONOTONIC, {117, 57314636}) = 0
20:38:48.837789,1023,prctl(PR_SET_NAME, 0xb853ac51, 0, 0, 0) = 0
20:38:48.838351,1023,open("/sys/qemu_trace/process_name", O_RDWR) = 31
20:38:48.839082,1023,write(31, "com.soft.install\0", 17) = 17
20:38:48.839757,1023,close(31) = 0
20:38:48.848817,1023,ioctl(9, 0xc0186201, 0xbed0e0c8) = 0
20:38:48.849833,1023,ioctl(9, 0xc0186201, 0xbed0e108) = 0
20:38:48.860858,1023,ioctl(9, 0xc0186201, 0xbed0e108) = 0
20:38:48.866153,1023,ioctl(9, 0xc0186201, 0xbed0e0c8) = 0
20:38:48.867003,1023,ioctl(9, 0xc0186201, 0xbed0e0c8) = 0
20:38:48.867763,1023,dup(31) = 32
20:38:48.868376,1023,mmap2(NULL, 4096, PROT_READ, MAP_SHARED, 32, 0) = 0xacc8a000
20:38:48.868951,1023,close(31) = 0
20:38:48.869518,1023,dup(32) = 31
20:38:48.872348,1023,getpid() = 1023
20:38:48.872935,1023,gettid() = 1023
20:38:48.910840,1023,clock_gettime(CLOCK_MONOTONIC, {117, 131375201}) = 0
20:38:48.911535,1023,ioctl(9, 0xc0186201, 0xbed0e1f0) = 0
20:38:48.916725,1023,clock_gettime(CLOCK_MONOTONIC, {117, 137227272}) = 0
20:38:48.919406,1023,getuid32() = 10050
20:38:48.921155,1023,stat64("/system/framework/framework-res.apk", {st_mode=S_IFREG|0644, st_size=8749696, ...}) = 0
20:38:48.933888,1023,access("/vendor/overlay/framework/framework-res.apk", R_OK) = -1 ENOENT (No such file or directory)
20:38:48.938482,1023,stat64("/data/app/com.soft.install-1.apk", {st_mode=S_IFREG|0644, st_size=2001007, ...}) = 0
20:38:48.942637,1023,stat64("/system/framework/framework-res.apk", {st_mode=S_IFREG|0644, st_size=8749696, ...}) = 0
20:38:48.944136,1023,stat64("/data/app/com.soft.install-1.apk", {st_mode=S_IFREG|0644, st_size=2001007, ...}) = 0
20:38:48.945529,1023,open("/data/app/com.soft.install-1.apk", O_RDONLY) = 33
20:38:48.947019,1023,_llseek(33, 0, [2001007], SEEK_END) = 0
20:38:48.947742,1023,mmap2(NULL, 69632, PROT_READ|PROT_WRITE, MAP_PRIVATE|MAP_ANONYMOUS, -1, 0) = 0xacc79000
20:38:48.948347,1023,madvise(0xacc79000, 69632, 0xc /* MADV_??? */) = -1 EINVAL (Invalid argument)
20:38:48.948928,1023,_llseek(33, 0, [0], SEEK_SET) = 0
20:38:48.949564,1023,read(33, "PK\3\4", 4) = 4
20:38:48.950401,1023,_llseek(33, 1935450, [1935450], SEEK_SET) = 0
20:38:48.961810,1023,read(33, "Ó¿ð+\230hN\0\200]0cH)\21\4kÚ÷Z\n@é\nÖÀ\31\"H)³\t"..., 65557) = 65557
20:38:48.963016,1023,munmap(0xacc79000, 69632) = 0
20:38:48.964113,1023,mmap2(NULL, 10329, PROT_READ, MAP_SHARED, 33, 0x1e6) = 0xacc87000
20:38:48.965177,1023,pread(33, "PK\3\4\n\0\0\0\0\0Yna@q,\223)lf\0\0lf\0\0\16\0\30\0", 30, 8444051732824064) = 30
20:38:48.966295,1023,mmap2(NULL, 26242, PROT_READ, MAP_SHARED, 33, 0x1e0) = 0xacc80000
20:38:48.968147,1023,gettimeofday({1732739928, 968381}, NULL) = 0
20:38:48.969370,1023,access("/data/data/com.soft.install/cache", F_OK) = -1 ENOENT (No such file or directory)
20:38:48.982393,1023,access("/data/data/com.soft.install/cache", F_OK) = -1 ENOENT (No such file or directory)
20:38:48.983908,1023,mkdir("/data/data/com.soft.install/cache", 0700) = 0
20:38:48.985427,1023,chmod("/data/data/com.soft.install/cache", 0771) = 0
20:38:48.986778,1023,getuid32() = 10050
20:38:48.987409,1023,getuid32() = 10050
20:38:48.988681,1023,getpid() = 1023
20:38:48.989206,1023,gettid() = 1023
20:38:48.989800,1023,clock_gettime(CLOCK_MONOTONIC, {117, 210298314}) = 0
20:38:49.050387,1023,ioctl(9, 0xc0186201, 0xbed0e1f0) = 0
20:38:49.052028,1023,clock_gettime(CLOCK_MONOTONIC, {117, 272573791}) = 0
20:38:49.054216,1023,access("/data/data/com.soft.install/cache/com.android.renderscript.cache", F_OK) = -1 ENOENT (No such file or directory)
20:38:49.055673,1023,mkdir("/data/data/com.soft.install/cache/com.android.renderscript.cache", 0700) = 0
20:38:49.057174,1023,getpid() = 1023
20:38:49.057730,1023,gettid() = 1023
20:38:49.058314,1023,clock_gettime(CLOCK_MONOTONIC, {117, 278928626}) = 0
20:38:49.059199,1023,ioctl(9, 0xc0186201, 0xbed0e1f0) = 0
20:38:49.060084,1023,clock_gettime(CLOCK_MONOTONIC, {117, 280644772}) = 0
20:38:49.070279,1023,getpid() = 1023
20:38:49.070906,1023,gettid() = 1023
20:38:49.071470,1023,clock_gettime(CLOCK_MONOTONIC, {117, 291958371}) = 0
20:38:49.072041,1023,ioctl(9, 0xc0186201, 0xbed0e1f0) = 0
20:38:49.073445,1023,clock_gettime(CLOCK_MONOTONIC, {117, 293936281}) = 0
20:38:49.075993,1023,writev(3, [{"\5", 1}, {"DroidBox\0", 9}, {"DroidBox: { \"DexClassLoader\": { "..., 79}], 3) = 89
20:38:49.079057,1023,access("/data/app/com.soft.install-1.apk", F_OK) = 0
20:38:49.079977,1023,access("/data/app/com.soft.install-1.apk", R_OK) = 0
20:38:49.094705,1023,stat64("/data/app/com.soft.install-1.apk", {st_mode=S_IFREG|0644, st_size=2001007, ...}) = 0
20:38:49.096994,1023,open("/data/app/com.soft.install-1.apk", O_RDONLY) = 34
20:38:49.098606,1023,fstat64(34, {st_mode=S_IFREG|0644, st_size=2001007, ...}) = 0
20:38:49.099851,1023,fstat64(34, {st_mode=S_IFREG|0644, st_size=2001007, ...}) = 0
20:38:49.101034,1023,_llseek(34, 2000985, [2000985], SEEK_SET) = 0
20:38:49.101807,1023,read(34, "PK\5\6", 4) = 4
20:38:49.102701,1023,fgetxattr(34, "user.taint", 0xbed0e484, 4) = -1 ENODATA (No data available)
20:38:49.104658,1023,clock_gettime(CLOCK_MONOTONIC, {117, 325153519}) = 0
20:38:49.105345,1023,getpid() = 1023
20:38:49.105948,1023,readlink("/proc/1023/fd/34", "/data/app/com.soft.install-1.apk", 120) = 32
20:38:49.107581,1023,read(34, "\0\0\0\0n\0n\0×!\0\0\202f\36\0\0\0", 18) = 18
20:38:49.108345,1023,fgetxattr(34, "user.taint", 0xbed0e484, 4) = -1 ENODATA (No data available)
20:38:49.113848,1023,clock_gettime(CLOCK_MONOTONIC, {117, 334376027}) = 0
20:38:49.114924,1023,getpid() = 1023
20:38:49.115513,1023,readlink("/proc/1023/fd/34", "/data/app/com.soft.install-1.apk", 120) = 32
20:38:49.116608,1023,fstat64(34, {st_mode=S_IFREG|0644, st_size=2001007, ...}) = 0
20:38:49.117971,1023,_llseek(34, 1992322, [1992322], SEEK_SET) = 0
20:38:49.118704,1023,read(34, "PK\1\2\24\0\24\0\10\0\10\0Yna@\177á2µ\26\3\0\0=\30\0\0\24\0\0\0"..., 4096) = 4096
20:38:49.119803,1023,fgetxattr(34, "user.taint", 0xbed0e484, 4) = -1 ENODATA (No data available)
20:38:49.139152,1023,clock_gettime(CLOCK_MONOTONIC, {117, 359754485}) = 0
20:38:49.139941,1023,getpid() = 1023
20:38:49.150377,1023,readlink("/proc/1023/fd/34", "/data/app/com.soft.install-1.apk", 120) = 32
20:38:49.170081,1023,_llseek(34, 1996418, [1996418], SEEK_SET) = 0
20:38:49.180804,1023,read(34, "Oux\v\0\1\4P\0\0\0\4\0\0\0\0PK\1\2\n\0\n\0\0\0\0\0Yna@"..., 4096) = 4096
20:38:49.181680,1023,fgetxattr(34, "user.taint", 0xbed0e484, 4) = -1 ENODATA (No data available)
20:38:49.183534,1023,clock_gettime(CLOCK_MONOTONIC, {117, 404030876}) = 0
20:38:49.184562,1023,getpid() = 1023
20:38:49.185089,1023,readlink("/proc/1023/fd/34", "/data/app/com.soft.install-1.apk", 120) = 32
20:38:49.194863,1023,_llseek(34, 2000514, [2000514], SEEK_SET) = 0
20:38:49.195645,1023,read(34, "FOOux\v\0\1\4P\0\0\0\4\0\0\0\0PK\1\2\n\0\n\0\0\0\0\0Yn"..., 493) = 493
20:38:49.196467,1023,fgetxattr(34, "user.taint", 0xbed0e484, 4) = -1 ENODATA (No data available)
20:38:49.198131,1023,clock_gettime(CLOCK_MONOTONIC, {117, 418666561}) = 0
20:38:49.198788,1023,getpid() = 1023
20:38:49.199355,1023,readlink("/proc/1023/fd/34", "/data/app/com.soft.install-1.apk", 120) = 32
20:38:49.202098,1023,open("/data/app/com.soft.install-1.apk", O_RDONLY) = 35
20:38:49.203052,1023,lseek(35, 0, SEEK_END) = 2001007
20:38:49.203688,1023,mmap2(NULL, 69632, PROT_READ|PROT_WRITE, MAP_PRIVATE|MAP_ANONYMOUS, -1, 0) = 0xacc6f000
20:38:49.204303,1023,madvise(0xacc6f000, 69632, 0xc /* MADV_??? */) = -1 EINVAL (Invalid argument)
20:38:49.204884,1023,lseek(35, 1935450, SEEK_SET) = 1935450
20:38:49.205479,1023,read(35, "Ó¿ð+\230hN\0\200]0cH)\21\4kÚ÷Z\n@é\nÖÀ\31\"H)³\t"..., 65557) = 65557
20:38:49.206642,1023,mmap2(NULL, 10329, PROT_READ, MAP_SHARED, 35, 0x1e6) = 0xacc6c000
20:38:49.207328,1023,munmap(0xacc6f000, 69632) = 0
20:38:49.208065,1023,fcntl64(35, F_GETFD) = 0
20:38:49.208665,1023,fcntl64(35, F_SETFD, FD_CLOEXEC) = 0
20:38:49.209148,1023,open("/data/app/com.soft.install-1.odex", O_RDONLY) = -1 ENOENT (No such file or directory)
20:38:49.210570,1023,open("/data/dalvik-cache/data@app@com.soft.install-1.apk@classes.dex", O_RDWR|O_CREAT, 0644) = -1 EACCES (Permission denied)
20:38:49.211556,1023,open("/data/dalvik-cache/data@app@com.soft.install-1.apk@classes.dex", O_RDONLY) = 36
20:38:49.212497,1023,flock(36, LOCK_EX|LOCK_NB) = 0
20:38:49.213545,1023,fstat64(36, {st_mode=S_IFREG|0644, st_size=34632, ...}) = 0
20:38:49.215643,1023,stat64("/data/dalvik-cache/data@app@com.soft.install-1.apk@classes.dex", {st_mode=S_IFREG|0644, st_size=34632, ...}) = 0
20:38:49.217137,1023,lseek(36, 0, SEEK_SET) = 0
20:38:49.217698,1023,read(36, "dey\n036\0(\0\0\0000\202\0\0X\202\0\0Ö\1\0\0000\204\0\0\30\3\0\0"..., 40) = 40
20:38:49.218530,1023,lseek(36, 33368, SEEK_SET) = 33368
20:38:49.219494,1023,read(36, "Yna@\225|D²\34\0\0\0\10\0\0\0\34\0\0\0/system/fram"..., 470) = 470
20:38:49.220575,1023,lseek(36, 0, SEEK_SET) = 0
20:38:49.231630,1023,lseek(36, 0, SEEK_CUR) = 0
20:38:49.232145,1023,lseek(36, 0, SEEK_END) = 34632
20:38:49.232815,1023,lseek(36, 0, SEEK_SET) = 0
20:38:49.233400,1023,mmap2(NULL, 34632, PROT_READ|PROT_WRITE, MAP_PRIVATE, 36, 0) = 0xacc77000
20:38:49.233942,1023,madvise(0xacc77000, 34632, 0xc /* MADV_??? */) = -1 EINVAL (Invalid argument)
20:38:49.234535,1023,mprotect(0xacc77000, 34632, PROT_READ) = 0
20:38:49.235621,1023,open("/dev/ashmem", O_RDWR) = 37
20:38:49.236387,1023,ioctl(37, 0x41007701, 0xbed0e254) = 0
20:38:49.236869,1023,ioctl(37, 0x40047703, 0x1000) = 0
20:38:49.237401,1023,mmap2(NULL, 4096, PROT_READ|PROT_WRITE, MAP_PRIVATE, 37, 0) = 0xacc76000
20:38:49.237931,1023,madvise(0xacc76000, 4096, 0xc /* MADV_??? */) = -1 EINVAL (Invalid argument)
20:38:49.239161,1023,close(37) = 0
20:38:49.250681,1023,flock(36, LOCK_UN) = 0
20:38:49.251362,1023,close(36) = 0
20:38:49.252733,1023,access("/data/data/com.soft.install/lib", F_OK) = 0
20:38:49.253932,1023,access("/data/data/com.soft.install/lib", R_OK) = 0
20:38:49.254739,1023,stat64("/data/data/com.soft.install/lib", {st_mode=S_IFDIR|0755, st_size=4096, ...}) = 0
20:38:49.256933,1023,access("/vendor/lib", F_OK) = -1 ENOENT (No such file or directory)
20:38:49.257798,1023,access("/system/lib", F_OK) = 0
20:38:49.258628,1023,access("/system/lib", R_OK) = 0
20:38:49.259370,1023,stat64("/system/lib", {st_mode=S_IFDIR|0755, st_size=8192, ...}) = 0
20:38:49.271594,1023,getuid32() = 10050
20:38:49.272527,1023,getpid() = 1023
20:38:49.273026,1023,gettid() = 1023
20:38:49.273578,1023,clock_gettime(CLOCK_MONOTONIC, {117, 494066401}) = 0
20:38:49.274151,1023,ioctl(9, 0xc0186201, 0xbed0e1f0) = 0
20:38:49.278119,1023,ioctl(9, 0xc0186201, 0xbed0e1f0) = 0
20:38:49.278741,1023,clock_gettime(CLOCK_MONOTONIC, {117, 499253495}) = 0
20:38:49.293017,1023,gettimeofday({1732739929, 293272}, NULL) = 0
20:38:49.294587,1023,getpid() = 1023
20:38:49.295179,1023,getuid32() = 10050
20:38:49.295809,1023,epoll_wait(0x1e, 0xbed0e1f8, 0x10, 0) = 0
20:38:49.296385,1023,clock_gettime(CLOCK_MONOTONIC, {117, 516874285}) = 0
20:38:49.297052,1023,stat64("/system/framework/framework-res.apk", {st_mode=S_IFREG|0644, st_size=8749696, ...}) = 0
20:38:49.298409,1023,stat64("/data/app/com.soft.install-1.apk", {st_mode=S_IFREG|0644, st_size=2001007, ...}) = 0
20:38:49.303803,1023,gettimeofday({1732739929, 304030}, NULL) = 0
20:38:49.304827,1023,getuid32() = 10050
20:38:49.305489,1023,stat64("/system/framework/framework-res.apk", {st_mode=S_IFREG|0644, st_size=8749696, ...}) = 0
20:38:49.306897,1023,stat64("/data/app/com.soft.install-1.apk", {st_mode=S_IFREG|0644, st_size=2001007, ...}) = 0
20:38:49.313174,1023,getpid() = 1023
20:38:49.313747,1023,gettid() = 1023
20:38:49.314215,1023,clock_gettime(CLOCK_MONOTONIC, {117, 534795563}) = 0
20:38:49.314859,1023,ioctl(9, 0xc0186201, 0xbed0e1f0) = 0
20:38:49.316112,1023,clock_gettime(CLOCK_MONOTONIC, {117, 536749971}) = 0
20:38:49.317399,1023,getpid() = 1023
20:38:49.317926,1023,gettid() = 1023
20:38:49.318479,1023,clock_gettime(CLOCK_MONOTONIC, {117, 538973927}) = 0
20:38:49.319584,1023,ioctl(9, 0xc0186201, 0xbed0e1f0) = 0
20:38:49.321148,1023,clock_gettime(CLOCK_MONOTONIC, {117, 541749936}) = 0
20:38:49.324222,1023,getpid() = 1023
20:38:49.324832,1023,gettid() = 1023
20:38:49.325449,1023,clock_gettime(CLOCK_MONOTONIC, {117, 545970870}) = 0
20:38:49.326147,1023,ioctl(9, 0xc0186201, 0xbed0e1f0) = 0
20:38:49.327018,1023,clock_gettime(CLOCK_MONOTONIC, {117, 547508187}) = 0
20:38:49.328335,1023,getpid() = 1023
20:38:49.328898,1023,gettid() = 1023
20:38:49.329441,1023,clock_gettime(CLOCK_MONOTONIC, {117, 549944396}) = 0
20:38:49.340470,1023,ioctl(9, 0xc0186201, 0xbed0e1f0) = 0
20:38:49.342951,1023,ioctl(9, 0xc0186201, 0xbed0e1f0) = 0
20:38:49.343774,1023,clock_gettime(CLOCK_MONOTONIC, {117, 564329410}) = 0
20:38:49.349678,1023,pread(18, "PK\3\4\24\0\10\0\10\0\31\r\2208úFVÇ]\2\0\0X\5\0\0\33\0\0\0", 30, 13584255707774976) = 30
20:38:49.360391,1023,mmap2(NULL, 1381, PROT_READ, MAP_SHARED, 18, 0x304) = 0xacc75000
20:38:49.361641,1023,munmap(0xacc75000, 1381) = 0
20:38:49.383353,1023,pread(18, "PK\3\4\24\0\10\0\10\0\31\r\220822Ì|Ä\0\0\0\200\1\0\0\32\0\0\0", 30, 13047522234728448) = 30
20:38:49.384320,1023,mmap2(NULL, 2979, PROT_READ, MAP_SHARED, 18, 0x2e5) = 0xacc75000
20:38:49.385149,1023,munmap(0xacc75000, 2979) = 0
20:38:49.387821,1023,pread(18, "PK\3\4\n\0\0\0\0\0\31\r\2208ï^ðýÊ\0\0\0Ê\0\0\0*\0\1\0", 30, 1548829631447040) = 30
20:38:49.388942,1023,mmap2(NULL, 442, PROT_READ, MAP_SHARED, 18, 0x58) = 0xacc75000
20:38:49.390531,1023,sigprocmask(SIG_BLOCK, [], [QUIT USR1 PIPE]) = 0
20:38:49.391676,1023,sigprocmask(SIG_BLOCK, [], [QUIT USR1 PIPE]) = 0
20:38:49.392317,1023,sigprocmask(SIG_BLOCK, [], [QUIT USR1 PIPE]) = 0
20:38:49.393174,1023,sigprocmask(SIG_BLOCK, [], [QUIT USR1 PIPE]) = 0
20:38:49.394725,1023,brk(0xb85a8000) = 0xb85a8000
20:38:49.398661,1023,munmap(0xacc75000, 442) = 0
20:38:49.407570,1023,mprotect(0xb15fe000, 8192, PROT_READ|PROT_WRITE) = 0
20:38:49.412915,1023,clock_gettime(CLOCK_MONOTONIC, {117, 633429974}) = 0
20:38:49.414710,1023,pread(33, "PK\3\4\n\0\0\0\0\0Yna@\206*\233\26¨\v\0\0¨\v\0\0\23\0\30\0", 30, 8417577554411520) = 30
20:38:49.415620,1023,mmap2(NULL, 5039, PROT_READ, MAP_SHARED, 33, 0x1de) = 0xacc74000
20:38:49.416434,1023,munmap(0xacc74000, 5039) = 0
20:38:49.423877,1023,pread(18, "PK\3\4\n\0\0\0\0\0\31\r\2208§àüx\33\1\0\0\33\1\0\0003\0\1\0", 30, 6626009256296448) = 30
20:38:49.424834,1023,mmap2(NULL, 3007, PROT_READ, MAP_SHARED, 18, 0x178) = 0xacc75000
20:38:49.425986,1023,sigprocmask(SIG_BLOCK, [], [QUIT USR1 PIPE]) = 0
20:38:49.426674,1023,sigprocmask(SIG_BLOCK, [], [QUIT USR1 PIPE]) = 0
20:38:49.427402,1023,sigprocmask(SIG_BLOCK, [], [QUIT USR1 PIPE]) = 0
20:38:49.428146,1023,sigprocmask(SIG_BLOCK, [], [QUIT USR1 PIPE]) = 0
20:38:49.430804,1023,munmap(0xacc75000, 3007) = 0
20:38:49.431814,1023,pread(18, "PK\3\4\n\0\0\0\0\0\31\r\2208e}|u\26\1\0\0\26\1\0\0001\0\2\0", 30, 6627576919359488) = 30
20:38:49.432739,1023,mmap2(NULL, 3366, PROT_READ, MAP_SHARED, 18, 0x178) = 0xacc75000
20:38:49.433714,1023,sigprocmask(SIG_BLOCK, [], [QUIT USR1 PIPE]) = 0
20:38:49.434406,1023,sigprocmask(SIG_BLOCK, [], [QUIT USR1 PIPE]) = 0
20:38:49.435269,1023,sigprocmask(SIG_BLOCK, [], [QUIT USR1 PIPE]) = 0
20:38:49.435927,1023,sigprocmask(SIG_BLOCK, [], [QUIT USR1 PIPE]) = 0
20:38:49.438682,1023,munmap(0xacc75000, 3366) = 0
20:38:49.447010,1023,pread(18, "PK\3\4\24\0\10\0\10\0\31\r\2208\rÞ¬%\21\2\0\0000\7\0\0$\0\0\0", 30, 12925832926330880) = 30
20:38:49.447913,1023,mmap2(NULL, 3661, PROT_READ, MAP_SHARED, 18, 0x2de) = 0xacc75000
20:38:49.449097,1023,munmap(0xacc75000, 3661) = 0
20:38:49.456707,1023,pread(18, "PK\3\4\24\0\10\0\10\0\31\r\2208ÎX(~E\0\0\0|\0\0\0 \0\0\0", 30, 928206857175040) = 30
20:38:49.457563,1023,mmap2(NULL, 3254, PROT_READ, MAP_SHARED, 18, 0x34) = 0xacc75000
20:38:49.458356,1023,munmap(0xacc75000, 3254) = 0
20:38:49.459730,1023,pread(18, "PK\3\4\24\0\10\0\10\0\31\r\2208¯~wÉ\v\1\0\0Ø\2\0\0002\0\0\0", 30, 12932052038975488) = 30
20:38:49.460543,1023,mmap2(NULL, 765, PROT_READ, MAP_SHARED, 18, 0x2df) = 0xacc75000
20:38:49.471542,1023,munmap(0xacc75000, 765) = 0
20:38:49.473494,1023,pread(18, "PK\3\4\n\0\0\0\0\0\31\r\2208Ï¤·Ãù\2\0\0ù\2\0\0000\0\0\0", 30, 6443696484515840) = 30
20:38:49.474449,1023,mmap2(NULL, 1993, PROT_READ, MAP_SHARED, 18, 0x16e) = 0xacc75000
20:38:49.475807,1023,sigprocmask(SIG_BLOCK, [], [QUIT USR1 PIPE]) = 0
20:38:49.476506,1023,sigprocmask(SIG_BLOCK, [], [QUIT USR1 PIPE]) = 0
20:38:49.477088,1023,sigprocmask(SIG_BLOCK, [], [QUIT USR1 PIPE]) = 0
20:38:49.477833,1023,sigprocmask(SIG_BLOCK, [], [QUIT USR1 PIPE]) = 0
20:38:49.490966,1023,munmap(0xacc75000, 1993) = 0
20:38:49.492179,1023,pread(18, "PK\3\4\n\0\0\0\0\0\31\r\2208?\223\221\t\220\1\0\0\220\1\0\0000\0\1\0", 30, 6447299962077184) = 30
20:38:49.493110,1023,mmap2(NULL, 2472, PROT_READ, MAP_SHARED, 18, 0x16e) = 0xacc75000
20:38:49.494026,1023,sigprocmask(SIG_BLOCK, [], [QUIT USR1 PIPE]) = 0
20:38:49.494951,1023,sigprocmask(SIG_BLOCK, [], [QUIT USR1 PIPE]) = 0
20:38:49.495577,1023,sigprocmask(SIG_BLOCK, [], [QUIT USR1 PIPE]) = 0
20:38:49.496309,1023,sigprocmask(SIG_BLOCK, [], [QUIT USR1 PIPE]) = 0
20:38:49.510394,1023,munmap(0xacc75000, 2472) = 0
20:38:49.511719,1023,pread(18, "PK\3\4\n\0\0\0\0\0\31\r\2208K\30~\17\222\1\0\0\222\1\0\0000\0\2\0", 30, 6449357251411968) = 30
20:38:49.512574,1023,mmap2(NULL, 2954, PROT_READ, MAP_SHARED, 18, 0x16e) = 0xacc75000
20:38:49.513561,1023,sigprocmask(SIG_BLOCK, [], [QUIT USR1 PIPE]) = 0
20:38:49.514194,1023,sigprocmask(SIG_BLOCK, [], [QUIT USR1 PIPE]) = 0
20:38:49.514868,1023,sigprocmask(SIG_BLOCK, [], [QUIT USR1 PIPE]) = 0
20:38:49.515741,1023,sigprocmask(SIG_BLOCK, [], [QUIT USR1 PIPE]) = 0
20:38:49.518555,1023,munmap(0xacc75000, 2954) = 0
20:38:49.519315,1023,clock_gettime(CLOCK_MONOTONIC, {117, 739808045}) = 0
20:38:49.531209,1023,clock_gettime(CLOCK_MONOTONIC, {117, 751834199}) = 0
20:38:49.533466,1023,mprotect(0xb3da5000, 331776, PROT_READ|PROT_WRITE) = 0
20:38:49.534036,1023,mprotect(0xb3df6000, 41213952, PROT_NONE) = 0
20:38:49.541049,1023,pread(18, "PK\3\4\24\0\10\0\10\0\31\r\2208\202³Ï[l\1\0\0à\4\0\0\34\0\0\0", 30, 12723621571067904) = 30
20:38:49.541903,1023,mmap2(NULL, 1463, PROT_READ, MAP_SHARED, 18, 0x2d3) = 0xacc75000
20:38:49.551544,1023,munmap(0xacc75000, 1463) = 0
20:38:49.553887,1023,pread(18, "PK\3\4\n\0\0\0\0\0\31\r\2208Þ\t\25U¹\2\0\0¹\2\0\0*\0\3\0", 30, 1821482745331712) = 30
20:38:49.554799,1023,mmap2(NULL, 2981, PROT_READ, MAP_SHARED, 18, 0x67) = 0xacc75000
20:38:49.555758,1023,sigprocmask(SIG_BLOCK, [], [QUIT USR1 PIPE]) = 0
20:38:49.556427,1023,sigprocmask(SIG_BLOCK, [], [QUIT USR1 PIPE]) = 0
20:38:49.557010,1023,sigprocmask(SIG_BLOCK, [], [QUIT USR1 PIPE]) = 0
20:38:49.557713,1023,sigprocmask(SIG_BLOCK, [], [QUIT USR1 PIPE]) = 0
20:38:49.570104,1023,munmap(0xacc75000, 2981) = 0
20:38:49.571399,1023,pread(18, "PK\3\4\n\0\0\0\0\0\31\r\2208ÈÂ\26w\235\2\0\0\235\2\0\0002\0\3\0", 30, 1824798460084224) = 30
20:38:49.572184,1023,mmap2(NULL, 3733, PROT_READ, MAP_SHARED, 18, 0x67) = 0xacc75000
20:38:49.573138,1023,sigprocmask(SIG_BLOCK, [], [QUIT USR1 PIPE]) = 0
20:38:49.574092,1023,sigprocmask(SIG_BLOCK, [], [QUIT USR1 PIPE]) = 0
20:38:49.574880,1023,sigprocmask(SIG_BLOCK, [], [QUIT USR1 PIPE]) = 0
20:38:49.575677,1023,sigprocmask(SIG_BLOCK, [], [QUIT USR1 PIPE]) = 0
20:38:49.579193,1023,munmap(0xacc75000, 3733) = 0
20:38:49.580631,1023,pread(18, "PK\3\4\n\0\0\0\0\0\31\r\2208SO\237\204Ì\2\0\0Ì\2\0\0+\0\2\0", 30, 1836875908120576) = 30
20:38:49.581501,1023,mmap2(NULL, 2488, PROT_READ, MAP_SHARED, 18, 0x68) = 0xacc75000
20:38:49.582586,1023,sigprocmask(SIG_BLOCK, [], [QUIT USR1 PIPE]) = 0
20:38:49.583208,1023,sigprocmask(SIG_BLOCK, [], [QUIT USR1 PIPE]) = 0
20:38:49.583886,1023,sigprocmask(SIG_BLOCK, [], [QUIT USR1 PIPE]) = 0
20:38:49.584536,1023,sigprocmask(SIG_BLOCK, [], [QUIT USR1 PIPE]) = 0
20:38:49.588472,1023,munmap(0xacc75000, 2488) = 0
20:38:49.589902,1023,pread(18, "PK\3\4\n\0\0\0\0\0\31\r\2208\16\21¬õ\17\2\0\0\17\2\0\0,\0\3\0", 30, 1847381398126592) = 30
20:38:49.590776,1023,mmap2(NULL, 651, PROT_READ, MAP_SHARED, 18, 0x69) = 0xacc75000
20:38:49.600893,1023,sigprocmask(SIG_BLOCK, [], [QUIT USR1 PIPE]) = 0
20:38:49.601728,1023,sigprocmask(SIG_BLOCK, [], [QUIT USR1 PIPE]) = 0
20:38:49.602371,1023,sigprocmask(SIG_BLOCK, [], [QUIT USR1 PIPE]) = 0
20:38:49.603068,1023,sigprocmask(SIG_BLOCK, [], [QUIT USR1 PIPE]) = 0
20:38:49.606096,1023,mprotect(0xb3da5000, 397312, PROT_READ|PROT_WRITE) = 0
20:38:49.606751,1023,mprotect(0xb3e06000, 41148416, PROT_NONE) = 0
20:38:49.608412,1023,munmap(0xacc75000, 651) = 0
20:38:49.609925,1023,pread(18, "PK\3\4\n\0\0\0\0\0\31\r\22082½Î\22ä\2\0\0ä\2\0\0:\0\3\0", 30, 1828028275490816) = 30
20:38:49.621685,1023,mmap2(NULL, 4564, PROT_READ, MAP_SHARED, 18, 0x67) = 0xacc74000
20:38:49.623112,1023,sigprocmask(SIG_BLOCK, [], [QUIT USR1 PIPE]) = 0
20:38:49.623918,1023,sigprocmask(SIG_BLOCK, [], [QUIT USR1 PIPE]) = 0
20:38:49.624694,1023,sigprocmask(SIG_BLOCK, [], [QUIT USR1 PIPE]) = 0
20:38:49.625419,1023,sigprocmask(SIG_BLOCK, [], [QUIT USR1 PIPE]) = 0
20:38:49.629896,1023,munmap(0xacc74000, 4564) = 0
20:38:49.641320,1023,clock_gettime(CLOCK_MONOTONIC, {117, 861879016}) = 0
20:38:49.642495,1023,clock_gettime(CLOCK_MONOTONIC, {117, 862997995}) = 0
20:38:49.644847,1023,clock_gettime(CLOCK_MONOTONIC, {117, 865354593}) = 0
20:38:49.647871,1023,clock_gettime(CLOCK_MONOTONIC, {117, 868379084}) = 0
20:38:49.648855,1023,clock_gettime(CLOCK_MONOTONIC, {117, 869353184}) = 0
20:38:49.650759,1023,clock_gettime(CLOCK_MONOTONIC, {117, 871341579}) = 0
20:38:49.656480,1023,getpid() = 1023
20:38:49.657101,1023,gettid() = 1023
20:38:49.657707,1023,clock_gettime(CLOCK_MONOTONIC, {117, 878196518}) = 0
20:38:49.658464,1023,ioctl(9, 0xc0186201, 0xbed0e1f0) = 0
20:38:49.659440,1023,clock_gettime(CLOCK_MONOTONIC, {117, 879933067}) = 0
20:38:49.661832,1023,pread(33, "PK\3\4\n\0\0\0\0\0Yna@\217\206«,Y\0\0\0Y\0\0\0\36\0\30\0", 30, 8398808547328000) = 30
20:38:49.670820,1023,mmap2(NULL, 1881, PROT_READ, MAP_SHARED, 33, 0x1dd) = 0xacc75000
20:38:49.674184,1023,munmap(0xacc75000, 1881) = 0
20:38:49.675214,1023,pread(33, "PK\3\4\n\0\0\0\0\0Yna@@ÁÉûä\7\0\0ä\7\0\0\25\0\30\0", 30, 8399817864642560) = 30
20:38:49.676061,1023,mmap2(NULL, 4038, PROT_READ, MAP_SHARED, 33, 0x1dd) = 0xacc75000
20:38:49.676824,1023,munmap(0xacc75000, 4038) = 0
20:38:49.681371,1023,pread(33, "PK\3\4\n\0\0\0\0\0Yna@\217\206«,Y\0\0\0Y\0\0\0\36\0\30\0", 30, 8398808547328000) = 30
20:38:49.682244,1023,mmap2(NULL, 1881, PROT_READ, MAP_SHARED, 33, 0x1dd) = 0xacc75000
20:38:49.683135,1023,mprotect(0xb3da5000, 462848, PROT_READ|PROT_WRITE) = 0
20:38:49.683797,1023,mprotect(0xb3e16000, 41082880, PROT_NONE) = 0
20:38:49.685416,1023,munmap(0xacc75000, 1881) = 0
20:38:49.686196,1023,pread(33, "PK\3\4\n\0\0\0\0\0Yna@\217\206«,Y\0\0\0Y\0\0\0\36\0\30\0", 30, 8398808547328000) = 30
20:38:49.687112,1023,mmap2(NULL, 1881, PROT_READ, MAP_SHARED, 33, 0x1dd) = 0xacc75000
20:38:49.688834,1023,munmap(0xacc75000, 1881) = 0
20:38:49.689641,1023,pread(33, "PK\3\4\n\0\0\0\0\0Yna@\217\206«,Y\0\0\0Y\0\0\0\36\0\30\0", 30, 8398808547328000) = 30
20:38:49.700437,1023,mmap2(NULL, 1881, PROT_READ, MAP_SHARED, 33, 0x1dd) = 0xacc75000
20:38:49.701701,1023,mprotect(0xb3da5000, 528384, PROT_READ|PROT_WRITE) = 0
20:38:49.702326,1023,mprotect(0xb3e26000, 41017344, PROT_NONE) = 0
20:38:49.703297,1023,futex(0xb84599a8, FUTEX_WAKE_PRIVATE, 1) = 1
20:38:49.703800,1027,<... futex resumed> ) = 0
20:38:49.704269,1023,futex(0xb84599a8, FUTEX_WAKE_PRIVATE, 1 <unfinished ...>
20:38:49.704688,1027,futex(0xb685b5f4, FUTEX_WAIT_PRIVATE, 2, NULL <unfinished ...>
20:38:49.704997,1023,<... futex resumed> ) = 0
20:38:49.705421,1023,futex(0xb685b5f4, FUTEX_WAKE_PRIVATE, 1) = 1
20:38:49.705973,1027,<... futex resumed> ) = 0
20:38:49.707004,1023,futex(0xb84599a8, FUTEX_WAKE_PRIVATE, 1 <unfinished ...>
20:38:49.707351,1027,futex(0xb685b5f4, FUTEX_WAIT_PRIVATE, 2, NULL <unfinished ...>
20:38:49.707658,1023,<... futex resumed> ) = 0
20:38:49.707960,1023,futex(0xb685b5f4, FUTEX_WAKE_PRIVATE, 1) = 1
20:38:49.708519,1027,<... futex resumed> ) = 0
20:38:49.709198,1023,futex(0xb84599a8, FUTEX_WAKE_PRIVATE, 1 <unfinished ...>
20:38:49.709559,1027,futex(0xb685b5f4, FUTEX_WAIT_PRIVATE, 2, NULL <unfinished ...>
20:38:49.709831,1023,<... futex resumed> ) = 0
20:38:49.710144,1023,futex(0xb685b5f4, FUTEX_WAKE_PRIVATE, 1) = 1
20:38:49.719924,1027,<... futex resumed> ) = 0
20:38:49.720445,1023,futex(0xb84599a8, FUTEX_WAKE_PRIVATE, 1 <unfinished ...>
20:38:49.720779,1027,futex(0xb685b5f4, FUTEX_WAIT_PRIVATE, 2, NULL <unfinished ...>
20:38:49.721059,1023,<... futex resumed> ) = 0
20:38:49.721421,1023,futex(0xb685b5f4, FUTEX_WAKE_PRIVATE, 1) = 1
20:38:49.721883,1027,<... futex resumed> ) = 0
20:38:49.722301,1023,futex(0xb84599a8, FUTEX_WAKE_PRIVATE, 1 <unfinished ...>
20:38:49.722772,1027,futex(0xb685b5f4, FUTEX_WAIT_PRIVATE, 2, NULL <unfinished ...>
20:38:49.723061,1023,<... futex resumed> ) = 0
20:38:49.723474,1023,futex(0xb685b5f4, FUTEX_WAKE_PRIVATE, 1) = 1
20:38:49.723938,1027,<... futex resumed> ) = 0
20:38:49.724307,1023,futex(0xb84599a8, FUTEX_WAKE_PRIVATE, 1 <unfinished ...>
20:38:49.724596,1027,futex(0xb685b5f4, FUTEX_WAIT_PRIVATE, 2, NULL <unfinished ...>
20:38:49.724871,1023,<... futex resumed> ) = 0
20:38:49.725185,1023,futex(0xb685b5f4, FUTEX_WAKE_PRIVATE, 1) = 1
20:38:49.725703,1027,<... futex resumed> ) = 0
20:38:49.725995,1023,futex(0xb84599a8, FUTEX_WAKE_PRIVATE, 1 <unfinished ...>
20:38:49.726323,1027,futex(0xb685b5f4, FUTEX_WAIT_PRIVATE, 2, NULL <unfinished ...>
20:38:49.726583,1023,<... futex resumed> ) = 0
20:38:49.727525,1023,futex(0xb685b5f4, FUTEX_WAKE_PRIVATE, 1) = 1
20:38:49.728044,1027,<... futex resumed> ) = 0
20:38:49.728451,1023,munmap(0xacc75000, 1881 <unfinished ...>
20:38:49.728735,1027,clock_gettime(CLOCK_MONOTONIC, <unfinished ...>
20:38:49.729031,1023,<... munmap resumed> ) = 0
20:38:49.729405,1027,<... clock_gettime resumed> {117, 949617580}) = 0
20:38:49.730029,1023,futex(0xb685b5f4, FUTEX_WAIT_PRIVATE, 2, NULL <unfinished ...>
20:38:49.730556,1027,madvise(0xb23c4000, 3107101, MADV_NORMAL) = 0
20:38:49.746195,1027,futex(0xb685b5f4, FUTEX_WAKE_PRIVATE, 1) = 1
20:38:49.746817,1023,<... futex resumed> ) = 0
20:38:49.747175,1027,futex(0xb685b58c, FUTEX_WAKE_PRIVATE, 2147483647 <unfinished ...>
20:38:49.747602,1023,futex(0xb685b5f4, FUTEX_WAKE_PRIVATE, 1 <unfinished ...>
20:38:49.747854,1027,<... futex resumed> ) = 0
20:38:49.748111,1023,<... futex resumed> ) = 0
20:38:49.748462,1027,clock_gettime(CLOCK_MONOTONIC, {117, 971231661}) = 0
20:38:49.772662,1023,mmap2(NULL, 32768, PROT_READ|PROT_WRITE, MAP_PRIVATE|MAP_ANONYMOUS, -1, 0) = 0xb0ec7000
20:38:49.783141,1023,madvise(0xb0ec7000, 32768, 0xc /* MADV_??? */) = -1 EINVAL (Invalid argument)
20:38:49.783800,1023,mmap2(NULL, 1048576, PROT_READ|PROT_WRITE, MAP_PRIVATE|MAP_ANONYMOUS|MAP_NORESERVE, -1, 0) = 0xacb6c000
20:38:49.784499,1023,madvise(0xacb6c000, 1048576, 0xc /* MADV_??? */) = -1 EINVAL (Invalid argument)
20:38:49.784994,1023,mprotect(0xacb6c000, 4096, PROT_NONE) = 0
20:38:49.785692,1023,clone(child_stack=0xacc6bf00, flags=CLONE_VM|CLONE_FS|CLONE_FILES|CLONE_SIGHAND|CLONE_THREAD|CLONE_SYSVSEM|0x400000) = 1039
20:38:49.788013,1023,futex(0xb685b580, FUTEX_WAIT_PRIVATE, -342, NULL <unfinished ...>
20:38:49.789399,1039,set_tls(0xacc6bf00, 0xb8532c88, 0xacc6bffc, 0x40, 0xacc6bf00) = 0
20:38:49.789916,1039,prctl(PR_SET_NAME, 0xacc6be8c, 0, 0, 0) = 0
20:38:49.802824,1039,gettid() = 1039
20:38:49.803361,1039,futex(0xb685b580, FUTEX_WAKE_PRIVATE, 2147483647) = 1
20:38:49.803843,1023,<... futex resumed> ) = 0
20:38:49.804125,1039,futex(0xb685b580, FUTEX_WAIT_PRIVATE, -344, NULL <unfinished ...>
20:38:49.804485,1023,futex(0xb685b580, FUTEX_WAKE_PRIVATE, 2147483647 <unfinished ...>
20:38:49.804761,1039,<... futex resumed> ) = -1 EAGAIN (Try again)
20:38:49.805037,1023,<... futex resumed> ) = 0
20:38:49.805373,1039,futex(0xb685b57c, FUTEX_WAIT_PRIVATE, 2, NULL <unfinished ...>
20:38:49.805700,1023,futex(0xb685b57c, FUTEX_WAKE_PRIVATE, 1 <unfinished ...>
20:38:49.805944,1039,<... futex resumed> ) = -1 EAGAIN (Try again)
20:38:49.806203,1023,<... futex resumed> ) = 0
20:38:49.806558,1039,futex(0xb685b57c, FUTEX_WAKE_PRIVATE, 1 <unfinished ...>
20:38:49.807201,1023,futex(0xb845bda0, FUTEX_WAIT_PRIVATE, -142, NULL <unfinished ...>
20:38:49.807623,1039,<... futex resumed> ) = 0
20:38:49.807947,1039,getpriority(PRIO_PROCESS, 1039) = 20
20:38:49.808805,1039,setpriority(PRIO_PROCESS, 1039, 0) = 0
20:38:49.809438,1039,access("/data/data/com.soft.install/shared_prefs/PREFERENCES.xml.bak", F_OK) = -1 ENOENT (No such file or directory)
20:38:49.821106,1027,clock_gettime(CLOCK_MONOTONIC, <unfinished ...>
20:38:49.821727,1039,access("/data/data/com.soft.install/shared_prefs/PREFERENCES.xml", F_OK <unfinished ...>
20:38:49.822418,1027,<... clock_gettime resumed> {118, 42529183}) = 0
20:38:49.822856,1039,<... access resumed> ) = -1 ENOENT (No such file or directory)
20:38:49.826796,1027,futex(0xb685b58c, FUTEX_WAKE_PRIVATE, 2147483647 <unfinished ...>
20:38:49.827448,1039,stat64("/data/data/com.soft.install/shared_prefs/PREFERENCES.xml", <unfinished ...>
20:38:49.828565,1027,<... futex resumed> ) = 0
20:38:49.828839,1039,<... stat64 resumed> 0xacc6ba00) = -1 ENOENT (No such file or directory)
20:38:49.829206,1027,clock_gettime(CLOCK_MONOTONIC, <unfinished ...>
20:38:49.829657,1039,futex(0xb845bda0, FUTEX_WAKE_PRIVATE, 1 <unfinished ...>
20:38:49.830015,1027,<... clock_gettime resumed> {118, 50242842}) = 0
20:38:49.830389,1039,<... futex resumed> ) = 1
20:38:49.831766,1023,<... futex resumed> ) = 0
20:38:49.832268,1039,munmap(0xb0ec7000, 32768 <unfinished ...>
20:38:49.833989,1027,madvise(0xb33c4000, 786432, MADV_DONTNEED <unfinished ...>
20:38:49.835810,1023,mprotect(0xb15ff000, 8192, PROT_READ|PROT_WRITE <unfinished ...>
20:38:49.836124,1039,<... munmap resumed> ) = 0
20:38:49.836499,1027,<... madvise resumed> ) = 0
20:38:49.836815,1023,<... mprotect resumed> ) = 0
20:38:49.837131,1039,sigprocmask(SIG_SETMASK, ~[SEGV], <unfinished ...>
20:38:49.837545,1027,madvise(0xb23c4000, 16777216, MADV_DONTNEED <unfinished ...>
20:38:49.838871,1023,stat64("/data/data/com.soft.install/shared_prefs/PREFERENCES.xml", <unfinished ...>
20:38:49.839488,1039,<... sigprocmask resumed> NULL) = 0
20:38:49.850559,1039,munmap(0xacb6c000, 1048576 <unfinished ...>
20:38:49.850821,1027,<... madvise resumed> ) = 0
20:38:49.851036,1023,<... stat64 resumed> 0xbed0e2d0) = -1 ENOENT (No such file or directory)
20:38:49.851426,1039,<... munmap resumed> ) = 0
20:38:49.851741,1027,futex(0xb685b5f8, FUTEX_WAKE_PRIVATE, 2147483647 <unfinished ...>
20:38:49.852125,1023,futex(0xb685b5f4, FUTEX_WAIT_PRIVATE, 2, NULL <unfinished ...>
20:38:49.852477,1039,exit(0) = ?
20:38:49.854196,1027,<... futex resumed> ) = 0
20:38:49.857129,1027,futex(0xb8558780, FUTEX_WAKE_PRIVATE, 1) = 1
20:38:49.857646,1030,<... futex resumed> ) = 0
20:38:49.857940,1027,clock_gettime(CLOCK_MONOTONIC, <unfinished ...>
20:38:49.859567,1030,futex(0xb8573258, FUTEX_WAKE_PRIVATE, 1 <unfinished ...>
20:38:49.869942,1031,<... futex resumed> ) = 0
20:38:49.870175,1030,<... futex resumed> ) = 1
20:38:49.870429,1027,<... clock_gettime resumed> {118, 80157516}) = 0
20:38:49.870850,1031,futex(0xb8573248, FUTEX_WAIT_PRIVATE, 2, NULL <unfinished ...>
20:38:49.871148,1030,futex(0xb8573248, FUTEX_WAKE_PRIVATE, 1 <unfinished ...>
20:38:49.871607,1027,writev(3, [{"\3", 1}, {"dalvikvm\0", 9}, {"GC_CONCURRENT freed 227K, 4% fre"..., 76}], 3 <unfinished ...>
20:38:49.872324,1031,<... futex resumed> ) = -1 EAGAIN (Try again)
20:38:49.872604,1030,<... futex resumed> ) = 0
20:38:49.873074,1031,futex(0xb8573248, FUTEX_WAKE_PRIVATE, 1 <unfinished ...>
20:38:49.873770,1030,futex(0xb8558780, FUTEX_WAIT_PRIVATE, -2, NULL <unfinished ...>
20:38:49.874042,1027,<... writev resumed> ) = 86
20:38:49.874420,1031,<... futex resumed> ) = 0
20:38:49.874846,1027,futex(0xb685b5f4, FUTEX_WAKE_PRIVATE, 1 <unfinished ...>
20:38:49.875188,1031,clock_gettime(CLOCK_MONOTONIC, <unfinished ...>
20:38:49.875545,1027,<... futex resumed> ) = 1
20:38:49.875791,1031,<... clock_gettime resumed> {118, 96027130}) = 0
20:38:49.876112,1023,<... futex resumed> ) = 0
20:38:49.876469,1027,clock_gettime(CLOCK_MONOTONIC, <unfinished ...>
20:38:49.876759,1031,futex(0xb85795b0, FUTEX_WAKE_PRIVATE, 1 <unfinished ...>
20:38:49.877065,1023,futex(0xb685b5f4, FUTEX_WAKE_PRIVATE, 1 <unfinished ...>
20:38:49.877395,1027,<... clock_gettime resumed> {118, 97594190}) = 0
20:38:49.877725,1031,<... futex resumed> ) = 1
20:38:49.877994,1023,<... futex resumed> ) = 0
20:38:49.878631,1027,clock_gettime(CLOCK_MONOTONIC, <unfinished ...>
20:38:49.878877,1032,<... futex resumed> ) = 0
20:38:49.879305,1031,gettid( <unfinished ...>
20:38:49.879696,1023,mmap2(NULL, 32768, PROT_READ|PROT_WRITE, MAP_PRIVATE|MAP_ANONYMOUS, -1, 0 <unfinished ...>
20:38:49.879968,1027,<... clock_gettime resumed> {118, 100197290}) = 0
20:38:49.890245,1032,clock_gettime(CLOCK_MONOTONIC, <unfinished ...>
20:38:49.890803,1031,<... gettid resumed> ) = 1031
20:38:49.891059,1027,futex(0xb84599a8, FUTEX_WAIT_PRIVATE, -16, {4, 997396900} <unfinished ...>
20:38:49.891404,1023,<... mmap2 resumed> ) = 0xb0ec7000
20:38:49.891698,1032,<... clock_gettime resumed> {118, 111913562}) = 0
20:38:49.892061,1031,getpid( <unfinished ...>
20:38:49.892449,1023,madvise(0xb0ec7000, 32768, 0xc /* MADV_??? */ <unfinished ...>
20:38:49.892763,1032,clock_gettime(CLOCK_MONOTONIC, <unfinished ...>
20:38:49.893015,1031,<... getpid resumed> ) = 1023
20:38:49.893345,1023,<... madvise resumed> ) = -1 EINVAL (Invalid argument)
20:38:49.893638,1032,<... clock_gettime resumed> {118, 113875215}) = 0
20:38:49.893980,1031,getuid32( <unfinished ...>
20:38:49.894365,1023,mmap2(NULL, 1048576, PROT_READ|PROT_WRITE, MAP_PRIVATE|MAP_ANONYMOUS|MAP_NORESERVE, -1, 0 <unfinished ...>
20:38:49.894675,1032,clock_gettime(CLOCK_MONOTONIC, <unfinished ...>
20:38:49.894926,1031,<... getuid32 resumed> ) = 10050
20:38:49.895318,1023,<... mmap2 resumed> ) = 0xacb6c000
20:38:49.895624,1032,<... clock_gettime resumed> {118, 115827281}) = 0
20:38:49.896068,1031,ioctl(9, 0xc0186201 <unfinished ...>
20:38:49.896425,1023,madvise(0xacb6c000, 1048576, 0xc /* MADV_??? */ <unfinished ...>
20:38:49.896792,1032,futex(0xb85795b0, FUTEX_WAIT_PRIVATE, -2, {9, 983047934} <unfinished ...>
20:38:49.897166,1031,<... ioctl resumed> , 0xad2a8a58) = 0
20:38:49.897486,1023,<... madvise resumed> ) = -1 EINVAL (Invalid argument)
20:38:49.897855,1031,clock_gettime(CLOCK_MONOTONIC, <unfinished ...>
20:38:49.898153,1023,mprotect(0xacb6c000, 4096, PROT_NONE <unfinished ...>
20:38:49.899656,1031,<... clock_gettime resumed> {118, 119876934}) = 0
20:38:49.900043,1023,<... mprotect resumed> ) = 0
20:38:49.900504,1031,clock_gettime(CLOCK_MONOTONIC, <unfinished ...>
20:38:49.900867,1023,clone( <unfinished ...>
20:38:49.901138,1031,<... clock_gettime resumed> {118, 121361394}) = 0
20:38:49.902299,1031,clock_gettime(CLOCK_MONOTONIC, <unfinished ...>
20:38:49.902595,1023,<... clone resumed> child_stack=0xacc6bf00, flags=CLONE_VM|CLONE_FS|CLONE_FILES|CLONE_SIGHAND|CLONE_THREAD|CLONE_SYSVSEM|0x400000) = 1040
20:38:49.902895,1031,<... clock_gettime resumed> {118, 123120563}) = 0
20:38:49.903332,1023,futex(0xb685b580, FUTEX_WAIT_PRIVATE, -346, NULL <unfinished ...>
20:38:49.903740,1031,clock_gettime(CLOCK_MONOTONIC, {118, 124262627}) = 0
20:38:49.904440,1031,clock_gettime(CLOCK_MONOTONIC, {118, 124933863}) = 0
20:38:49.905051,1031,clock_gettime(CLOCK_MONOTONIC, {118, 125551634}) = 0
20:38:49.905825,1031,clock_gettime(CLOCK_MONOTONIC, {118, 126305476}) = 0
20:38:49.906462,1031,clock_gettime(CLOCK_MONOTONIC, {118, 127028385}) = 0
20:38:49.907174,1031,clock_gettime(CLOCK_MONOTONIC, {118, 127736535}) = 0
20:38:49.907810,1031,clock_gettime(CLOCK_MONOTONIC, {118, 128310281}) = 0
20:38:49.908476,1031,clock_gettime(CLOCK_MONOTONIC, {118, 128961560}) = 0
20:38:49.909050,1031,clock_gettime(CLOCK_MONOTONIC, {118, 129535420}) = 0
20:38:49.909689,1031,clock_gettime(CLOCK_MONOTONIC, {118, 130185534}) = 0
20:38:49.910338,1031,clock_gettime(CLOCK_MONOTONIC, {118, 130917630}) = 0
20:38:49.923944,1031,clock_gettime(CLOCK_MONOTONIC, {118, 144652919}) = 0
20:38:49.924782,1031,clock_gettime(CLOCK_MONOTONIC, {118, 145274178}) = 0
20:38:49.925422,1031,clock_gettime(CLOCK_MONOTONIC, {118, 145911704}) = 0
20:38:49.925981,1031,clock_gettime(CLOCK_MONOTONIC, {118, 146469480}) = 0
20:38:49.926590,1031,clock_gettime(CLOCK_MONOTONIC, {118, 147076782}) = 0
20:38:49.927741,1031,clock_gettime(CLOCK_MONOTONIC, {118, 148297488}) = 0
20:38:49.928488,1031,clock_gettime(CLOCK_MONOTONIC, {118, 148982465}) = 0
20:38:49.929054,1031,clock_gettime(CLOCK_MONOTONIC, {118, 149550726}) = 0
20:38:49.929709,1031,clock_gettime(CLOCK_MONOTONIC, {118, 150205504}) = 0
20:38:49.930367,1031,clock_gettime(CLOCK_MONOTONIC, {118, 150861971}) = 0
20:38:49.942679,1031,clock_gettime(CLOCK_MONOTONIC, {118, 163181171}) = 0
20:38:49.943301,1031,clock_gettime(CLOCK_MONOTONIC, {118, 163806768}) = 0
20:38:49.943936,1031,clock_gettime(CLOCK_MONOTONIC, {118, 164424521}) = 0
20:38:49.944589,1031,clock_gettime(CLOCK_MONOTONIC, {118, 165077736}) = 0
20:38:49.945149,1031,clock_gettime(CLOCK_MONOTONIC, {118, 165698141}) = 0
20:38:49.945767,1031,clock_gettime(CLOCK_MONOTONIC, {118, 166276932}) = 0
20:38:49.946793,1031,clock_gettime(CLOCK_MONOTONIC, {118, 167290175}) = 0
20:38:49.947742,1031,clock_gettime(CLOCK_MONOTONIC, {118, 168232274}) = 0
20:38:49.948382,1031,clock_gettime(CLOCK_MONOTONIC, {118, 168880083}) = 0
20:38:49.948967,1031,clock_gettime(CLOCK_MONOTONIC, {118, 169461350}) = 0
20:38:49.949627,1031,clock_gettime(CLOCK_MONOTONIC, {118, 170115005}) = 0
20:38:49.950187,1031,clock_gettime(CLOCK_MONOTONIC, {118, 181387088}) = 0
20:38:49.961693,1031,clock_gettime(CLOCK_MONOTONIC, {118, 182249453}) = 0
20:38:49.962604,1031,clock_gettime(CLOCK_MONOTONIC, {118, 183174902}) = 0
20:38:49.963709,1031,clock_gettime(CLOCK_MONOTONIC, {118, 184193384}) = 0
20:38:49.964315,1031,clock_gettime(CLOCK_MONOTONIC, {118, 184843139}) = 0
20:38:49.964910,1031,clock_gettime(CLOCK_MONOTONIC, {118, 185397282}) = 0
20:38:49.965574,1031,clock_gettime(CLOCK_MONOTONIC, {118, 186071450}) = 0
20:38:49.966209,1031,clock_gettime(CLOCK_MONOTONIC, {118, 186830693}) = 0
20:38:49.966904,1031,clock_gettime(CLOCK_MONOTONIC, {118, 187392395}) = 0
20:38:49.967548,1031,clock_gettime(CLOCK_MONOTONIC, {118, 188035784}) = 0
20:38:49.968130,1031,clock_gettime(CLOCK_MONOTONIC, {118, 188684772}) = 0
20:38:49.968793,1031,clock_gettime(CLOCK_MONOTONIC, {118, 189287857}) = 0
20:38:49.969463,1031,clock_gettime(CLOCK_MONOTONIC, {118, 189959045}) = 0
20:38:49.977997,1040,set_tls(0xacc6bf00, 0xb8532c88, 0xacc6bffc, 0x40, 0xacc6bf00) = 0
20:38:49.978601,1040,futex(0xb6f22698, FUTEX_WAIT_PRIVATE, 2, NULL <unfinished ...>
20:38:49.986392,1031,futex(0xb6f22698, FUTEX_WAKE_PRIVATE, 1 <unfinished ...>
20:38:49.986787,1040,<... futex resumed> ) = 0
20:38:49.987084,1040,futex(0xb6f22698, FUTEX_WAKE_PRIVATE, 1) = 0
20:38:49.987662,1040,prctl(PR_SET_NAME, 0xacc6be8c, 0, 0, 0) = 0
20:38:49.988307,1040,gettid() = 1040
20:38:49.989010,1040,futex(0xb685b580, FUTEX_WAKE_PRIVATE, 2147483647) = 1
20:38:49.989645,1023,<... futex resumed> ) = 0
20:38:49.989922,1040,futex(0xb685b580, FUTEX_WAIT_PRIVATE, -348, NULL <unfinished ...>
20:38:49.990298,1023,futex(0xb685b580, FUTEX_WAKE_PRIVATE, 2147483647 <unfinished ...>
20:38:50.002818,1040,<... futex resumed> ) = -1 EAGAIN (Try again)
20:38:50.003005,1031,<... futex resumed> ) = 1
20:38:50.003395,1023,<... futex resumed> ) = 0
20:38:50.003684,1040,futex(0xb685b57c, FUTEX_WAIT_PRIVATE, 2, NULL <unfinished ...>
20:38:50.004017,1031,futex(0xb8573258, FUTEX_WAIT_PRIVATE, -2, NULL <unfinished ...>
20:38:50.004481,1023,futex(0xb685b57c, FUTEX_WAKE_PRIVATE, 1 <unfinished ...>
20:38:50.004742,1040,<... futex resumed> ) = -1 EAGAIN (Try again)
20:38:50.005069,1023,<... futex resumed> ) = 0
20:38:50.005629,1040,futex(0xb685b57c, FUTEX_WAKE_PRIVATE, 1 <unfinished ...>
20:38:50.006015,1023,futex(0xb845bda0, FUTEX_WAIT_PRIVATE, -144, NULL <unfinished ...>
20:38:50.006347,1040,<... futex resumed> ) = 0
20:38:50.006756,1040,getpriority(PRIO_PROCESS, 1040) = 20
20:38:50.007446,1040,setpriority(PRIO_PROCESS, 1040, 0) = 0
20:38:50.008045,1040,access("/data/data/com.soft.install/shared_prefs/PREFERENCES.xml.bak", F_OK) = -1 ENOENT (No such file or directory)
20:38:50.009062,1040,access("/data/data/com.soft.install/shared_prefs/PREFERENCES.xml", F_OK) = -1 ENOENT (No such file or directory)
20:38:50.010054,1040,stat64("/data/data/com.soft.install/shared_prefs/PREFERENCES.xml", 0xacc6ba00) = -1 ENOENT (No such file or directory)
20:38:50.021994,1040,futex(0xb845bda0, FUTEX_WAKE_PRIVATE, 1) = 1
20:38:50.022568,1023,<... futex resumed> ) = 0
20:38:50.023366,1040,munmap(0xb0ec7000, 32768) = 0
20:38:50.030635,1040,sigprocmask(SIG_SETMASK, ~[SEGV], NULL) = 0
20:38:50.031190,1040,munmap(0xacb6c000, 1048576) = 0
20:38:50.031748,1040,exit(0) = ?
20:38:50.044972,1023,pread(18, "PK\3\4\24\0\10\0\10\0\31\r\2208¯\6f²\"\2\0\0¸\4\0\0\36\0\0\0", 30, 13541237315338240) = 30
20:38:50.045883,1023,mmap2(NULL, 3597, PROT_READ, MAP_SHARED, 18, 0x301) = 0xb0ece000
20:38:50.047008,1023,munmap(0xb0ece000, 3597) = 0
20:38:50.050886,1023,pread(18, "PK\3\4\24\0\10\0\10\0\31\r\2208ÎX(~E\0\0\0|\0\0\0 \0\0\0", 30, 928206857175040) = 30
20:38:50.061505,1023,mmap2(NULL, 3254, PROT_READ, MAP_SHARED, 18, 0x34) = 0xb0ece000
20:38:50.062370,1023,munmap(0xb0ece000, 3254) = 0
20:38:50.063906,1023,pread(18, "PK\3\4\24\0\10\0\10\0\31\r\2208\177ÀE<\t\1\0\0000\2\0\0&\0\0\0", 30, 12943485241917440) = 30
20:38:50.064753,1023,mmap2(NULL, 3413, PROT_READ, MAP_SHARED, 18, 0x2df) = 0xb0ece000
20:38:50.066853,1023,munmap(0xb0ece000, 3413) = 0
20:38:50.068750,1023,pread(18, "PK\3\4\n\0\0\0\0\0\31\r\2208Î0u)\17\v\0\0\17\v\0\0&\0\0\0", 30, 6816078739013632) = 30
20:38:50.069831,1023,mmap2(NULL, 4739, PROT_READ, MAP_SHARED, 18, 0x183) = 0xb0ecd000
20:38:50.090716,1023,sigprocmask(SIG_BLOCK, [], [QUIT USR1 PIPE]) = 0
20:38:50.092323,1023,sigprocmask(SIG_BLOCK, [], [QUIT USR1 PIPE]) = 0
20:38:50.092992,1023,sigprocmask(SIG_BLOCK, [], [QUIT USR1 PIPE]) = 0
20:38:50.093725,1023,sigprocmask(SIG_BLOCK, [], [QUIT USR1 PIPE]) = 0
20:38:50.094828,1023,brk(0xb85ac000) = 0xb85ac000
20:38:50.099977,1023,munmap(0xb0ecd000, 4739) = 0
20:38:50.104898,1023,pread(18, "PK\3\4\24\0\10\0\10\0\31\r\22085\204ì]\223\1\0\0`\3\0\0000\0\0\0", 30, 13582121109028864) = 30
20:38:50.105776,1023,mmap2(NULL, 703, PROT_READ, MAP_SHARED, 18, 0x304) = 0xb0ece000
20:38:50.106651,1023,munmap(0xb0ece000, 703) = 0
20:38:50.111272,1023,pread(18, "PK\3\4\24\0\10\0\10\0\31\r\2208-}\203#°\4\0\0D\21\0\0\33\0\0\0", 30, 13203133194829824) = 30
20:38:50.112045,1023,mmap2(NULL, 3351, PROT_READ, MAP_SHARED, 18, 0x2ee) = 0xb0ece000
20:38:50.113125,1023,munmap(0xb0ece000, 3351) = 0
20:38:50.122911,1023,pread(18, "PK\3\4\n\0\0\0\0\0\31\r\2208D@\21V\202\3\0\0\202\3\0\0$\0\1\0", 30, 3679623036534784) = 30
20:38:50.123835,1023,mmap2(NULL, 1630, PROT_READ, MAP_SHARED, 18, 0xd1) = 0xb0ece000
20:38:50.124997,1023,sigprocmask(SIG_BLOCK, [], [QUIT USR1 PIPE]) = 0
20:38:50.125715,1023,sigprocmask(SIG_BLOCK, [], [QUIT USR1 PIPE]) = 0
20:38:50.126387,1023,sigprocmask(SIG_BLOCK, [], [QUIT USR1 PIPE]) = 0
20:38:50.127270,1023,sigprocmask(SIG_BLOCK, [], [QUIT USR1 PIPE]) = 0
20:38:50.130046,1023,munmap(0xb0ece000, 1630) = 0
20:38:50.145613,1023,pread(18, "PK\3\4\n\0\0\0\0\0\31\r\2208\212\22F\30\204\0\0\0\204\0\0\0/\0\1\0", 30, 3187698957287424) = 30
20:38:50.146971,1023,mmap2(NULL, 1028, PROT_READ, MAP_SHARED, 18, 0xb5) = 0xb0ece000
20:38:50.148134,1023,sigprocmask(SIG_BLOCK, [], [QUIT USR1 PIPE]) = 0
20:38:50.149406,1023,sigprocmask(SIG_BLOCK, [], [QUIT USR1 PIPE]) = 0
20:38:50.160175,1023,sigprocmask(SIG_BLOCK, [], [QUIT USR1 PIPE]) = 0
20:38:50.160982,1023,sigprocmask(SIG_BLOCK, [], [QUIT USR1 PIPE]) = 0
20:38:50.163328,1023,munmap(0xb0ece000, 1028) = 0
20:38:50.196131,1023,pread(18, "PK\3\4\n\0\0\0\0\0\31\r\2208þi\tdÃ\5\0\0Ã\5\0\0 \0\1\0", 30, 1566756824940544) = 30
20:38:50.197568,1023,mmap2(NULL, 1783, PROT_READ, MAP_SHARED, 18, 0x59) = 0xb0ece000
20:38:50.199116,1023,sigprocmask(SIG_BLOCK, [], [QUIT USR1 PIPE]) = 0
20:38:50.199770,1023,sigprocmask(SIG_BLOCK, [], [QUIT USR1 PIPE]) = 0
20:38:50.200382,1023,sigprocmask(SIG_BLOCK, [], [QUIT USR1 PIPE]) = 0
20:38:50.200987,1023,sigprocmask(SIG_BLOCK, [], [QUIT USR1 PIPE]) = 0
20:38:50.201641,1023,mprotect(0xb3da5000, 659456, PROT_READ|PROT_WRITE) = 0
20:38:50.202489,1023,mprotect(0xb3e46000, 40886272, PROT_NONE) = 0
20:38:50.205777,1023,clock_gettime(CLOCK_MONOTONIC, {118, 426275264}) = 0
20:38:50.206464,1023,getpriority(PRIO_PROCESS, 0) = 20
20:38:50.206988,1023,madvise(0xb23c4000, 3186677, MADV_NORMAL) = 0
20:38:50.234154,1023,madvise(0xb3484000, 786432, MADV_DONTNEED) = 0
20:38:50.234834,1023,madvise(0xb23c4000, 16777216, MADV_DONTNEED) = 0
20:38:50.235512,1023,futex(0xb685b58c, FUTEX_WAKE_PRIVATE, 2147483647) = 0
20:38:50.236128,1023,clock_gettime(CLOCK_MONOTONIC, {118, 456664154}) = 0
20:38:50.236752,1023,futex(0xb8558780, FUTEX_WAKE_PRIVATE, 1 <unfinished ...>
20:38:50.237022,1030,<... futex resumed> ) = 0
20:38:50.237348,1030,futex(0xb8558770, FUTEX_WAIT_PRIVATE, 2, NULL <unfinished ...>
20:38:50.237624,1023,<... futex resumed> ) = 1
20:38:50.238089,1023,futex(0xb8558770, FUTEX_WAKE_PRIVATE, 1 <unfinished ...>
20:38:50.238573,1030,<... futex resumed> ) = 0
20:38:50.238951,1030,futex(0xb8558770, FUTEX_WAKE_PRIVATE, 1) = 0
20:38:50.239457,1030,futex(0xb8460628, FUTEX_WAIT_PRIVATE, 2, NULL <unfinished ...>
20:38:50.239734,1023,<... futex resumed> ) = 1
20:38:50.240023,1023,futex(0xb8460628, FUTEX_WAKE_PRIVATE, 1 <unfinished ...>
20:38:50.240359,1030,<... futex resumed> ) = 0
20:38:50.240648,1030,futex(0xb8460628, FUTEX_WAKE_PRIVATE, 1) = 0
20:38:50.241145,1030,futex(0xb8573258, FUTEX_WAKE_PRIVATE, 1) = 1
20:38:50.241640,1031,<... futex resumed> ) = 0
20:38:50.242046,1030,futex(0xb8558780, FUTEX_WAIT_PRIVATE, -4, NULL <unfinished ...>
20:38:50.242408,1031,clock_gettime(CLOCK_MONOTONIC, {118, 462913722}) = 0
20:38:50.250467,1023,<... futex resumed> ) = 1
20:38:50.250867,1031,clock_gettime(CLOCK_MONOTONIC, <unfinished ...>
20:38:50.251186,1023,clock_gettime(CLOCK_MONOTONIC, <unfinished ...>
20:38:50.251536,1031,<... clock_gettime resumed> {118, 471761496}) = 0
20:38:50.251886,1023,<... clock_gettime resumed> {118, 472102891}) = 0
20:38:50.252348,1031,clock_gettime(CLOCK_MONOTONIC, <unfinished ...>
20:38:50.252705,1023,writev(3, [{"\3", 1}, {"dalvikvm\0", 9}, {"GC_FOR_ALLOC freed 32K, 4% free "..., 69}], 3 <unfinished ...>
20:38:50.253444,1031,<... clock_gettime resumed> {118, 473669862}) = 0
20:38:50.253973,1031,clock_gettime(CLOCK_MONOTONIC, <unfinished ...>
20:38:50.254368,1023,<... writev resumed> ) = 79
20:38:50.254635,1031,<... clock_gettime resumed> {118, 474863703}) = 0
20:38:50.255101,1023,mprotect(0xb3da5000, 856064, PROT_READ|PROT_WRITE <unfinished ...>
20:38:50.255489,1031,clock_gettime(CLOCK_MONOTONIC, <unfinished ...>
20:38:50.255906,1023,<... mprotect resumed> ) = 0
20:38:50.256168,1031,<... clock_gettime resumed> {118, 476398547}) = 0
20:38:50.256584,1023,mprotect(0xb3e76000, 40689664, PROT_NONE <unfinished ...>
20:38:50.256909,1031,clock_gettime(CLOCK_MONOTONIC, <unfinished ...>
20:38:50.257185,1023,<... mprotect resumed> ) = 0
20:38:50.257564,1031,<... clock_gettime resumed> {118, 477733853}) = 0
20:38:50.261011,1031,clock_gettime(CLOCK_MONOTONIC, <unfinished ...>
20:38:50.262953,1023,munmap(0xb0ece000, 1783 <unfinished ...>
20:38:50.263325,1031,<... clock_gettime resumed> {118, 483508947}) = 0
20:38:50.263721,1023,<... munmap resumed> ) = 0
20:38:50.264472,1031,clock_gettime(CLOCK_MONOTONIC, <unfinished ...>
20:38:50.267423,1023,clock_gettime(CLOCK_MONOTONIC, <unfinished ...>
20:38:50.267746,1031,<... clock_gettime resumed> {118, 487975366}) = 0
20:38:50.268086,1023,<... clock_gettime resumed> {118, 488304616}) = 0
20:38:50.268587,1031,clock_gettime(CLOCK_MONOTONIC, <unfinished ...>
20:38:50.269090,1023,clock_gettime(CLOCK_MONOTONIC, <unfinished ...>
20:38:50.269439,1031,<... clock_gettime resumed> {118, 489667476}) = 0
20:38:50.269778,1023,<... clock_gettime resumed> {118, 489997666}) = 0
20:38:50.270157,1031,clock_gettime(CLOCK_MONOTONIC, {118, 491323554}) = 0
20:38:50.271534,1031,clock_gettime(CLOCK_MONOTONIC, {118, 492073991}) = 0
20:38:50.272181,1031,clock_gettime(CLOCK_MONOTONIC, {118, 492744221}) = 0
20:38:50.272949,1031,clock_gettime(CLOCK_MONOTONIC, {118, 493429456}) = 0
20:38:50.273589,1031,clock_gettime(CLOCK_MONOTONIC, {118, 494068150}) = 0
20:38:50.274159,1031,clock_gettime(CLOCK_MONOTONIC, {118, 494762143}) = 0
20:38:50.274986,1031,clock_gettime(CLOCK_MONOTONIC, {118, 495464818}) = 0
20:38:50.275615,1031,clock_gettime(CLOCK_MONOTONIC, {118, 496101923}) = 0
20:38:50.276166,1031,clock_gettime(CLOCK_MONOTONIC, {118, 496739309}) = 0
20:38:50.276802,1031,futex(0xb8573258, FUTEX_WAIT_PRIVATE, -4, NULL <unfinished ...>
20:38:50.286889,1023,clock_gettime(CLOCK_MONOTONIC, {118, 507405424}) = 0
20:38:50.287733,1023,clock_gettime(CLOCK_MONOTONIC, {118, 508217258}) = 0
20:38:50.294201,1023,clock_gettime(CLOCK_MONOTONIC, {118, 516107616}) = 0
20:38:50.296596,1023,clock_gettime(CLOCK_MONOTONIC, {118, 517106674}) = 0
20:38:50.305946,1023,pread(18, "PK\3\4\n\0\0\0\0\0\31\r\2208\236y\236\5ø\2\0\0ø\2\0\0'\0\0\0", 30, 6354880855801856) = 30
20:38:50.307188,1023,mmap2(NULL, 1784, PROT_READ, MAP_SHARED, 18, 0x169) = 0xb0ece000
20:38:50.308262,1023,sigprocmask(SIG_BLOCK, [], [QUIT USR1 PIPE]) = 0
20:38:50.308904,1023,sigprocmask(SIG_BLOCK, [], [QUIT USR1 PIPE]) = 0
20:38:50.309562,1023,sigprocmask(SIG_BLOCK, [], [QUIT USR1 PIPE]) = 0
20:38:50.310187,1023,sigprocmask(SIG_BLOCK, [], [QUIT USR1 PIPE]) = 0
20:38:50.315190,1023,munmap(0xb0ece000, 1784) = 0
20:38:50.317540,1023,mprotect(0xb1600000, 8192, PROT_READ|PROT_WRITE) = 0
20:38:50.319014,1023,getpid() = 1023
20:38:50.319585,1023,gettid() = 1023
20:38:50.330994,1023,clock_gettime(CLOCK_MONOTONIC, {118, 552110948}) = 0
20:38:50.332276,1023,ioctl(9, 0xc0186201, 0xbed0e1f0) = 0
20:38:50.333111,1023,clock_gettime(CLOCK_MONOTONIC, {118, 553677980}) = 0
20:38:50.335211,1023,getpid() = 1023
20:38:50.335807,1023,gettid() = 1023
20:38:50.336363,1023,clock_gettime(CLOCK_MONOTONIC, {118, 556850484}) = 0
20:38:50.336930,1023,ioctl(9, 0xc0186201, 0xbed0e1f0) = 0
20:38:50.338990,1023,ioctl(9, 0xc0186201, 0xbed0e1f0) = 0
20:38:50.339579,1023,clock_gettime(CLOCK_MONOTONIC, {118, 560069654}) = 0
20:38:50.351057,1023,getpid() = 1023
20:38:50.351639,1023,gettid() = 1023
20:38:50.352106,1023,clock_gettime(CLOCK_MONOTONIC, {118, 572653497}) = 0
20:38:50.352772,1023,ioctl(9, 0xc0186201, 0xbed0e1f0) = 0
20:38:50.354516,1023,clock_gettime(CLOCK_MONOTONIC, {118, 575007923}) = 0
20:38:50.358106,1023,mprotect(0xb1601000, 8192, PROT_READ|PROT_WRITE) = 0
20:38:50.359067,1023,ioctl(9, 0xc0186201, 0xbed0e150) = 0
20:38:50.360564,1023,ioctl(9, 0xc0186201, 0xbed0e158) = 0
20:38:50.361487,1023,dup(36) = 37
20:38:50.361986,1023,setsockopt(37, SOL_SOCKET, SO_SNDBUF, [4096], 4) = 0
20:38:50.370408,1023,setsockopt(37, SOL_SOCKET, SO_RCVBUF, [4096], 4) = 0
20:38:50.371162,1023,fcntl64(37, F_SETFL, O_RDONLY|O_NONBLOCK) = 0
20:38:50.371857,1023,close(36) = 0
20:38:50.372456,1023,epoll_ctl(0x1e, 0x1, 0x25, 0xbed0e2a8) = 0
20:38:50.373832,1023,getpid() = 1023
20:38:50.374427,1023,gettid() = 1023
20:38:50.375346,1023,clock_gettime(CLOCK_MONOTONIC, {118, 595929650}) = 0
20:38:50.376084,1023,ioctl(9, 0xc0186201, 0xbed0e1f0) = 0
20:38:50.376950,1023,clock_gettime(CLOCK_MONOTONIC, {118, 597432404}) = 0
20:38:50.378164,1023,getpid() = 1023
20:38:50.379088,1023,gettid() = 1023
20:38:50.379751,1023,clock_gettime(CLOCK_MONOTONIC, {118, 600237767}) = 0
20:38:50.380403,1023,ioctl(9, 0xc0186201, 0xbed0e1f0) = 0
20:38:50.381388,1023,ioctl(9, 0xc0186201, 0xbed0e1f0) = 0
20:38:50.392593,1023,clock_gettime(CLOCK_MONOTONIC, {118, 613097609}) = 0
20:38:50.394030,1023,clock_gettime(CLOCK_MONOTONIC, {118, 614526826}) = 0
20:38:50.394850,1023,clock_gettime(CLOCK_MONOTONIC, {118, 615411014}) = 0
20:38:50.395840,1023,recvfrom(37, 0xbed0d9a8, 24, 64, 0, 0) = -1 EAGAIN (Try again)
20:38:50.396572,1023,ioctl(9, 0xc0186201, 0xbed0e178) = 0
20:38:50.397474,1023,clock_gettime(CLOCK_MONOTONIC, {118, 618034875}) = 0
20:38:50.400353,1023,getpid() = 1023
20:38:50.410360,1023,gettid() = 1023
20:38:50.410977,1023,clock_gettime(CLOCK_MONOTONIC, {118, 631467142}) = 0
20:38:50.411600,1023,ioctl(9, 0xc0186201, 0xbed0e1f0) = 0
20:38:50.412806,1023,ioctl(9, 0xc0186201 <unfinished ...>
20:38:50.421955,1036,<... ioctl resumed> , 0xacfa2e28) = 0
20:38:50.423429,1036,write(24, "1036", 4) = 4
20:38:50.427362,1036,getpriority(PRIO_PROCESS, 1036) = 20
20:38:50.431745,1036,clock_gettime(CLOCK_MONOTONIC, {118, 652701850}) = 0
20:38:50.433194,1036,write(24, "1036", 4) = 4
20:38:50.433936,1036,ioctl(9, 0xc0186201 <unfinished ...>
20:38:50.435452,1023,<... ioctl resumed> , 0xbed0e1f0) = 0
20:38:50.435783,1023,clock_gettime(CLOCK_MONOTONIC, {118, 656273677}) = 0
20:38:50.436797,1023,dup(36) = 38
20:38:50.437431,1023,fcntl64(38, F_SETFL, O_RDONLY|O_NONBLOCK) = 0
20:38:50.439575,1023,close(36) = 0
20:38:50.440633,1023,epoll_ctl(0x1e, 0x1, 0x26, 0xbed0e288) = 0
20:38:50.444718,1023,getpid() = 1023
20:38:50.445355,1023,gettid() = 1023
20:38:50.446082,1023,clock_gettime(CLOCK_MONOTONIC, {118, 666612955}) = 0
20:38:50.446796,1023,ioctl(9, 0xc0186201, 0xbed0e1f0) = 0
20:38:50.449197,1023,clock_gettime(CLOCK_MONOTONIC, {118, 670176415}) = 0
20:38:50.451808,1023,getpid() = 1023
20:38:50.452551,1023,gettid() = 1023
20:38:50.453097,1023,clock_gettime(CLOCK_MONOTONIC, {118, 673651344}) = 0
20:38:50.453739,1023,ioctl(9, 0xc0186201, 0xbed0e1f0) = 0
20:38:50.456526,1023,clock_gettime(CLOCK_MONOTONIC, {118, 677021784}) = 0
20:38:50.459441,1023,getpid() = 1023
20:38:50.460077,1023,gettid() = 1023
20:38:50.470880,1023,clock_gettime(CLOCK_MONOTONIC, {118, 691389133}) = 0
20:38:50.471570,1023,ioctl(9, 0xc0186201, 0xbed0e1f0) = 0
20:38:50.474807,1023,clock_gettime(CLOCK_MONOTONIC, {118, 695482301}) = 0
20:38:50.477684,1023,writev(3, [{"\3", 1}, {"AndroidRuntime\0", 15}, {"Shutting down VM\n\0", 18}], 3) = 34
20:38:50.479567,1023,writev(3, [{"\5", 1}, {"dalvikvm\0", 9}, {"threadid=1: thread exiting with "..., 70}], 3) = 80
20:38:50.481382,1023,mprotect(0xb1602000, 8192, PROT_READ|PROT_WRITE) = 0
20:38:50.497576,1023,writev(6, [{"\6", 1}, {"AndroidRuntime\0", 15}, {"FATAL EXCEPTION: main\njava.lang."..., 1408}], 3) = 1424
20:38:50.508646,1023,getpid() = 1023
20:38:50.509198,1023,gettid() = 1023
20:38:50.509782,1023,clock_gettime(CLOCK_MONOTONIC, {118, 730271555}) = 0
20:38:50.510438,1023,ioctl(9, 0xc0186201, 0xbed0e530) = 0
20:38:50.513891,1023,ioctl(9, 0xc0186201 <unfinished ...>
20:38:50.568504,1038,<... ioctl resumed> , 0xacd92e28) = 0
20:38:50.569887,1038,write(24, "1038", 4) = 4
20:38:50.570518,1038,getpriority(PRIO_PROCESS, 1038 <unfinished ...>
20:38:50.580757,1023,<... ioctl resumed> , 0xbed0e530) = 0
20:38:50.581135,1038,<... getpriority resumed> ) = 20
20:38:50.581652,1023,clock_gettime(CLOCK_MONOTONIC, <unfinished ...>
20:38:50.582697,1038,clock_gettime(CLOCK_MONOTONIC, <unfinished ...>
20:38:50.582975,1023,<... clock_gettime resumed> {118, 803188761}) = 0
20:38:50.583433,1038,<... clock_gettime resumed> {118, 803672112}) = 0
20:38:50.584017,1023,getpid( <unfinished ...>
20:38:50.584593,1038,write(24, "1038", 4 <unfinished ...>
20:38:50.584968,1023,<... getpid resumed> ) = 1023
20:38:50.585289,1038,<... write resumed> ) = 4
20:38:50.585774,1023,writev(3, [{"\4", 1}, {"Process\0", 8}, {"Sending signal. PID: 1023 SIG: 9"..., 33}], 3 <unfinished ...>
20:38:50.586653,1038,ioctl(9, 0xc0186201 <unfinished ...>
20:38:50.587210,1023,<... writev resumed> ) = 42
20:38:50.587681,1023,kill(1023, SIGKILL <unfinished ...>
20:38:50.602269,1027,+++ killed by SIGKILL +++
20:38:50.603852,1037,+++ killed by SIGKILL +++
20:38:50.604141,1036,+++ killed by SIGKILL +++
20:38:50.606118,1032,+++ killed by SIGKILL +++
20:38:50.606517,1031,+++ killed by SIGKILL +++
20:38:50.609192,1030,+++ killed by SIGKILL +++
20:38:50.609546,1029,+++ killed by SIGKILL +++
20:38:50.609806,1028,+++ killed by SIGKILL +++
20:38:50.615883,1038,+++ killed by SIGKILL +++
20:38:50.620737,1023,+++ killed by SIGKILL +++
20:38:50.621073,59,<... select resumed> ) = ? ERESTARTNOHAND (To be restarted)
20:38:50.621497,59,--- {si_signo=SIGCHLD, si_code=CLD_KILLED, si_pid=1023, si_status=SIGKILL, si_utime=44, si_stime=22} (Child exited) ---
20:38:50.630970,59,wait4(-1, [{WIFSIGNALED(s) && WTERMSIG(s) == SIGKILL}], WNOHANG, NULL) = 1023
20:38:50.631965,59,wait4(-1, 0xbed0e2dc, WNOHANG, NULL) = 0
20:38:50.632505,59,sigreturn() = ? (mask now [INT FPE KILL PIPE ALRM STKFLT CHLD CONT XCPU VTALRM PROF IO PWR RTMIN])
20:38:50.633762,59,select(24, [9 23], NULL, NULL, NULL) = ? ERESTARTNOHAND (To be restarted)
20:39:11.218346,59,--- {si_signo=SIGCHLD, si_code=CLD_KILLED, si_pid=570, si_status=SIGKILL, si_utime=13, si_stime=11} (Child exited) ---
20:39:11.218790,59,wait4(-1, [{WIFSIGNALED(s) && WTERMSIG(s) == SIGKILL}], WNOHANG, NULL) = 570
20:39:11.219463,59,wait4(-1, 0xbed0e2dc, WNOHANG, NULL) = 0
20:39:11.219893,59,sigreturn() = ? (mask now [INT FPE KILL PIPE ALRM STKFLT CHLD CONT XCPU VTALRM PROF IO PWR RTMIN])
20:39:11.220773,59,select(24, [9 23], NULL, NULL, NULL) = ? ERESTARTNOHAND (To be restarted)
20:39:18.771936,59,--- {si_signo=SIGCHLD, si_code=CLD_KILLED, si_pid=742, si_status=SIGKILL, si_utime=32, si_stime=16} (Child exited) ---
20:39:18.772311,59,wait4(-1, [{WIFSIGNALED(s) && WTERMSIG(s) == SIGKILL}], WNOHANG, NULL) = 742
20:39:18.772911,59,wait4(-1, 0xbed0e2dc, WNOHANG, NULL) = 0
20:39:18.773392,59,sigreturn() = ? (mask now [INT FPE KILL PIPE ALRM STKFLT CHLD CONT XCPU VTALRM PROF IO PWR RTMIN])
20:39:18.774348,59,select(24, [9 23], NULL, NULL, NULL