13:27:01.110600,1007,futex(0xb8db2e98, FUTEX_WAIT_PRIVATE, 0, NULL <unfinished ...>
13:27:01.237704,1005,futex(0xb8daab60, FUTEX_WAIT_PRIVATE, 0, NULL <unfinished ...>
13:27:01.238282,1004,futex(0xb8daf7b0, FUTEX_WAIT_PRIVATE, 0, NULL <unfinished ...>
13:27:01.238658,59,select(24, [9 23], NULL, NULL, NULL) = 1 (in [23])
13:27:04.819628,59,ioctl(23, FIONREAD, [160]) = 0
13:27:04.820951,59,recvmsg(23, {msg_name(0)=NULL, msg_iov(1)=[{"7\n--runtime-init\n--setuid=10050\n"..., 4217}], msg_controllen=0, msg_flags=0}, MSG_NOSIGNAL) = 160
13:27:04.823010,59,ioctl(23, FIONREAD, [0]) = 0
13:27:04.835391,59,futex(0xb8daf7b0, FUTEX_WAKE_PRIVATE, 1 <unfinished ...>
13:27:04.836334,1004,<... futex resumed> ) = 0
13:27:04.836816,1004,futex(0xb8daf7a0, FUTEX_WAIT_PRIVATE, 2, NULL <unfinished ...>
13:27:04.837033,59,<... futex resumed> ) = 1
13:27:04.837269,59,futex(0xb8daf7a0, FUTEX_WAKE_PRIVATE, 1 <unfinished ...>
13:27:04.837502,1004,<... futex resumed> ) = 0
13:27:04.837845,1004,futex(0xb8daf7a0, FUTEX_WAKE_PRIVATE, 1) = 0
13:27:04.838493,1004,futex(0xb687357c, FUTEX_WAIT_PRIVATE, 2, NULL <unfinished ...>
13:27:04.838761,59,<... futex resumed> ) = 1
13:27:04.838997,59,futex(0xb687357c, FUTEX_WAKE_PRIVATE, 1 <unfinished ...>
13:27:04.839227,1004,<... futex resumed> ) = 0
13:27:04.839469,1004,futex(0xb687357c, FUTEX_WAKE_PRIVATE, 1) = 0
13:27:04.839927,1004,munmap(0xb0edf000, 32768) = 0
13:27:04.840508,1004,sigprocmask(SIG_SETMASK, ~[SEGV], NULL) = 0
13:27:04.841524,1004,munmap(0xaf476000, 1048576) = 0
13:27:04.842163,1004,exit(0) = ?
13:27:04.844715,59,<... futex resumed> ) = 1
13:27:04.845079,59,futex(0xb8daab60, FUTEX_WAKE_PRIVATE, 1 <unfinished ...>
13:27:04.845394,1005,<... futex resumed> ) = 0
13:27:04.845718,1005,futex(0xb8daab50, FUTEX_WAIT_PRIVATE, 2, NULL <unfinished ...>
13:27:04.846003,59,<... futex resumed> ) = 1
13:27:04.846262,59,futex(0xb8daab50, FUTEX_WAKE_PRIVATE, 1 <unfinished ...>
13:27:04.846555,1005,<... futex resumed> ) = 0
13:27:04.846864,1005,futex(0xb8daab50, FUTEX_WAKE_PRIVATE, 1) = 0
13:27:04.847459,1005,futex(0xb687357c, FUTEX_WAIT_PRIVATE, 2, NULL <unfinished ...>
13:27:04.847710,59,<... futex resumed> ) = 1
13:27:04.847971,59,futex(0xb687357c, FUTEX_WAKE_PRIVATE, 1 <unfinished ...>
13:27:04.848200,1005,<... futex resumed> ) = 0
13:27:04.848439,1005,futex(0xb687357c, FUTEX_WAKE_PRIVATE, 1) = 0
13:27:04.848879,1005,munmap(0xaf46e000, 32768) = 0
13:27:04.849304,1005,sigprocmask(SIG_SETMASK, ~[SEGV], NULL) = 0
13:27:04.849787,1005,munmap(0xaf36e000, 1048576) = 0
13:27:04.850204,1005,exit(0) = ?
13:27:04.850702,59,<... futex resumed> ) = 1
13:27:04.850993,59,futex(0xb8db2e98, FUTEX_WAKE_PRIVATE, 1 <unfinished ...>
13:27:04.851232,1007,<... futex resumed> ) = 0
13:27:04.851470,1007,futex(0xb8db2e88, FUTEX_WAIT_PRIVATE, 2, NULL <unfinished ...>
13:27:04.851724,59,<... futex resumed> ) = 1
13:27:04.851979,59,futex(0xb8db2e88, FUTEX_WAKE_PRIVATE, 1 <unfinished ...>
13:27:04.852212,1007,<... futex resumed> ) = 0
13:27:04.852448,1007,futex(0xb8db2e88, FUTEX_WAKE_PRIVATE, 1) = 0
13:27:04.853047,1007,futex(0xb687357c, FUTEX_WAIT_PRIVATE, 2, NULL <unfinished ...>
13:27:04.853257,59,<... futex resumed> ) = 1
13:27:04.853489,59,futex(0xb687357c, FUTEX_WAKE_PRIVATE, 1 <unfinished ...>
13:27:04.864628,1007,<... futex resumed> ) = 0
13:27:04.866233,1007,futex(0xb687357c, FUTEX_WAKE_PRIVATE, 1) = 0
13:27:04.867285,1007,munmap(0xaf366000, 32768) = 0
13:27:04.867800,1007,sigprocmask(SIG_SETMASK, ~[SEGV], NULL) = 0
13:27:04.868272,1007,munmap(0xaf266000, 1048576) = 0
13:27:04.868783,1007,exit(0) = ?
13:27:04.869299,59,<... futex resumed> ) = 1
13:27:04.869818,59,open("/proc/self/task", O_RDONLY|O_DIRECTORY) = 24
13:27:04.872605,59,getdents64(24, /* 3 entries */, 4200) = 72
13:27:04.884863,59,getdents64(24, /* 0 entries */, 4200) = 0
13:27:04.885325,59,close(24) = 0
13:27:04.885957,59,sigaction(SIGCHLD, {0xb682b3dd, [], 0}, NULL, 0) = 0
13:27:04.886744,59,fork() = 1026
13:27:04.912521,59,mmap2(NULL, 32768, PROT_READ|PROT_WRITE, MAP_PRIVATE|MAP_ANONYMOUS, -1, 0) = 0xb0edf000
13:27:04.913318,59,madvise(0xb0edf000, 32768, 0xc /* MADV_??? */) = -1 EINVAL (Invalid argument)
13:27:04.914273,59,mmap2(NULL, 1048576, PROT_READ|PROT_WRITE, MAP_PRIVATE|MAP_ANONYMOUS|MAP_NORESERVE, -1, 0 <unfinished ...>
13:27:04.914986,1026,gettid() = 1026
13:27:04.915536,1026,getuid32() = 0
13:27:04.916241,1026,open("/acct/uid/0/tasks", O_RDWR|O_CREAT, 0666) = 24
13:27:04.917394,1026,write(24, "0", 1) = 1
13:27:04.918214,1026,close(24) = 0
13:27:04.919082,1026,prctl(PR_SET_KEEPCAPS, 1) = 0
13:27:04.919793,1026,setgroups32(2, [3003, 1028]) = 0
13:27:04.920897,1026,setgid32(10050) = 0
13:27:04.921469,1026,open("/acct/uid/10050/tasks", O_RDWR|O_CREAT, 0666) = 24
13:27:04.922178,1026,write(24, "0", 1) = 1
13:27:04.922771,1026,close(24) = 0
13:27:04.923344,1026,setuid32(10050) = 0
13:27:04.923934,1026,personality(0xffffffff /* PER_??? */) = 8388608
13:27:04.924542,1026,personality(0x840000 /* PER_??? */) = 8388608
13:27:04.925027,1026,capset(0xbef97794, 0xbef977a4) = 0
13:27:04.925579,1026,gettid() = 1026
13:27:04.926121,1026,access("/dev/cpuctl/tasks", F_OK) = 0
13:27:04.927321,1026,open("/dev/cpuctl/apps/tasks", O_WRONLY) = 24
13:27:04.928046,1026,open("/dev/cpuctl/apps/bg_non_interactive/tasks", O_WRONLY) = 25
13:27:04.928771,1026,futex(0xb6ec829c, FUTEX_WAKE_PRIVATE, 2147483647) = 0
13:27:04.929197,1026,write(24, "1026", 4) = 4
13:27:04.930532,1026,gettid() = 1026
13:27:04.931066,1026,prctl(PR_SET_DUMPABLE, 1) = 0
13:27:04.931637,1026,setrlimit(RLIMIT_CORE, {rlim_cur=0, rlim_max=RLIM64_INFINITY}) = 0
13:27:04.932345,1026,sigaction(SIGCHLD, {SIG_DFL, , NULL, 0) = 0
13:27:04.933049,1026,clock_gettime(CLOCK_MONOTONIC, {134, 760013922}) = 0
13:27:04.933954,59,<... mmap2 resumed> ) = 0xaf476000
13:27:04.934258,59,madvise(0xaf476000, 1048576, 0xc /* MADV_??? */) = -1 EINVAL (Invalid argument)
13:27:04.934868,59,mprotect(0xaf476000, 4096, PROT_NONE) = 0
13:27:04.935409,59,clone(child_stack=0xaf575f00, flags=CLONE_VM|CLONE_FS|CLONE_FILES|CLONE_SIGHAND|CLONE_THREAD|CLONE_SYSVSEM|0x400000) = 1027
13:27:04.937512,59,futex(0xb6873580, FUTEX_WAIT_PRIVATE, -324, NULL <unfinished ...>
13:27:04.938000,1027,set_tls(0xaf575f00, 0xb8c98548, 0xaf575ffc, 0x40, 0xaf575f00) = 0
13:27:04.940302,1027,prctl(PR_SET_NAME, 0xaf575e8c, 0, 0, 0) = 0
13:27:04.940885,1027,gettid() = 1027
13:27:04.941470,1027,futex(0xb6873580, FUTEX_WAKE_PRIVATE, 2147483647 <unfinished ...>
13:27:04.941791,59,<... futex resumed> ) = 0
13:27:04.943232,59,futex(0xb687357c, FUTEX_WAIT_PRIVATE, 2, NULL <unfinished ...>
13:27:04.943983,1027,<... futex resumed> ) = 1
13:27:04.944232,1027,futex(0xb687357c, FUTEX_WAKE_PRIVATE, 1) = 1
13:27:04.944837,1027,futex(0xb6873580, FUTEX_WAIT_PRIVATE, -326, NULL <unfinished ...>
13:27:04.945062,59,<... futex resumed> ) = 0
13:27:04.945321,59,futex(0xb687357c, FUTEX_WAKE_PRIVATE, 1) = 0
13:27:04.945776,59,futex(0xb6873580, FUTEX_WAKE_PRIVATE, 2147483647 <unfinished ...>
13:27:04.946022,1027,<... futex resumed> ) = 0
13:27:04.946312,1027,futex(0xb687357c, FUTEX_WAIT_PRIVATE, 2, NULL <unfinished ...>
13:27:04.946564,59,<... futex resumed> ) = 1
13:27:04.946850,59,futex(0xb687357c, FUTEX_WAKE_PRIVATE, 1 <unfinished ...>
13:27:04.947141,1027,<... futex resumed> ) = 0
13:27:04.947439,1027,futex(0xb687357c, FUTEX_WAKE_PRIVATE, 1) = 0
13:27:04.947971,1027,getpriority(PRIO_PROCESS, 1027) = 20
13:27:04.948388,1027,setpriority(PRIO_PROCESS, 1027, 0) = 0
13:27:04.948941,1027,sched_yield() = 0
13:27:04.949322,1027,nanosleep({0, 1000000}, <unfinished ...>
13:27:04.949719,59,<... futex resumed> ) = 1
13:27:04.950238,59,mmap2(NULL, 32768, PROT_READ|PROT_WRITE, MAP_PRIVATE|MAP_ANONYMOUS, -1, 0) = 0xaf46e000
13:27:04.950737,59,madvise(0xaf46e000, 32768, 0xc /* MADV_??? */) = -1 EINVAL (Invalid argument)
13:27:04.951182,59,mmap2(NULL, 1048576, PROT_READ|PROT_WRITE, MAP_PRIVATE|MAP_ANONYMOUS|MAP_NORESERVE, -1, 0) = 0xaf36e000
13:27:04.951779,59,madvise(0xaf36e000, 1048576, 0xc /* MADV_??? */ <unfinished ...>
13:27:04.952196,1027,<... nanosleep resumed> NULL) = 0
13:27:04.952722,1027,futex(0xb8daf7b0, FUTEX_WAIT_PRIVATE, 0, NULL <unfinished ...>
13:27:04.952976,59,<... madvise resumed> ) = -1 EINVAL (Invalid argument)
13:27:04.953213,59,mprotect(0xaf36e000, 4096, PROT_NONE) = 0
13:27:04.953636,59,clone(child_stack=0xaf46df00, flags=CLONE_VM|CLONE_FS|CLONE_FILES|CLONE_SIGHAND|CLONE_THREAD|CLONE_SYSVSEM|0x400000) = 1028
13:27:04.965389,59,futex(0xb6873580, FUTEX_WAIT_PRIVATE, -328, NULL <unfinished ...>
13:27:04.966108,1028,set_tls(0xaf46df00, 0xb8c93068, 0xaf46dffc, 0x40, 0xaf46df00) = 0
13:27:04.967341,1028,prctl(PR_SET_NAME, 0xaf46de8c, 0, 0, 0) = 0
13:27:04.967870,1028,gettid() = 1028
13:27:04.968328,1028,futex(0xb6873580, FUTEX_WAKE_PRIVATE, 2147483647 <unfinished ...>
13:27:04.968592,59,<... futex resumed> ) = 0
13:27:04.968914,59,futex(0xb687357c, FUTEX_WAIT_PRIVATE, 2, NULL <unfinished ...>
13:27:04.969191,1028,<... futex resumed> ) = 1
13:27:04.969441,1028,futex(0xb687357c, FUTEX_WAKE_PRIVATE, 1 <unfinished ...>
13:27:04.969726,59,<... futex resumed> ) = 0
13:27:04.970005,59,futex(0xb687357c, FUTEX_WAKE_PRIVATE, 1) = 0
13:27:04.970411,59,futex(0xb6873580, FUTEX_WAKE_PRIVATE, 2147483647) = 0
13:27:04.971168,59,mmap2(NULL, 32768, PROT_READ|PROT_WRITE, MAP_PRIVATE|MAP_ANONYMOUS, -1, 0) = 0xaf366000
13:27:04.971734,59,madvise(0xaf366000, 32768, 0xc /* MADV_??? */) = -1 EINVAL (Invalid argument)
13:27:04.972231,59,mmap2(NULL, 1048576, PROT_READ|PROT_WRITE, MAP_PRIVATE|MAP_ANONYMOUS|MAP_NORESERVE, -1, 0) = 0xaf266000
13:27:04.972745,59,madvise(0xaf266000, 1048576, 0xc /* MADV_??? */) = -1 EINVAL (Invalid argument)
13:27:04.973162,59,mprotect(0xaf266000, 4096, PROT_NONE) = 0
13:27:04.973619,59,clone( <unfinished ...>
13:27:04.974038,1028,<... futex resumed> ) = 1
13:27:04.974306,1028,futex(0xb6873580, FUTEX_WAIT_PRIVATE, -330, NULL) = -1 EAGAIN (Try again)
13:27:04.974805,1028,getpriority(PRIO_PROCESS, 1028) = 20
13:27:04.975279,1028,setpriority(PRIO_PROCESS, 1028, 0) = 0
13:27:04.976246,1028,futex(0xb8daab60, FUTEX_WAIT_PRIVATE, 0, NULL <unfinished ...>
13:27:04.987278,59,<... clone resumed> child_stack=0xaf365f00, flags=CLONE_VM|CLONE_FS|CLONE_FILES|CLONE_SIGHAND|CLONE_THREAD|CLONE_SYSVSEM|0x400000) = 1029
13:27:04.987615,59,futex(0xb6873580, FUTEX_WAIT_PRIVATE, -332, NULL <unfinished ...>
13:27:04.988077,1029,set_tls(0xaf365f00, 0xb8d76b40, 0xaf365ffc, 0x40, 0xaf365f00) = 0
13:27:04.988565,1029,prctl(PR_SET_NAME, 0xaf365e8c, 0, 0, 0) = 0
13:27:04.989064,1029,gettid() = 1029
13:27:04.989586,1029,futex(0xb6873580, FUTEX_WAKE_PRIVATE, 2147483647 <unfinished ...>
13:27:04.989907,59,<... futex resumed> ) = 0
13:27:04.991016,59,futex(0xb687357c, FUTEX_WAIT_PRIVATE, 2, NULL <unfinished ...>
13:27:04.991309,1029,<... futex resumed> ) = 1
13:27:04.991564,1029,futex(0xb687357c, FUTEX_WAKE_PRIVATE, 1 <unfinished ...>
13:27:04.991880,59,<... futex resumed> ) = 0
13:27:04.992135,59,futex(0xb687357c, FUTEX_WAKE_PRIVATE, 1) = 0
13:27:04.992963,59,futex(0xb6873580, FUTEX_WAKE_PRIVATE, 2147483647) = 0
13:27:04.993822,59,getpgid(0xe7 <unfinished ...>
13:27:04.994072,1029,<... futex resumed> ) = 1
13:27:04.994399,1029,futex(0xb6873580, FUTEX_WAIT_PRIVATE, -334, NULL) = -1 EAGAIN (Try again)
13:27:04.994931,1029,getpriority(PRIO_PROCESS, 1029) = 20
13:27:04.995324,1029,setpriority(PRIO_PROCESS, 1029, 0) = 0
13:27:04.995902,1029,futex(0xb8db2e98, FUTEX_WAIT_PRIVATE, 0, NULL <unfinished ...>
13:27:04.996114,59,<... getpgid resumed> ) = 59
13:27:04.996423,59,setpgid(1026, 59) = 0
13:27:04.996972,59,sendmsg(23, {msg_name(0)=NULL, msg_iov(1)=[{"\0\0\4\2", 4}], msg_controllen=0, msg_flags=0}, MSG_NOSIGNAL) = 4
13:27:04.997933,59,sendmsg(23, {msg_name(0)=NULL, msg_iov(1)=[{"\0", 1}], msg_controllen=0, msg_flags=0}, MSG_NOSIGNAL) = 1
13:27:04.998820,59,select(24, [9 23], NULL, NULL, NULL <unfinished ...>
13:27:05.015382,1026,mmap2(NULL, 1048576, PROT_READ|PROT_WRITE, MAP_PRIVATE|MAP_ANONYMOUS|MAP_NORESERVE, -1, 0) = 0xaf476000
13:27:05.016030,1026,madvise(0xaf476000, 1048576, 0xc /* MADV_??? */) = -1 EINVAL (Invalid argument)
13:27:05.016470,1026,mprotect(0xaf476000, 4096, PROT_NONE) = 0
13:27:05.017008,1026,clone(child_stack=0xaf575f00, flags=CLONE_VM|CLONE_FS|CLONE_FILES|CLONE_SIGHAND|CLONE_THREAD|CLONE_SYSVSEM|0x400000) = 1030
13:27:05.020543,1026,futex(0xb6873580, FUTEX_WAIT_PRIVATE, -324, NULL <unfinished ...>
13:27:05.023971,1030,set_tls(0xaf575f00, 0xb8c98548, 0xaf575ffc, 0x40, 0xaf575f00) = 0
13:27:05.024405,1030,prctl(PR_SET_NAME, 0xaf575eac, 0, 0, 0) = 0
13:27:05.025100,1030,mmap2(NULL, 32768, PROT_READ|PROT_WRITE, MAP_PRIVATE|MAP_ANONYMOUS, -1, 0) = 0xaf46e000
13:27:05.025558,1030,madvise(0xaf46e000, 32768, 0xc /* MADV_??? */) = -1 EINVAL (Invalid argument)
13:27:05.026180,1030,gettid() = 1030
13:27:05.035318,1030,getpriority(PRIO_PROCESS, 0) = 20
13:27:05.036709,1030,futex(0xb6873580, FUTEX_WAKE_PRIVATE, 2147483647) = 1
13:27:05.037188,1026,<... futex resumed> ) = 0
13:27:05.037461,1026,futex(0xb687357c, FUTEX_WAIT_PRIVATE, 2, NULL <unfinished ...>
13:27:05.037815,1030,futex(0xb687357c, FUTEX_WAKE_PRIVATE, 1) = 1
13:27:05.038233,1026,<... futex resumed> ) = 0
13:27:05.039291,1026,futex(0xb687357c, FUTEX_WAKE_PRIVATE, 1) = 0
13:27:05.039899,1026,clock_gettime(CLOCK_MONOTONIC, {134, 866796744}) = 0
13:27:05.040471,1026,clock_gettime(CLOCK_MONOTONIC, {134, 867365697}) = 0
13:27:05.041250,1026,mmap2(NULL, 1048576, PROT_READ|PROT_WRITE, MAP_PRIVATE|MAP_ANONYMOUS|MAP_NORESERVE, -1, 0) = 0xaf36e000
13:27:05.041827,1026,madvise(0xaf36e000, 1048576, 0xc /* MADV_??? */) = -1 EINVAL (Invalid argument)
13:27:05.042369,1026,mprotect(0xaf36e000, 4096, PROT_NONE) = 0
13:27:05.042947,1026,clone(child_stack=0xaf46df00, flags=CLONE_VM|CLONE_FS|CLONE_FILES|CLONE_SIGHAND|CLONE_THREAD|CLONE_SYSVSEM|0x400000) = 1031
13:27:05.044379,1026,futex(0xb6873580, FUTEX_WAIT_PRIVATE, -326, NULL <unfinished ...>
13:27:05.044710,1030,futex(0xb8c7a9a8, FUTEX_WAIT_PRIVATE, 0, NULL <unfinished ...>
13:27:05.047802,1031,set_tls(0xaf46df00, 0xb8c93068, 0xaf46dffc, 0x40, 0xaf46df00) = 0
13:27:05.048307,1031,prctl(PR_SET_NAME, 0xaf46deac, 0, 0, 0) = 0
13:27:05.048818,1031,mmap2(NULL, 32768, PROT_READ|PROT_WRITE, MAP_PRIVATE|MAP_ANONYMOUS, -1, 0) = 0xaf366000
13:27:05.049267,1031,madvise(0xaf366000, 32768, 0xc /* MADV_??? */) = -1 EINVAL (Invalid argument)
13:27:05.049752,1031,gettid() = 1031
13:27:05.050435,1031,getpriority(PRIO_PROCESS, 0) = 20
13:27:05.051003,1031,futex(0xb6873580, FUTEX_WAKE_PRIVATE, 2147483647) = 1
13:27:05.051428,1026,<... futex resumed> ) = 0
13:27:05.051794,1026,futex(0xb687357c, FUTEX_WAIT_PRIVATE, 2, NULL <unfinished ...>
13:27:05.052077,1031,futex(0xb687357c, FUTEX_WAKE_PRIVATE, 1) = 1
13:27:05.052479,1026,<... futex resumed> ) = 0
13:27:05.052840,1026,futex(0xb687357c, FUTEX_WAKE_PRIVATE, 1) = 0
13:27:05.053326,1026,clock_gettime(CLOCK_MONOTONIC, {134, 880221341}) = 0
13:27:05.053876,1026,clock_gettime(CLOCK_MONOTONIC, {134, 880769556}) = 0
13:27:05.064587,1031,rt_sigtimedwait([QUIT USR1 RT_7 RT_14 RT_18 RT_19 RT_20 RT_21 RT_22 RT_23 RT_24 RT_26 RT_27 RT_29 RT_30], NULL, NULL, 8 <unfinished ...>
13:27:05.065349,1026,mmap2(NULL, 1048576, PROT_READ|PROT_WRITE, MAP_PRIVATE|MAP_ANONYMOUS|MAP_NORESERVE, -1, 0) = 0xaf266000
13:27:05.067269,1026,madvise(0xaf266000, 1048576, 0xc /* MADV_??? */) = -1 EINVAL (Invalid argument)
13:27:05.067847,1026,mprotect(0xaf266000, 4096, PROT_NONE) = 0
13:27:05.068360,1026,clone(child_stack=0xaf365f00, flags=CLONE_VM|CLONE_FS|CLONE_FILES|CLONE_SIGHAND|CLONE_THREAD|CLONE_SYSVSEM|0x400000) = 1032
13:27:05.071282,1026,futex(0xb6873580, FUTEX_WAIT_PRIVATE, -328, NULL <unfinished ...>
13:27:05.083908,1032,set_tls(0xaf365f00, 0xb8d76b40, 0xaf365ffc, 0x40, 0xaf365f00) = 0
13:27:05.084551,1032,prctl(PR_SET_NAME, 0xaf365eac, 0, 0, 0) = 0
13:27:05.085392,1032,mmap2(NULL, 32768, PROT_READ|PROT_WRITE, MAP_PRIVATE|MAP_ANONYMOUS, -1, 0) = 0xaf25e000
13:27:05.086006,1032,madvise(0xaf25e000, 32768, 0xc /* MADV_??? */) = -1 EINVAL (Invalid argument)
13:27:05.086622,1032,gettid() = 1032
13:27:05.087377,1032,getpriority(PRIO_PROCESS, 0) = 20
13:27:05.087986,1032,futex(0xb6873580, FUTEX_WAKE_PRIVATE, 2147483647 <unfinished ...>
13:27:05.088280,1026,<... futex resumed> ) = 0
13:27:05.088561,1026,futex(0xb687357c, FUTEX_WAIT_PRIVATE, 2, NULL <unfinished ...>
13:27:05.088900,1032,<... futex resumed> ) = 1
13:27:05.089186,1032,futex(0xb687357c, FUTEX_WAKE_PRIVATE, 1 <unfinished ...>
13:27:05.090236,1026,<... futex resumed> ) = 0
13:27:05.090683,1026,futex(0xb687357c, FUTEX_WAKE_PRIVATE, 1) = 0
13:27:05.091219,1026,futex(0xb8d6d7fc, FUTEX_WAIT_PRIVATE, 0, NULL <unfinished ...>
13:27:05.091492,1032,<... futex resumed> ) = 1
13:27:05.091835,1032,futex(0xb8d6d7fc, FUTEX_WAKE_PRIVATE, 2147483647 <unfinished ...>
13:27:05.092120,1026,<... futex resumed> ) = 0
13:27:05.092395,1026,futex(0xb8d6d7f8, FUTEX_WAIT_PRIVATE, 2, NULL <unfinished ...>
13:27:05.092698,1032,<... futex resumed> ) = 1
13:27:05.092993,1032,futex(0xb8d6d7f8, FUTEX_WAKE_PRIVATE, 1 <unfinished ...>
13:27:05.093261,1026,<... futex resumed> ) = 0
13:27:05.093537,1026,futex(0xb8d6d7f8, FUTEX_WAKE_PRIVATE, 1 <unfinished ...>
13:27:05.104844,1032,<... futex resumed> ) = 1
13:27:05.105245,1026,<... futex resumed> ) = 0
13:27:05.105729,1026,clock_gettime(CLOCK_MONOTONIC, {134, 932663657}) = 0
13:27:05.107620,1026,mmap2(NULL, 32768, PROT_READ|PROT_WRITE, MAP_PRIVATE|MAP_ANONYMOUS, -1, 0) = 0xaf256000
13:27:05.108917,1026,madvise(0xaf256000, 32768, 0xc /* MADV_??? */) = -1 EINVAL (Invalid argument)
13:27:05.109400,1026,mmap2(NULL, 1048576, PROT_READ|PROT_WRITE, MAP_PRIVATE|MAP_ANONYMOUS|MAP_NORESERVE, -1, 0) = 0xad2c9000
13:27:05.109973,1026,madvise(0xad2c9000, 1048576, 0xc /* MADV_??? */) = -1 EINVAL (Invalid argument)
13:27:05.110892,1026,mprotect(0xad2c9000, 4096, PROT_NONE) = 0
13:27:05.111397,1026,clone(child_stack=0xad3c8f00, flags=CLONE_VM|CLONE_FS|CLONE_FILES|CLONE_SIGHAND|CLONE_THREAD|CLONE_SYSVSEM|0x400000) = 1033
13:27:05.123978,1026,futex(0xb6873580, FUTEX_WAIT_PRIVATE, -330, NULL <unfinished ...>
13:27:05.124251,1032,socket(PF_UNIX, SOCK_STREAM, 0) = 26
13:27:05.124965,1032,pipe([27, 28]) = 0
13:27:05.126999,1032,getpid() = 1026
13:27:05.127792,1032,connect(26, {sa_family=AF_UNIX, path=@"jdwp-control"...}, 15) = 0
13:27:05.129169,1032,getsockopt(26, SOL_SOCKET, SO_PEERCRED, {pid=66, uid=0, gid=0}, [12]) = 0
13:27:05.129947,1032,sendto(26, "0402", 4, 0, NULL, 0) = 4
13:27:05.131032,1032,recvmsg(26, <unfinished ...>
13:27:05.131459,1033,set_tls(0xad3c8f00, 0xb8d69088, 0xad3c8ffc, 0x40, 0xad3c8f00) = 0
13:27:05.132307,1033,prctl(PR_SET_NAME, 0xad3c8e8c, 0, 0, 0) = 0
13:27:05.132868,1033,gettid() = 1033
13:27:05.133573,1033,futex(0xb6873580, FUTEX_WAKE_PRIVATE, 2147483647 <unfinished ...>
13:27:05.133924,1026,<... futex resumed> ) = 0
13:27:05.146745,1033,<... futex resumed> ) = 1
13:27:05.146985,1026,futex(0xb687357c, FUTEX_WAIT_PRIVATE, 2, NULL <unfinished ...>
13:27:05.155734,1033,futex(0xb687357c, FUTEX_WAKE_PRIVATE, 1 <unfinished ...>
13:27:05.156059,1026,<... futex resumed> ) = 0
13:27:05.156375,1026,futex(0xb687357c, FUTEX_WAKE_PRIVATE, 1) = 0
13:27:05.156876,1026,futex(0xb6873580, FUTEX_WAKE_PRIVATE, 2147483647) = 0
13:27:05.157677,1026,mmap2(NULL, 32768, PROT_READ|PROT_WRITE, MAP_PRIVATE|MAP_ANONYMOUS, -1, 0) = 0xad2c1000
13:27:05.158475,1026,madvise(0xad2c1000, 32768, 0xc /* MADV_??? */) = -1 EINVAL (Invalid argument)
13:27:05.159000,1026,mmap2(NULL, 1048576, PROT_READ|PROT_WRITE, MAP_PRIVATE|MAP_ANONYMOUS|MAP_NORESERVE, -1, 0) = 0xad1c1000
13:27:05.159473,1026,madvise(0xad1c1000, 1048576, 0xc /* MADV_??? */) = -1 EINVAL (Invalid argument)
13:27:05.160048,1026,mprotect(0xad1c1000, 4096, PROT_NONE) = 0
13:27:05.161911,1026,clone(child_stack=0xad2c0f00, flags=CLONE_VM|CLONE_FS|CLONE_FILES|CLONE_SIGHAND|CLONE_THREAD|CLONE_SYSVSEM|0x400000) = 1034
13:27:05.164050,1026,futex(0xb6873580, FUTEX_WAIT_PRIVATE, -334, NULL <unfinished ...>
13:27:05.164353,1033,<... futex resumed> ) = 1
13:27:05.164620,1033,futex(0xb6873580, FUTEX_WAIT_PRIVATE, -332, NULL) = -1 EAGAIN (Try again)
13:27:05.174224,1033,getpriority(PRIO_PROCESS, 1033) = 20
13:27:05.174798,1033,setpriority(PRIO_PROCESS, 1033, 0) = 0
13:27:05.175529,1033,futex(0xb8d79748, FUTEX_WAIT_PRIVATE, 0, NULL <unfinished ...>
13:27:05.176043,1034,set_tls(0xad2c0f00, 0xb8d90c18, 0xad2c0ffc, 0x40, 0xad2c0f00) = 0
13:27:05.176545,1034,prctl(PR_SET_NAME, 0xad2c0e8c, 0, 0, 0) = 0
13:27:05.177063,1034,gettid() = 1034
13:27:05.177751,1034,futex(0xb6873580, FUTEX_WAKE_PRIVATE, 2147483647 <unfinished ...>
13:27:05.179140,1026,<... futex resumed> ) = 0
13:27:05.179558,1026,futex(0xb687357c, FUTEX_WAIT_PRIVATE, 2, NULL <unfinished ...>
13:27:05.179882,1034,<... futex resumed> ) = 1
13:27:05.180182,1034,futex(0xb687357c, FUTEX_WAKE_PRIVATE, 1 <unfinished ...>
13:27:05.180481,1026,<... futex resumed> ) = 0
13:27:05.180827,1026,futex(0xb687357c, FUTEX_WAKE_PRIVATE, 1) = 0
13:27:05.181296,1026,futex(0xb6873580, FUTEX_WAKE_PRIVATE, 2147483647) = 0
13:27:05.182332,1026,mmap2(NULL, 32768, PROT_READ|PROT_WRITE, MAP_PRIVATE|MAP_ANONYMOUS, -1, 0) = 0xad1b9000
13:27:05.182940,1026,madvise(0xad1b9000, 32768, 0xc /* MADV_??? */) = -1 EINVAL (Invalid argument)
13:27:05.183408,1026,mmap2(NULL, 1048576, PROT_READ|PROT_WRITE, MAP_PRIVATE|MAP_ANONYMOUS|MAP_NORESERVE, -1, 0) = 0xad0b9000
13:27:05.183975,1026,madvise(0xad0b9000, 1048576, 0xc /* MADV_??? */) = -1 EINVAL (Invalid argument)
13:27:05.184448,1026,mprotect(0xad0b9000, 4096, PROT_NONE) = 0
13:27:05.185028,1026,clone(child_stack=0xad1b8f00, flags=CLONE_VM|CLONE_FS|CLONE_FILES|CLONE_SIGHAND|CLONE_THREAD|CLONE_SYSVSEM|0x400000) = 1035
13:27:05.187236,1026,futex(0xb6873580, FUTEX_WAIT_PRIVATE, -338, NULL <unfinished ...>
13:27:05.187508,1034,<... futex resumed> ) = 1
13:27:05.187842,1034,futex(0xb6873580, FUTEX_WAIT_PRIVATE, -336, NULL) = -1 EAGAIN (Try again)
13:27:05.188324,1034,getpriority(PRIO_PROCESS, 1034) = 20
13:27:05.188830,1034,setpriority(PRIO_PROCESS, 1034, 0) = 0
13:27:05.189373,1034,futex(0xb8d94220, FUTEX_WAIT_PRIVATE, 0, NULL <unfinished ...>
13:27:05.196734,1035,set_tls(0xad1b8f00, 0xb8dbbd18, 0xad1b8ffc, 0x40, 0xad1b8f00) = 0
13:27:05.197309,1035,prctl(PR_SET_NAME, 0xad1b8e8c, 0, 0, 0) = 0
13:27:05.198044,1035,gettid() = 1035
13:27:05.199150,1035,futex(0xb6873580, FUTEX_WAKE_PRIVATE, 2147483647 <unfinished ...>
13:27:05.199489,1026,<... futex resumed> ) = 0
13:27:05.199834,1026,futex(0xb687357c, FUTEX_WAIT_PRIVATE, 2, NULL <unfinished ...>
13:27:05.200148,1035,<... futex resumed> ) = 1
13:27:05.200410,1035,futex(0xb687357c, FUTEX_WAKE_PRIVATE, 1 <unfinished ...>
13:27:05.200776,1026,<... futex resumed> ) = 0
13:27:05.201089,1026,futex(0xb687357c, FUTEX_WAKE_PRIVATE, 1) = 0
13:27:05.201581,1026,futex(0xb6873580, FUTEX_WAKE_PRIVATE, 2147483647) = 0
13:27:05.203474,1026,close(23) = 0
13:27:05.204626,1026,close(9) = 0
13:27:05.206288,1026,open("/dev/binder", O_RDWR) = 9
13:27:05.207119,1026,fcntl64(9, F_SETFD, FD_CLOEXEC) = 0
13:27:05.207784,1026,ioctl(9, 0xc0046209, 0xbef97638) = 0
13:27:05.208387,1026,ioctl(9, 0x40046205, 0xbef9763c) = 0
13:27:05.208948,1026,mmap2(NULL, 1040384, PROT_READ, MAP_PRIVATE|MAP_NORESERVE, 9, 0) = 0xacfbb000
13:27:05.209519,1026,madvise(0xacfbb000, 1040384, 0xc /* MADV_??? */) = -1 EINVAL (Invalid argument)
13:27:05.210117,1026,prctl(PR_SET_NAME, 0xb8d942ed, 0, 0, 0) = 0
13:27:05.210601,1026,open("/sys/qemu_trace/process_name", O_RDWR) = 23
13:27:05.211850,1026,write(23, "com.boxitsoft.zombargedon1_2\0", 29) = 29
13:27:05.213314,1026,close(23) = 0
13:27:05.214393,1035,<... futex resumed> ) = 1
13:27:05.214697,1035,futex(0xb6873580, FUTEX_WAIT_PRIVATE, -340, NULL) = -1 EAGAIN (Try again)
13:27:05.215412,1035,getpriority(PRIO_PROCESS, 1035) = 20
13:27:05.215935,1035,setpriority(PRIO_PROCESS, 1035, 0) = 0
13:27:05.216546,1035,futex(0xb8d9a578, FUTEX_WAIT_PRIVATE, 0, NULL <unfinished ...>
13:27:05.558463,1026,mmap2(NULL, 1048576, PROT_READ|PROT_WRITE, MAP_PRIVATE|MAP_ANONYMOUS|MAP_NORESERVE, -1, 0) = 0xacebb000
13:27:05.559188,1026,madvise(0xacebb000, 1048576, 0xc /* MADV_??? */) = -1 EINVAL (Invalid argument)
13:27:05.559780,1026,mprotect(0xacebb000, 4096, PROT_NONE) = 0
13:27:05.560321,1026,clone(child_stack=0xacfbaf00, flags=CLONE_VM|CLONE_FS|CLONE_FILES|CLONE_SIGHAND|CLONE_THREAD|CLONE_SYSVSEM|0x400000) = 1039
13:27:05.564451,1026,writev(3, [{"\4", 1}, {"dalvikvm\0", 9}, {"Turning on JNI app bug workaroun"..., 63}], 3) = 73
13:27:05.566780,1039,set_tls(0xacfbaf00, 0xb8d52a30, 0xacfbaffc, 0x40, 0xacfbaf00) = 0
13:27:05.567235,1039,setpriority(PRIO_PROCESS, 0, 0) = 0
13:27:05.567811,1039,futex(0xb6eb70b0, FUTEX_WAKE_PRIVATE, 2147483647) = 0
13:27:05.568291,1039,gettid() = 1039
13:27:05.568808,1039,write(24, "1039", 4) = 4
13:27:05.569335,1039,prctl(PR_SET_NAME, 0xb8d564a8, 0, 0, 0) = 0
13:27:05.569869,1039,mmap2(NULL, 32768, PROT_READ|PROT_WRITE, MAP_PRIVATE|MAP_ANONYMOUS, -1, 0) = 0xaceb3000
13:27:05.570589,1039,madvise(0xaceb3000, 32768, 0xc /* MADV_??? */) = -1 EINVAL (Invalid argument)
13:27:05.571185,1039,gettid() = 1039
13:27:05.571866,1039,getpriority(PRIO_PROCESS, 0) = 20
13:27:05.572486,1039,gettid() = 1039
13:27:05.597509,1026,prctl(PR_SET_NAME, 0xb8d6ef7a, 0, 0, 0) = 0
13:27:05.598168,1026,open("/sys/qemu_trace/process_name", O_RDWR) = 23
13:27:05.598960,1026,write(23, "<pre-initialized>\0", 18) = 18
13:27:05.599690,1026,close(23) = 0
13:27:05.602076,1026,futex(0xb6eb70c0, FUTEX_WAKE_PRIVATE, 2147483647) = 0
13:27:05.602619,1026,pipe([23, 29]) = 0
13:27:05.603475,1026,fcntl64(23, F_SETFL, O_RDONLY|O_NONBLOCK) = 0
13:27:05.604202,1026,fcntl64(29, F_SETFL, O_RDONLY|O_NONBLOCK) = 0
13:27:05.634003,1026,epoll_create(0x8) = 30
13:27:05.647509,1026,epoll_ctl(0x1e, 0x1, 0x17, 0xbef97300) = 0
13:27:05.653548,1026,futex(0xb6e7b030, FUTEX_WAIT_PRIVATE, 2, NULL <unfinished ...>
13:27:05.653921,1039,futex(0xb6e7b030, FUTEX_WAKE_PRIVATE, 1 <unfinished ...>
13:27:05.654210,1026,<... futex resumed> ) = 0
13:27:05.654584,1039,<... futex resumed> ) = 1
13:27:05.654932,1039,gettid() = 1039
13:27:05.655468,1039,getpid() = 1026
13:27:05.655987,1039,getuid32() = 10050
13:27:05.656539,1039,write(24, "1039", 4) = 4
13:27:05.657116,1039,ioctl(9, 0xc0186201, 0xacfbae28) = 0
13:27:05.657627,1039,mmap2(NULL, 1048576, PROT_READ|PROT_WRITE, MAP_PRIVATE|MAP_ANONYMOUS|MAP_NORESERVE, -1, 0) = 0xacdb3000
13:27:05.658191,1039,madvise(0xacdb3000, 1048576, 0xc /* MADV_??? */) = -1 EINVAL (Invalid argument)
13:27:05.658718,1039,mprotect(0xacdb3000, 4096, PROT_NONE) = 0
13:27:05.659404,1039,clone(child_stack=0xaceb2f00, flags=CLONE_VM|CLONE_FS|CLONE_FILES|CLONE_SIGHAND|CLONE_THREAD|CLONE_SYSVSEM|0x400000) = 1040
13:27:05.662462,1039,write(24, "1039", 4) = 4
13:27:05.663569,1040,set_tls(0xaceb2f00, 0xb8c95518, 0xaceb2ffc, 0x40, 0xaceb2f00) = 0
13:27:05.664058,1040,setpriority(PRIO_PROCESS, 0, 0) = 0
13:27:05.664493,1040,gettid() = 1040
13:27:05.664962,1040,write(24, "1040", 4) = 4
13:27:05.665458,1040,prctl(PR_SET_NAME, 0xb8d6d868, 0, 0, 0) = 0
13:27:05.666176,1040,mmap2(NULL, 32768, PROT_READ|PROT_WRITE, MAP_PRIVATE|MAP_ANONYMOUS, -1, 0) = 0xacdab000
13:27:05.666675,1040,madvise(0xacdab000, 32768, 0xc /* MADV_??? */) = -1 EINVAL (Invalid argument)
13:27:05.667271,1040,gettid() = 1040
13:27:05.667908,1040,getpriority(PRIO_PROCESS, 0) = 20
13:27:05.668471,1040,gettid() = 1040
13:27:05.668994,1040,gettid() = 1040
13:27:05.669442,1040,getpid() = 1026
13:27:05.669924,1040,getuid32() = 10050
13:27:05.671326,1040,write(24, "1040", 4) = 4
13:27:05.671900,1040,ioctl(9, 0xc0186201, 0xaceb2e28) = 0
13:27:05.672450,1040,mmap2(NULL, 1048576, PROT_READ|PROT_WRITE, MAP_PRIVATE|MAP_ANONYMOUS|MAP_NORESERVE, -1, 0) = 0xaccab000
13:27:05.672981,1040,madvise(0xaccab000, 1048576, 0xc /* MADV_??? */) = -1 EINVAL (Invalid argument)
13:27:05.673442,1040,mprotect(0xaccab000, 4096, PROT_NONE) = 0
13:27:05.674155,1040,clone( <unfinished ...>
13:27:05.674617,1026,futex(0xb6e7b030, FUTEX_WAKE_PRIVATE, 1) = 0
13:27:05.675303,1026,gettid() = 1026
13:27:05.675804,1026,getpid() = 1026
13:27:05.676257,1026,getuid32() = 10050
13:27:05.678764,1026,getpid() = 1026
13:27:05.679256,1026,gettid() = 1026
13:27:05.679755,1026,clock_gettime(CLOCK_MONOTONIC, {135, 506660297}) = 0
13:27:05.680293,1026,ioctl(9, 0xc0186201, 0xbef971f0) = 0
13:27:05.681050,1026,clock_gettime(CLOCK_MONOTONIC, {135, 507955943}) = 0
13:27:05.683121,1026,getpid() = 1026
13:27:05.683595,1026,gettid() = 1026
13:27:05.684091,1026,clock_gettime(CLOCK_MONOTONIC, {135, 510994078}) = 0
13:27:05.684620,1026,ioctl(9, 0xc0186201, 0xbef971f0) = 0
13:27:05.685826,1026,ioctl(9, 0xc0186201 <unfinished ...>
13:27:05.725016,1039,ioctl(9, 0xc0186201 <unfinished ...>
13:27:05.748804,1040,<... clone resumed> child_stack=0xacdaaf00, flags=CLONE_VM|CLONE_FS|CLONE_FILES|CLONE_SIGHAND|CLONE_THREAD|CLONE_SYSVSEM|0x400000) = 1042
13:27:05.749180,1040,write(24, "1040", 4) = 4
13:27:05.749801,1040,ioctl(9, 0xc0186201 <unfinished ...>
13:27:05.750250,1042,set_tls(0xacdaaf00, 0xb8d4db30, 0xacdaaffc, 0x40, 0xacdaaf00) = 0
13:27:05.750793,1042,setpriority(PRIO_PROCESS, 0, 0) = 0
13:27:05.751286,1042,gettid() = 1042
13:27:05.751784,1042,write(24, "1042", 4) = 4
13:27:05.752294,1042,prctl(PR_SET_NAME, 0xb8d6d868, 0, 0, 0) = 0
13:27:05.752820,1042,mmap2(NULL, 32768, PROT_READ|PROT_WRITE, MAP_PRIVATE|MAP_ANONYMOUS, -1, 0) = 0xacca3000
13:27:05.753301,1042,madvise(0xacca3000, 32768, 0xc /* MADV_??? */) = -1 EINVAL (Invalid argument)
13:27:05.753797,1042,gettid( <unfinished ...>
13:27:05.767153,1039,<... ioctl resumed> , 0xacfbae28) = 0
13:27:05.767507,1039,write(24, "1039", 4) = 4
13:27:05.768083,1039,getpriority(PRIO_PROCESS, 1039) = 20
13:27:05.784298,1042,<... gettid resumed> ) = 1042
13:27:05.784978,1042,getpriority(PRIO_PROCESS, 0) = 20
13:27:05.785552,1042,gettid() = 1042
13:27:05.787585,1042,gettid() = 1042
13:27:05.788089,1042,getpid() = 1026
13:27:05.788546,1042,getuid32() = 10050
13:27:05.789161,1042,write(24, "1042", 4) = 4
13:27:05.789738,1042,ioctl(9, 0xc0186201, 0xacdaae28) = 0
13:27:05.790227,1042,write(24, "1042", 4) = 4
13:27:05.790840,1042,ioctl(9, 0xc0186201 <unfinished ...>
13:27:05.809399,1039,clock_gettime(CLOCK_MONOTONIC, {135, 636362377}) = 0
13:27:05.810331,1039,clock_gettime(CLOCK_MONOTONIC, {135, 637405213}) = 0
13:27:05.811144,1039,write(24, "1039", 4) = 4
13:27:05.811712,1039,ioctl(9, 0xc0186201, 0xacfbae28) = 0
13:27:05.812203,1039,write(24, "1039", 4) = 4
13:27:05.812760,1039,getpriority(PRIO_PROCESS, 1039) = 20
13:27:05.864591,1026,<... ioctl resumed> , 0xbef971f0) = 0
13:27:05.865091,1026,clock_gettime(CLOCK_MONOTONIC, {135, 692015233}) = 0
13:27:05.867298,1026,mprotect(0xb1615000, 8192, PROT_READ|PROT_WRITE) = 0
13:27:05.870801,1026,getpid() = 1026
13:27:05.871369,1026,getuid32() = 10050
13:27:05.871964,1026,getpid() = 1026
13:27:05.872444,1026,getuid32() = 10050
13:27:05.872991,1026,epoll_wait(0x1e, 0xbef971f8, 0x10, 0) = 0
13:27:05.873498,1026,clock_gettime(CLOCK_MONOTONIC, {135, 700449311}) = 0
13:27:05.881500,1026,open("/sys/kernel/debug/tracing/trace_marker", O_WRONLY <unfinished ...>
13:27:05.886038,1039,clock_gettime(CLOCK_MONOTONIC, <unfinished ...>
13:27:05.894068,1026,<... open resumed> ) = -1 ENOENT (No such file or directory)
13:27:05.894481,1039,<... clock_gettime resumed> {135, 721035177}) = 0
13:27:05.896263,1026,writev(3, [{"\6", 1}, {"Trace\0", 6}, {"error opening trace file: No suc"..., 56}], 3 <unfinished ...>
13:27:05.897173,1039,write(24, "1039", 4) = 4
13:27:05.898222,1026,<... writev resumed> ) = 63
13:27:05.898574,1039,ioctl(9, 0xc0186201 <unfinished ...>
13:27:05.905067,1026,getpid() = 1026
13:27:05.908188,1026,getuid32() = 10050
13:27:05.909176,1026,epoll_wait(0x1e, 0xbef971f8, 0x10, 0) = 0
13:27:05.909803,1026,clock_gettime(CLOCK_MONOTONIC, {135, 736749803}) = 0
13:27:05.910890,1026,prctl(PR_SET_NAME, 0xb8d5bbbd, 0, 0, 0) = 0
13:27:05.911382,1026,open("/sys/qemu_trace/process_name", O_RDWR) = 31
13:27:05.912206,1026,write(31, "com.boxitsoft.zombargedon1_2\0", 29) = 29
13:27:05.912930,1026,close(31) = 0
13:27:06.026097,1026,ioctl(9, 0xc0186201, 0xbef970c8) = 0
13:27:06.034769,1026,ioctl(9, 0xc0186201, 0xbef97108) = 0
13:27:06.035790,1026,ioctl(9, 0xc0186201, 0xbef970c8) = 0
13:27:06.036655,1026,dup(31) = 32
13:27:06.037238,1026,mmap2(NULL, 4096, PROT_READ, MAP_SHARED, 32, 0) = 0xacca2000
13:27:06.037822,1026,close(31) = 0
13:27:06.038321,1026,dup(32) = 31
13:27:06.039903,1026,getpid() = 1026
13:27:06.040449,1026,gettid() = 1026
13:27:06.041454,1026,clock_gettime(CLOCK_MONOTONIC, {135, 868359497}) = 0
13:27:06.042100,1026,ioctl(9, 0xc0186201, 0xbef971f0) = 0
13:27:06.043596,1026,clock_gettime(CLOCK_MONOTONIC, {135, 870548578}) = 0
13:27:06.045931,1026,getuid32() = 10050
13:27:06.158795,1026,stat64("/system/framework/framework-res.apk", {st_mode=S_IFREG|0644, st_size=8749696, ...}) = 0
13:27:06.163483,1026,access("/vendor/overlay/framework/framework-res.apk", R_OK) = -1 ENOENT (No such file or directory)
13:27:06.296416,1026,stat64("/data/app/com.boxitsoft.zombargedon1_2-1.apk", {st_mode=S_IFREG|0644, st_size=9561717, ...}) = 0
13:27:06.334772,1026,stat64("/system/framework/framework-res.apk", {st_mode=S_IFREG|0644, st_size=8749696, ...}) = 0
13:27:06.336237,1026,stat64("/data/app/com.boxitsoft.zombargedon1_2-1.apk", {st_mode=S_IFREG|0644, st_size=9561717, ...}) = 0
13:27:06.337829,1026,open("/data/app/com.boxitsoft.zombargedon1_2-1.apk", O_RDONLY) = 33
13:27:06.338759,1026,_llseek(33, 0, [9561717], SEEK_END) = 0
13:27:06.339452,1026,mmap2(NULL, 69632, PROT_READ|PROT_WRITE, MAP_PRIVATE|MAP_ANONYMOUS, -1, 0) = 0xacc91000
13:27:06.340004,1026,madvise(0xacc91000, 69632, 0xc /* MADV_??? */) = -1 EINVAL (Invalid argument)
13:27:06.340552,1026,_llseek(33, 0, [0], SEEK_SET) = 0
13:27:06.341117,1026,read(33, "PK\3\4", 4) = 4
13:27:06.341911,1026,_llseek(33, 9496160, [9496160], SEEK_SET) = 0
13:27:06.344381,1026,read(33, "ü\5èv;dO\217^ªØùä×\31ä±0û\234\v´\30D%\7\32\216oÂ«@"..., 65557) = 65557
13:27:06.345845,1026,munmap(0xacc91000, 69632) = 0
13:27:06.346457,1026,mmap2(NULL, 9823, PROT_READ, MAP_SHARED, 33, 0x91c) = 0xacc9f000
13:27:06.347328,1026,pread(33, "PK\3\4\n\0\0\0\0\0Ó}Ý@Õ\25Nµ¨\6\0\0¨\6\0\0\16\0\2\0", 30, 37104540297723904) = 30
13:27:06.348285,1026,mmap2(NULL, 2360, PROT_READ, MAP_SHARED, 33, 0x83d) = 0xacc9e000
13:27:06.349441,1026,gettimeofday({1727702826, 349652}, NULL) = 0
13:27:06.350579,1026,access("/data/data/com.boxitsoft.zombargedon1_2/cache", F_OK) = -1 ENOENT (No such file or directory)
13:27:06.351871,1026,access("/data/data/com.boxitsoft.zombargedon1_2/cache", F_OK) = -1 ENOENT (No such file or directory)
13:27:06.353202,1026,mkdir("/data/data/com.boxitsoft.zombargedon1_2/cache", 0700) = 0
13:27:06.365346,1026,chmod("/data/data/com.boxitsoft.zombargedon1_2/cache", 0771) = 0
13:27:06.367141,1026,getuid32() = 10050
13:27:06.367714,1026,getuid32() = 10050
13:27:06.368873,1026,getpid() = 1026
13:27:06.369343,1026,gettid() = 1026
13:27:06.369844,1026,clock_gettime(CLOCK_MONOTONIC, {136, 196780542}) = 0
13:27:06.370447,1026,ioctl(9, 0xc0186201, 0xbef971f0) = 0
13:27:06.371909,1026,clock_gettime(CLOCK_MONOTONIC, {136, 198836199}) = 0
13:27:06.410161,1026,access("/data/data/com.boxitsoft.zombargedon1_2/cache/com.android.renderscript.cache", F_OK) = -1 ENOENT (No such file or directory)
13:27:06.421317,1026,mkdir("/data/data/com.boxitsoft.zombargedon1_2/cache/com.android.renderscript.cache", 0700) = 0
13:27:06.422939,1026,getpid() = 1026
13:27:06.423432,1026,gettid() = 1026
13:27:06.423954,1026,clock_gettime(CLOCK_MONOTONIC, {136, 250865649}) = 0
13:27:06.424518,1026,ioctl(9, 0xc0186201, 0xbef971f0) = 0
13:27:06.425697,1026,clock_gettime(CLOCK_MONOTONIC, {136, 252604658}) = 0
13:27:06.427252,1026,getpid() = 1026
13:27:06.427867,1026,gettid() = 1026
13:27:06.428428,1026,clock_gettime(CLOCK_MONOTONIC, {136, 255341376}) = 0
13:27:06.429044,1026,ioctl(9, 0xc0186201, 0xbef971f0) = 0
13:27:06.430317,1026,clock_gettime(CLOCK_MONOTONIC, {136, 257230821}) = 0
13:27:06.432438,1026,writev(3, [{"\5", 1}, {"DroidBox\0", 9}, {"DroidBox: { \"DexClassLoader\": { "..., 91}], 3) = 101
13:27:06.448370,1026,access("/data/app/com.boxitsoft.zombargedon1_2-1.apk", F_OK) = 0
13:27:06.449354,1026,access("/data/app/com.boxitsoft.zombargedon1_2-1.apk", R_OK) = 0
13:27:06.450205,1026,stat64("/data/app/com.boxitsoft.zombargedon1_2-1.apk", {st_mode=S_IFREG|0644, st_size=9561717, ...}) = 0
13:27:06.452549,1026,open("/data/app/com.boxitsoft.zombargedon1_2-1.apk", O_RDONLY) = 34
13:27:06.453531,1026,fstat64(34, {st_mode=S_IFREG|0644, st_size=9561717, ...}) = 0
13:27:06.464413,1026,fstat64(34, {st_mode=S_IFREG|0644, st_size=9561717, ...}) = 0
13:27:06.465746,1026,_llseek(34, 9561695, [9561695], SEEK_SET) = 0
13:27:06.466492,1026,read(34, "PK\5\6", 4) = 4
13:27:06.467085,1026,fgetxattr(34, "user.taint", 0xbef97484, 4) = -1 ENODATA (No data available)
13:27:06.468942,1026,clock_gettime(CLOCK_MONOTONIC, {136, 295855832}) = 0
13:27:06.469577,1026,getpid() = 1026
13:27:06.470174,1026,readlink("/proc/1026/fd/34", "/data/app/com.boxitsoft.zombargedon1_2-1.apk"..., 120) = 44
13:27:06.471872,1026,read(34, "\0\0\0\0V\0V\0\200\30\0\0ßÍ\221\0\0\0", 18) = 18
13:27:06.472537,1026,fgetxattr(34, "user.taint", 0xbef97484, 4) = -1 ENODATA (No data available)
13:27:06.484036,1026,clock_gettime(CLOCK_MONOTONIC, {136, 310965326}) = 0
13:27:06.484608,1026,getpid() = 1026
13:27:06.485258,1026,readlink("/proc/1026/fd/34", "/data/app/com.boxitsoft.zombargedon1_2-1.apk"..., 120) = 44
13:27:06.486572,1026,fstat64(34, {st_mode=S_IFREG|0644, st_size=9561717, ...}) = 0
13:27:06.487978,1026,_llseek(34, 9555423, [9555423], SEEK_SET) = 0
13:27:06.488638,1026,read(34, "PK\1\2\24\0\24\0\10\0\10\0Ö}Ý@Æ^}/Ã\n\0\0M\32\0\0\24\0\0\0"..., 4096) = 4096
13:27:06.489430,1026,fgetxattr(34, "user.taint", 0xbef97484, 4) = -1 ENODATA (No data available)
13:27:06.490955,1026,clock_gettime(CLOCK_MONOTONIC, {136, 317873745}) = 0
13:27:06.491522,1026,getpid() = 1026
13:27:06.492066,1026,readlink("/proc/1026/fd/34", "/data/app/com.boxitsoft.zombargedon1_2-1.apk"..., 120) = 44
13:27:06.513525,1026,_llseek(34, 9559519, [9559519], SEEK_SET) = 0
13:27:06.514846,1026,read(34, "packAllPK\1\2\n\0\n\0\0\0\0\0Ñ}Ý@Â\216k\201\n\4\0\0\n"..., 2198) = 2198
13:27:06.515555,1026,fgetxattr(34, "user.taint", 0xbef97484, 4) = -1 ENODATA (No data available)
13:27:06.517108,1026,clock_gettime(CLOCK_MONOTONIC, {136, 344055134}) = 0
13:27:06.517744,1026,getpid() = 1026
13:27:06.518253,1026,readlink("/proc/1026/fd/34", "/data/app/com.boxitsoft.zombargedon1_2-1.apk"..., 120) = 44
13:27:06.523542,1026,open("/data/app/com.boxitsoft.zombargedon1_2-1.apk", O_RDONLY) = 35
13:27:06.534711,1026,lseek(35, 0, SEEK_END) = 9561717
13:27:06.535317,1026,mmap2(NULL, 69632, PROT_READ|PROT_WRITE, MAP_PRIVATE|MAP_ANONYMOUS, -1, 0) = 0xacc8d000
13:27:06.535878,1026,madvise(0xacc8d000, 69632, 0xc /* MADV_??? */) = -1 EINVAL (Invalid argument)
13:27:06.536436,1026,lseek(35, 9496160, SEEK_SET) = 9496160
13:27:06.537006,1026,read(35, "ü\5èv;dO\217^ªØùä×\31ä±0û\234\v´\30D%\7\32\216oÂ«@"..., 65557) = 65557
13:27:06.538048,1026,mmap2(NULL, 9823, PROT_READ, MAP_SHARED, 35, 0x91c) = 0xacc8a000
13:27:06.538656,1026,munmap(0xacc8d000, 69632) = 0
13:27:06.539390,1026,fcntl64(35, F_GETFD) = 0
13:27:06.539975,1026,fcntl64(35, F_SETFD, FD_CLOEXEC) = 0
13:27:06.540638,1026,open("/data/app/com.boxitsoft.zombargedon1_2-1.odex", O_RDONLY) = -1 ENOENT (No such file or directory)
13:27:06.541904,1026,open("/data/dalvik-cache/data@app@com.boxitsoft.zombargedon1_2-1.apk@classes.dex", O_RDWR|O_CREAT, 0644) = -1 EACCES (Permission denied)
13:27:06.543512,1026,open("/data/dalvik-cache/data@app@com.boxitsoft.zombargedon1_2-1.apk@classes.dex", O_RDONLY) = 36
13:27:06.544532,1026,flock(36, LOCK_EX|LOCK_NB) = 0
13:27:06.545347,1026,fstat64(36, {st_mode=S_IFREG|0644, st_size=1200176, ...}) = 0
13:27:06.554975,1026,stat64("/data/dalvik-cache/data@app@com.boxitsoft.zombargedon1_2-1.apk@classes.dex", {st_mode=S_IFREG|0644, st_size=1200176, ...}) = 0
13:27:06.556550,1026,lseek(36, 0, SEEK_SET) = 0
13:27:06.557110,1026,read(36, "dey\n036\0(\0\0\0\24î\21\0@î\21\0Ö\1\0\0\30ð\21\0\30`\0\0"..., 40) = 40
13:27:06.557859,1026,lseek(36, 1175104, SEEK_SET) = 1175104
13:27:06.558369,1026,read(36, "Ö}Ý@ãÔ\r\5\34\0\0\0\10\0\0\0\34\0\0\0/system/fram"..., 470) = 470
13:27:06.559909,1026,lseek(36, 0, SEEK_SET) = 0
13:27:06.560665,1026,lseek(36, 0, SEEK_CUR) = 0
13:27:06.561242,1026,lseek(36, 0, SEEK_END) = 1200176
13:27:06.561755,1026,lseek(36, 0, SEEK_SET) = 0
13:27:06.562235,1026,mmap2(NULL, 1200176, PROT_READ|PROT_WRITE, MAP_PRIVATE, 36, 0) = 0xacb64000
13:27:06.562873,1026,madvise(0xacb64000, 1200176, 0xc /* MADV_??? */) = -1 EINVAL (Invalid argument)
13:27:06.563395,1026,mprotect(0xacb64000, 1200176, PROT_READ) = 0
13:27:06.564045,1026,open("/dev/ashmem", O_RDWR) = 37
13:27:06.564662,1026,ioctl(37, 0x41007701, 0xbef97254) = 0
13:27:06.565153,1026,ioctl(37, 0x40047703, 0x18000) = 0
13:27:06.565645,1026,mmap2(NULL, 98304, PROT_READ|PROT_WRITE, MAP_PRIVATE, 37, 0) = 0xacb4c000
13:27:06.573380,1026,madvise(0xacb4c000, 98304, 0xc /* MADV_??? */) = -1 EINVAL (Invalid argument)
13:27:06.574017,1026,close(37) = 0
13:27:06.574823,1026,flock(36, LOCK_UN) = 0
13:27:06.575568,1026,close(36) = 0
13:27:06.576941,1026,access("/data/data/com.boxitsoft.zombargedon1_2/lib", F_OK) = 0
13:27:06.577808,1026,access("/data/data/com.boxitsoft.zombargedon1_2/lib", R_OK) = 0
13:27:06.578986,1026,stat64("/data/data/com.boxitsoft.zombargedon1_2/lib", {st_mode=S_IFDIR|0755, st_size=4096, ...}) = 0
13:27:06.581012,1026,access("/vendor/lib", F_OK) = -1 ENOENT (No such file or directory)
13:27:06.581916,1026,access("/system/lib", F_OK) = 0
13:27:06.582849,1026,access("/system/lib", R_OK) = 0
13:27:06.583481,1026,stat64("/system/lib", {st_mode=S_IFDIR|0755, st_size=8192, ...}) = 0
13:27:06.584826,1026,getuid32() = 10050
13:27:06.585574,1026,getpid() = 1026
13:27:06.586377,1026,gettid() = 1026
13:27:06.594183,1026,clock_gettime(CLOCK_MONOTONIC, {136, 421098257}) = 0
13:27:06.594779,1026,ioctl(9, 0xc0186201, 0xbef971f0) = 0
13:27:06.598449,1026,ioctl(9, 0xc0186201, 0xbef971f0) = 0
13:27:06.599738,1026,clock_gettime(CLOCK_MONOTONIC, {136, 426650154}) = 0
13:27:06.603206,1026,gettimeofday({1727702826, 603372}, NULL) = 0
13:27:06.604555,1026,writev(3, [{"\4", 1}, {"ActivityThread\0", 15}, {"Pub com.boxitsoft.zombargedon1_2"..., 97}], 3) = 113
13:27:06.620792,1026,stat64("/data/data/com.boxitsoft.zombargedon1_2/databases", 0xbef972e0) = -1 ENOENT (No such file or directory)
13:27:06.621942,1026,mkdir("/data/data/com.boxitsoft.zombargedon1_2/databases", 0700) = 0
13:27:06.623575,1026,chmod("/data/data/com.boxitsoft.zombargedon1_2/databases", 0771) = 0
13:27:06.635220,1026,mprotect(0xb1616000, 8192, PROT_READ|PROT_WRITE) = 0
13:27:06.639270,1026,mprotect(0xb1617000, 8192, PROT_READ|PROT_WRITE) = 0
13:27:06.641325,1026,stat64("/data/data/com.boxitsoft.zombargedon1_2/databases/gsdb", 0xbef96d68) = -1 ENOENT (No such file or directory)
13:27:06.642344,1026,open("/data/data/com.boxitsoft.zombargedon1_2/databases/gsdb", O_RDWR|O_CREAT, 0600) = 36
13:27:06.643337,1026,fcntl64(36, F_GETFD) = 0
13:27:06.643846,1026,fcntl64(36, F_SETFD, FD_CLOEXEC) = 0
13:27:06.644370,1026,fstat64(36, {st_mode=S_IFREG|0600, st_size=0, ...}) = 0
13:27:06.654536,1026,pread(36, "", 100, 3069172056) = 0
13:27:06.655688,1026,brk(0xb8dcc000) = 0xb8dcc000
13:27:06.658703,1026,stat64("/system/usr/icu/usrdt48l.dat", 0xbef969f8) = -1 ENOENT (No such file or directory)
13:27:06.659730,1026,stat64("/system/usr/icu/usrdt48l.dat", 0xbef969f8) = -1 ENOENT (No such file or directory)
13:27:06.660468,1026,stat64("/system/usr/icu/usrdt48l.dat", 0xbef969f8) = -1 ENOENT (No such file or directory)
13:27:06.661945,1026,statfs64("/data", 88, {???}) = 0
13:27:06.677473,1026,gettimeofday({1727702826, 677821}, NULL) = 0
13:27:06.678729,1026,gettimeofday({1727702826, 678891}, NULL) = 0
13:27:06.680330,1026,gettimeofday({1727702826, 680490}, NULL) = 0
13:27:06.683069,1026,gettimeofday({1727702826, 683399}, NULL) = 0
13:27:06.684176,1026,gettimeofday({1727702826, 684344}, NULL) = 0
13:27:06.685194,1026,gettimeofday({1727702826, 685360}, NULL) = 0
13:27:06.685906,1026,gettimeofday({1727702826, 686141}, NULL) = 0
13:27:06.695565,1026,gettimeofday({1727702826, 695772}, NULL) = 0
13:27:06.699151,1026,gettimeofday({1727702826, 699320}, NULL) = 0
13:27:06.700190,1026,fcntl64(36, F_SETLK, {type=F_RDLCK, whence=SEEK_SET, start=1073741824, len=1}) = 0
13:27:06.700957,1026,fcntl64(36, F_SETLK, {type=F_RDLCK, whence=SEEK_SET, start=1073741826, len=510}) = 0
13:27:06.701579,1026,fcntl64(36, F_SETLK, {type=F_UNLCK, whence=SEEK_SET, start=1073741824, len=1}) = 0
13:27:06.702393,1026,access("/data/data/com.boxitsoft.zombargedon1_2/databases/gsdb-journal", F_OK) = -1 ENOENT (No such file or directory)
13:27:06.703331,1026,fstat64(36, {st_mode=S_IFREG|0600, st_size=0, ...}) = 0
13:27:06.704352,1026,unlink("/data/data/com.boxitsoft.zombargedon1_2/databases/gsdb-wal") = -1 ENOENT (No such file or directory)
13:27:06.715347,1026,fstat64(36, {st_mode=S_IFREG|0600, st_size=0, ...}) = 0
13:27:06.717265,1026,fcntl64(36, F_SETLK, {type=F_UNLCK, whence=SEEK_SET, start=0, len=0}) = 0
13:27:06.718773,1026,gettimeofday({1727702826, 718936}, NULL) = 0
13:27:06.719551,1026,gettimeofday({1727702826, 719815}, NULL) = 0
13:27:06.720756,1026,gettimeofday({1727702826, 720916}, NULL) = 0
13:27:06.721763,1026,gettimeofday({1727702826, 721924}, NULL) = 0
13:27:06.722764,1026,gettimeofday({1727702826, 723004}, NULL) = 0
13:27:06.734794,1026,gettimeofday({1727702826, 735000}, NULL) = 0
13:27:06.735717,1026,gettimeofday({1727702826, 735876}, NULL) = 0
13:27:06.736484,1026,gettimeofday({1727702826, 736683}, NULL) = 0
13:27:06.737340,1026,gettimeofday({1727702826, 737497}, NULL) = 0
13:27:06.738463,1026,gettimeofday({1727702826, 738661}, NULL) = 0
13:27:06.739386,1026,gettimeofday({1727702826, 739552}, NULL) = 0
13:27:06.740160,1026,gettimeofday({1727702826, 740318}, NULL) = 0
13:27:06.741023,1026,gettimeofday({1727702826, 741180}, NULL) = 0
13:27:06.742908,1026,stat64("/system/usr/icu/usrdt48l.dat", 0xbef93e50) = -1 ENOENT (No such file or directory)
13:27:06.743963,1026,stat64("/system/usr/icu/usrdt48l.dat", 0xbef93e10) = -1 ENOENT (No such file or directory)
13:27:06.745310,1026,gettimeofday({1727702826, 745471}, NULL) = 0
13:27:06.746881,1026,fcntl64(36, F_SETLK, {type=F_RDLCK, whence=SEEK_SET, start=1073741824, len=1}) = 0
13:27:06.747503,1026,fcntl64(36, F_SETLK, {type=F_RDLCK, whence=SEEK_SET, start=1073741826, len=510}) = 0
13:27:06.748140,1026,fcntl64(36, F_SETLK, {type=F_UNLCK, whence=SEEK_SET, start=1073741824, len=1}) = 0
13:27:06.748791,1026,access("/data/data/com.boxitsoft.zombargedon1_2/databases/gsdb-journal", F_OK) = -1 ENOENT (No such file or directory)
13:27:06.750087,1026,fstat64(36, {st_mode=S_IFREG|0600, st_size=0, ...}) = 0
13:27:06.751161,1026,fstat64(36, {st_mode=S_IFREG|0600, st_size=0, ...}) = 0
13:27:06.752464,1026,unlink("/data/data/com.boxitsoft.zombargedon1_2/databases/gsdb-wal") = -1 ENOENT (No such file or directory)
13:27:06.753361,1026,fstat64(36, {st_mode=S_IFREG|0600, st_size=0, ...}) = 0
13:27:06.765296,1026,fcntl64(36, F_SETLK, {type=F_WRLCK, whence=SEEK_SET, start=1073741825, len=1}) = 0
13:27:06.766351,1026,stat64("/data/data/com.boxitsoft.zombargedon1_2/databases/gsdb", {st_mode=S_IFREG|0600, st_size=0, ...}) = 0
13:27:06.767794,1026,umask(0) = 077
13:27:06.768329,1026,open("/data/data/com.boxitsoft.zombargedon1_2/databases/gsdb-journal", O_RDWR|O_CREAT, 0600) = 37
13:27:06.769422,1026,umask(077) = 0
13:27:06.769940,1026,fchown32(37, 10050, 10050) = 0
13:27:06.770590,1026,fcntl64(37, F_GETFD) = 0
13:27:06.771114,1026,fcntl64(37, F_SETFD, FD_CLOEXEC) = 0
13:27:06.771680,1026,open("/dev/urandom", O_RDONLY) = 38
13:27:06.772327,1026,read(38, "÷0HV\221\37\232z\210%X\n\203\216\16jr\221\1º¶¼B\2\224­ñ\207¤Ã\214Ð"..., 256) = 256
13:27:06.773261,1026,close(38) = 0
13:27:06.773805,1026,pwrite(37, "\0\0\0\0\0\0\0\0\0\0\0\0pù\211Q\0\0\0\0\0\0\2\0\0\0\20\0\0\0\0\0"..., 512, 3069172092) = 512
13:27:06.786017,1026,fcntl64(36, F_SETLK, {type=F_WRLCK, whence=SEEK_SET, start=1073741824, len=1}) = 0
13:27:06.786949,1026,fcntl64(36, F_SETLK, {type=F_WRLCK, whence=SEEK_SET, start=1073741826, len=510}) = 0
13:27:06.787587,1026,pread(37, "", 8, 2202092427608) = 0
13:27:06.788139,1026,fdatasync(37) = 0
13:27:06.790739,1026,open("/data/data/com.boxitsoft.zombargedon1_2/databases", O_RDONLY) = 38
13:27:06.791573,1026,fcntl64(38, F_GETFD) = 0
13:27:06.792092,1026,fcntl64(38, F_SETFD, FD_CLOEXEC) = 0
13:27:06.792577,1026,fdatasync(38) = 0
13:27:06.797168,1026,close(38) = 0
13:27:06.797710,1026,pwrite(37, "ÙÕ\5ù ¡c×\0\0\0\0", 12, 3069172092) = 12
13:27:06.799003,1026,fdatasync(37) = 0
13:27:06.799795,1026,pwrite(36, "SQLite format 3\0\20\0\1\1\0@ \0\0\0\1\0\0\0\3"..., 4096, 3069172092) = 4096
13:27:06.800583,1026,pwrite(36, "\1\0\0\0\0\0\0\0\0\0\0\0\0\0\0\0\0\0\0\0\0\0\0\0\0\0\0\0\0\0\0\0"..., 4096, 17595255216508) = 4096
13:27:06.801410,1026,pwrite(36, "\r\0\0\0\0\20\0\0\0\0\0\0\0\0\0\0\0\0\0\0\0\0\0\0\0\0\0\0\0\0\0\0"..., 4096, 35187441260924) = 4096
13:27:06.802294,1026,fdatasync(36) = 0
13:27:06.803813,1026,pwrite(37, "\0\0\0\0\0\0\0\0\0\0\0\0\0\0\0\0\0\0\0\0\0\0\0\0\0\0\0\0", 28, 3069172092) = 28
13:27:06.815517,1026,fdatasync(37) = 0
13:27:06.816369,1026,fstat64(37, {st_mode=S_IFREG|0600, st_size=512, ...}) = 0
13:27:06.817861,1026,fcntl64(36, F_SETLK, {type=F_RDLCK, whence=SEEK_SET, start=1073741826, len=510}) = 0
13:27:06.818500,1026,fcntl64(36, F_SETLK, {type=F_UNLCK, whence=SEEK_SET, start=1073741824, len=2}) = 0
13:27:06.819209,1026,close(37) = 0
13:27:06.819736,1026,fcntl64(36, F_SETLK, {type=F_UNLCK, whence=SEEK_SET, start=0, len=0}) = 0
13:27:06.820414,1026,gettimeofday({1727702826, 820569}, NULL) = 0
13:27:06.821112,1026,gettimeofday({1727702826, 821269}, NULL) = 0
13:27:06.822370,1026,fcntl64(36, F_SETLK, {type=F_RDLCK, whence=SEEK_SET, start=1073741824, len=1}) = 0
13:27:06.823057,1026,fcntl64(36, F_SETLK, {type=F_RDLCK, whence=SEEK_SET, start=1073741826, len=510}) = 0
13:27:06.823724,1026,fcntl64(36, F_SETLK, {type=F_UNLCK, whence=SEEK_SET, start=1073741824, len=1}) = 0
13:27:06.824319,1026,access("/data/data/com.boxitsoft.zombargedon1_2/databases/gsdb-journal", F_OK) = 0
13:27:06.835027,1026,stat64("/data/data/com.boxitsoft.zombargedon1_2/databases/gsdb-journal", {st_mode=S_IFREG|0600, st_size=512, ...}) = 0
13:27:06.836491,1026,fcntl64(36, F_GETLK, {type=F_UNLCK, whence=SEEK_SET, start=1073741825, len=1, pid=0}) = 0
13:27:06.837250,1026,fstat64(36, {st_mode=S_IFREG|0600, st_size=12288, ...}) = 0
13:27:06.838507,1026,stat64("/data/data/com.boxitsoft.zombargedon1_2/databases/gsdb", {st_mode=S_IFREG|0600, st_size=12288, ...}) = 0
13:27:06.839930,1026,umask(0) = 077
13:27:06.840458,1026,open("/data/data/com.boxitsoft.zombargedon1_2/databases/gsdb-journal", O_RDONLY) = 37
13:27:06.841370,1026,umask(077) = 0
13:27:06.842116,1026,fchown32(37, 10050, 10050) = 0
13:27:06.842849,1026,fcntl64(37, F_GETFD) = 0
13:27:06.843313,1026,fcntl64(37, F_SETFD, FD_CLOEXEC) = 0
13:27:06.843858,1026,pread(37, "\0", 1, 3069172056) = 1
13:27:06.844385,1026,close(37) = 0
13:27:06.844899,1026,fstat64(36, {st_mode=S_IFREG|0600, st_size=12288, ...}) = 0
13:27:06.845948,1026,pread(36, "\0\0\0\1\0\0\0\3\0\0\0\0\0\0\0\0", 16, 106148387160) = 16
13:27:06.854384,1026,fstat64(36, {st_mode=S_IFREG|0600, st_size=12288, ...}) = 0
13:27:06.855650,1026,access("/data/data/com.boxitsoft.zombargedon1_2/databases/gsdb-wal", F_OK) = -1 ENOENT (No such file or directory)
13:27:06.856579,1026,fstat64(36, {st_mode=S_IFREG|0600, st_size=12288, ...}) = 0
13:27:06.858024,1026,fcntl64(36, F_SETLK, {type=F_UNLCK, whence=SEEK_SET, start=0, len=0}) = 0
13:27:06.858896,1026,gettimeofday({1727702826, 859110}, NULL) = 0
13:27:06.859728,1026,gettimeofday({1727702826, 859887}, NULL) = 0
13:27:06.860736,1026,gettimeofday({1727702826, 860976}, NULL) = 0
13:27:06.861675,1026,gettimeofday({1727702826, 861887}, NULL) = 0
13:27:06.862786,1026,fcntl64(36, F_SETLK, {type=F_RDLCK, whence=SEEK_SET, start=1073741824, len=1}) = 0
13:27:06.863825,1026,fcntl64(36, F_SETLK, {type=F_RDLCK, whence=SEEK_SET, start=1073741826, len=510}) = 0
13:27:06.875877,1026,fcntl64(36, F_SETLK, {type=F_UNLCK, whence=SEEK_SET, start=1073741824, len=1}) = 0
13:27:06.876579,1026,access("/data/data/com.boxitsoft.zombargedon1_2/databases/gsdb-journal", F_OK) = 0
13:27:06.877771,1026,stat64("/data/data/com.boxitsoft.zombargedon1_2/databases/gsdb-journal", {st_mode=S_IFREG|0600, st_size=512, ...}) = 0
13:27:06.879421,1026,fcntl64(36, F_GETLK, {type=F_UNLCK, whence=SEEK_SET, start=1073741825, len=1, pid=0}) = 0
13:27:06.880057,1026,fstat64(36, {st_mode=S_IFREG|0600, st_size=12288, ...}) = 0
13:27:06.881085,1026,stat64("/data/data/com.boxitsoft.zombargedon1_2/databases/gsdb", {st_mode=S_IFREG|0600, st_size=12288, ...}) = 0
13:27:06.882402,1026,umask(0) = 077
13:27:06.883479,1026,open("/data/data/com.boxitsoft.zombargedon1_2/databases/gsdb-journal", O_RDONLY) = 37
13:27:06.884355,1026,umask(077) = 0
13:27:06.894176,1026,fchown32(37, 10050, 10050) = 0
13:27:06.895125,1026,fcntl64(37, F_GETFD) = 0
13:27:06.895658,1026,fcntl64(37, F_SETFD, FD_CLOEXEC) = 0
13:27:06.896179,1026,pread(37, "\0", 1, 3069172056) = 1
13:27:06.896808,1026,close(37) = 0
13:27:06.897310,1026,fstat64(36, {st_mode=S_IFREG|0600, st_size=12288, ...}) = 0
13:27:06.898448,1026,pread(36, "\0\0\0\1\0\0\0\3\0\0\0\0\0\0\0\0", 16, 106148387160) = 16
13:27:06.899128,1026,fstat64(36, {st_mode=S_IFREG|0600, st_size=12288, ...}) = 0
13:27:06.900513,1026,access("/data/data/com.boxitsoft.zombargedon1_2/databases/gsdb-wal", F_OK) = -1 ENOENT (No such file or directory)
13:27:06.904488,1026,fstat64(36, {st_mode=S_IFREG|0600, st_size=12288, ...}) = 0
13:27:06.905569,1026,fcntl64(36, F_SETLK, {type=F_WRLCK, whence=SEEK_SET, start=1073741825, len=1}) = 0
13:27:06.906278,1026,stat64("/data/data/com.boxitsoft.zombargedon1_2/databases/gsdb", {st_mode=S_IFREG|0600, st_size=12288, ...}) = 0
13:27:06.915381,1026,umask(0) = 077
13:27:06.915924,1026,open("/data/data/com.boxitsoft.zombargedon1_2/databases/gsdb-journal", O_RDWR|O_CREAT, 0600) = 37
13:27:06.916840,1026,umask(077) = 0
13:27:06.917316,1026,fchown32(37, 10050, 10050) = 0
13:27:06.917900,1026,fcntl64(37, F_GETFD) = 0
13:27:06.918789,1026,fcntl64(37, F_SETFD, FD_CLOEXEC) = 0
13:27:06.919265,1026,pwrite(37, "\0\0\0\0\0\0\0\0\0\0\0\0U-\1\211\0\0\0\3\0\0\2\0\0\0\20\0\0\0\0\0"..., 512, 3069172092) = 512
13:27:06.920155,1026,pwrite(37, "\0\0\0\3", 4, 2202092427644) = 4
13:27:06.921001,1026,pwrite(37, "\r\0\0\0\0\20\0\0\0\0\0\0\0\0\0\0\0\0\0\0\0\0\0\0\0\0\0\0\0\0\0\0"..., 4096, 2219272296828) = 4096
13:27:06.922017,1026,pwrite(37, "U-\1\211", 4, 19811458341244) = 4
13:27:06.922938,1026,gettimeofday({1727702826, 923157}, NULL) = 0
13:27:06.933944,1026,gettimeofday({1727702826, 934121}, NULL) = 0
13:27:06.935222,1026,gettimeofday({1727702826, 935383}, NULL) = 0
13:27:06.935900,1026,gettimeofday({1727702826, 936391}, NULL) = 0
13:27:06.937226,1026,gettimeofday({1727702826, 937385}, NULL) = 0
13:27:06.937924,1026,gettimeofday({1727702826, 938081}, NULL) = 0
13:27:06.938843,1026,fcntl64(36, F_SETLK, {type=F_WRLCK, whence=SEEK_SET, start=1073741824, len=1}) = 0
13:27:06.939592,1026,fcntl64(36, F_SETLK, {type=F_WRLCK, whence=SEEK_SET, start=1073741826, len=510}) = 0
13:27:06.940251,1026,pwrite(37, "\0\0\0\1", 4, 19828638210428) = 4
13:27:06.940909,1026,pwrite(37, "SQLite format 3\0\20\0\1\1\0@ \0\0\0\1\0\0\0\3"..., 4096, 19845818079612) = 4096
13:27:06.941748,1026,pwrite(37, "U-\1\211", 4, 37438004124028) = 4
13:27:06.942512,1026,pread(37, "", 8, 39585487771992) = 0
13:27:06.943064,1026,fdatasync(37) = 0
13:27:06.955164,1026,open("/data/data/com.boxitsoft.zombargedon1_2/databases", O_RDONLY) = 38
13:27:06.956025,1026,fcntl64(38, F_GETFD) = 0
13:27:06.956526,1026,fcntl64(38, F_SETFD, FD_CLOEXEC) = 0
13:27:06.957072,1026,fdatasync(38) = 0
13:27:06.958024,1026,close(38) = 0
13:27:06.958700,1026,pwrite(37, "ÙÕ\5ù ¡c×\0\0\0\2", 12, 3069172092) = 12
13:27:06.959358,1026,fdatasync(37) = 0
13:27:06.960162,1026,pwrite(36, "SQLite format 3\0\20\0\1\1\0@ \0\0\0\2\0\0\0\3"..., 4096, 3069172092) = 4096
13:27:06.961188,1026,pwrite(36, "\r\0\0\0\1\17÷\0\17÷\0\0\0\0\0\0\0\0\0\0\0\0\0\0\0\0\0\0\0\0\0\0"..., 4096, 35187441260924) = 4096
13:27:06.962110,1026,fdatasync(36) = 0
13:27:06.962941,1026,pwrite(37, "\0\0\0\0\0\0\0\0\0\0\0\0\0\0\0\0\0\0\0\0\0\0\0\0\0\0\0\0", 28, 3069172092) = 28
13:27:06.963773,1026,fdatasync(37) = 0
13:27:06.974741,1026,fstat64(37, {st_mode=S_IFREG|0600, st_size=8720, ...}) = 0
13:27:06.975787,1026,fcntl64(36, F_SETLK, {type=F_RDLCK, whence=SEEK_SET, start=1073741826, len=510}) = 0
13:27:06.976391,1026,fcntl64(36, F_SETLK, {type=F_UNLCK, whence=SEEK_SET, start=1073741824, len=2}) = 0
13:27:06.977032,1026,close(37) = 0
13:27:06.977513,1026,fcntl64(36, F_SETLK, {type=F_UNLCK, whence=SEEK_SET, start=0, len=0}) = 0
13:27:06.978226,1026,gettimeofday({1727702826, 978382}, NULL) = 0
13:27:06.979324,1026,chmod("/data/data/com.boxitsoft.zombargedon1_2/databases/gsdb", 0660) = 0
13:27:06.981385,1026,gettimeofday({1727702826, 981545}, NULL) = 0
13:27:06.982337,1026,gettimeofday({1727702826, 982498}, NULL) = 0
13:27:06.983211,1026,gettimeofday({1727702826, 983368}, NULL) = 0
13:27:06.984631,1026,fcntl64(36, F_SETLK, {type=F_RDLCK, whence=SEEK_SET, start=1073741824, len=1}) = 0
13:27:06.985259,1026,fcntl64(36, F_SETLK, {type=F_RDLCK, whence=SEEK_SET, start=1073741826, len=510}) = 0
13:27:06.985923,1026,fcntl64(36, F_SETLK, {type=F_UNLCK, whence=SEEK_SET, start=1073741824, len=1}) = 0
13:27:06.986800,1026,access("/data/data/com.boxitsoft.zombargedon1_2/databases/gsdb-journal", F_OK) = 0
13:27:06.987699,1026,stat64("/data/data/com.boxitsoft.zombargedon1_2/databases/gsdb-journal", {st_mode=S_IFREG|0600, st_size=8720, ...}) = 0
13:27:06.989488,1026,fcntl64(36, F_GETLK, {type=F_UNLCK, whence=SEEK_SET, start=1073741825, len=1, pid=0}) = 0
13:27:06.990167,1026,fstat64(36, {st_mode=S_IFREG|0660, st_size=12288, ...}) = 0
13:27:06.991265,1026,stat64("/data/data/com.boxitsoft.zombargedon1_2/databases/gsdb", {st_mode=S_IFREG|0660, st_size=12288, ...}) = 0
13:27:06.992579,1026,umask(0) = 077
13:27:06.993076,1026,open("/data/data/com.boxitsoft.zombargedon1_2/databases/gsdb-journal", O_RDONLY) = 37
13:27:07.007282,1026,umask(077) = 0
13:27:07.007822,1026,fchown32(37, 10050, 10050) = 0
13:27:07.008383,1026,fcntl64(37, F_GETFD) = 0
13:27:07.009027,1026,fcntl64(37, F_SETFD, FD_CLOEXEC) = 0
13:27:07.009542,1026,pread(37, "\0", 1, 3069172056) = 1
13:27:07.010993,1026,close(37) = 0
13:27:07.011967,1026,fstat64(36, {st_mode=S_IFREG|0660, st_size=12288, ...}) = 0
13:27:07.013035,1026,pread(36, "\0\0\0\2\0\0\0\3\0\0\0\0\0\0\0\0", 16, 106148387160) = 16
13:27:07.013708,1026,fstat64(36, {st_mode=S_IFREG|0660, st_size=12288, ...}) = 0
13:27:07.023960,1026,access("/data/data/com.boxitsoft.zombargedon1_2/databases/gsdb-wal", F_OK) = -1 ENOENT (No such file or directory)
13:27:07.025031,1026,fstat64(36, {st_mode=S_IFREG|0660, st_size=12288, ...}) = 0
13:27:07.026200,1026,fcntl64(36, F_SETLK, {type=F_UNLCK, whence=SEEK_SET, start=0, len=0}) = 0
13:27:07.026947,1026,gettimeofday({1727702827, 27138}, NULL) = 0
13:27:07.028011,1026,gettimeofday({1727702827, 28170}, NULL) = 0
13:27:07.028864,1026,fcntl64(36, F_SETLK, {type=F_RDLCK, whence=SEEK_SET, start=1073741824, len=1}) = 0
13:27:07.029463,1026,fcntl64(36, F_SETLK, {type=F_RDLCK, whence=SEEK_SET, start=1073741826, len=510}) = 0
13:27:07.030134,1026,fcntl64(36, F_SETLK, {type=F_UNLCK, whence=SEEK_SET, start=1073741824, len=1}) = 0
13:27:07.030821,1026,access("/data/data/com.boxitsoft.zombargedon1_2/databases/gsdb-journal", F_OK) = 0
13:27:07.031767,1026,stat64("/data/data/com.boxitsoft.zombargedon1_2/databases/gsdb-journal", {st_mode=S_IFREG|0600, st_size=8720, ...}) = 0
13:27:07.033156,1026,fcntl64(36, F_GETLK, {type=F_UNLCK, whence=SEEK_SET, start=1073741825, len=1, pid=0}) = 0
13:27:07.034044,1026,fstat64(36, {st_mode=S_IFREG|0660, st_size=12288, ...}) = 0
13:27:07.035190,1026,stat64("/data/data/com.boxitsoft.zombargedon1_2/databases/gsdb", {st_mode=S_IFREG|0660, st_size=12288, ...}) = 0
13:27:07.036752,1026,umask(0) = 077
13:27:07.037255,1026,open("/data/data/com.boxitsoft.zombargedon1_2/databases/gsdb-journal", O_RDONLY) = 37
13:27:07.038213,1026,umask(077) = 0
13:27:07.038815,1026,fchown32(37, 10050, 10050) = 0
13:27:07.039341,1026,fcntl64(37, F_GETFD) = 0
13:27:07.039864,1026,fcntl64(37, F_SETFD, FD_CLOEXEC) = 0
13:27:07.040348,1026,pread(37, "\0", 1, 3069172056) = 1
13:27:07.040965,1026,close(37) = 0
13:27:07.041458,1026,fstat64(36, {st_mode=S_IFREG|0660, st_size=12288, ...}) = 0
13:27:07.043036,1026,pread(36, "\0\0\0\2\0\0\0\3\0\0\0\0\0\0\0\0", 16, 106148387160) = 16
13:27:07.043685,1026,fstat64(36, {st_mode=S_IFREG|0660, st_size=12288, ...}) = 0
13:27:07.053743,1026,access("/data/data/com.boxitsoft.zombargedon1_2/databases/gsdb-wal", F_OK) = -1 ENOENT (No such file or directory)
13:27:07.054804,1026,fstat64(36, {st_mode=S_IFREG|0660, st_size=12288, ...}) = 0
13:27:07.055845,1026,fcntl64(36, F_SETLK, {type=F_WRLCK, whence=SEEK_SET, start=1073741825, len=1}) = 0
13:27:07.056447,1026,fcntl64(36, F_SETLK, {type=F_WRLCK, whence=SEEK_SET, start=1073741824, len=1}) = 0
13:27:07.057072,1026,fcntl64(36, F_SETLK, {type=F_WRLCK, whence=SEEK_SET, start=1073741826, len=510}) = 0
13:27:07.057800,1026,gettimeofday({1727702827, 57954}, NULL) = 0
13:27:07.059433,1026,gettimeofday({1727702827, 59595}, NULL) = 0
13:27:07.060327,1026,gettimeofday({1727702827, 60484}, NULL) = 0
13:27:07.061106,1026,gettimeofday({1727702827, 61293}, NULL) = 0
13:27:07.061973,1026,stat64("/data/data/com.boxitsoft.zombargedon1_2/databases/gsdb", {st_mode=S_IFREG|0660, st_size=12288, ...}) = 0
13:27:07.073513,1026,umask(0) = 077
13:27:07.074088,1026,open("/data/data/com.boxitsoft.zombargedon1_2/databases/gsdb-journal", O_RDWR|O_CREAT, 0660) = 37
13:27:07.074984,1026,umask(077) = 0
13:27:07.075440,1026,fchown32(37, 10050, 10050) = 0
13:27:07.076003,1026,fcntl64(37, F_GETFD) = 0
13:27:07.076851,1026,fcntl64(37, F_SETFD, FD_CLOEXEC) = 0
13:27:07.077327,1026,pwrite(37, "\0\0\0\0\0\0\0\0\0\0\0\0\205ÒSï\0\0\0\3\0\0\2\0\0\0\20\0\0\0\0\0"..., 512, 3069172092) = 512
13:27:07.078502,1026,pwrite(37, "\0\0\0\1", 4, 2202092427644) = 4
13:27:07.079158,1026,pwrite(37, "SQLite format 3\0\20\0\1\1\0@ \0\0\0\2\0\0\0\3"..., 4096, 2219272296828) = 4096
13:27:07.079936,1026,pwrite(37, "\205ÒSï", 4, 19811458341244) = 4
13:27:07.080925,1026,gettimeofday({1727702827, 81081}, NULL) = 0
13:27:07.081682,1026,gettimeofday({1727702827, 81844}, NULL) = 0
13:27:07.082544,1026,pread(37, "\0\0\0\0\0\0\0\0", 8, 21993301727576) = 8
13:27:07.083213,1026,fdatasync(37) = 0
13:27:07.095698,1026,open("/data/data/com.boxitsoft.zombargedon1_2/databases", O_RDONLY) = 38
13:27:07.096538,1026,fcntl64(38, F_GETFD) = 0
13:27:07.097096,1026,fcntl64(38, F_SETFD, FD_CLOEXEC) = 0
13:27:07.097580,1026,fdatasync(38) = 0
13:27:07.098970,1026,close(38) = 0
13:27:07.099622,1026,pwrite(37, "ÙÕ\5ù ¡c×\0\0\0\1", 12, 3069172092) = 12
13:27:07.100400,1026,fdatasync(37) = 0
13:27:07.101272,1026,pwrite(36, "SQLite format 3\0\20\0\1\1\0@ \0\0\0\3\0\0\0\3"..., 4096, 3069172092) = 4096
13:27:07.102171,1026,fdatasync(36) = 0
13:27:07.102999,1026,pwrite(37, "\0\0\0\0\0\0\0\0\0\0\0\0\0\0\0\0\0\0\0\0\0\0\0\0\0\0\0\0", 28, 3069172092) = 28
13:27:07.103794,1026,fdatasync(37) = 0
13:27:07.104454,1026,fstat64(37, {st_mode=S_IFREG|0600, st_size=8720, ...}) = 0
13:27:07.105769,1026,fcntl64(36, F_SETLK, {type=F_RDLCK, whence=SEEK_SET, start=1073741826, len=510}) = 0
13:27:07.106372,1026,fcntl64(36, F_SETLK, {type=F_UNLCK, whence=SEEK_SET, start=1073741824, len=2}) = 0
13:27:07.107160,1026,close(37) = 0
13:27:07.107763,1026,fcntl64(36, F_SETLK, {type=F_UNLCK, whence=SEEK_SET, start=0, len=0}) = 0
13:27:07.108439,1026,gettimeofday({1727702827, 108626}, NULL) = 0
13:27:07.109620,1026,gettimeofday({1727702827, 109831}, NULL) = 0
13:27:07.112000,1026,gettimeofday({1727702827, 112176}, NULL) = 0
13:27:07.112946,1026,gettimeofday({1727702827, 113143}, NULL) = 0
13:27:07.124735,1026,fcntl64(36, F_SETLK, {type=F_RDLCK, whence=SEEK_SET, start=1073741824, len=1}) = 0
13:27:07.125429,1026,fcntl64(36, F_SETLK, {type=F_RDLCK, whence=SEEK_SET, start=1073741826, len=510}) = 0
13:27:07.126150,1026,fcntl64(36, F_SETLK, {type=F_UNLCK, whence=SEEK_SET, start=1073741824, len=1}) = 0
13:27:07.126937,1026,access("/data/data/com.boxitsoft.zombargedon1_2/databases/gsdb-journal", F_OK) = 0
13:27:07.128545,1026,stat64("/data/data/com.boxitsoft.zombargedon1_2/databases/gsdb-journal", {st_mode=S_IFREG|0600, st_size=8720, ...}) = 0
13:27:07.130068,1026,fcntl64(36, F_GETLK, {type=F_UNLCK, whence=SEEK_SET, start=1073741825, len=1, pid=0}) = 0
13:27:07.130800,1026,fstat64(36, {st_mode=S_IFREG|0660, st_size=12288, ...}) = 0
13:27:07.131886,1026,stat64("/data/data/com.boxitsoft.zombargedon1_2/databases/gsdb", {st_mode=S_IFREG|0660, st_size=12288, ...}) = 0
13:27:07.133792,1026,umask(0) = 077
13:27:07.134299,1026,open("/data/data/com.boxitsoft.zombargedon1_2/databases/gsdb-journal", O_RDONLY) = 37
13:27:07.135387,1026,umask(077) = 0
13:27:07.135934,1026,fchown32(37, 10050, 10050) = 0
13:27:07.136482,1026,fcntl64(37, F_GETFD) = 0
13:27:07.137029,1026,fcntl64(37, F_SETFD, FD_CLOEXEC) = 0
13:27:07.137514,1026,pread(37, "\0", 1, 3069172056) = 1
13:27:07.138281,1026,close(37) = 0
13:27:07.138837,1026,fstat64(36, {st_mode=S_IFREG|0660, st_size=12288, ...}) = 0
13:27:07.139957,1026,pread(36, "\0\0\0\3\0\0\0\3\0\0\0\0\0\0\0\0", 16, 106148387160) = 16
13:27:07.140589,1026,fstat64(36, {st_mode=S_IFREG|0660, st_size=12288, ...}) = 0
13:27:07.141891,1026,access("/data/data/com.boxitsoft.zombargedon1_2/databases/gsdb-wal", F_OK) = -1 ENOENT (No such file or directory)
13:27:07.143182,1026,fstat64(36, {st_mode=S_IFREG|0660, st_size=12288, ...}) = 0
13:27:07.144280,1026,fcntl64(36, F_SETLK, {type=F_WRLCK, whence=SEEK_SET, start=1073741825, len=1}) = 0
13:27:07.145037,1026,stat64("/data/data/com.boxitsoft.zombargedon1_2/databases/gsdb", {st_mode=S_IFREG|0660, st_size=12288, ...}) = 0
13:27:07.153773,1026,umask(0) = 077
13:27:07.154392,1026,open("/data/data/com.boxitsoft.zombargedon1_2/databases/gsdb-journal", O_RDWR|O_CREAT, 0660) = 37
13:27:07.155289,1026,umask(077) = 0
13:27:07.155800,1026,fchown32(37, 10050, 10050) = 0
13:27:07.156321,1026,fcntl64(37, F_GETFD) = 0
13:27:07.156835,1026,fcntl64(37, F_SETFD, FD_CLOEXEC) = 0
13:27:07.157307,1026,pwrite(37, "\0\0\0\0\0\0\0\0\0\0\0\0\211\214ÅH\0\0\0\3\0\0\2\0\0\0\20\0\0\0\0\0"..., 512, 3069172092) = 512
13:27:07.158329,1026,pwrite(37, "\0\0\0\1", 4, 2202092427644) = 4
13:27:07.158953,1026,pwrite(37, "SQLite format 3\0\20\0\1\1\0@ \0\0\0\3\0\0\0\3"..., 4096, 2219272296828) = 4096
13:27:07.159792,1026,pwrite(37, "\211\214ÅH", 4, 19811458341244) = 4
13:27:07.160453,1026,pwrite(37, "\0\0\0\2", 4, 19828638210428) = 4
13:27:07.161135,1026,pwrite(37, "\1\0\0\0\0\0\0\0\0\0\0\0\0\0\0\0\0\0\0\0\0\0\0\0\0\0\0\0\0\0\0\0"..., 4096, 19845818079612) = 4096
13:27:07.161987,1026,pwrite(37, "\211\214ÅH", 4, 37438004124028) = 4
13:27:07.176760,1026,fcntl64(36, F_SETLK, {type=F_WRLCK, whence=SEEK_SET, start=1073741824, len=1}) = 0
13:27:07.177428,1026,fcntl64(36, F_SETLK, {type=F_WRLCK, whence=SEEK_SET, start=1073741826, len=510}) = 0
13:27:07.179492,1026,pread(37, "", 8, 39585487771992) = 0
13:27:07.180118,1026,fdatasync(37) = 0
13:27:07.181099,1026,open("/data/data/com.boxitsoft.zombargedon1_2/databases", O_RDONLY) = 38
13:27:07.182157,1026,fcntl64(38, F_GETFD) = 0
13:27:07.182701,1026,fcntl64(38, F_SETFD, FD_CLOEXEC) = 0
13:27:07.183166,1026,fdatasync(38) = 0
13:27:07.206103,1026,close(38) = 0
13:27:07.206853,1026,pwrite(37, "ÙÕ\5ù ¡c×\0\0\0\2", 12, 3069172092) = 12
13:27:07.207566,1026,fdatasync(37) = 0
13:27:07.208380,1026,pwrite(36, "SQLite format 3\0\20\0\1\1\0@ \0\0\0\4\0\0\0\5"..., 4096, 3069172092) = 4096
13:27:07.209333,1026,pwrite(36, "\1\0\0\0\0\1\0\0\0\0\1\0\0\0\0\0\0\0\0\0\0\0\0\0\0\0\0\0\0\0\0\0"..., 4096, 17595255216508) = 4096
13:27:07.210215,1026,pwrite(36, "\r\0\0\0\0\20\0\0\0\0\0\0\0\0\0\0\0\0\0\0\0\0\0\0\0\0\0\0\0\0\0\0"..., 4096, 52779627305340) = 4096
13:27:07.211214,1026,pwrite(36, "\n\0\0\0\0\20\0\0\0\0\0\0\0\0\0\0\0\0\0\0\0\0\0\0\0\0\0\0\0\0\0\0"..., 4096, 70371813349756) = 4096
13:27:07.212128,1026,fdatasync(36) = 0
13:27:07.225437,1026,pwrite(37, "\0\0\0\0\0\0\0\0\0\0\0\0\0\0\0\0\0\0\0\0\0\0\0\0\0\0\0\0", 28, 3069172092) = 28
13:27:07.226347,1026,fdatasync(37) = 0
13:27:07.227201,1026,fstat64(37, {st_mode=S_IFREG|0600, st_size=8720, ...}) = 0
13:27:07.228273,1026,fcntl64(36, F_SETLK, {type=F_RDLCK, whence=SEEK_SET, start=1073741826, len=510}) = 0
13:27:07.228953,1026,fcntl64(36, F_SETLK, {type=F_UNLCK, whence=SEEK_SET, start=1073741824, len=2}) = 0
13:27:07.230267,1026,close(37) = 0
13:27:07.230933,1026,fcntl64(36, F_SETLK, {type=F_UNLCK, whence=SEEK_SET, start=0, len=0}) = 0
13:27:07.231680,1026,gettimeofday({1727702827, 231854}, NULL) = 0
13:27:07.232394,1026,getuid32() = 10050
13:27:07.257428,1026,getpid() = 1026
13:27:07.258079,1026,gettid() = 1026
13:27:07.258860,1026,clock_gettime(CLOCK_MONOTONIC, {137, 85767391}) = 0
13:27:07.259507,1026,ioctl(9, 0xc0186201, 0xbef971f0) = 0
13:27:07.263984,1026,ioctl(9, 0xc0186201, 0xbef971f0) = 0
13:27:07.268311,1026,clock_gettime(CLOCK_MONOTONIC, {137, 95233128}) = 0
13:27:07.269078,1026,clock_gettime(CLOCK_MONOTONIC, {137, 96049255}) = 0
13:27:07.269837,1026,getpid() = 1026
13:27:07.270472,1026,getuid32() = 10050
13:27:07.271052,1026,epoll_wait(0x1e, 0xbef971f8, 0x10, 0) = 0
13:27:07.271641,1026,clock_gettime(CLOCK_MONOTONIC, {137, 98559072}) = 0
13:27:07.272271,1026,stat64("/system/framework/framework-res.apk", {st_mode=S_IFREG|0644, st_size=8749696, ...}) = 0
13:27:07.273873,1026,stat64("/data/app/com.boxitsoft.zombargedon1_2-1.apk", {st_mode=S_IFREG|0644, st_size=9561717, ...}) = 0
13:27:07.276777,1026,mprotect(0xb1618000, 8192, PROT_READ|PROT_WRITE) = 0
13:27:07.281584,1026,gettimeofday({1727702827, 281822}, NULL) = 0
13:27:07.282621,1026,getuid32() = 10050
13:27:07.283272,1026,stat64("/system/framework/framework-res.apk", {st_mode=S_IFREG|0644, st_size=8749696, ...}) = 0
13:27:07.284652,1026,stat64("/data/app/com.boxitsoft.zombargedon1_2-1.apk", {st_mode=S_IFREG|0644, st_size=9561717, ...}) = 0
13:27:07.292581,1026,access("/data/data/com.boxitsoft.zombargedon1_2/lib/libzombargedon1_2.so", F_OK) = 0
13:27:07.294122,1026,stat64("/data/data/com.boxitsoft.zombargedon1_2/lib/libzombargedon1_2.so", {st_mode=S_IFREG|0755, st_size=531164, ...}) = 0
13:27:07.295788,1026,access("/data/data/com.boxitsoft.zombargedon1_2/lib/libzombargedon1_2.so", R_OK) = 0
13:27:07.296826,1026,writev(3, [{"\3", 1}, {"dalvikvm\0", 9}, {"Trying to load lib /data/data/co"..., 95}], 3) = 105
13:27:07.298270,1026,writev(3, [{"\5", 1}, {"dalvikvm\0", 9}, {"Denying lib /data/data/com.boxit"..., 101}], 3) = 111
13:27:07.300184,1026,mprotect(0xb1619000, 8192, PROT_READ|PROT_WRITE) = 0
13:27:07.301121,1026,writev(3, [{"\3", 1}, {"AndroidRuntime\0", 15}, {"Shutting down VM\n\0", 18}], 3) = 34
13:27:07.315241,1026,writev(3, [{"\5", 1}, {"dalvikvm\0", 9}, {"threadid=1: thread exiting with "..., 70}], 3) = 80
13:27:07.335106,1026,writev(6, [{"\6", 1}, {"AndroidRuntime\0", 15}, {"FATAL EXCEPTION: main\njava.lang."..., 1158}], 3) = 1174
13:27:07.340221,1026,getpid() = 1026
13:27:07.340788,1026,gettid() = 1026
13:27:07.341252,1026,clock_gettime(CLOCK_MONOTONIC, {137, 168157626}) = 0
13:27:07.343633,1026,ioctl(9, 0xc0186201, 0xbef97530) = 0
13:27:07.346558,1026,ioctl(9, 0xc0186201 <unfinished ...>
13:27:07.399481,1040,<... ioctl resumed> , 0xaceb2e28) = 0
13:27:07.400864,1040,write(24, "1040", 4) = 4
13:27:07.401419,1040,getpriority(PRIO_PROCESS, 1040) = 20
13:27:07.402474,1040,clock_gettime(CLOCK_MONOTONIC, {137, 229464131}) = 0
13:27:07.403221,1040,write(24, "1040", 4) = 4
13:27:07.403796,1040,ioctl(9, 0xc0186201 <unfinished ...>
13:27:07.407815,1026,<... ioctl resumed> , 0xbef97530) = 0
13:27:07.408223,1026,clock_gettime(CLOCK_MONOTONIC, {137, 236181837}) = 0
13:27:07.410083,1026,getpid() = 1026
13:27:07.410874,1026,writev(3, [{"\4", 1}, {"Process\0", 8}, {"Sending signal. PID: 1026 SIG: 9"..., 33}], 3) = 42
13:27:07.412032,1026,kill(1026, SIGKILL <unfinished ...>
13:27:07.426041,1040,+++ killed by SIGKILL +++
13:27:07.429586,1039,+++ killed by SIGKILL +++
13:27:07.429928,1035,+++ killed by SIGKILL +++
13:27:07.430180,1034,+++ killed by SIGKILL +++
13:27:07.430427,1033,+++ killed by SIGKILL +++
13:27:07.432345,1032,+++ killed by SIGKILL +++
13:27:07.432630,1031,+++ killed by SIGKILL +++
13:27:07.432893,1030,+++ killed by SIGKILL +++
13:27:07.454786,1042,+++ killed by SIGKILL +++
13:27:07.460419,1026,+++ killed by SIGKILL +++
13:27:07.460623,59,<... select resumed> ) = ? ERESTARTNOHAND (To be restarted)
13:27:07.460931,59,--- {si_signo=SIGCHLD, si_code=CLD_KILLED, si_pid=1026, si_status=SIGKILL, si_utime=17, si_stime=18} (Child exited) ---
13:27:07.461631,59,wait4(-1, [{WIFSIGNALED(s) && WTERMSIG(s) == SIGKILL}], WNOHANG, NULL) = 1026
13:27:07.463202,59,wait4(-1, 0xbef972dc, WNOHANG, NULL) = 0
13:27:07.463633,59,sigreturn() = ? (mask now [INT FPE KILL PIPE ALRM CHLD STOP XCPU VTALRM PROF IO PWR RTMIN])
13:27:07.475373,59,select(24, [9 23], NULL, NULL, NULL) = ? ERESTARTNOHAND (To be restarted)
13:27:17.624946,59,--- {si_signo=SIGCHLD, si_code=CLD_KILLED, si_pid=543, si_status=SIGKILL, si_utime=6, si_stime=8} (Child exited) ---
13:27:17.644248,59,wait4(-1, [{WIFSIGNALED(s) && WTERMSIG(s) == SIGKILL}], WNOHANG, NULL) = 543
13:27:17.645003,59,wait4(-1, 0xbef972dc, WNOHANG, NULL) = 0
13:27:17.645523,59,sigreturn() = ? (mask now [INT FPE KILL PIPE ALRM CHLD STOP XCPU VTALRM PROF IO PWR RTMIN])
13:27:17.646603,59,select(24, [9 23], NULL, NULL, NULL) = ? ERESTARTNOHAND (To be restarted)
13:27:26.568573,59,--- {si_signo=SIGCHLD, si_code=CLD_KILLED, si_pid=714, si_status=SIGKILL, si_utime=28, si_stime=16} (Child exited) ---
13:27:26.569018,59,wait4(-1, [{WIFSIGNALED(s) && WTERMSIG(s) == SIGKILL}], WNOHANG, NULL) = 714
13:27:26.569655,59,wait4(-1, 0xbef972dc, WNOHANG, NULL) = 0
13:27:26.570202,59,sigreturn() = ? (mask now [INT FPE KILL PIPE ALRM CHLD STOP XCPU VTALRM PROF IO PWR RTMIN])
13:27:26.571252,59,select(24, [9 23], NULL, NULL, NULL